{"visible": {"type": 0, "list_id": 0}, "created_at": "Tue Dec 05 21:28:43 +0800 2023", "id": 4975700573165224, "idstr": "4975700573165224", "mid": "4975700573165224", "mblogid": "NvLjHdhq0", "user": {"id": 6499137849, "idstr": "6499137849", "pc_new": 7, "screen_name": "冻梨好吃", "profile_image_url": "https://tvax3.sinaimg.cn/crop.0.0.962.962.50/0075PIE1ly8hkxs7vsob4j30qq0qq76e.jpg?KID=imgbed,tva&amp;Expires=1704618444&amp;ssig=e6kcwvXP6F", "profile_url": "/u/6499137849", "verified": false, "verified_type": -1, "domain": "", "weihao": "", "avatar_large": "https://tvax3.sinaimg.cn/crop.0.0.962.962.180/0075PIE1ly8hkxs7vsob4j30qq0qq76e.jpg?KID=imgbed,tva&amp;Expires=1704618444&amp;ssig=i6exAe%2FSMV", "avatar_hd": "https://tvax3.sinaimg.cn/crop.0.0.962.962.1024/0075PIE1ly8hkxs7vsob4j30qq0qq76e.jpg?KID=imgbed,tva&amp;Expires=1704618444&amp;ssig=wPLENf3ZWq", "follow_me": false, "following": false, "mbrank": 0, "mbtype": 0, "v_plus": 0, "planet_video": false, "icon_list": []}, "can_edit": false, "text_raw": "好幽默的奠，鳖，碧，乐了 ​​​", "textLength": 24, "annotations": [{"photo_sub_type": "0"}, {"client_mblogid": "1442e8ea-a7ff-41d8-9c22-706572df359c"}, {"source_text": "", "phone_id": "266"}, {"mapi_request": true}], "source": "Android", "favorited": false, "rid": "7_0_50_163978011676891655_0_0_0", "pic_ids": ["0075PIE1gy1hkj8ew9f60j30go05v74n"], "pic_num": 1, "pic_infos": {"0075PIE1gy1hkj8ew9f60j30go05v74n": {"thumbnail": {"url": "https://wx1.sinaimg.cn/wap180/0075PIE1gy1hkj8ew9f60j30go05v74n.jpg", "width": 180, "height": 63, "cut_type": 1, "type": ""}, "bmiddle": {"url": "https://wx1.sinaimg.cn/wap360/0075PIE1gy1hkj8ew9f60j30go05v74n.jpg", "width": 360, "height": 126, "cut_type": 1, "type": ""}, "large": {"url": "https://wx1.sinaimg.cn/orj960/0075PIE1gy1hkj8ew9f60j30go05v74n.jpg", "width": 600, "height": 211, "cut_type": 1, "type": ""}, "original": {"url": "https://wx1.sinaimg.cn/orj1080/0075PIE1gy1hkj8ew9f60j30go05v74n.jpg", "width": 600, "height": 211, "cut_type": 1, "type": ""}, "largest": {"url": "https://wx1.sinaimg.cn/large/0075PIE1gy1hkj8ew9f60j30go05v74n.jpg", "width": 600, "height": 211, "cut_type": 1, "type": ""}, "mw2000": {"url": "https://wx1.sinaimg.cn/mw2000/0075PIE1gy1hkj8ew9f60j30go05v74n.jpg", "width": 600, "height": 211, "cut_type": 1, "type": ""}, "object_id": "1042018:3f1161dacd54e8f867c5adc6bc5f500e", "pic_id": "0075PIE1gy1hkj8ew9f60j30go05v74n", "photo_tag": 0, "type": "pic", "pic_status": 1}}, "is_paid": false, "mblog_vip_type": 0, "number_display_strategy": {"apply_scenario_flag": 3, "display_text_min_number": 1000000, "display_text": "100万+"}, "reposts_count": 0, "comments_count": 0, "attitudes_count": 0, "attitudes_status": 0, "isLongText": false, "mlevel": 0, "content_auth": 0, "is_show_bulletin": 2, "comment_manage_info": {"comment_permission_type": -1, "approval_comment_type": 0, "comment_sort_type": 0}, "share_repost_type": 0, "mblogtype": 0, "showFeedRepost": false, "showFeedComment": false, "pictureViewerSign": false, "showPictureViewer": false, "rcList": [], "text": "好幽默的奠，鳖，碧，乐了 ​​​", "region_name": "发布于 辽宁", "customIcons": []}