{"visible": {"type": 0, "list_id": 0}, "created_at": "Sun Dec 10 10:58:49 +0800 2023", "id": 4977353991917378, "idstr": "4977353991917378", "mid": "4977353991917378", "mblogid": "Nwskv82Ns", "user": {"id": 6499137849, "idstr": "6499137849", "pc_new": 7, "screen_name": "冻梨好吃", "profile_image_url": "https://tvax3.sinaimg.cn/crop.0.0.962.962.50/0075PIE1ly8hkxs7vsob4j30qq0qq76e.jpg?KID=imgbed,tva&amp;Expires=1704618444&amp;ssig=e6kcwvXP6F", "profile_url": "/u/6499137849", "verified": false, "verified_type": -1, "domain": "", "weihao": "", "avatar_large": "https://tvax3.sinaimg.cn/crop.0.0.962.962.180/0075PIE1ly8hkxs7vsob4j30qq0qq76e.jpg?KID=imgbed,tva&amp;Expires=1704618444&amp;ssig=i6exAe%2FSMV", "avatar_hd": "https://tvax3.sinaimg.cn/crop.0.0.962.962.1024/0075PIE1ly8hkxs7vsob4j30qq0qq76e.jpg?KID=imgbed,tva&amp;Expires=1704618444&amp;ssig=wPLENf3ZWq", "follow_me": false, "following": false, "mbrank": 0, "mbtype": 0, "v_plus": 0, "planet_video": false, "icon_list": []}, "can_edit": false, "text_raw": "好养眼的画面，我晕倒[吃馕][汪洋海蓝比心]", "annotations": [{"client_mblogid": "57230f21-e769-4561-85e7-ba0f5e5ce1e0"}, {"mapi_request": true}], "source": "Android", "favorited": false, "rid": "1_0_50_163978011676891655_0_0_0", "pic_ids": [], "pic_num": 0, "is_paid": false, "mblog_vip_type": 0, "number_display_strategy": {"apply_scenario_flag": 3, "display_text_min_number": 1000000, "display_text": "100万+"}, "reposts_count": 0, "comments_count": 0, "attitudes_count": 1, "attitudes_status": 0, "isLongText": false, "mlevel": 0, "content_auth": 0, "is_show_bulletin": 2, "comment_manage_info": {"comment_permission_type": -1, "approval_comment_type": 0, "comment_sort_type": 0}, "repost_type": 1, "share_repost_type": 0, "topic_struct": [{"title": "", "topic_url": "sinaweibo://searchall?containerid=231522&amp;q=%23%E9%94%A6%E6%9C%88%E5%A6%82%E6%AD%8C%23&amp;extparam=%23%E9%94%A6%E6%9C%88%E5%A6%82%E6%AD%8C%23", "topic_title": "锦月如歌", "actionlog": {"act_type": 1, "act_code": 300, "oid": "1022:231522c56ff56be3c846ce892264ec09d3d873", "uuid": 4914302418157583, "cardid": "", "lcardid": "", "uicode": "", "luicode": "", "fid": "1076036499137849_-_WEIBO_SECOND_PROFILE_WEIBO", "lfid": "", "ext": "mid:4977345444709626|rid:1_0_50_163978011676891655_0_0_0|short_url:|long_url:|comment_id:|miduid:6499137849|rootmid:4977345444709626|rootuid:7793082537|authorid:|uuid:4914302418157583|is_ad_weibo:0"}}], "url_struct": [{"url_title": "锦月如歌超话", "url_type_pic": "https://h5.sinaimg.cn/upload/100/959/2020/05/09/timeline_card_small_super.png", "ori_url": "sinaweibo://pageinfo?containerid=100808c56ff56be3c846ce892264ec09d3d873&amp;extparam=锦月如歌&amp;extension=%7B%22mblog_object_ref%22%3A%22content%22%7D", "page_id": "100808c56ff56be3c846ce892264ec09d3d873", "short_url": "#锦月如歌[超话]#", "long_url": "", "url_type": "", "result": false, "actionlog": {"act_type": 1, "act_code": 300, "oid": "1022:100808c56ff56be3c846ce892264ec09d3d873", "uuid": 4914302816616687, "cardid": "", "lcardid": "", "uicode": "", "luicode": "", "fid": "1076036499137849_-_WEIBO_SECOND_PROFILE_WEIBO", "lfid": "", "ext": "mid:4977345444709626|rid:1_0_50_163978011676891655_0_0_0|short_url:|long_url:|comment_id:|miduid:6499137849|rootmid:4977345444709626|rootuid:7793082537|authorid:|uuid:4914302816616687|is_ad_weibo:0|analysis_card:url_struct"}, "storage_type": "", "hide": 0, "object_type": "", "h5_target_url": "https://huati.weibo.com/k/%E9%94%A6%E6%9C%88%E5%A6%82%E6%AD%8C?from=1FFFF96039&amp;weiboauthoruid=7793082537", "need_save_obj": 0}], "mblogtype": 0, "showFeedRepost": false, "showFeedComment": false, "pictureViewerSign": false, "showPictureViewer": false, "rcList": [], "text": "好养眼的画面，我晕倒&lt;img alt=\"[吃馕]\" title=\"[吃馕]\" src=\"https://face.t.sinajs.cn/t4/appstyle/expression/ext/normal/a6/2023_Nang_org.png\" /&gt;&lt;img alt=\"[汪洋海蓝比心]\" title=\"[汪洋海蓝比心]\" src=\"https://face.t.sinajs.cn/t4/appstyle/expression/ext/normal/93/2023_BlueSeaHeart_org.png\" /&gt;", "region_name": "发布于 辽宁", "customIcons": [], "retweeted_status": {"visible": {"type": 0, "list_id": 0}, "created_at": "Sun Dec 10 10:24:51 +0800 2023", "id": 4977345444709626, "idstr": "4977345444709626", "mid": "4977345444709626", "mblogid": "Nws6IjLbI", "user": {"id": 7793082537, "idstr": "7793082537", "pc_new": 7, "screen_name": "揣揣小手扭一扭", "profile_image_url": "https://tvax1.sinaimg.cn/crop.0.0.1080.1080.50/008voYLDly8h6q3ec4ppyj30u00u0n1k.jpg?KID=imgbed,tva&amp;Expires=1704618444&amp;ssig=ZPMHLmj4ju", "profile_url": "/u/7793082537", "verified": false, "verified_type": -1, "domain": "", "weihao": "", "avatar_large": "https://tvax1.sinaimg.cn/crop.0.0.1080.1080.180/008voYLDly8h6q3ec4ppyj30u00u0n1k.jpg?KID=imgbed,tva&amp;Expires=1704618444&amp;ssig=cQK53aSGqx", "avatar_hd": "https://tvax1.sinaimg.cn/crop.0.0.1080.1080.1024/008voYLDly8h6q3ec4ppyj30u00u0n1k.jpg?KID=imgbed,tva&amp;Expires=1704618444&amp;ssig=Pwzb%2BX0rJa", "follow_me": false, "following": false, "mbrank": 5, "mbtype": 12, "v_plus": 0, "planet_video": false, "icon_list": [{"type": "vip", "data": {"mbrank": 5, "mbtype": 12, "svip": 0, "vvip": 0}}]}, "can_edit": false, "text_raw": "随便看点\n#锦月如歌# ​​​", "textLength": 19, "annotations": [[], {"super_exparams": "{\"system_pic_only\":0}"}, {"client_mblogid": "f0d29c9b-395c-443d-9c9b-ba628f394382"}, {"source_text": "", "phone_id": "-1"}, {"mapi_request": true}], "source": "", "favorited": false, "buttons": [{"type": "follow", "name": "加关注", "params": {"uid": 7793082537, "disable_group": 1, "extparams": {"followcardid": "1008080010_"}}, "actionlog": {"act_code": "92", "oid": "4977345444709626"}}], "rid": "1_0_50_163978011676891655_0_0_0", "cardid": "star_1221", "pic_ids": [], "geo": "", "pic_num": 0, "is_paid": false, "mblog_vip_type": 0, "number_display_strategy": {"apply_scenario_flag": 3, "display_text_min_number": 1000000, "display_text": "100万+"}, "title_source": {"name": "锦月如歌超话", "url": "sinaweibo://pageinfo?pageid=100808c56ff56be3c846ce892264ec09d3d873&amp;extparam=锦月如歌", "image": "http://wx1.sinaimg.cn/thumbnail/006Kv18Dly8hkpl492qqzj30m80m8acw.jpg"}, "reposts_count": 106, "comments_count": 29, "attitudes_count": 517, "attitudes_status": 0, "isLongText": false, "mlevel": 0, "content_auth": 0, "is_show_bulletin": 3, "comment_manage_info": {"comment_permission_type": -1, "approval_comment_type": 0, "comment_sort_type": 0, "ai_play_picture_type": 0}, "mblogtype": 0, "showFeedRepost": false, "showFeedComment": false, "pictureViewerSign": false, "showPictureViewer": false, "rcList": [], "mix_media_info": {"items": [{"type": "video", "id": "1034:4977342653857829", "data": {"type": "11", "page_id": "2304444977342653857829", "object_type": "video", "object_id": "1034:4977342653857829", "content1": "揣揣小手扭一扭的微博视频", "content2": "随便看点\n#锦月如歌#", "act_status": 1, "media_info": {"name": "揣揣小手扭一扭的微博视频", "stream_url": "http://f.video.weibocdn.com/o0/bfxl9r1slx08aPsk7RNe01041200YvOU0E010.mp4?label=mp4_720p&amp;template=720x1280.24.0&amp;ori=0&amp;ps=1CwnkDw1GXwCQx&amp;Expires=1704611244&amp;ssig=4n129dtWUG&amp;KID=unistore,video", "stream_url_hd": "http://f.video.weibocdn.com/o0/bfxl9r1slx08aPsk7RNe01041200YvOU0E010.mp4?label=mp4_720p&amp;template=720x1280.24.0&amp;ori=0&amp;ps=1CwnkDw1GXwCQx&amp;Expires=1704611244&amp;ssig=4n129dtWUG&amp;KID=unistore,video", "format": "mp4", "h5_url": "https://video.weibo.com/show?fid=1034:4977342653857829", "mp4_sd_url": "http://f.video.weibocdn.com/o0/bfxl9r1slx08aPsk7RNe01041200YvOU0E010.mp4?label=mp4_720p&amp;template=720x1280.24.0&amp;ori=0&amp;ps=1CwnkDw1GXwCQx&amp;Expires=1704611244&amp;ssig=4n129dtWUG&amp;KID=unistore,video", "mp4_hd_url": "http://f.video.weibocdn.com/o0/bfxl9r1slx08aPsk7RNe01041200YvOU0E010.mp4?label=mp4_720p&amp;template=720x1280.24.0&amp;ori=0&amp;ps=1CwnkDw1GXwCQx&amp;Expires=1704611244&amp;ssig=4n129dtWUG&amp;KID=unistore,video", "h265_mp4_hd": "http://f.video.weibocdn.com/o0/bfxl9r1slx08aPsk7RNe01041200YvOU0E010.mp4?label=mp4_720p&amp;template=720x1280.24.0&amp;ori=0&amp;ps=1CwnkDw1GXwCQx&amp;Expires=1704611244&amp;ssig=4n129dtWUG&amp;KID=unistore,video", "h265_mp4_ld": "http://f.video.weibocdn.com/o0/bfxl9r1slx08aPsk7RNe01041200YvOU0E010.mp4?label=mp4_720p&amp;template=720x1280.24.0&amp;ori=0&amp;ps=1CwnkDw1GXwCQx&amp;Expires=1704611244&amp;ssig=4n129dtWUG&amp;KID=unistore,video", "inch_4_mp4_hd": "http://f.video.weibocdn.com/o0/bfxl9r1slx08aPsk7RNe01041200YvOU0E010.mp4?label=mp4_720p&amp;template=720x1280.24.0&amp;ori=0&amp;ps=1CwnkDw1GXwCQx&amp;Expires=1704611244&amp;ssig=4n129dtWUG&amp;KID=unistore,video", "inch_5_mp4_hd": "http://f.video.weibocdn.com/o0/bfxl9r1slx08aPsk7RNe01041200YvOU0E010.mp4?label=mp4_720p&amp;template=720x1280.24.0&amp;ori=0&amp;ps=1CwnkDw1GXwCQx&amp;Expires=1704611244&amp;ssig=4n129dtWUG&amp;KID=unistore,video", "inch_5_5_mp4_hd": "http://f.video.weibocdn.com/o0/bfxl9r1slx08aPsk7RNe01041200YvOU0E010.mp4?label=mp4_720p&amp;template=720x1280.24.0&amp;ori=0&amp;ps=1CwnkDw1GXwCQx&amp;Expires=1704611244&amp;ssig=4n129dtWUG&amp;KID=unistore,video", "mp4_720p_mp4": "http://f.video.weibocdn.com/o0/bfxl9r1slx08aPsk7RNe01041200YvOU0E010.mp4?label=mp4_720p&amp;template=720x1280.24.0&amp;ori=0&amp;ps=1CwnkDw1GXwCQx&amp;Expires=1704611244&amp;ssig=4n129dtWUG&amp;KID=unistore,video", "hevc_mp4_720p": "", "prefetch_type": 1, "prefetch_size": 262144, "act_status": 1, "protocol": "general,dash", "media_id": "4977342653857829", "origin_total_bitrate": 20404504, "video_orientation": "vertical", "duration": 66, "forward_strategy": -1, "search_scheme": "sinaweibo://svssearch?containerid=232080", "is_short_video": 0, "vote_is_show": 0, "belong_collection": 0, "titles_display_time": "3", "show_progress_bar": 1, "show_mute_button": true, "ext_info": {"video_orientation": "vertical"}, "next_title": "随便看点\n#锦月如歌#", "kol_title": "随便看点\n#锦月如歌#", "play_completion_actions": [{"type": "1", "icon": "https://h5.sinaimg.cn/upload/100/1413/2021/12/22/feed_video_icon_replay.png", "text": "重播", "link": "", "btn_code": 1000, "show_position": 1, "actionlog": {"oid": "2304444977342653857829", "act_code": 1221, "act_type": 0, "source": "video"}}, {"type": 6, "icon": "https://tvax1.sinaimg.cn/crop.0.0.1080.1080.180/008voYLDly8h6q3ec4ppyj30u00u0n1k.jpg?KID=imgbed,tva&amp;Expires=1704618444&amp;ssig=cQK53aSGqx", "text": "", "display_mode": 2, "display_starttime": 5, "display_endtime": 99999, "countdown_time": 5, "show_position": 48, "scheme": "", "link": "", "btn_code": 1009, "actionlog": {"oid": "2304444977342653857829", "act_code": 91, "act_type": 0, "source": "video", "ext": "mid:4977345444709626|oid:1034:4977342653857829|muid:7793082537|authorid:7793082537"}, "ext": {"uid": "7793082537", "user_name": "揣揣小手扭一扭", "followers_count": 394, "verified_type": -1, "level": 3}, "display_type": 0}], "video_publish_time": 1702174772, "play_loop_type": 0, "author_mid": "4977345444709626", "author_name": "揣揣小手扭一扭", "extra_info": {"sceneid": "profile_mb"}, "video_download_strategy": {"abandon_download": 0}, "jump_to": 6, "big_pic_info": {"pic_big": {"height": 1920, "url": "https://wx3.sinaimg.cn/orj1080/008voYLDgy1hkohb1p4jnj30u01hctds.jpg", "width": 1080}, "pic_small": {"height": 320, "url": "https://wx3.sinaimg.cn/or180/008voYLDgy1hkohb1p4jnj30u01hctds.jpg", "width": 180}, "pic_middle": {"height": 640, "url": "https://wx3.sinaimg.cn/or360/008voYLDgy1hkohb1p4jnj30u01hctds.jpg", "width": 360}}, "online_users": "2.4万次观看", "online_users_number": 24855, "ttl": 3600, "storage_type": "oss"}, "page_pic": "https://wx3.sinaimg.cn/orj480/008voYLDgy1hkohb1p4jnj30u01hctds.jpg", "page_title": "揣揣小手扭一扭的微博视频", "page_url": "sinaweibo://infopage?containerid=2304444977342653857829&amp;containerid=2304444977342653857829&amp;url_type=39&amp;object_type=video&amp;pos=2", "pic_info": {"pic_big": {"height": "960", "url": "https://wx3.sinaimg.cn/orj480/008voYLDgy1hkohb1p4jnj30u01hctds.jpg", "width": "540"}, "pic_small": {"height": "960", "url": "https://wx3.sinaimg.cn/orj480/008voYLDgy1hkohb1p4jnj30u01hctds.jpg", "width": "540"}, "pic_middle": {"url": "https://wx3.sinaimg.cn/orj480/008voYLDgy1hkohb1p4jnj30u01hctds.jpg", "height": "960", "width": "540"}}, "oid": "7793082537", "type_icon": "", "author_id": "7793082537", "authorid": "7793082537", "warn": "", "short_url": "http://t.cn/A6lGZDZU"}, "scheme": "", "actionlog": {"act_type": 1, "act_code": 799, "lcardid": "", "fid": "1076036499137849_-_WEIBO_SECOND_PROFILE_WEIBO", "mid": "4977345444709626", "oid": "1034:4977342653857829", "uuid": 4977344107511887, "source": "video", "ext": "uid:7774910775|mid:4977345444709626|objectid:1034%3A4977342653857829|from:1|object_duration:66.316|miduid:7793082537|rootuid:7793082537|rootmid:4977345444709626|authorid:7793082537|video_orientation:vertical|third_vid:|is_album:0|is_contribution:0|video_tags:|isfan:0|ua:Mozilla/5.0 (Windows NT 10.0; Win64; x64) AppleWebKit/537.36 (KHTML, like Gecko) Chrome/120.0.0.0 Safari/537.36 WeiboPro/1.0.0|sceneid:profile_mb|uuid:4977344107511887|detail:native|contribution:0|short_video:0|st_video:1|author_mid:4977345444709626|cluster_type_status:|is_ad_weibo:0|source_info:all_mix_1|analysis_card:page_info"}}, {"type": "video", "id": "1034:4977344113213462", "data": {"type": "11", "page_id": "2304444977344113213462", "object_type": "video", "object_id": "1034:4977344113213462", "content1": "揣揣小手扭一扭的微博视频", "content2": "随便看点\n#锦月如歌#", "act_status": 1, "media_info": {"name": "揣揣小手扭一扭的微博视频", "stream_url": "http://f.video.weibocdn.com/o0/HzZx8okLlx08aPspeE8o01041200gl210E010.mp4?label=mp4_ld&amp;template=680x360.25.0&amp;ori=0&amp;ps=1CwnkDw1GXwCQx&amp;Expires=1704611244&amp;ssig=Spla6vozPl&amp;KID=unistore,video", "stream_url_hd": "http://f.video.weibocdn.com/o0/JtUlLUSflx08aPspaGpi01041200oeSK0E010.mp4?label=mp4_hd&amp;template=908x480.25.0&amp;ori=0&amp;ps=1CwnkDw1GXwCQx&amp;Expires=1704611244&amp;ssig=WpSVcpVS0y&amp;KID=unistore,video", "format": "mp4", "h5_url": "https://video.weibo.com/show?fid=1034:4977344113213462", "mp4_sd_url": "http://f.video.weibocdn.com/o0/HzZx8okLlx08aPspeE8o01041200gl210E010.mp4?label=mp4_ld&amp;template=680x360.25.0&amp;ori=0&amp;ps=1CwnkDw1GXwCQx&amp;Expires=1704611244&amp;ssig=Spla6vozPl&amp;KID=unistore,video", "mp4_hd_url": "http://f.video.weibocdn.com/o0/JtUlLUSflx08aPspaGpi01041200oeSK0E010.mp4?label=mp4_hd&amp;template=908x480.25.0&amp;ori=0&amp;ps=1CwnkDw1GXwCQx&amp;Expires=1704611244&amp;ssig=WpSVcpVS0y&amp;KID=unistore,video", "h265_mp4_hd": "", "h265_mp4_ld": "", "inch_4_mp4_hd": "", "inch_5_mp4_hd": "", "inch_5_5_mp4_hd": "", "mp4_720p_mp4": "http://f.video.weibocdn.com/o0/3OGJ2Bfglx08aPspHvWE01041200Ja8R0E010.mp4?label=mp4_720p&amp;template=1364x720.25.0&amp;ori=0&amp;ps=1CwnkDw1GXwCQx&amp;Expires=1704611244&amp;ssig=dJGknoYGTl&amp;KID=unistore,video", "hevc_mp4_720p": "", "prefetch_type": 1, "prefetch_size": 262144, "act_status": 1, "protocol": "general,dash", "media_id": "4977344113213462", "origin_total_bitrate": 31046268, "video_orientation": "horizontal", "duration": 63, "forward_strategy": -1, "search_scheme": "sinaweibo://svssearch?containerid=232080", "is_short_video": 0, "vote_is_show": 0, "belong_collection": 0, "titles_display_time": "3", "show_progress_bar": 1, "show_mute_button": true, "ext_info": {"video_orientation": "horizontal"}, "next_title": "随便看点\n#锦月如歌#", "kol_title": "随便看点\n#锦月如歌#", "play_completion_actions": [{"type": "1", "icon": "https://h5.sinaimg.cn/upload/100/1413/2021/12/22/feed_video_icon_replay.png", "text": "重播", "link": "", "btn_code": 1000, "show_position": 1, "actionlog": {"oid": "2304444977344113213462", "act_code": 1221, "act_type": 0, "source": "video"}}, {"type": 6, "icon": "https://tvax1.sinaimg.cn/crop.0.0.1080.1080.180/008voYLDly8h6q3ec4ppyj30u00u0n1k.jpg?KID=imgbed,tva&amp;Expires=1704618444&amp;ssig=cQK53aSGqx", "text": "", "display_mode": 2, "display_starttime": 5, "display_endtime": 99999, "countdown_time": 5, "show_position": 48, "scheme": "", "link": "", "btn_code": 1009, "actionlog": {"oid": "2304444977344113213462", "act_code": 91, "act_type": 0, "source": "video", "ext": "mid:4977345444709626|oid:1034:4977344113213462|muid:7793082537|authorid:7793082537"}, "ext": {"uid": "7793082537", "user_name": "揣揣小手扭一扭", "followers_count": 394, "verified_type": -1, "level": 3}, "display_type": 0}], "video_publish_time": 1702174922, "play_loop_type": 0, "author_mid": "4977345444709626", "author_name": "揣揣小手扭一扭", "extra_info": {"sceneid": "profile_mb"}, "video_download_strategy": {"abandon_download": 0}, "jump_to": 6, "big_pic_info": {"pic_big": {"height": 1920, "url": "https://wx2.sinaimg.cn/orj1080/008voYLDgy1hkohb26881j30u01hcac3.jpg", "width": 1080}, "pic_small": {"height": 320, "url": "https://wx2.sinaimg.cn/or180/008voYLDgy1hkohb26881j30u01hcac3.jpg", "width": 180}, "pic_middle": {"height": 640, "url": "https://wx2.sinaimg.cn/or360/008voYLDgy1hkohb26881j30u01hcac3.jpg", "width": 360}}, "online_users": "7603次观看", "online_users_number": 7603, "ttl": 3600, "storage_type": "oss"}, "page_pic": "https://wx2.sinaimg.cn/orj480/008voYLDgy1hkohb26881j30u01hcac3.jpg", "page_title": "揣揣小手扭一扭的微博视频", "page_url": "sinaweibo://infopage?containerid=2304444977344113213462&amp;containerid=2304444977344113213462&amp;url_type=39&amp;object_type=video&amp;pos=2", "pic_info": {"pic_big": {"height": "480", "url": "https://wx2.sinaimg.cn/orj480/008voYLDgy1hkohb26881j30u01hcac3.jpg", "width": "908"}, "pic_small": {"height": "480", "url": "https://wx2.sinaimg.cn/orj480/008voYLDgy1hkohb26881j30u01hcac3.jpg", "width": "908"}, "pic_middle": {"url": "https://wx2.sinaimg.cn/orj480/008voYLDgy1hkohb26881j30u01hcac3.jpg", "height": "480", "width": "908"}}, "oid": "7793082537", "type_icon": "", "author_id": "7793082537", "authorid": "7793082537", "warn": "", "short_url": "http://t.cn/A6lGZDZG"}, "scheme": "", "actionlog": {"act_type": 1, "act_code": 799, "lcardid": "", "fid": "1076036499137849_-_WEIBO_SECOND_PROFILE_WEIBO", "mid": "4977345444709626", "oid": "1034:4977344113213462", "uuid": 4977344736395271, "source": "video", "ext": "uid:7774910775|mid:4977345444709626|objectid:1034%3A4977344113213462|from:1|object_duration:63.298|miduid:7793082537|rootuid:7793082537|rootmid:4977345444709626|authorid:7793082537|video_orientation:horizontal|third_vid:|is_album:0|is_contribution:0|video_tags:|isfan:0|ua:Mozilla/5.0 (Windows NT 10.0; Win64; x64) AppleWebKit/537.36 (KHTML, like Gecko) Chrome/120.0.0.0 Safari/537.36 WeiboPro/1.0.0|sceneid:profile_mb|uuid:4977344736395271|detail:native|contribution:0|short_video:0|st_video:1|author_mid:4977345444709626|cluster_type_status:|is_ad_weibo:0|source_info:all_mix_1|analysis_card:page_info"}}, {"type": "video", "id": "1034:4977344738164760", "data": {"type": "11", "page_id": "2304444977344738164760", "object_type": "video", "object_id": "1034:4977344738164760", "content1": "揣揣小手扭一扭的微博视频", "content2": "随便看点\n#锦月如歌#", "act_status": 1, "media_info": {"name": "揣揣小手扭一扭的微博视频", "stream_url": "http://f.video.weibocdn.com/o0/urGpXmOzlx08aPsqvdYI010412003EIp0E010.mp4?label=mp4_ld&amp;template=480x360.25.0&amp;ori=0&amp;ps=1CwnkDw1GXwCQx&amp;Expires=1704611244&amp;ssig=LW23osaRIH&amp;KID=unistore,video", "stream_url_hd": "http://f.video.weibocdn.com/o0/Oc9gsLaqlx08aPsqk4Jq010412005ri40E010.mp4?label=mp4_hd&amp;template=640x480.25.0&amp;ori=0&amp;ps=1CwnkDw1GXwCQx&amp;Expires=1704611244&amp;ssig=xflMRmNKND&amp;KID=unistore,video", "format": "mp4", "h5_url": "https://video.weibo.com/show?fid=1034:4977344738164760", "mp4_sd_url": "http://f.video.weibocdn.com/o0/urGpXmOzlx08aPsqvdYI010412003EIp0E010.mp4?label=mp4_ld&amp;template=480x360.25.0&amp;ori=0&amp;ps=1CwnkDw1GXwCQx&amp;Expires=1704611244&amp;ssig=LW23osaRIH&amp;KID=unistore,video", "mp4_hd_url": "http://f.video.weibocdn.com/o0/Oc9gsLaqlx08aPsqk4Jq010412005ri40E010.mp4?label=mp4_hd&amp;template=640x480.25.0&amp;ori=0&amp;ps=1CwnkDw1GXwCQx&amp;Expires=1704611244&amp;ssig=xflMRmNKND&amp;KID=unistore,video", "h265_mp4_hd": "", "h265_mp4_ld": "", "inch_4_mp4_hd": "", "inch_5_mp4_hd": "", "inch_5_5_mp4_hd": "", "mp4_720p_mp4": "http://f.video.weibocdn.com/o0/NV0RaqdSlx08aPsraMV201041200aYsi0E010.mp4?label=mp4_720p&amp;template=960x720.25.0&amp;ori=0&amp;ps=1CwnkDw1GXwCQx&amp;Expires=1704611244&amp;ssig=tcdfQ6sq0e&amp;KID=unistore,video", "hevc_mp4_720p": "", "prefetch_type": 1, "prefetch_size": 262144, "act_status": 1, "protocol": "general,dash", "media_id": "4977344738164760", "origin_total_bitrate": 9492249, "video_orientation": "horizontal", "duration": 20, "forward_strategy": -1, "search_scheme": "sinaweibo://svssearch?containerid=232080", "is_short_video": 0, "vote_is_show": 0, "belong_collection": 0, "titles_display_time": "3", "show_progress_bar": 1, "show_mute_button": true, "ext_info": {"video_orientation": "horizontal"}, "next_title": "随便看点\n#锦月如歌#", "kol_title": "随便看点\n#锦月如歌#", "play_completion_actions": [{"type": "1", "icon": "https://h5.sinaimg.cn/upload/100/1413/2021/12/22/feed_video_icon_replay.png", "text": "重播", "link": "", "btn_code": 1000, "show_position": 1, "actionlog": {"oid": "2304444977344738164760", "act_code": 1221, "act_type": 0, "source": "video"}}, {"type": 6, "icon": "https://tvax1.sinaimg.cn/crop.0.0.1080.1080.180/008voYLDly8h6q3ec4ppyj30u00u0n1k.jpg?KID=imgbed,tva&amp;Expires=1704618444&amp;ssig=cQK53aSGqx", "text": "", "display_mode": 2, "display_starttime": 5, "display_endtime": 99999, "countdown_time": 5, "show_position": 48, "scheme": "", "link": "", "btn_code": 1009, "actionlog": {"oid": "2304444977344738164760", "act_code": 91, "act_type": 0, "source": "video", "ext": "mid:4977345444709626|oid:1034:4977344738164760|muid:7793082537|authorid:7793082537"}, "ext": {"uid": "7793082537", "user_name": "揣揣小手扭一扭", "followers_count": 394, "verified_type": -1, "level": 3}, "display_type": 0}], "video_publish_time": 1702174966, "play_loop_type": 0, "author_mid": "4977345444709626", "author_name": "揣揣小手扭一扭", "extra_info": {"sceneid": "profile_mb"}, "video_download_strategy": {"abandon_download": 0}, "jump_to": 6, "big_pic_info": {"pic_big": {"height": 1920, "url": "https://wx3.sinaimg.cn/orj1080/008voYLDgy1hkohb2nydsj30u01hcgph.jpg", "width": 1080}, "pic_small": {"height": 320, "url": "https://wx3.sinaimg.cn/or180/008voYLDgy1hkohb2nydsj30u01hcgph.jpg", "width": 180}, "pic_middle": {"height": 640, "url": "https://wx3.sinaimg.cn/or360/008voYLDgy1hkohb2nydsj30u01hcgph.jpg", "width": 360}}, "online_users": "1万次观看", "online_users_number": 10259, "ttl": 3600, "storage_type": "oss"}, "page_pic": "https://wx3.sinaimg.cn/orj480/008voYLDgy1hkohb2nydsj30u01hcgph.jpg", "page_title": "揣揣小手扭一扭的微博视频", "page_url": "sinaweibo://infopage?containerid=2304444977344738164760&amp;containerid=2304444977344738164760&amp;url_type=39&amp;object_type=video&amp;pos=2", "pic_info": {"pic_big": {"height": "480", "url": "https://wx3.sinaimg.cn/orj480/008voYLDgy1hkohb2nydsj30u01hcgph.jpg", "width": "640"}, "pic_small": {"height": "480", "url": "https://wx3.sinaimg.cn/orj480/008voYLDgy1hkohb2nydsj30u01hcgph.jpg", "width": "640"}, "pic_middle": {"url": "https://wx3.sinaimg.cn/orj480/008voYLDgy1hkohb2nydsj30u01hcgph.jpg", "height": "480", "width": "640"}}, "oid": "7793082537", "type_icon": "", "author_id": "7793082537", "authorid": "7793082537", "warn": "", "short_url": "http://t.cn/A6lGZDZc"}, "scheme": "", "actionlog": {"act_type": 1, "act_code": 799, "lcardid": "", "fid": "1076036499137849_-_WEIBO_SECOND_PROFILE_WEIBO", "mid": "4977345444709626", "oid": "1034:4977344738164760", "uuid": 4977344921206792, "source": "video", "ext": "uid:7774910775|mid:4977345444709626|objectid:1034%3A4977344738164760|from:1|object_duration:20.711|miduid:7793082537|rootuid:7793082537|rootmid:4977345444709626|authorid:7793082537|video_orientation:horizontal|third_vid:|is_album:0|is_contribution:0|video_tags:|isfan:0|ua:Mozilla/5.0 (Windows NT 10.0; Win64; x64) AppleWebKit/537.36 (KHTML, like Gecko) Chrome/120.0.0.0 Safari/537.36 WeiboPro/1.0.0|sceneid:profile_mb|uuid:4977344921206792|detail:native|contribution:0|short_video:0|st_video:1|author_mid:4977345444709626|cluster_type_status:|is_ad_weibo:0|source_info:all_mix_1|analysis_card:page_info"}}, {"type": "video", "id": "1034:4977344927170564", "data": {"type": "11", "page_id": "2304444977344927170564", "object_type": "video", "object_id": "1034:4977344927170564", "content1": "揣揣小手扭一扭的微博视频", "content2": "随便看点\n#锦月如歌#", "act_status": 1, "media_info": {"name": "揣揣小手扭一扭的微博视频", "stream_url": "http://f.video.weibocdn.com/o0/9zONcQ1Elx08aPsxhMIw01041200p3KT0E010.mp4?label=mp4_720p&amp;template=720x1280.24.0&amp;ori=0&amp;ps=1CwnkDw1GXwCQx&amp;Expires=1704611244&amp;ssig=4H4aqDUlhn&amp;KID=unistore,video", "stream_url_hd": "http://f.video.weibocdn.com/o0/9zONcQ1Elx08aPsxhMIw01041200p3KT0E010.mp4?label=mp4_720p&amp;template=720x1280.24.0&amp;ori=0&amp;ps=1CwnkDw1GXwCQx&amp;Expires=1704611244&amp;ssig=4H4aqDUlhn&amp;KID=unistore,video", "format": "mp4", "h5_url": "https://video.weibo.com/show?fid=1034:4977344927170564", "mp4_sd_url": "http://f.video.weibocdn.com/o0/9zONcQ1Elx08aPsxhMIw01041200p3KT0E010.mp4?label=mp4_720p&amp;template=720x1280.24.0&amp;ori=0&amp;ps=1CwnkDw1GXwCQx&amp;Expires=1704611244&amp;ssig=4H4aqDUlhn&amp;KID=unistore,video", "mp4_hd_url": "http://f.video.weibocdn.com/o0/9zONcQ1Elx08aPsxhMIw01041200p3KT0E010.mp4?label=mp4_720p&amp;template=720x1280.24.0&amp;ori=0&amp;ps=1CwnkDw1GXwCQx&amp;Expires=1704611244&amp;ssig=4H4aqDUlhn&amp;KID=unistore,video", "h265_mp4_hd": "http://f.video.weibocdn.com/o0/9zONcQ1Elx08aPsxhMIw01041200p3KT0E010.mp4?label=mp4_720p&amp;template=720x1280.24.0&amp;ori=0&amp;ps=1CwnkDw1GXwCQx&amp;Expires=1704611244&amp;ssig=4H4aqDUlhn&amp;KID=unistore,video", "h265_mp4_ld": "http://f.video.weibocdn.com/o0/9zONcQ1Elx08aPsxhMIw01041200p3KT0E010.mp4?label=mp4_720p&amp;template=720x1280.24.0&amp;ori=0&amp;ps=1CwnkDw1GXwCQx&amp;Expires=1704611244&amp;ssig=4H4aqDUlhn&amp;KID=unistore,video", "inch_4_mp4_hd": "http://f.video.weibocdn.com/o0/9zONcQ1Elx08aPsxhMIw01041200p3KT0E010.mp4?label=mp4_720p&amp;template=720x1280.24.0&amp;ori=0&amp;ps=1CwnkDw1GXwCQx&amp;Expires=1704611244&amp;ssig=4H4aqDUlhn&amp;KID=unistore,video", "inch_5_mp4_hd": "http://f.video.weibocdn.com/o0/9zONcQ1Elx08aPsxhMIw01041200p3KT0E010.mp4?label=mp4_720p&amp;template=720x1280.24.0&amp;ori=0&amp;ps=1CwnkDw1GXwCQx&amp;Expires=1704611244&amp;ssig=4H4aqDUlhn&amp;KID=unistore,video", "inch_5_5_mp4_hd": "http://f.video.weibocdn.com/o0/9zONcQ1Elx08aPsxhMIw01041200p3KT0E010.mp4?label=mp4_720p&amp;template=720x1280.24.0&amp;ori=0&amp;ps=1CwnkDw1GXwCQx&amp;Expires=1704611244&amp;ssig=4H4aqDUlhn&amp;KID=unistore,video", "mp4_720p_mp4": "http://f.video.weibocdn.com/o0/9zONcQ1Elx08aPsxhMIw01041200p3KT0E010.mp4?label=mp4_720p&amp;template=720x1280.24.0&amp;ori=0&amp;ps=1CwnkDw1GXwCQx&amp;Expires=1704611244&amp;ssig=4H4aqDUlhn&amp;KID=unistore,video", "hevc_mp4_720p": "", "prefetch_type": 1, "prefetch_size": 262144, "act_status": 1, "protocol": "general,dash", "media_id": "4977344927170564", "origin_total_bitrate": 19536896, "video_orientation": "vertical", "duration": 30, "forward_strategy": -1, "search_scheme": "sinaweibo://svssearch?containerid=232080", "is_short_video": 0, "vote_is_show": 0, "belong_collection": 0, "titles_display_time": "3", "show_progress_bar": 1, "show_mute_button": true, "ext_info": {"video_orientation": "vertical"}, "next_title": "随便看点\n#锦月如歌#", "kol_title": "随便看点\n#锦月如歌#", "play_completion_actions": [{"type": "1", "icon": "https://h5.sinaimg.cn/upload/100/1413/2021/12/22/feed_video_icon_replay.png", "text": "重播", "link": "", "btn_code": 1000, "show_position": 1, "actionlog": {"oid": "2304444977344927170564", "act_code": 1221, "act_type": 0, "source": "video"}}, {"type": 6, "icon": "https://tvax1.sinaimg.cn/crop.0.0.1080.1080.180/008voYLDly8h6q3ec4ppyj30u00u0n1k.jpg?KID=imgbed,tva&amp;Expires=1704618444&amp;ssig=cQK53aSGqx", "text": "", "display_mode": 2, "display_starttime": 5, "display_endtime": 99999, "countdown_time": 5, "show_position": 48, "scheme": "", "link": "", "btn_code": 1009, "actionlog": {"oid": "2304444977344927170564", "act_code": 91, "act_type": 0, "source": "video", "ext": "mid:4977345444709626|oid:1034:4977344927170564|muid:7793082537|authorid:7793082537"}, "ext": {"uid": "7793082537", "user_name": "揣揣小手扭一扭", "followers_count": 394, "verified_type": -1, "level": 3}, "display_type": 0}], "video_publish_time": 1702175018, "play_loop_type": 0, "author_mid": "4977345444709626", "author_name": "揣揣小手扭一扭", "extra_info": {"sceneid": "profile_mb"}, "video_download_strategy": {"abandon_download": 0}, "jump_to": 6, "big_pic_info": {"pic_big": {"height": 1920, "url": "https://wx1.sinaimg.cn/orj1080/008voYLDgy1hkohb3ei3pj30u01hc43o.jpg", "width": 1080}, "pic_small": {"height": 320, "url": "https://wx1.sinaimg.cn/or180/008voYLDgy1hkohb3ei3pj30u01hc43o.jpg", "width": 180}, "pic_middle": {"height": 640, "url": "https://wx1.sinaimg.cn/or360/008voYLDgy1hkohb3ei3pj30u01hc43o.jpg", "width": 360}}, "online_users": "4529次观看", "online_users_number": 4529, "ttl": 3600, "storage_type": "oss"}, "page_pic": "https://wx1.sinaimg.cn/orj480/008voYLDgy1hkohb3ei3pj30u01hc43o.jpg", "page_title": "揣揣小手扭一扭的微博视频", "page_url": "sinaweibo://infopage?containerid=2304444977344927170564&amp;containerid=2304444977344927170564&amp;url_type=39&amp;object_type=video&amp;pos=2", "pic_info": {"pic_big": {"height": "960", "url": "https://wx1.sinaimg.cn/orj480/008voYLDgy1hkohb3ei3pj30u01hc43o.jpg", "width": "540"}, "pic_small": {"height": "960", "url": "https://wx1.sinaimg.cn/orj480/008voYLDgy1hkohb3ei3pj30u01hc43o.jpg", "width": "540"}, "pic_middle": {"url": "https://wx1.sinaimg.cn/orj480/008voYLDgy1hkohb3ei3pj30u01hc43o.jpg", "height": "960", "width": "540"}}, "oid": "7793082537", "type_icon": "", "author_id": "7793082537", "authorid": "7793082537", "warn": "", "short_url": "http://t.cn/A6lGZDZf"}, "scheme": "", "actionlog": {"act_type": 1, "act_code": 799, "lcardid": "", "fid": "1076036499137849_-_WEIBO_SECOND_PROFILE_WEIBO", "mid": "4977345444709626", "oid": "1034:4977344927170564", "uuid": 4977345139048495, "source": "video", "ext": "uid:7774910775|mid:4977345444709626|objectid:1034%3A4977344927170564|from:1|object_duration:30.092|miduid:7793082537|rootuid:7793082537|rootmid:4977345444709626|authorid:7793082537|video_orientation:vertical|third_vid:|is_album:0|is_contribution:0|video_tags:|isfan:0|ua:Mozilla/5.0 (Windows NT 10.0; Win64; x64) AppleWebKit/537.36 (KHTML, like Gecko) Chrome/120.0.0.0 Safari/537.36 WeiboPro/1.0.0|sceneid:profile_mb|uuid:4977345139048495|detail:native|contribution:0|short_video:0|st_video:1|author_mid:4977345444709626|cluster_type_status:|is_ad_weibo:0|source_info:all_mix_1|analysis_card:page_info"}}]}, "text": "随便看点&lt;br /&gt;&lt;a href=\"//s.weibo.com/weibo?q=%23%E9%94%A6%E6%9C%88%E5%A6%82%E6%AD%8C%23\" target=\"_blank\"&gt;#锦月如歌#&lt;/a&gt; ​​​", "region_name": "发布于 浙江", "customIcons": []}}