{"visible": {"type": 0, "list_id": 0}, "created_at": "Thu Dec 14 01:34:05 +0800 2023", "id": 4978661427511359, "idstr": "4978661427511359", "mid": "4978661427511359", "mblogid": "Nx0lgvw2X", "user": {"id": 6124534435, "idstr": "6124534435", "pc_new": 7, "screen_name": "氧化盖子", "profile_image_url": "https://tvax1.sinaimg.cn/crop.0.0.1080.1080.50/006GtVbtly8hk7tvfn3ffj30u00u0418.jpg?KID=imgbed,tva&amp;Expires=1704618436&amp;ssig=0VKSlTJVmt", "profile_url": "/u/6124534435", "verified": false, "verified_type": -1, "domain": "", "weihao": "", "avatar_large": "https://tvax1.sinaimg.cn/crop.0.0.1080.1080.180/006GtVbtly8hk7tvfn3ffj30u00u0418.jpg?KID=imgbed,tva&amp;Expires=1704618436&amp;ssig=HxaC0mpJ2y", "avatar_hd": "https://tvax1.sinaimg.cn/crop.0.0.1080.1080.1024/006GtVbtly8hk7tvfn3ffj30u00u0418.jpg?KID=imgbed,tva&amp;Expires=1704618436&amp;ssig=K0Vpsid6nP", "follow_me": false, "following": false, "mbrank": 6, "mbtype": 12, "v_plus": 0, "planet_video": false, "icon_list": [{"type": "vip", "data": {"mbrank": 6, "mbtype": 12, "svip": 1, "vvip": 0}}]}, "can_edit": false, "text_raw": "分享图片 ​​​", "textLength": 8, "annotations": [{"photo_sub_type": "0"}, {"client_mblogid": "iPhone-44C06620-D598-49F8-B944-054CDD93FDD9"}, {"source_text": "", "phone_id": ""}, {"mapi_request": true}], "source": "iPad Pro", "favorited": false, "buttons": [{"type": "follow", "name": "加关注", "pic": "http://u1.sinaimg.cn/upload/2013/06/14/timeline_card_small_button_icon_add.png", "params": {"uid": 6124534435}, "actionlog": {"act_code": 92, "uicode": "10000100", "oid": "4978661427511359", "cardid": "1076030002_6124534435"}}], "rid": "21_0_50_162998028989252918_0_0_0", "pic_ids": ["006GtVbtgy1hksoh82thoj32ai3s0qve"], "pic_num": 1, "pic_infos": {"006GtVbtgy1hksoh82thoj32ai3s0qve": {"thumbnail": {"url": "https://wx2.sinaimg.cn/wap180/006GtVbtgy1hksoh82thoj32ai3s0qve.jpg", "width": 109, "height": 180, "cut_type": 1, "type": ""}, "bmiddle": {"url": "https://wx2.sinaimg.cn/wap360/006GtVbtgy1hksoh82thoj32ai3s0qve.jpg", "width": 218, "height": 360, "cut_type": 1, "type": ""}, "large": {"url": "https://wx2.sinaimg.cn/orj960/006GtVbtgy1hksoh82thoj32ai3s0qve.jpg", "width": 960, "height": 1582, "cut_type": 1, "type": ""}, "original": {"url": "https://wx2.sinaimg.cn/orj1080/006GtVbtgy1hksoh82thoj32ai3s0qve.jpg", "width": 1080, "height": 1780, "cut_type": 1, "type": ""}, "largest": {"url": "https://wx2.sinaimg.cn/large/006GtVbtgy1hksoh82thoj32ai3s0qve.jpg", "width": 2048, "height": 3376, "cut_type": 1, "type": ""}, "mw2000": {"url": "https://wx2.sinaimg.cn/mw2000/006GtVbtgy1hksoh82thoj32ai3s0qve.jpg", "width": 2000, "height": 3296, "cut_type": 1, "type": ""}, "object_id": "1042018:2a19d3dc0a2320e36535367147603e25", "pic_id": "006GtVbtgy1hksoh82thoj32ai3s0qve", "photo_tag": 0, "type": "pic", "pic_status": 1}}, "is_paid": false, "mblog_vip_type": 0, "number_display_strategy": {"apply_scenario_flag": 3, "display_text_min_number": 1000000, "display_text": "100万+"}, "reposts_count": 2674, "comments_count": 130, "attitudes_count": 11385, "attitudes_status": 0, "isLongText": false, "mlevel": 0, "content_auth": 0, "is_show_bulletin": 2, "comment_manage_info": {"comment_permission_type": -1, "approval_comment_type": 0, "comment_sort_type": 0}, "share_repost_type": 0, "title": {"text": "她2023-12-14赞过的微博", "structs": [{"name": "她2023-12-14赞过的微博", "scheme": "sinaweibo://cardlist?containerid=2308696499137849_-_mix", "cleaned": true}]}, "mblogtype": 0, "showFeedRepost": false, "showFeedComment": false, "pictureViewerSign": false, "showPictureViewer": false, "rcList": [], "text": "分享图片 ​​​", "region_name": "发布于 重庆", "customIcons": [], "followBtnCode": {"uid": 6124534435}}