{"visible": {"type": 0, "list_id": 0}, "created_at": "Sat Dec 16 21:25:50 +0800 2023", "id": 4979686112759887, "idstr": "4979686112759887", "mid": "4979686112759887", "mblogid": "NxqZZbzYj", "user": {"id": 6499137849, "idstr": "6499137849", "pc_new": 7, "screen_name": "冻梨好吃", "profile_image_url": "https://tvax3.sinaimg.cn/crop.0.0.962.962.50/0075PIE1ly8hkxs7vsob4j30qq0qq76e.jpg?KID=imgbed,tva&amp;Expires=1704618436&amp;ssig=WWUtWicPln", "profile_url": "/u/6499137849", "verified": false, "verified_type": -1, "domain": "", "weihao": "", "avatar_large": "https://tvax3.sinaimg.cn/crop.0.0.962.962.180/0075PIE1ly8hkxs7vsob4j30qq0qq76e.jpg?KID=imgbed,tva&amp;Expires=1704618436&amp;ssig=lpeErga5WN", "avatar_hd": "https://tvax3.sinaimg.cn/crop.0.0.962.962.1024/0075PIE1ly8hkxs7vsob4j30qq0qq76e.jpg?KID=imgbed,tva&amp;Expires=1704618436&amp;ssig=Qs%2FrBZ1opZ", "follow_me": false, "following": false, "mbrank": 0, "mbtype": 0, "v_plus": 0, "planet_video": false, "icon_list": []}, "can_edit": false, "text_raw": "捏妈的，情人桥的视频到底谁买走了啊[汪洋海蓝比心][汪洋海蓝比心] ​​​", "textLength": 62, "annotations": [{"shooting": 1, "client_mblogid": "15fba3c5-ddce-4cda-8b21-fe74b8566b35"}, {"source_text": "", "phone_id": "266"}, {"mapi_request": true}], "source": "Android", "favorited": false, "rid": "13_0_50_162998028989252918_0_0_0", "pic_ids": [], "pic_num": 0, "is_paid": false, "mblog_vip_type": 0, "number_display_strategy": {"apply_scenario_flag": 3, "display_text_min_number": 1000000, "display_text": "100万+"}, "reposts_count": 0, "comments_count": 0, "attitudes_count": 0, "attitudes_status": 0, "isLongText": false, "mlevel": 0, "content_auth": 0, "is_show_bulletin": 2, "comment_manage_info": {"comment_permission_type": -1, "approval_comment_type": 0, "comment_sort_type": 0}, "share_repost_type": 0, "mblogtype": 0, "showFeedRepost": false, "showFeedComment": false, "pictureViewerSign": false, "showPictureViewer": false, "rcList": [], "text": "捏妈的，情人桥的视频到底谁买走了啊&lt;img alt=\"[汪洋海蓝比心]\" title=\"[汪洋海蓝比心]\" src=\"https://face.t.sinajs.cn/t4/appstyle/expression/ext/normal/93/2023_BlueSeaHeart_org.png\" /&gt;&lt;img alt=\"[汪洋海蓝比心]\" title=\"[汪洋海蓝比心]\" src=\"https://face.t.sinajs.cn/t4/appstyle/expression/ext/normal/93/2023_BlueSeaHeart_org.png\" /&gt; ​​​", "region_name": "发布于 辽宁", "customIcons": []}