{"visible": {"type": 0, "list_id": 0}, "created_at": "Fri Dec 15 23:27:54 +0800 2023", "id": 4979354442667501, "idstr": "4979354442667501", "mid": "4979354442667501", "mblogid": "Nxin2bbWd", "user": {"id": 6499137849, "idstr": "6499137849", "pc_new": 7, "screen_name": "冻梨好吃", "profile_image_url": "https://tvax3.sinaimg.cn/crop.0.0.962.962.50/0075PIE1ly8hkxs7vsob4j30qq0qq76e.jpg?KID=imgbed,tva&amp;Expires=1704618436&amp;ssig=WWUtWicPln", "profile_url": "/u/6499137849", "verified": false, "verified_type": -1, "domain": "", "weihao": "", "avatar_large": "https://tvax3.sinaimg.cn/crop.0.0.962.962.180/0075PIE1ly8hkxs7vsob4j30qq0qq76e.jpg?KID=imgbed,tva&amp;Expires=1704618436&amp;ssig=lpeErga5WN", "avatar_hd": "https://tvax3.sinaimg.cn/crop.0.0.962.962.1024/0075PIE1ly8hkxs7vsob4j30qq0qq76e.jpg?KID=imgbed,tva&amp;Expires=1704618436&amp;ssig=Qs%2FrBZ1opZ", "follow_me": false, "following": false, "mbrank": 0, "mbtype": 0, "v_plus": 0, "planet_video": false, "icon_list": []}, "can_edit": false, "text_raw": "咳咳，我来了//@小熊在口袋里:我再吃吃[送花花] http://t.cn/A6lIB2t7", "annotations": [{"client_mblogid": "d31be401-b46f-4039-89db-db83f69cb386"}, {"mapi_request": true}], "source": "Android", "favorited": false, "rid": "17_0_50_162998028989252918_0_0_0", "pic_ids": [], "pic_num": 0, "is_paid": false, "mblog_vip_type": 0, "number_display_strategy": {"apply_scenario_flag": 3, "display_text_min_number": 1000000, "display_text": "100万+"}, "reposts_count": 1, "comments_count": 0, "attitudes_count": 0, "attitudes_status": 0, "isLongText": false, "mlevel": 0, "content_auth": 0, "is_show_bulletin": 2, "comment_manage_info": {"comment_permission_type": -1, "approval_comment_type": 0, "comment_sort_type": 0}, "repost_type": 1, "share_repost_type": 0, "topic_struct": [{"title": "", "topic_url": "sinaweibo://searchall?containerid=231522&amp;q=%23%E5%91%A8%E4%B9%9F%E9%94%A6%E6%9C%88%E5%A6%82%E6%AD%8C%23&amp;extparam=%23%E5%91%A8%E4%B9%9F%E9%94%A6%E6%9C%88%E5%A6%82%E6%AD%8C%23", "topic_title": "周也锦月如歌", "actionlog": {"act_type": 1, "act_code": 300, "oid": "1022:231522fb2e410d018875c835060efa2866c428", "uuid": 4963043326034196, "cardid": "", "lcardid": "", "uicode": "", "luicode": "", "fid": "1076036499137849_-_WEIBO_SECOND_PROFILE_WEIBO", "lfid": "", "ext": "mid:4979281449190834|rid:17_0_50_162998028989252918_0_0_0|short_url:|long_url:|comment_id:|miduid:6499137849|rootmid:4979281449190834|rootuid:2261091244|authorid:|uuid:4963043326034196|is_ad_weibo:0"}}, {"title": "", "topic_url": "sinaweibo://searchall?containerid=231522&amp;q=%23%E4%B8%9E%E7%A3%8A%E9%94%A6%E6%9C%88%E5%A6%82%E6%AD%8C%23&amp;extparam=%23%E4%B8%9E%E7%A3%8A%E9%94%A6%E6%9C%88%E5%A6%82%E6%AD%8C%23", "topic_title": "丞磊锦月如歌", "actionlog": {"act_type": 1, "act_code": 300, "oid": "1022:231522c73def5bf08e9cff8908b895532dd8af", "uuid": 4961776176201746, "cardid": "", "lcardid": "", "uicode": "", "luicode": "", "fid": "1076036499137849_-_WEIBO_SECOND_PROFILE_WEIBO", "lfid": "", "ext": "mid:4979281449190834|rid:17_0_50_162998028989252918_0_0_0|short_url:|long_url:|comment_id:|miduid:6499137849|rootmid:4979281449190834|rootuid:2261091244|authorid:|uuid:4961776176201746|is_ad_weibo:0"}}], "url_struct": [{"url_title": "绝命毒鸭的微博视频", "url_type_pic": "https://h5.sinaimg.cn/upload/2015/09/25/3/timeline_card_small_video.png", "ori_url": "sinaweibo://video/vvs?mid=4979281449190834&amp;object_id=1034:4979281265098778&amp;url_type=39&amp;object_type=video&amp;pos=1", "page_id": "2304444979281265098778", "short_url": "http://t.cn/A6lI0HB9", "long_url": "https://video.weibo.com/show?fid=1034:4979281265098778", "url_type": 39, "result": false, "actionlog": {"act_type": 1, "act_code": 300, "oid": "1034:4979281265098778", "uuid": 4979281326506112, "cardid": "", "lcardid": "", "uicode": "", "luicode": "", "fid": "1076036499137849_-_WEIBO_SECOND_PROFILE_WEIBO", "lfid": "", "ext": "mid:4979281449190834|rid:17_0_50_162998028989252918_0_0_0|short_url:http://t.cn/A6lI0HB9|long_url:https://video.weibo.com/show?fid=1034:4979281265098778|comment_id:|miduid:6499137849|rootmid:4979281449190834|rootuid:2261091244|authorid:2261091244|uuid:4979281326506112|is_ad_weibo:0|analysis_card:url_struct"}, "storage_type": "oss", "hide": 0, "object_type": "", "ttl": 3600, "h5_target_url": "https://video.weibo.com/show?fid=1034:4979281265098778&amp;from=1FFFF96039&amp;weiboauthoruid=2261091244", "need_save_obj": 0}, {"url_title": "锦月如歌超话", "url_type_pic": "https://h5.sinaimg.cn/upload/100/959/2020/05/09/timeline_card_small_super.png", "ori_url": "sinaweibo://pageinfo?containerid=100808c56ff56be3c846ce892264ec09d3d873&amp;extparam=锦月如歌&amp;extension=%7B%22mblog_object_ref%22%3A%22content%22%7D", "page_id": "100808c56ff56be3c846ce892264ec09d3d873", "short_url": "#锦月如歌[超话]#", "long_url": "", "url_type": "", "result": false, "actionlog": {"act_type": 1, "act_code": 300, "oid": "1022:100808c56ff56be3c846ce892264ec09d3d873", "uuid": 4914302816616687, "cardid": "", "lcardid": "", "uicode": "", "luicode": "", "fid": "1076036499137849_-_WEIBO_SECOND_PROFILE_WEIBO", "lfid": "", "ext": "mid:4979281449190834|rid:17_0_50_162998028989252918_0_0_0|short_url:|long_url:|comment_id:|miduid:6499137849|rootmid:4979281449190834|rootuid:2261091244|authorid:|uuid:4914302816616687|is_ad_weibo:0|analysis_card:url_struct"}, "storage_type": "", "hide": 0, "object_type": "", "h5_target_url": "https://huati.weibo.com/k/%E9%94%A6%E6%9C%88%E5%A6%82%E6%AD%8C?from=1FFFF96039&amp;weiboauthoruid=2261091244", "need_save_obj": 0}, {"url_title": "查看图片", "url_type_pic": "https://h5.sinaimg.cn/upload/2015/01/21/20/timeline_card_small_photo.png", "ori_url": "https://photo.weibo.com/h5/repost/reppic_id/1022:2307966cccc36cba64c51cd51511ecd80f0a5e", "short_url": "http://t.cn/A6lIB2t7", "long_url": "https://photo.weibo.com/h5/repost/reppic_id/1022:2307966cccc36cba64c51cd51511ecd80f0a5e", "url_type": 39, "result": false, "actionlog": {"act_type": 1, "act_code": 300, "oid": "1022:2307966cccc36cba64c51cd51511ecd80f0a5e", "uuid": 4979344043933819, "cardid": "", "lcardid": "", "uicode": "", "luicode": "", "fid": "1076036499137849_-_WEIBO_SECOND_PROFILE_WEIBO", "lfid": "", "ext": "mid:4979354442667501|rid:17_0_50_162998028989252918_0_0_0|short_url:http://t.cn/A6lIB2t7|long_url:https://photo.weibo.com/h5/repost/reppic_id/1022:2307966cccc36cba64c51cd51511ecd80f0a5e|comment_id:|miduid:6499137849|rootmid:4979354442667501|rootuid:6499137849|authorid:|uuid:4979344043933819|is_ad_weibo:0|analysis_card:url_struct"}, "storage_type": "", "hide": 0, "object_type": "", "position": 2, "pic_infos": {"006ewdKnly1hkuuvj3d7sj30a30afweo": {"thumbnail": {"type": "", "url": "http://wx3.sinaimg.cn/thumbnail/006ewdKnly1hkuuvj3d7sj30a30afweo.jpg", "cut_type": 1, "width": 116, "height": 120, "croped": false}, "bmiddle": {"type": "", "url": "http://wx3.sinaimg.cn/bmiddle/006ewdKnly1hkuuvj3d7sj30a30afweo.jpg", "cut_type": 1, "width": "363", "height": "375", "croped": false}, "large": {"type": "", "url": "http://wx3.sinaimg.cn/large/006ewdKnly1hkuuvj3d7sj30a30afweo.jpg", "cut_type": 1, "width": "363", "height": "375", "croped": false}, "woriginal": {"type": "", "url": "http://wx3.sinaimg.cn/woriginal/006ewdKnly1hkuuvj3d7sj30a30afweo.jpg", "cut_type": 1, "width": "363", "height": "375", "croped": false}}}, "pic_ids": ["006ewdKnly1hkuuvj3d7sj30a30afweo"], "h5_target_url": "https://photo.weibo.com/h5/repost/reppic_id/1022:2307966cccc36cba64c51cd51511ecd80f0a5e?from=1FFFF96039&amp;weiboauthoruid=6499137849", "need_save_obj": 1}], "mblogtype": 0, "showFeedRepost": false, "showFeedComment": false, "pictureViewerSign": false, "showPictureViewer": false, "rcList": [], "text": "咳咳，我来了//&lt;a href=/n/小熊在口袋里 usercard=\"name=@小熊在口袋里\"&gt;@小熊在口袋里&lt;/a&gt;:我再吃吃&lt;img alt=\"[送花花]\" title=\"[送花花]\" src=\"https://face.t.sinajs.cn/t4/appstyle/expression/ext/normal/cb/2022_Flowers_org.png\" /&gt; &lt;a target=\"_blank\" data-pid=006ewdKnly1hkuuvj3d7sj30a30afweo  href=\"https://wx3.sinaimg.cn/large/006ewdKnly1hkuuvj3d7sj30a30afweo.jpg\"&gt;&lt;img class=\"icon-link\" src=\"https://h5.sinaimg.cn/upload/2015/01/21/20/timeline_card_small_photo_default.png\"/&gt;查看图片&lt;/a&gt;", "region_name": "发布于 辽宁", "customIcons": [], "retweeted_status": {"visible": {"type": 0, "list_id": 0}, "created_at": "Fri Dec 15 18:37:51 +0800 2023", "id": 4979281449190834, "idstr": "4979281449190834", "mid": "4979281449190834", "mblogid": "NxgtiCyXg", "user": {"id": 2261091244, "idstr": "2261091244", "pc_new": 0, "screen_name": "绝命毒鸭", "profile_image_url": "https://tvax4.sinaimg.cn/crop.0.0.1080.1080.50/86c583acly8hl0fcyzdprj20u00u0whd.jpg?KID=imgbed,tva&amp;Expires=1704618436&amp;ssig=5CEdtffOE6", "profile_url": "/u/2261091244", "verified": true, "verified_type": 0, "domain": "sifpp", "weihao": "", "verified_type_ext": 0, "avatar_large": "https://tvax4.sinaimg.cn/crop.0.0.1080.1080.180/86c583acly8hl0fcyzdprj20u00u0whd.jpg?KID=imgbed,tva&amp;Expires=1704618436&amp;ssig=n9aotd6sYZ", "avatar_hd": "https://tvax4.sinaimg.cn/crop.0.0.1080.1080.1024/86c583acly8hl0fcyzdprj20u00u0whd.jpg?KID=imgbed,tva&amp;Expires=1704618436&amp;ssig=aObBhjuaMs", "follow_me": false, "following": false, "mbrank": 6, "mbtype": 12, "v_plus": 0, "planet_video": false, "icon_list": [{"type": "vip", "data": {"mbrank": 6, "mbtype": 12, "svip": 1, "vvip": 0}}]}, "can_edit": false, "text_raw": "-牵手🧑‍🤝‍🧑\n眼中景，心中事，意中人\n\n#周也锦月如歌# 🌙#丞磊锦月如歌# http://t.cn/A6lI0HB9 ​​​", "textLength": 100, "annotations": [[], {"client_mblogid": "iPhone-5F6D9915-A117-440A-891A-E403F20963AA"}, {"source_text": "", "phone_id": "cvip_1267"}, {"mapi_request": true}], "source": "小熊牌盐汽水", "favorited": false, "buttons": [{"type": "follow", "name": "加关注", "params": {"uid": 2261091244, "disable_group": 1, "extparams": {"followcardid": "1008080010_"}}, "actionlog": {"act_code": "92", "oid": "4979281449190834"}}], "rid": "17_0_50_162998028989252918_0_0_0", "cardid": "star_1152", "pic_ids": [], "geo": "", "pic_num": 0, "is_paid": false, "mblog_vip_type": 0, "number_display_strategy": {"apply_scenario_flag": 3, "display_text_min_number": 1000000, "display_text": "100万+"}, "title_source": {"name": "锦月如歌超话", "url": "sinaweibo://pageinfo?pageid=100808c56ff56be3c846ce892264ec09d3d873&amp;extparam=锦月如歌", "image": "http://wx1.sinaimg.cn/thumbnail/006Kv18Dly8hkpl492qqzj30m80m8acw.jpg"}, "reposts_count": 205, "comments_count": 76, "attitudes_count": 1780, "attitudes_status": 0, "isLongText": false, "mlevel": 0, "content_auth": 0, "is_show_bulletin": 3, "comment_manage_info": {"comment_permission_type": -1, "approval_comment_type": 0, "comment_sort_type": 0, "ai_play_picture_type": 0}, "mblogtype": 0, "showFeedRepost": false, "showFeedComment": false, "pictureViewerSign": false, "showPictureViewer": false, "rcList": [], "text": "-牵手🧑‍🤝‍🧑&lt;br /&gt;眼中景，心中事，意中人&lt;br /&gt;&lt;br /&gt;&lt;a href=\"//s.weibo.com/weibo?q=%23%E5%91%A8%E4%B9%9F%E9%94%A6%E6%9C%88%E5%A6%82%E6%AD%8C%23\" target=\"_blank\"&gt;#周也锦月如歌#&lt;/a&gt; 🌙&lt;a href=\"//s.weibo.com/weibo?q=%23%E4%B8%9E%E7%A3%8A%E9%94%A6%E6%9C%88%E5%A6%82%E6%AD%8C%23\" target=\"_blank\"&gt;#丞磊锦月如歌#&lt;/a&gt; &lt;a target=\"_blank\" href=\"https://video.weibo.com/show?fid=1034:4979281265098778\"&gt;&lt;img class=\"icon-link\" src=\"https://h5.sinaimg.cn/upload/2015/09/25/3/timeline_card_small_video_default.png\"/&gt;绝命毒鸭的微博视频&lt;/a&gt; ​​​", "region_name": "发布于 江苏", "customIcons": []}, "page_info": {"type": 5, "page_id": "2304444979281265098778", "object_type": "video", "oid": "2261091244", "page_title": "绝命毒鸭的微博视频", "page_pic": "https://wx1.sinaimg.cn/orj480/86c583acly1hkunnvvmjgj20u01ha18y.jpg", "type_icon": "", "page_url": "sinaweibo://infopage?containerid=2304444979281265098778&amp;containerid=2304444979281265098778&amp;url_type=39&amp;object_type=video&amp;pos=2", "object_id": "1034:4979281265098778", "media_info": {"name": "绝命毒鸭的微博视频", "stream_url": "http://f.video.weibocdn.com/o0/4ru1AsVylx08aXYQuhxe01041200j7HC0E010.mp4?label=mp4_720p&amp;template=720x1276.24.0&amp;ori=0&amp;ps=1CwnkDw1GXwCQx&amp;Expires=1704611236&amp;ssig=kuwGGdgk60&amp;KID=unistore,video", "stream_url_hd": "http://f.video.weibocdn.com/o0/4ru1AsVylx08aXYQuhxe01041200j7HC0E010.mp4?label=mp4_720p&amp;template=720x1276.24.0&amp;ori=0&amp;ps=1CwnkDw1GXwCQx&amp;Expires=1704611236&amp;ssig=kuwGGdgk60&amp;KID=unistore,video", "format": "mp4", "h5_url": "https://video.weibo.com/show?fid=1034:4979281265098778", "mp4_sd_url": "http://f.video.weibocdn.com/o0/4ru1AsVylx08aXYQuhxe01041200j7HC0E010.mp4?label=mp4_720p&amp;template=720x1276.24.0&amp;ori=0&amp;ps=1CwnkDw1GXwCQx&amp;Expires=1704611236&amp;ssig=kuwGGdgk60&amp;KID=unistore,video", "mp4_hd_url": "http://f.video.weibocdn.com/o0/4ru1AsVylx08aXYQuhxe01041200j7HC0E010.mp4?label=mp4_720p&amp;template=720x1276.24.0&amp;ori=0&amp;ps=1CwnkDw1GXwCQx&amp;Expires=1704611236&amp;ssig=kuwGGdgk60&amp;KID=unistore,video", "h265_mp4_hd": "http://f.video.weibocdn.com/o0/4ru1AsVylx08aXYQuhxe01041200j7HC0E010.mp4?label=mp4_720p&amp;template=720x1276.24.0&amp;ori=0&amp;ps=1CwnkDw1GXwCQx&amp;Expires=1704611236&amp;ssig=kuwGGdgk60&amp;KID=unistore,video", "h265_mp4_ld": "http://f.video.weibocdn.com/o0/4ru1AsVylx08aXYQuhxe01041200j7HC0E010.mp4?label=mp4_720p&amp;template=720x1276.24.0&amp;ori=0&amp;ps=1CwnkDw1GXwCQx&amp;Expires=1704611236&amp;ssig=kuwGGdgk60&amp;KID=unistore,video", "inch_4_mp4_hd": "http://f.video.weibocdn.com/o0/4ru1AsVylx08aXYQuhxe01041200j7HC0E010.mp4?label=mp4_720p&amp;template=720x1276.24.0&amp;ori=0&amp;ps=1CwnkDw1GXwCQx&amp;Expires=1704611236&amp;ssig=kuwGGdgk60&amp;KID=unistore,video", "inch_5_mp4_hd": "http://f.video.weibocdn.com/o0/4ru1AsVylx08aXYQuhxe01041200j7HC0E010.mp4?label=mp4_720p&amp;template=720x1276.24.0&amp;ori=0&amp;ps=1CwnkDw1GXwCQx&amp;Expires=1704611236&amp;ssig=kuwGGdgk60&amp;KID=unistore,video", "inch_5_5_mp4_hd": "http://f.video.weibocdn.com/o0/4ru1AsVylx08aXYQuhxe01041200j7HC0E010.mp4?label=mp4_720p&amp;template=720x1276.24.0&amp;ori=0&amp;ps=1CwnkDw1GXwCQx&amp;Expires=1704611236&amp;ssig=kuwGGdgk60&amp;KID=unistore,video", "mp4_720p_mp4": "http://f.video.weibocdn.com/o0/4ru1AsVylx08aXYQuhxe01041200j7HC0E010.mp4?label=mp4_720p&amp;template=720x1276.24.0&amp;ori=0&amp;ps=1CwnkDw1GXwCQx&amp;Expires=1704611236&amp;ssig=kuwGGdgk60&amp;KID=unistore,video", "hevc_mp4_720p": "", "prefetch_type": 1, "prefetch_size": 262144, "act_status": 1, "protocol": "general,dash", "media_id": "4979281265098778", "origin_total_bitrate": 64082080, "video_orientation": "vertical", "duration": 21, "forward_strategy": -1, "search_scheme": "sinaweibo://svssearch?containerid=232080", "is_short_video": 0, "vote_is_show": 0, "belong_collection": 1, "titles_display_time": "3", "show_progress_bar": 1, "show_mute_button": true, "ext_info": {"video_orientation": "vertical"}, "next_title": "-牵手🧑‍🤝‍🧑\n眼中景，心中事，意中人\n\n#周也锦月如歌# 🌙#丞磊锦月如歌#", "kol_title": "231215 🥥🦋牵手", "play_completion_actions": [{"type": "1", "icon": "https://h5.sinaimg.cn/upload/100/1413/2021/12/22/feed_video_icon_replay.png", "text": "重播", "link": "", "btn_code": 1000, "show_position": 1, "actionlog": {"oid": "2304444979281265098778", "act_code": 1221, "act_type": 0, "source": "video"}}, {"type": 6, "icon": "https://tvax4.sinaimg.cn/crop.0.0.1080.1080.180/86c583acly8hl0fcyzdprj20u00u0whd.jpg?KID=imgbed,tva&amp;Expires=1704618436&amp;ssig=n9aotd6sYZ", "text": "", "display_mode": 2, "display_starttime": 5, "display_endtime": 99999, "countdown_time": 5, "show_position": 48, "scheme": "", "link": "", "btn_code": 1009, "actionlog": {"oid": "2304444979281265098778", "act_code": 91, "act_type": 0, "source": "video", "ext": "mid:4979281449190834|oid:1034:4979281265098778|muid:2261091244|authorid:2261091244"}, "ext": {"uid": "2261091244", "user_name": "绝命毒鸭", "followers_count": 792, "verified": true, "verified_type": 0, "verified_reason": "微博原创视频博主", "level": 3}, "display_type": 0}], "video_publish_time": 1702636641, "play_loop_type": 0, "video_title": "231215 🥥🦋牵手", "author_mid": "4979281449190834", "author_name": "绝命毒鸭", "is_playlist": 1, "get_playlist_id": 4302990384030788, "extra_info": {"sceneid": "profile_mb"}, "video_download_strategy": {"abandon_download": 0}, "jump_to": 6, "big_pic_info": {"pic_big": {"height": 1918, "url": "https://wx1.sinaimg.cn/orj1080/86c583acly1hkunnvvmjgj20u01ha18y.jpg", "width": 1080}, "pic_small": {"height": 319, "url": "https://wx1.sinaimg.cn/or180/86c583acly1hkunnvvmjgj20u01ha18y.jpg", "width": 180}, "pic_middle": {"height": 639, "url": "https://wx1.sinaimg.cn/or360/86c583acly1hkunnvvmjgj20u01ha18y.jpg", "width": 360}}, "online_users": "21万次观看", "online_users_number": 210468, "ttl": 3600, "storage_type": "oss", "is_keep_current_mblog": 0, "author_info": {"id": 2261091244, "idstr": "2261091244", "pc_new": 0, "screen_name": "绝命毒鸭", "profile_image_url": "https://tvax4.sinaimg.cn/crop.0.0.1080.1080.50/86c583acly8hl0fcyzdprj20u00u0whd.jpg?KID=imgbed,tva&amp;Expires=1704618437&amp;ssig=vplvvSp6VA", "profile_url": "/u/2261091244", "verified": true, "verified_type": 0, "domain": "sifpp", "weihao": "", "verified_type_ext": 0, "avatar_large": "https://tvax4.sinaimg.cn/crop.0.0.1080.1080.180/86c583acly8hl0fcyzdprj20u00u0whd.jpg?KID=imgbed,tva&amp;Expires=1704618437&amp;ssig=jEtbkeSn%2FB", "avatar_hd": "https://tvax4.sinaimg.cn/crop.0.0.1080.1080.1024/86c583acly8hl0fcyzdprj20u00u0whd.jpg?KID=imgbed,tva&amp;Expires=1704618437&amp;ssig=VTWzbiPJRU", "follow_me": false, "following": false, "mbrank": 6, "mbtype": 12, "v_plus": 0, "planet_video": false, "verified_reason": "微博原创视频博主", "description": "不是唯粉 不要关注", "location": "其他", "gender": "f", "followers_count": 792, "followers_count_str": "792", "friends_count": 310, "statuses_count": 386, "url": "", "svip": 1, "vvip": 0, "cover_image_phone": "https://wx4.sinaimg.cn/crop.0.0.640.640.640/86c583acly1hkxbyllr4ij20u00u0aeh.jpg"}, "playback_list": [{"meta": {"label": "mp4_1080p", "quality_index": 1080, "quality_desc": "高清", "quality_label": "1080p", "quality_class": "HD", "type": 1, "quality_group": 1080, "is_hidden": false}, "play_info": {"type": 1, "mime": "video/mp4", "protocol": "general", "label": "mp4_1080p", "url": "https://f.video.weibocdn.com/o0/JSTBfW4Plx08aXYS8fV601041200zllm0E010.mp4?label=mp4_1080p&amp;template=1080x1918.24.0&amp;media_id=4979281265098778&amp;tp=8x8A3El:YTkl0eM8&amp;us=0&amp;ori=1&amp;bf=4&amp;ot=v&amp;lp=00003MndIw&amp;ps=mZ6WB&amp;uid=8uaJsH&amp;ab=,8012-g2,8143-g0,3601-g19,3601-g36,8013-g0,3601-g19,3601-g36&amp;Expires=1704611237&amp;ssig=5BfqysDJLH&amp;KID=unistore,video", "bitrate": 3154437, "prefetch_range": "0-1702732", "video_codecs": "avc1.640032", "fps": 30, "width": 1080, "height": 1918, "size": 8423528, "duration": 21.362, "sar": "0.0", "audio_codecs": "mp4a.40.5", "audio_sample_rate": 44100, "quality_label": "1080p", "quality_class": "HD", "quality_desc": "高清", "audio_channels": 2, "audio_sample_fmt": "fltp", "audio_bits_per_sample": 0, "watermark": "none", "extension": {"transcode_info": {"pcdn_rule_id": 0, "pcdn_jank": 0, "origin_video_dr": "SDR", "ab_strategies": ",8012-g2,8143-g0,3601-g19,3601-g36,8013-g0,3601-g19,3601-g36"}}, "video_decoder": "hard", "prefetch_enabled": true, "tcp_receive_buffer": 262144, "dolby_atmos": false, "color_transfer": "bt709", "first_pkt_end_pos": 132730}}, {"meta": {"label": "mp4_720p", "quality_index": 720, "quality_desc": "高清", "quality_label": "720p", "quality_class": "HD", "type": 1, "quality_group": 720, "is_hidden": false}, "play_info": {"type": 1, "mime": "video/mp4", "protocol": "general", "label": "mp4_720p", "url": "https://f.video.weibocdn.com/o0/4ru1AsVylx08aXYQuhxe01041200j7HC0E010.mp4?label=mp4_720p&amp;template=720x1276.24.0&amp;media_id=4979281265098778&amp;tp=8x8A3El:YTkl0eM8&amp;us=0&amp;ori=1&amp;bf=4&amp;ot=v&amp;lp=00003MndIw&amp;ps=mZ6WB&amp;uid=8uaJsH&amp;ab=,8012-g2,8143-g0,3601-g19,3601-g36,8013-g0,3601-g19,3601-g36&amp;Expires=1704611237&amp;ssig=td0ZBGSPdS&amp;KID=unistore,video", "bitrate": 1706818, "prefetch_range": "0-936534", "video_codecs": "avc1.64001f", "fps": 30, "width": 720, "height": 1276, "size": 4557844, "duration": 21.362, "sar": "0.0", "audio_codecs": "mp4a.40.5", "audio_sample_rate": 44100, "quality_label": "720p", "quality_class": "HD", "quality_desc": "高清", "audio_channels": 2, "audio_sample_fmt": "fltp", "audio_bits_per_sample": 0, "watermark": "none", "extension": {"transcode_info": {"pcdn_rule_id": 0, "pcdn_jank": 0, "origin_video_dr": "SDR", "ab_strategies": ",8012-g2,8143-g0,3601-g19,3601-g36,8013-g0,3601-g19,3601-g36"}}, "video_decoder": "hard", "prefetch_enabled": true, "tcp_receive_buffer": 262144, "dolby_atmos": false, "color_transfer": "bt709", "first_pkt_end_pos": 85996}}, {"meta": {"label": "mp4_hd", "quality_index": 480, "quality_desc": "标清", "quality_label": "480p", "quality_class": "SD", "type": 1, "quality_group": 480, "is_hidden": false}, "play_info": {"type": 1, "mime": "video/mp4", "protocol": "general", "label": "mp4_hd", "url": "https://f.video.weibocdn.com/o0/hGQeleAOlx08aXYQkLe001041200cot10E010.mp4?label=mp4_hd&amp;template=540x956.24.0&amp;media_id=4979281265098778&amp;tp=8x8A3El:YTkl0eM8&amp;us=0&amp;ori=1&amp;bf=4&amp;ot=v&amp;lp=00003MndIw&amp;ps=mZ6WB&amp;uid=8uaJsH&amp;ab=,8012-g2,8143-g0,3601-g19,3601-g36,8013-g0,3601-g19,3601-g36&amp;Expires=1704611237&amp;ssig=gaUPc5I%2BY0&amp;KID=unistore,video", "bitrate": 1106208, "prefetch_range": "0-624817", "video_codecs": "avc1.64001f", "fps": 30, "width": 540, "height": 956, "size": 2953991, "duration": 21.362, "sar": "0.0", "audio_codecs": "mp4a.40.5", "audio_sample_rate": 44100, "quality_label": "480p", "quality_class": "SD", "quality_desc": "标清", "audio_channels": 2, "audio_sample_fmt": "fltp", "audio_bits_per_sample": 0, "watermark": "none", "extension": {"transcode_info": {"pcdn_rule_id": 0, "pcdn_jank": 0, "origin_video_dr": "SDR", "ab_strategies": ",8012-g2,8143-g0,3601-g19,3601-g36,8013-g0,3601-g19,3601-g36"}}, "video_decoder": "hard", "prefetch_enabled": true, "tcp_receive_buffer": 262144, "dolby_atmos": false, "color_transfer": "bt709", "first_pkt_end_pos": 67727}}, {"meta": {"label": "scrubber_hd", "quality_index": 480, "quality_desc": "标清", "quality_label": "480p", "quality_class": "SD", "type": 3, "quality_group": 480, "is_hidden": false}, "play_info": {"type": 3, "mime": "image/jpeg", "protocol": "general", "label": "scrubber_hd", "url": "https://wx1.sinaimg.cn/large/86c583acly1hkunoc3bf2j20f07eo437.jpg?media_id=4979281265098778&amp;tp=8x8A3El:YTkl0eM8&amp;us=0&amp;ori=1&amp;bf=4&amp;ot=v&amp;lp=00003MndIw&amp;ps=mZ6WB&amp;uid=8uaJsH&amp;ab=,8012-g2,8143-g0,3601-g19,3601-g36,8013-g0,3601-g19,3601-g36&amp;Expires=1704611237&amp;ssig=fOYuedyVrd&amp;KID=unistore,video", "prefetch_range": "0-512000", "width": 180, "height": 320, "quality_label": "480p", "quality_class": "SD", "quality_desc": "标清", "extension": {"transcode_info": {"pcdn_rule_id": 0, "pcdn_jank": 0, "origin_video_dr": "SDR", "ab_strategies": ",8012-g2,8143-g0,3601-g19,3601-g36,8013-g0,3601-g19,3601-g36"}}, "video_decoder": "hard", "prefetch_enabled": true, "tcp_receive_buffer": 262144, "col": 3, "row": 30, "interval": 1, "offset": 0.5, "urls": ["http://wx4.sinaimg.cn/large/86c583acly1hkunoc3bf2j20f07eo437.jpg"]}}, {"meta": {"label": "mp4_ld", "quality_index": 360, "quality_desc": "流畅", "quality_label": "360p", "quality_class": "SD", "type": 1, "quality_group": 360, "is_hidden": false}, "play_info": {"type": 1, "mime": "video/mp4", "protocol": "general", "label": "mp4_ld", "url": "https://f.video.weibocdn.com/o0/nCuoyS0Nlx08aXYQc3nO010412006IK80E010.mp4?label=mp4_ld&amp;template=360x636.24.0&amp;media_id=4979281265098778&amp;tp=8x8A3El:YTkl0eM8&amp;us=0&amp;ori=1&amp;bf=4&amp;ot=v&amp;lp=00003MndIw&amp;ps=mZ6WB&amp;uid=8uaJsH&amp;ab=,8012-g2,8143-g0,3601-g19,3601-g36,8013-g0,3601-g19,3601-g36&amp;Expires=1704611237&amp;ssig=WgfFEDlut1&amp;KID=unistore,video", "bitrate": 599902, "prefetch_range": "0-347975", "video_codecs": "avc1.64001e", "fps": 30, "width": 360, "height": 636, "size": 1601964, "duration": 21.362, "sar": "0.0", "audio_codecs": "mp4a.40.5", "audio_sample_rate": 44100, "quality_label": "360p", "quality_class": "SD", "quality_desc": "流畅", "audio_channels": 2, "audio_sample_fmt": "fltp", "audio_bits_per_sample": 0, "watermark": "none", "extension": {"transcode_info": {"pcdn_rule_id": 0, "pcdn_jank": 0, "origin_video_dr": "SDR", "ab_strategies": ",8012-g2,8143-g0,3601-g19,3601-g36,8013-g0,3601-g19,3601-g36"}}, "video_decoder": "hard", "prefetch_enabled": true, "tcp_receive_buffer": 262144, "dolby_atmos": false, "color_transfer": "bt709", "first_pkt_end_pos": 44630}}]}, "author_id": "2261091244", "authorid": "2261091244", "cards": [{"type": "11", "page_id": "2304444979281265098778", "object_type": "video", "object_id": "1034:4979281265098778", "content1": "绝命毒鸭的微博视频", "content2": "-牵手🧑‍🤝‍🧑\n眼中景，心中事，意中人\n\n#周也锦月如歌# 🌙#丞磊锦月如歌#", "act_status": 1, "media_info": {"name": "绝命毒鸭的微博视频", "stream_url": "http://f.video.weibocdn.com/o0/4ru1AsVylx08aXYQuhxe01041200j7HC0E010.mp4?label=mp4_720p&amp;template=720x1276.24.0&amp;ori=0&amp;ps=1CwnkDw1GXwCQx&amp;Expires=1704611236&amp;ssig=kuwGGdgk60&amp;KID=unistore,video", "stream_url_hd": "http://f.video.weibocdn.com/o0/4ru1AsVylx08aXYQuhxe01041200j7HC0E010.mp4?label=mp4_720p&amp;template=720x1276.24.0&amp;ori=0&amp;ps=1CwnkDw1GXwCQx&amp;Expires=1704611236&amp;ssig=kuwGGdgk60&amp;KID=unistore,video", "format": "mp4", "h5_url": "https://video.weibo.com/show?fid=1034:4979281265098778", "mp4_sd_url": "http://f.video.weibocdn.com/o0/4ru1AsVylx08aXYQuhxe01041200j7HC0E010.mp4?label=mp4_720p&amp;template=720x1276.24.0&amp;ori=0&amp;ps=1CwnkDw1GXwCQx&amp;Expires=1704611236&amp;ssig=kuwGGdgk60&amp;KID=unistore,video", "mp4_hd_url": "http://f.video.weibocdn.com/o0/4ru1AsVylx08aXYQuhxe01041200j7HC0E010.mp4?label=mp4_720p&amp;template=720x1276.24.0&amp;ori=0&amp;ps=1CwnkDw1GXwCQx&amp;Expires=1704611236&amp;ssig=kuwGGdgk60&amp;KID=unistore,video", "h265_mp4_hd": "http://f.video.weibocdn.com/o0/4ru1AsVylx08aXYQuhxe01041200j7HC0E010.mp4?label=mp4_720p&amp;template=720x1276.24.0&amp;ori=0&amp;ps=1CwnkDw1GXwCQx&amp;Expires=1704611236&amp;ssig=kuwGGdgk60&amp;KID=unistore,video", "h265_mp4_ld": "http://f.video.weibocdn.com/o0/4ru1AsVylx08aXYQuhxe01041200j7HC0E010.mp4?label=mp4_720p&amp;template=720x1276.24.0&amp;ori=0&amp;ps=1CwnkDw1GXwCQx&amp;Expires=1704611236&amp;ssig=kuwGGdgk60&amp;KID=unistore,video", "inch_4_mp4_hd": "http://f.video.weibocdn.com/o0/4ru1AsVylx08aXYQuhxe01041200j7HC0E010.mp4?label=mp4_720p&amp;template=720x1276.24.0&amp;ori=0&amp;ps=1CwnkDw1GXwCQx&amp;Expires=1704611236&amp;ssig=kuwGGdgk60&amp;KID=unistore,video", "inch_5_mp4_hd": "http://f.video.weibocdn.com/o0/4ru1AsVylx08aXYQuhxe01041200j7HC0E010.mp4?label=mp4_720p&amp;template=720x1276.24.0&amp;ori=0&amp;ps=1CwnkDw1GXwCQx&amp;Expires=1704611236&amp;ssig=kuwGGdgk60&amp;KID=unistore,video", "inch_5_5_mp4_hd": "http://f.video.weibocdn.com/o0/4ru1AsVylx08aXYQuhxe01041200j7HC0E010.mp4?label=mp4_720p&amp;template=720x1276.24.0&amp;ori=0&amp;ps=1CwnkDw1GXwCQx&amp;Expires=1704611236&amp;ssig=kuwGGdgk60&amp;KID=unistore,video", "mp4_720p_mp4": "http://f.video.weibocdn.com/o0/4ru1AsVylx08aXYQuhxe01041200j7HC0E010.mp4?label=mp4_720p&amp;template=720x1276.24.0&amp;ori=0&amp;ps=1CwnkDw1GXwCQx&amp;Expires=1704611236&amp;ssig=kuwGGdgk60&amp;KID=unistore,video", "hevc_mp4_720p": "", "prefetch_type": 1, "prefetch_size": 262144, "act_status": 1, "protocol": "general,dash", "media_id": "4979281265098778", "origin_total_bitrate": 64082080, "video_orientation": "vertical", "duration": 21, "forward_strategy": -1, "search_scheme": "sinaweibo://svssearch?containerid=232080", "is_short_video": 0, "vote_is_show": 0, "belong_collection": 1, "titles_display_time": "3", "show_progress_bar": 1, "show_mute_button": true, "ext_info": {"video_orientation": "vertical"}, "next_title": "-牵手🧑‍🤝‍🧑\n眼中景，心中事，意中人\n\n#周也锦月如歌# 🌙#丞磊锦月如歌#", "kol_title": "231215 🥥🦋牵手", "play_completion_actions": [{"type": "1", "icon": "https://h5.sinaimg.cn/upload/100/1413/2021/12/22/feed_video_icon_replay.png", "text": "重播", "link": "", "btn_code": 1000, "show_position": 1, "actionlog": {"oid": "2304444979281265098778", "act_code": 1221, "act_type": 0, "source": "video"}}, {"type": 6, "icon": "https://tvax4.sinaimg.cn/crop.0.0.1080.1080.180/86c583acly8hl0fcyzdprj20u00u0whd.jpg?KID=imgbed,tva&amp;Expires=1704618436&amp;ssig=n9aotd6sYZ", "text": "", "display_mode": 2, "display_starttime": 5, "display_endtime": 99999, "countdown_time": 5, "show_position": 48, "scheme": "", "link": "", "btn_code": 1009, "actionlog": {"oid": "2304444979281265098778", "act_code": 91, "act_type": 0, "source": "video", "ext": "mid:4979281449190834|oid:1034:4979281265098778|muid:2261091244|authorid:2261091244"}, "ext": {"uid": "2261091244", "user_name": "绝命毒鸭", "followers_count": 792, "verified": true, "verified_type": 0, "verified_reason": "微博原创视频博主", "level": 3}, "display_type": 0}], "video_publish_time": 1702636641, "play_loop_type": 0, "video_title": "231215 🥥🦋牵手", "author_mid": "4979281449190834", "author_name": "绝命毒鸭", "is_playlist": 1, "get_playlist_id": 4302990384030788, "extra_info": {"sceneid": "profile_mb"}, "video_download_strategy": {"abandon_download": 0}, "jump_to": 6, "big_pic_info": {"pic_big": {"height": 1918, "url": "https://wx1.sinaimg.cn/orj1080/86c583acly1hkunnvvmjgj20u01ha18y.jpg", "width": 1080}, "pic_small": {"height": 319, "url": "https://wx1.sinaimg.cn/or180/86c583acly1hkunnvvmjgj20u01ha18y.jpg", "width": 180}, "pic_middle": {"height": 639, "url": "https://wx1.sinaimg.cn/or360/86c583acly1hkunnvvmjgj20u01ha18y.jpg", "width": 360}}, "online_users": "21万次观看", "online_users_number": 210468, "ttl": 3600, "storage_type": "oss"}, "page_pic": "https://wx1.sinaimg.cn/orj480/86c583acly1hkunnvvmjgj20u01ha18y.jpg", "page_title": "绝命毒鸭的微博视频", "page_url": "sinaweibo://infopage?containerid=2304444979281265098778&amp;containerid=2304444979281265098778&amp;url_type=39&amp;object_type=video&amp;pos=2", "pic_info": {"pic_big": {"height": "956", "url": "https://wx1.sinaimg.cn/orj480/86c583acly1hkunnvvmjgj20u01ha18y.jpg", "width": "540"}, "pic_small": {"height": "956", "url": "https://wx1.sinaimg.cn/orj480/86c583acly1hkunnvvmjgj20u01ha18y.jpg", "width": "540"}, "pic_middle": {"url": "https://wx1.sinaimg.cn/orj480/86c583acly1hkunnvvmjgj20u01ha18y.jpg", "height": "956", "width": "540"}}, "oid": "2261091244", "type_icon": "", "author_id": "2261091244", "authorid": "2261091244", "warn": "", "actionlog": {"act_type": 1, "act_code": 799, "lcardid": "", "fid": "1076036499137849_-_WEIBO_SECOND_PROFILE_WEIBO", "mid": "4979281449190834", "oid": "1034:4979281265098778", "uuid": 4979281326506112, "source": "video", "ext": "uid:7774910775|mid:4979354442667501|objectid:1034%3A4979281265098778|from:1|object_duration:21.362|miduid:6499137849|rootuid:2261091244|rootmid:4979281449190834|authorid:2261091244|video_orientation:vertical|third_vid:|is_album:1|is_contribution:0|video_tags:|isfan:0|ua:Mozilla/5.0 (Windows NT 10.0; Win64; x64) AppleWebKit/537.36 (KHTML, like Gecko) Chrome/120.0.0.0 Safari/537.36 WeiboPro/1.0.0|sceneid:profile_mb|uuid:4979281326506112|detail:native|contribution:0|short_video:0|st_video:1|author_mid:4979281449190834|cluster_type_status:|is_ad_weibo:0|container_mid:4979354442667501|t_id:4979360055361595|t_name:%E5%90%88%E9%9B%86+%C2%B7+%E9%94%A6%E6%9C%88%E5%A6%82%E6%AD%8C%E8%B7%AF%E9%80%8F%F0%9F%A5%A5%F0%9F%A6%8B|type:2|analysis_card:page_info"}}, {"type": 34, "page_id": "2304444979281265098778", "object_type": "video", "page_desc": "影视花絮 · 21万次观看", "oid": "2261091244", "page_title": "影视花絮 · 21万次观看", "page_pic": "https://wx1.sinaimg.cn/orj480/86c583acly1hkunnvvmjgj20u01ha18y.jpg", "type_icon": "", "page_url": "sinaweibo://video/vvs?sceneid=profile_mb&amp;object_id=1034:4979281265098778&amp;mid=4979281449190834&amp;log_ext=is_contribution%3A%7Cfirst_level_channel_id%3A%7Csecond_level_channel_id%3A&amp;url_type=39&amp;object_type=video&amp;pos=2", "object_id": "1034:4979281265098778", "author_id": "2261091244", "authorid": "2261091244", "is_broadcast": 1, "icon_url": "https://h5.sinaimg.cn/upload/1000/1327/2021/01/20/videofeed_album_icon.png", "withPlayCount": true, "ext": "is_contribution:|first_level_channel_id:|second_level_channel_id:", "actionlog": {"act_type": 1, "act_code": "3457", "oid": "1034:4979281265098778", "uuid": 4979281326506112, "cardid": "", "lcardid": "", "uicode": "", "luicode": "", "fid": "1076036499137849_-_WEIBO_SECOND_PROFILE_WEIBO", "lfid": "", "ext": "mid:4979281449190834|rid:17_0_50_162998028989252918_0_0_0|short_url:http://t.cn/A6lI0HB9|long_url:https://video.weibo.com/show?fid=1034:4979281265098778|comment_id:|miduid:6499137849|rootmid:4979281449190834|rootuid:2261091244|authorid:2261091244|uuid:4979281326506112|is_ad_weibo:0|is_contribution:|first_level_channel_id:|second_level_channel_id:|play_page:playlist|analysis_card:page_info"}}], "actionlog": {"act_type": 1, "act_code": 799, "lcardid": "", "fid": "1076036499137849_-_WEIBO_SECOND_PROFILE_WEIBO", "mid": "4979281449190834", "oid": "1034:4979281265098778", "uuid": 4979281326506112, "source": "video", "ext": "uid:7774910775|mid:4979354442667501|objectid:1034%3A4979281265098778|from:1|object_duration:21.362|miduid:6499137849|rootuid:2261091244|rootmid:4979281449190834|authorid:2261091244|video_orientation:vertical|third_vid:|is_album:1|is_contribution:0|video_tags:|isfan:0|ua:Mozilla/5.0 (Windows NT 10.0; Win64; x64) AppleWebKit/537.36 (KHTML, like Gecko) Chrome/120.0.0.0 Safari/537.36 WeiboPro/1.0.0|sceneid:profile_mb|uuid:4979281326506112|detail:native|contribution:0|short_video:0|st_video:1|author_mid:4979281449190834|cluster_type_status:|is_ad_weibo:0|container_mid:4979354442667501|t_id:4979360055361595|t_name:%E5%90%88%E9%9B%86+%C2%B7+%E9%94%A6%E6%9C%88%E5%A6%82%E6%AD%8C%E8%B7%AF%E9%80%8F%F0%9F%A5%A5%F0%9F%A6%8B|type:2|analysis_card:page_info"}, "short_url": "http://t.cn/A6lI0HB9"}}