{"visible": {"type": 0, "list_id": 0}, "created_at": "Sun Dec 17 14:04:24 +0800 2023", "id": 4979937411073557, "idstr": "4979937411073557", "mid": "4979937411073557", "mblogid": "Nxxxj4vhr", "user": {"id": 7793082537, "idstr": "7793082537", "pc_new": 7, "screen_name": "揣揣小手扭一扭", "profile_image_url": "https://tvax1.sinaimg.cn/crop.0.0.1080.1080.50/008voYLDly8h6q3ec4ppyj30u00u0n1k.jpg?KID=imgbed,tva&amp;Expires=1704618436&amp;ssig=L8x335TuTg", "profile_url": "/u/7793082537", "verified": false, "verified_type": -1, "domain": "", "weihao": "", "avatar_large": "https://tvax1.sinaimg.cn/crop.0.0.1080.1080.180/008voYLDly8h6q3ec4ppyj30u00u0n1k.jpg?KID=imgbed,tva&amp;Expires=1704618436&amp;ssig=nR20%2FTVTK3", "avatar_hd": "https://tvax1.sinaimg.cn/crop.0.0.1080.1080.1024/008voYLDly8h6q3ec4ppyj30u00u0n1k.jpg?KID=imgbed,tva&amp;Expires=1704618436&amp;ssig=me5lf4gPSq", "follow_me": false, "following": false, "mbrank": 5, "mbtype": 12, "v_plus": 0, "planet_video": false, "icon_list": [{"type": "vip", "data": {"mbrank": 5, "mbtype": 12, "svip": 0, "vvip": 0}}]}, "can_edit": false, "text_raw": "bg味儿\n#锦月如歌# ​​​", "textLength": 17, "annotations": [{"photo_sub_type": "0,0,0,0,0,0,0,0,0"}, {"super_exparams": "{\"system_pic_only\":0}"}, {"client_mblogid": "6f842610-d8ce-46f1-ad12-192e0b4b4c3f"}, {"source_text": "", "phone_id": "-1"}, {"mapi_request": true}], "source": "", "favorited": false, "buttons": [{"type": "follow", "name": "加关注", "pic": "http://u1.sinaimg.cn/upload/2013/06/14/timeline_card_small_button_icon_add.png", "params": {"uid": 7793082537}, "actionlog": {"act_code": 92, "uicode": "10000100", "oid": "4979937411073557", "cardid": "1076030002_7793082537"}}], "rid": "5_0_50_162998028989252918_0_0_0", "cardid": "star_1221", "pic_ids": ["008voYLDgy1hkwr0cjxeqg30f00k0x6v", "008voYLDgy1hkwqvi4zqhg30f00k01l2", "008voYLDgy1hkwqvrzq69g30f00k0qvb", "008voYLDgy1hkwqvvan29g30b40eu4qt", "008voYLDgy1hkwqw2562fg30k00f0hdz", "008voYLDgy1hkwqvygt3yg30b40eub2d", "008voYLDgy1hkwqw5u5i4g30f00k01l4", "008voYLDgy1hkwqwdrdvog30k00k0u16", "008voYLDgy1hkwqw8pqeng30b40euu11"], "pic_num": 9, "pic_infos": {"008voYLDgy1hkwr0cjxeqg30f00k0x6v": {"thumbnail": {"url": "https://wx2.sinaimg.cn/wap180/008voYLDgy1hkwr0cjxeqg30f00k0x6v.gif", "width": 135, "height": 180, "cut_type": 1, "type": ""}, "bmiddle": {"url": "https://wx2.sinaimg.cn/wap360/008voYLDgy1hkwr0cjxeqg30f00k0x6v.gif", "width": 270, "height": 360, "cut_type": 1, "type": ""}, "large": {"url": "https://wx2.sinaimg.cn/sti960/008voYLDgy1hkwr0cjxeqg30f00k0x6v.gif", "width": 540, "height": 720, "cut_type": 1, "type": ""}, "original": {"url": "https://wx2.sinaimg.cn/orj1080/008voYLDgy1hkwr0cjxeqg30f00k0x6v.gif", "width": 540, "height": 720, "cut_type": 1, "type": ""}, "largest": {"url": "https://wx2.sinaimg.cn/large/008voYLDgy1hkwr0cjxeqg30f00k0x6v.gif", "width": 540, "height": 720, "cut_type": 1, "type": ""}, "mw2000": {"url": "https://wx2.sinaimg.cn/mw2000/008voYLDgy1hkwr0cjxeqg30f00k0x6v.gif", "width": 540, "height": 720, "cut_type": 1, "type": ""}, "object_id": "1042018:b74c1d140e225ec856f038e253e6c70e", "pic_id": "008voYLDgy1hkwr0cjxeqg30f00k0x6v", "photo_tag": 0, "type": "gif", "video_object_id": "1022:2311284979937409433634", "video": "http://g.us.sinaimg.cn/o0/xqoYGn1nlx08b0RR2rm0010412000FNp0E010.mp4?label=gif_mp4&amp;template=540x720.28.0&amp;ssig=fBU%2F5%2FWaL%2F&amp;Expires=1704611236&amp;KID=unistore,video", "pic_status": 1}, "008voYLDgy1hkwqvi4zqhg30f00k01l2": {"thumbnail": {"url": "https://wx1.sinaimg.cn/wap180/008voYLDgy1hkwqvi4zqhg30f00k01l2.gif", "width": 135, "height": 180, "cut_type": 1, "type": ""}, "bmiddle": {"url": "https://wx1.sinaimg.cn/wap360/008voYLDgy1hkwqvi4zqhg30f00k01l2.gif", "width": 270, "height": 360, "cut_type": 1, "type": ""}, "large": {"url": "https://wx1.sinaimg.cn/sti960/008voYLDgy1hkwqvi4zqhg30f00k01l2.gif", "width": 540, "height": 720, "cut_type": 1, "type": ""}, "original": {"url": "https://wx1.sinaimg.cn/orj1080/008voYLDgy1hkwqvi4zqhg30f00k01l2.gif", "width": 540, "height": 720, "cut_type": 1, "type": ""}, "largest": {"url": "https://wx1.sinaimg.cn/large/008voYLDgy1hkwqvi4zqhg30f00k01l2.gif", "width": 540, "height": 720, "cut_type": 1, "type": ""}, "mw2000": {"url": "https://wx1.sinaimg.cn/mw2000/008voYLDgy1hkwqvi4zqhg30f00k01l2.gif", "width": 540, "height": 720, "cut_type": 1, "type": ""}, "object_id": "1042018:d1bf0691885d7e9d8769789f93897943", "pic_id": "008voYLDgy1hkwqvi4zqhg30f00k01l2", "photo_tag": 0, "type": "gif", "video_object_id": "1022:2311284979937409695809", "video": "http://g.us.sinaimg.cn/o0/CrHnSBmelx08b0RR2Py0010412000Cah0E010.mp4?label=gif_mp4&amp;template=540x720.28.0&amp;ssig=9IXjrGOMKu&amp;Expires=1704611236&amp;KID=unistore,video", "pic_status": 1}, "008voYLDgy1hkwqvrzq69g30f00k0qvb": {"thumbnail": {"url": "https://wx2.sinaimg.cn/wap180/008voYLDgy1hkwqvrzq69g30f00k0qvb.gif", "width": 135, "height": 180, "cut_type": 1, "type": ""}, "bmiddle": {"url": "https://wx2.sinaimg.cn/wap360/008voYLDgy1hkwqvrzq69g30f00k0qvb.gif", "width": 270, "height": 360, "cut_type": 1, "type": ""}, "large": {"url": "https://wx2.sinaimg.cn/sti960/008voYLDgy1hkwqvrzq69g30f00k0qvb.gif", "width": 540, "height": 720, "cut_type": 1, "type": ""}, "original": {"url": "https://wx2.sinaimg.cn/orj1080/008voYLDgy1hkwqvrzq69g30f00k0qvb.gif", "width": 540, "height": 720, "cut_type": 1, "type": ""}, "largest": {"url": "https://wx2.sinaimg.cn/large/008voYLDgy1hkwqvrzq69g30f00k0qvb.gif", "width": 540, "height": 720, "cut_type": 1, "type": ""}, "mw2000": {"url": "https://wx2.sinaimg.cn/mw2000/008voYLDgy1hkwqvrzq69g30f00k0qvb.gif", "width": 540, "height": 720, "cut_type": 1, "type": ""}, "object_id": "1042018:5db5c29833ffd503a9ce4931a9b61b7f", "pic_id": "008voYLDgy1hkwqvrzq69g30f00k0qvb", "photo_tag": 0, "type": "gif", "video_object_id": "1022:2311284979937413890070", "video": "http://g.us.sinaimg.cn/o0/CQrw7FySlx08b0RR3M52010412000INa0E010.mp4?label=gif_mp4&amp;template=540x720.28.0&amp;ssig=sKqrGJVo6A&amp;Expires=1704611236&amp;KID=unistore,video", "pic_status": 1}, "008voYLDgy1hkwqvvan29g30b40eu4qt": {"thumbnail": {"url": "https://wx2.sinaimg.cn/wap180/008voYLDgy1hkwqvvan29g30b40eu4qt.gif", "width": 134, "height": 180, "cut_type": 1, "type": ""}, "bmiddle": {"url": "https://wx2.sinaimg.cn/wap360/008voYLDgy1hkwqvvan29g30b40eu4qt.gif", "width": 269, "height": 360, "cut_type": 1, "type": ""}, "large": {"url": "https://wx2.sinaimg.cn/sti960/008voYLDgy1hkwqvvan29g30b40eu4qt.gif", "width": 400, "height": 534, "cut_type": 1, "type": ""}, "original": {"url": "https://wx2.sinaimg.cn/orj1080/008voYLDgy1hkwqvvan29g30b40eu4qt.gif", "width": 400, "height": 534, "cut_type": 1, "type": ""}, "largest": {"url": "https://wx2.sinaimg.cn/large/008voYLDgy1hkwqvvan29g30b40eu4qt.gif", "width": 400, "height": 534, "cut_type": 1, "type": ""}, "mw2000": {"url": "https://wx2.sinaimg.cn/mw2000/008voYLDgy1hkwqvvan29g30b40eu4qt.gif", "width": 400, "height": 534, "cut_type": 1, "type": ""}, "object_id": "1042018:03f59ce915905ca8d808dcb54f42ebf8", "pic_id": "008voYLDgy1hkwqvvan29g30b40eu4qt", "photo_tag": 0, "type": "gif", "video_object_id": "1022:2311284979937413890086", "video": "http://g.us.sinaimg.cn/o0/zKhtZT3Alx08b0RR0JAk010412000xmg0E010.mp4?label=gif_mp4&amp;template=400x534.28.0&amp;ssig=XI1lA0TEdr&amp;Expires=1704611236&amp;KID=unistore,video", "pic_status": 1}, "008voYLDgy1hkwqw2562fg30k00f0hdz": {"thumbnail": {"url": "https://wx1.sinaimg.cn/wap180/008voYLDgy1hkwqw2562fg30k00f0hdz.gif", "width": 180, "height": 134, "cut_type": 1, "type": ""}, "bmiddle": {"url": "https://wx1.sinaimg.cn/wap360/008voYLDgy1hkwqw2562fg30k00f0hdz.gif", "width": 360, "height": 269, "cut_type": 1, "type": ""}, "large": {"url": "https://wx1.sinaimg.cn/sti960/008voYLDgy1hkwqw2562fg30k00f0hdz.gif", "width": 720, "height": 540, "cut_type": 1, "type": ""}, "original": {"url": "https://wx1.sinaimg.cn/orj1080/008voYLDgy1hkwqw2562fg30k00f0hdz.gif", "width": 720, "height": 540, "cut_type": 1, "type": ""}, "largest": {"url": "https://wx1.sinaimg.cn/large/008voYLDgy1hkwqw2562fg30k00f0hdz.gif", "width": 720, "height": 540, "cut_type": 1, "type": ""}, "mw2000": {"url": "https://wx1.sinaimg.cn/mw2000/008voYLDgy1hkwqw2562fg30k00f0hdz.gif", "width": 720, "height": 540, "cut_type": 1, "type": ""}, "object_id": "1042018:10ffae98b22dd516184156b8e1da1049", "pic_id": "008voYLDgy1hkwqw2562fg30k00f0hdz", "photo_tag": 0, "type": "gif", "video_object_id": "1022:2311284979937413627941", "video": "http://g.us.sinaimg.cn/o0/xvFCEGVTlx08b0RR5YEM010412000ERJ0E010.mp4?label=gif_mp4&amp;template=720x540.28.0&amp;ssig=BVwcWGf80S&amp;Expires=1704611236&amp;KID=unistore,video", "pic_status": 1}, "008voYLDgy1hkwqvygt3yg30b40eub2d": {"thumbnail": {"url": "https://wx4.sinaimg.cn/wap180/008voYLDgy1hkwqvygt3yg30b40eub2d.gif", "width": 134, "height": 180, "cut_type": 1, "type": ""}, "bmiddle": {"url": "https://wx4.sinaimg.cn/wap360/008voYLDgy1hkwqvygt3yg30b40eub2d.gif", "width": 269, "height": 360, "cut_type": 1, "type": ""}, "large": {"url": "https://wx4.sinaimg.cn/sti960/008voYLDgy1hkwqvygt3yg30b40eub2d.gif", "width": 400, "height": 534, "cut_type": 1, "type": ""}, "original": {"url": "https://wx4.sinaimg.cn/orj1080/008voYLDgy1hkwqvygt3yg30b40eub2d.gif", "width": 400, "height": 534, "cut_type": 1, "type": ""}, "largest": {"url": "https://wx4.sinaimg.cn/large/008voYLDgy1hkwqvygt3yg30b40eub2d.gif", "width": 400, "height": 534, "cut_type": 1, "type": ""}, "mw2000": {"url": "https://wx4.sinaimg.cn/mw2000/008voYLDgy1hkwqvygt3yg30b40eub2d.gif", "width": 400, "height": 534, "cut_type": 1, "type": ""}, "object_id": "1042018:2f885175627c4a7edeaf4ea13bc57a04", "pic_id": "008voYLDgy1hkwqvygt3yg30b40eub2d", "photo_tag": 0, "type": "gif", "video_object_id": "1022:2311284979937413627942", "video": "http://g.us.sinaimg.cn/o0/2m8oYSs7lx08b0RR3nCU010412000Aph0E010.mp4?label=gif_mp4&amp;template=400x534.28.0&amp;ssig=IfQz5xL4qv&amp;Expires=1704611236&amp;KID=unistore,video", "pic_status": 1}, "008voYLDgy1hkwqw5u5i4g30f00k01l4": {"thumbnail": {"url": "https://wx3.sinaimg.cn/wap180/008voYLDgy1hkwqw5u5i4g30f00k01l4.gif", "width": 135, "height": 180, "cut_type": 1, "type": ""}, "bmiddle": {"url": "https://wx3.sinaimg.cn/wap360/008voYLDgy1hkwqw5u5i4g30f00k01l4.gif", "width": 270, "height": 360, "cut_type": 1, "type": ""}, "large": {"url": "https://wx3.sinaimg.cn/sti960/008voYLDgy1hkwqw5u5i4g30f00k01l4.gif", "width": 540, "height": 720, "cut_type": 1, "type": ""}, "original": {"url": "https://wx3.sinaimg.cn/orj1080/008voYLDgy1hkwqw5u5i4g30f00k01l4.gif", "width": 540, "height": 720, "cut_type": 1, "type": ""}, "largest": {"url": "https://wx3.sinaimg.cn/large/008voYLDgy1hkwqw5u5i4g30f00k01l4.gif", "width": 540, "height": 720, "cut_type": 1, "type": ""}, "mw2000": {"url": "https://wx3.sinaimg.cn/mw2000/008voYLDgy1hkwqw5u5i4g30f00k01l4.gif", "width": 540, "height": 720, "cut_type": 1, "type": ""}, "object_id": "1042018:06d8700ddc491166510f7aeb2ed6048e", "pic_id": "008voYLDgy1hkwqw5u5i4g30f00k01l4", "photo_tag": 0, "type": "gif", "video_object_id": "1022:2311284979937413890132", "video": "http://g.us.sinaimg.cn/o0/McPx6ZFHlx08b0RR87tS010412000O200E010.mp4?label=gif_mp4&amp;template=540x720.28.0&amp;ssig=LNilNYLtWu&amp;Expires=1704611236&amp;KID=unistore,video", "pic_status": 1}, "008voYLDgy1hkwqwdrdvog30k00k0u16": {"thumbnail": {"url": "https://wx4.sinaimg.cn/wap180/008voYLDgy1hkwqwdrdvog30k00k0u16.gif", "width": 180, "height": 180, "cut_type": 1, "type": ""}, "bmiddle": {"url": "https://wx4.sinaimg.cn/wap360/008voYLDgy1hkwqwdrdvog30k00k0u16.gif", "width": 360, "height": 360, "cut_type": 1, "type": ""}, "large": {"url": "https://wx4.sinaimg.cn/sti960/008voYLDgy1hkwqwdrdvog30k00k0u16.gif", "width": 720, "height": 720, "cut_type": 1, "type": ""}, "original": {"url": "https://wx4.sinaimg.cn/orj1080/008voYLDgy1hkwqwdrdvog30k00k0u16.gif", "width": 720, "height": 720, "cut_type": 1, "type": ""}, "largest": {"url": "https://wx4.sinaimg.cn/large/008voYLDgy1hkwqwdrdvog30k00k0u16.gif", "width": 720, "height": 720, "cut_type": 1, "type": ""}, "mw2000": {"url": "https://wx4.sinaimg.cn/mw2000/008voYLDgy1hkwqwdrdvog30k00k0u16.gif", "width": 720, "height": 720, "cut_type": 1, "type": ""}, "object_id": "1042018:28e287af85b101bd57d9964d08fe95f8", "pic_id": "008voYLDgy1hkwqwdrdvog30k00k0u16", "photo_tag": 0, "type": "gif", "video_object_id": "1022:2311284979937418084370", "video": "http://g.us.sinaimg.cn/o0/XladJzzmlx08b0RRknyw010412000ENy0E010.mp4?label=gif_mp4&amp;template=720x720.28.0&amp;ssig=4lKXNlJ0M8&amp;Expires=1704611236&amp;KID=unistore,video", "pic_status": 1}, "008voYLDgy1hkwqw8pqeng30b40euu11": {"thumbnail": {"url": "https://wx2.sinaimg.cn/wap180/008voYLDgy1hkwqw8pqeng30b40euu11.gif", "width": 134, "height": 180, "cut_type": 1, "type": ""}, "bmiddle": {"url": "https://wx2.sinaimg.cn/wap360/008voYLDgy1hkwqw8pqeng30b40euu11.gif", "width": 269, "height": 360, "cut_type": 1, "type": ""}, "large": {"url": "https://wx2.sinaimg.cn/sti960/008voYLDgy1hkwqw8pqeng30b40euu11.gif", "width": 400, "height": 534, "cut_type": 1, "type": ""}, "original": {"url": "https://wx2.sinaimg.cn/orj1080/008voYLDgy1hkwqw8pqeng30b40euu11.gif", "width": 400, "height": 534, "cut_type": 1, "type": ""}, "largest": {"url": "https://wx2.sinaimg.cn/large/008voYLDgy1hkwqw8pqeng30b40euu11.gif", "width": 400, "height": 534, "cut_type": 1, "type": ""}, "mw2000": {"url": "https://wx2.sinaimg.cn/mw2000/008voYLDgy1hkwqw8pqeng30b40euu11.gif", "width": 400, "height": 534, "cut_type": 1, "type": ""}, "object_id": "1042018:457c5e1d83c436e8c44ff4c854340239", "pic_id": "008voYLDgy1hkwqw8pqeng30b40euu11", "photo_tag": 0, "type": "gif", "video_object_id": "1022:2311284979937418084382", "video": "http://g.us.sinaimg.cn/o0/oDbdH9bnlx08b0RR7Z9K010412000ENG0E010.mp4?label=gif_mp4&amp;template=400x534.28.0&amp;ssig=x73Iycs6OT&amp;Expires=1704611236&amp;KID=unistore,video", "pic_status": 1}}, "is_paid": false, "pic_bg_new": "http://vip.storage.weibo.com/feed_cover/star_1221_mobile_new.png?version=2021091501", "mblog_vip_type": 0, "number_display_strategy": {"apply_scenario_flag": 3, "display_text_min_number": 1000000, "display_text": "100万+"}, "title_source": {"name": "锦月如歌超话", "url": "sinaweibo://pageinfo?pageid=100808c56ff56be3c846ce892264ec09d3d873&amp;extparam=锦月如歌", "image": "http://wx1.sinaimg.cn/thumbnail/006Kv18Dly8hkpl492qqzj30m80m8acw.jpg"}, "reposts_count": 285, "comments_count": 139, "attitudes_count": 2119, "attitudes_status": 0, "isLongText": false, "mlevel": 0, "content_auth": 0, "is_show_bulletin": 3, "comment_manage_info": {"comment_permission_type": -1, "approval_comment_type": 0, "comment_sort_type": 0}, "screen_name_suffix_new": [{"content": "揣揣小手扭一扭", "remark": "", "color": "FF333333", "dark_color": "FFD3D3D3", "type": 1, "truncation": {"mode": 1}}, {"content": "锦月如歌超话", "color": "FF507DAF", "dark_color": "FF7691b9", "type": 2, "scheme": "sinaweibo://pageinfo?pageid=100808c56ff56be3c846ce892264ec09d3d873&amp;extparam=锦月如歌&amp;extension=%7B%22mblog_object_ref%22%3A%22topic%22%7D", "icons": [{"url": "https://h5.sinaimg.cn/upload/1000/808/2020/02/17/andriod_chaohua_header.png", "scheme": "sinaweibo://pageinfo?pageid=100808c56ff56be3c846ce892264ec09d3d873&amp;extparam=锦月如歌", "cleaned": true}], "icons_location": 0, "truncation": {"mode": 1, "keep_end_size": 2}, "actionlog": {"act_code": 1404, "oid": "1022:100808c56ff56be3c846ce892264ec09d3d873", "uicode": "", "luicode": "", "fid": "1076036499137849_-_WEIBO_SECOND_PROFILE_WEIBO", "ext": "mid:4979937411073557|source_type:3|uid:7774910775|analysis_extra:follow:0|new_style:1"}, "cleaned": true}], "share_repost_type": 0, "topic_struct": [{"title": "", "topic_url": "sinaweibo://searchall?containerid=231522&amp;q=%23%E9%94%A6%E6%9C%88%E5%A6%82%E6%AD%8C%23&amp;extparam=%23%E9%94%A6%E6%9C%88%E5%A6%82%E6%AD%8C%23", "topic_title": "锦月如歌", "actionlog": {"act_type": 1, "act_code": 300, "oid": "1022:231522c56ff56be3c846ce892264ec09d3d873", "uuid": 4914302418157583, "cardid": "", "lcardid": "", "uicode": "", "luicode": "", "fid": "1076036499137849_-_WEIBO_SECOND_PROFILE_WEIBO", "lfid": "", "ext": "mid:4979937411073557|rid:5_0_50_162998028989252918_0_0_0|short_url:|long_url:|comment_id:|miduid:7793082537|rootmid:4979937411073557|rootuid:7793082537|authorid:|uuid:4914302418157583|is_ad_weibo:0"}}], "url_struct": [{"url_title": "锦月如歌超话", "url_type_pic": "https://h5.sinaimg.cn/upload/100/959/2020/05/09/timeline_card_small_super.png", "ori_url": "sinaweibo://pageinfo?containerid=100808c56ff56be3c846ce892264ec09d3d873&amp;extparam=锦月如歌&amp;extension=%7B%22mblog_object_ref%22%3A%22content%22%7D", "page_id": "100808c56ff56be3c846ce892264ec09d3d873", "short_url": "#锦月如歌[超话]#", "long_url": "", "url_type": "", "result": false, "actionlog": {"act_type": 1, "act_code": 300, "oid": "1022:100808c56ff56be3c846ce892264ec09d3d873", "uuid": 4914302816616687, "cardid": "", "lcardid": "", "uicode": "", "luicode": "", "fid": "1076036499137849_-_WEIBO_SECOND_PROFILE_WEIBO", "lfid": "", "ext": "mid:4979937411073557|rid:5_0_50_162998028989252918_0_0_0|short_url:|long_url:|comment_id:|miduid:7793082537|rootmid:4979937411073557|rootuid:7793082537|authorid:|uuid:4914302816616687|is_ad_weibo:0|analysis_card:url_struct"}, "storage_type": "", "hide": 0, "object_type": "", "h5_target_url": "https://huati.weibo.com/k/%E9%94%A6%E6%9C%88%E5%A6%82%E6%AD%8C?from=1FFFF96039&amp;weiboauthoruid=7793082537", "need_save_obj": 0}], "title": {"text": "她2023-12-17赞过的微博", "structs": [{"name": "她2023-12-17赞过的微博", "scheme": "sinaweibo://cardlist?containerid=2308696499137849_-_mix", "cleaned": true}]}, "mblogtype": 0, "showFeedRepost": false, "showFeedComment": false, "pictureViewerSign": false, "showPictureViewer": false, "rcList": [], "text": "bg味儿&lt;br /&gt;&lt;a href=\"//s.weibo.com/weibo?q=%23%E9%94%A6%E6%9C%88%E5%A6%82%E6%AD%8C%23\" target=\"_blank\"&gt;#锦月如歌#&lt;/a&gt; ​​​", "region_name": "发布于 浙江", "customIcons": [], "followBtnCode": {"uid": 7793082537}}