{"visible": {"type": 0, "list_id": 0}, "created_at": "Fri Dec 15 18:18:30 +0800 2023", "id": 4979276579607006, "idstr": "4979276579607006", "mid": "4979276579607006", "mblogid": "NxglrEjdI", "user": {"id": 6499137849, "idstr": "6499137849", "pc_new": 7, "screen_name": "冻梨好吃", "profile_image_url": "https://tvax3.sinaimg.cn/crop.0.0.962.962.50/0075PIE1ly8hkxs7vsob4j30qq0qq76e.jpg?KID=imgbed,tva&amp;Expires=1704618436&amp;ssig=WWUtWicPln", "profile_url": "/u/6499137849", "verified": false, "verified_type": -1, "domain": "", "weihao": "", "avatar_large": "https://tvax3.sinaimg.cn/crop.0.0.962.962.180/0075PIE1ly8hkxs7vsob4j30qq0qq76e.jpg?KID=imgbed,tva&amp;Expires=1704618436&amp;ssig=lpeErga5WN", "avatar_hd": "https://tvax3.sinaimg.cn/crop.0.0.962.962.1024/0075PIE1ly8hkxs7vsob4j30qq0qq76e.jpg?KID=imgbed,tva&amp;Expires=1704618436&amp;ssig=Qs%2FrBZ1opZ", "follow_me": false, "following": false, "mbrank": 0, "mbtype": 0, "v_plus": 0, "planet_video": false, "icon_list": []}, "can_edit": false, "text_raw": "[汪洋海蓝比心][汪洋海蓝比心]开饭//@小熊在口袋里:周五了吃点好的[抱一抱] http://t.cn/A6lIp4xX", "annotations": [{"client_mblogid": "6e8f9be6-f341-47e8-94c3-98ddbbfaa869"}, {"mapi_request": true}], "source": "Android", "favorited": false, "rid": "20_0_50_162998028989252918_0_0_0", "pic_ids": [], "pic_num": 0, "is_paid": false, "mblog_vip_type": 0, "number_display_strategy": {"apply_scenario_flag": 3, "display_text_min_number": 1000000, "display_text": "100万+"}, "reposts_count": 0, "comments_count": 0, "attitudes_count": 1, "attitudes_status": 0, "isLongText": false, "mlevel": 0, "content_auth": 0, "is_show_bulletin": 2, "comment_manage_info": {"comment_permission_type": -1, "approval_comment_type": 0, "comment_sort_type": 0}, "repost_type": 1, "share_repost_type": 0, "url_struct": [{"url_title": "羽丘没米的微博视频", "url_type_pic": "https://h5.sinaimg.cn/upload/2015/09/25/3/timeline_card_small_video.png", "ori_url": "sinaweibo://video/vvs?mid=4979268885152224&amp;object_id=1034:4979267407118376&amp;url_type=39&amp;object_type=video&amp;pos=1", "page_id": "2304444979267407118376", "short_url": "http://t.cn/A6lICgbi", "long_url": "https://video.weibo.com/show?fid=1034:4979267407118376", "url_type": 39, "result": false, "actionlog": {"act_type": 1, "act_code": 300, "oid": "1034:4979267407118376", "uuid": 4979267472720007, "cardid": "", "lcardid": "", "uicode": "", "luicode": "", "fid": "1076036499137849_-_WEIBO_SECOND_PROFILE_WEIBO", "lfid": "", "ext": "mid:4979268885152224|rid:20_0_50_162998028989252918_0_0_0|short_url:http://t.cn/A6lICgbi|long_url:https://video.weibo.com/show?fid=1034:4979267407118376|comment_id:|miduid:6499137849|rootmid:4979268885152224|rootuid:2912367835|authorid:2912367835|uuid:4979267472720007|is_ad_weibo:0|analysis_card:url_struct"}, "storage_type": "oss", "hide": 0, "object_type": "", "ttl": 3600, "h5_target_url": "https://video.weibo.com/show?fid=1034:4979267407118376&amp;from=1FFFF96039&amp;weiboauthoruid=2912367835", "need_save_obj": 0}, {"url_title": "查看图片", "url_type_pic": "https://h5.sinaimg.cn/upload/2015/01/21/20/timeline_card_small_photo.png", "ori_url": "https://photo.weibo.com/h5/repost/reppic_id/1022:230796b59d7ccce7c4cf67448ca1b91f94049c", "short_url": "http://t.cn/A6lIp4xX", "long_url": "https://photo.weibo.com/h5/repost/reppic_id/1022:230796b59d7ccce7c4cf67448ca1b91f94049c", "url_type": 39, "result": false, "actionlog": {"act_type": 1, "act_code": 300, "oid": "1022:230796b59d7ccce7c4cf67448ca1b91f94049c", "uuid": 4979274611163199, "cardid": "", "lcardid": "", "uicode": "", "luicode": "", "fid": "1076036499137849_-_WEIBO_SECOND_PROFILE_WEIBO", "lfid": "", "ext": "mid:4979276579607006|rid:20_0_50_162998028989252918_0_0_0|short_url:http://t.cn/A6lIp4xX|long_url:https://photo.weibo.com/h5/repost/reppic_id/1022:230796b59d7ccce7c4cf67448ca1b91f94049c|comment_id:|miduid:6499137849|rootmid:4979276579607006|rootuid:6499137849|authorid:|uuid:4979274611163199|is_ad_weibo:0|analysis_card:url_struct"}, "storage_type": "", "hide": 0, "object_type": "", "position": 2, "pic_infos": {"006ewdKnly1hkumvf7fa4j30u00u0n0a": {"thumbnail": {"type": "", "url": "http://wx3.sinaimg.cn/thumbnail/006ewdKnly1hkumvf7fa4j30u00u0n0a.jpg", "cut_type": 1, "width": 120, "height": 120, "croped": false}, "bmiddle": {"type": "", "url": "http://wx3.sinaimg.cn/bmiddle/006ewdKnly1hkumvf7fa4j30u00u0n0a.jpg", "cut_type": 1, "width": 440, "height": 440, "croped": false}, "large": {"type": "", "url": "http://wx3.sinaimg.cn/large/006ewdKnly1hkumvf7fa4j30u00u0n0a.jpg", "cut_type": 1, "width": "1080", "height": "1080", "croped": false}, "woriginal": {"type": "", "url": "http://wx3.sinaimg.cn/woriginal/006ewdKnly1hkumvf7fa4j30u00u0n0a.jpg", "cut_type": 1, "width": "1080", "height": "1080", "croped": false}}}, "pic_ids": ["006ewdKnly1hkumvf7fa4j30u00u0n0a"], "h5_target_url": "https://photo.weibo.com/h5/repost/reppic_id/1022:230796b59d7ccce7c4cf67448ca1b91f94049c?from=1FFFF96039&amp;weiboauthoruid=6499137849", "need_save_obj": 1}], "mblogtype": 0, "showFeedRepost": false, "showFeedComment": false, "pictureViewerSign": false, "showPictureViewer": false, "rcList": [], "text": "&lt;img alt=\"[汪洋海蓝比心]\" title=\"[汪洋海蓝比心]\" src=\"https://face.t.sinajs.cn/t4/appstyle/expression/ext/normal/93/2023_BlueSeaHeart_org.png\" /&gt;&lt;img alt=\"[汪洋海蓝比心]\" title=\"[汪洋海蓝比心]\" src=\"https://face.t.sinajs.cn/t4/appstyle/expression/ext/normal/93/2023_BlueSeaHeart_org.png\" /&gt;开饭//&lt;a href=/n/小熊在口袋里 usercard=\"name=@小熊在口袋里\"&gt;@小熊在口袋里&lt;/a&gt;:周五了吃点好的&lt;img alt=\"[抱一抱]\" title=\"[抱一抱]\" src=\"https://face.t.sinajs.cn/t4/appstyle/expression/ext/normal/af/2020_hug_org.png\" /&gt; &lt;a target=\"_blank\" data-pid=006ewdKnly1hkumvf7fa4j30u00u0n0a  href=\"https://wx3.sinaimg.cn/large/006ewdKnly1hkumvf7fa4j30u00u0n0a.jpg\"&gt;&lt;img class=\"icon-link\" src=\"https://h5.sinaimg.cn/upload/2015/01/21/20/timeline_card_small_photo_default.png\"/&gt;查看图片&lt;/a&gt;", "region_name": "发布于 辽宁", "customIcons": [], "retweeted_status": {"visible": {"type": 0, "list_id": 0}, "created_at": "Fri Dec 15 17:47:55 +0800 2023", "id": 4979268885152224, "idstr": "4979268885152224", "mid": "4979268885152224", "mblogid": "Nxg92lCko", "user": {"id": 2912367835, "idstr": "2912367835", "pc_new": 0, "screen_name": "羽丘没米", "profile_image_url": "https://tvax2.sinaimg.cn/crop.0.0.1080.1080.50/ad9734dbgy1hlb96nudavj20u00u0jt2.jpg?KID=imgbed,tva&amp;Expires=1704618436&amp;ssig=EVicrCG0Tp", "profile_url": "/u/2912367835", "verified": false, "verified_type": -1, "domain": "", "weihao": "", "avatar_large": "https://tvax2.sinaimg.cn/crop.0.0.1080.1080.180/ad9734dbgy1hlb96nudavj20u00u0jt2.jpg?KID=imgbed,tva&amp;Expires=1704618436&amp;ssig=166SiW3Eu5", "avatar_hd": "https://tvax2.sinaimg.cn/crop.0.0.1080.1080.1024/ad9734dbgy1hlb96nudavj20u00u0jt2.jpg?KID=imgbed,tva&amp;Expires=1704618436&amp;ssig=oJ%2FignOKel", "follow_me": false, "following": false, "mbrank": 1, "mbtype": 12, "v_plus": 0, "planet_video": false, "icon_list": [{"type": "vip", "data": {"mbrank": 1, "mbtype": 12, "svip": 1, "vvip": 1}}]}, "can_edit": false, "edit_count": 1, "text_raw": "寡了好几天赶紧吃点🤲🏼 \n\nhttp://t.cn/A6lICgbi ​​​", "textLength": 49, "annotations": [[], {"client_mblogid": "iPhone-F777DE99-2211-4AE3-AAEA-7ED95F7803AC"}, {"source_text": "", "phone_id": "-1"}, {"mapi_request": true}], "source": "&lt;a target=\"_blank\" href=\"https://t.sina.com.cn\" rel=\"nofollow\"&gt;微博视频号&lt;/a&gt;", "favorited": false, "buttons": [{"type": "follow", "name": "加关注", "params": {"uid": 2912367835, "disable_group": 1, "extparams": {"followcardid": "1008080010_"}}, "actionlog": {"act_code": "92", "oid": "4979268885152224"}}], "rid": "20_0_50_162998028989252918_0_0_0", "pic_ids": [], "geo": "", "pic_num": 0, "is_paid": false, "mblog_vip_type": 0, "number_display_strategy": {"apply_scenario_flag": 3, "display_text_min_number": 1000000, "display_text": "100万+"}, "reposts_count": 89, "comments_count": 24, "attitudes_count": 273, "attitudes_status": 0, "isLongText": false, "mlevel": 0, "content_auth": 0, "is_show_bulletin": 2, "comment_manage_info": {"comment_permission_type": -1, "approval_comment_type": 0, "comment_sort_type": 0, "ai_play_picture_type": 0}, "mblogtype": 0, "showFeedRepost": false, "showFeedComment": false, "pictureViewerSign": false, "showPictureViewer": false, "rcList": [], "text": "寡了好几天赶紧吃点🤲🏼 &lt;br /&gt;&lt;br /&gt;&lt;a target=\"_blank\" href=\"https://video.weibo.com/show?fid=1034:4979267407118376\"&gt;&lt;img class=\"icon-link\" src=\"https://h5.sinaimg.cn/upload/2015/09/25/3/timeline_card_small_video_default.png\"/&gt;羽丘没米的微博视频&lt;/a&gt; ​​​", "region_name": "发布于 中国香港", "customIcons": []}, "page_info": {"type": "11", "page_id": "2304444979267407118376", "object_type": "video", "object_id": "1034:4979267407118376", "content1": "羽丘没米的微博视频", "content2": "寡了好几天赶紧吃点🤲🏼", "act_status": 1, "media_info": {"name": "羽丘没米的微博视频", "stream_url": "http://f.video.weibocdn.com/o0/CDxpaZEalx08aXV48xe0010412009Tqf0E010.mp4?label=mp4_720p&amp;template=720x1280.24.0&amp;ori=0&amp;ps=1CwnkDw1GXwCQx&amp;Expires=1704611236&amp;ssig=RSGuJ9F9dM&amp;KID=unistore,video", "stream_url_hd": "http://f.video.weibocdn.com/o0/CDxpaZEalx08aXV48xe0010412009Tqf0E010.mp4?label=mp4_720p&amp;template=720x1280.24.0&amp;ori=0&amp;ps=1CwnkDw1GXwCQx&amp;Expires=1704611236&amp;ssig=RSGuJ9F9dM&amp;KID=unistore,video", "format": "mp4", "h5_url": "https://video.weibo.com/show?fid=1034:4979267407118376", "mp4_sd_url": "http://f.video.weibocdn.com/o0/CDxpaZEalx08aXV48xe0010412009Tqf0E010.mp4?label=mp4_720p&amp;template=720x1280.24.0&amp;ori=0&amp;ps=1CwnkDw1GXwCQx&amp;Expires=1704611236&amp;ssig=RSGuJ9F9dM&amp;KID=unistore,video", "mp4_hd_url": "http://f.video.weibocdn.com/o0/CDxpaZEalx08aXV48xe0010412009Tqf0E010.mp4?label=mp4_720p&amp;template=720x1280.24.0&amp;ori=0&amp;ps=1CwnkDw1GXwCQx&amp;Expires=1704611236&amp;ssig=RSGuJ9F9dM&amp;KID=unistore,video", "h265_mp4_hd": "http://f.video.weibocdn.com/o0/CDxpaZEalx08aXV48xe0010412009Tqf0E010.mp4?label=mp4_720p&amp;template=720x1280.24.0&amp;ori=0&amp;ps=1CwnkDw1GXwCQx&amp;Expires=1704611236&amp;ssig=RSGuJ9F9dM&amp;KID=unistore,video", "h265_mp4_ld": "http://f.video.weibocdn.com/o0/CDxpaZEalx08aXV48xe0010412009Tqf0E010.mp4?label=mp4_720p&amp;template=720x1280.24.0&amp;ori=0&amp;ps=1CwnkDw1GXwCQx&amp;Expires=1704611236&amp;ssig=RSGuJ9F9dM&amp;KID=unistore,video", "inch_4_mp4_hd": "http://f.video.weibocdn.com/o0/CDxpaZEalx08aXV48xe0010412009Tqf0E010.mp4?label=mp4_720p&amp;template=720x1280.24.0&amp;ori=0&amp;ps=1CwnkDw1GXwCQx&amp;Expires=1704611236&amp;ssig=RSGuJ9F9dM&amp;KID=unistore,video", "inch_5_mp4_hd": "http://f.video.weibocdn.com/o0/CDxpaZEalx08aXV48xe0010412009Tqf0E010.mp4?label=mp4_720p&amp;template=720x1280.24.0&amp;ori=0&amp;ps=1CwnkDw1GXwCQx&amp;Expires=1704611236&amp;ssig=RSGuJ9F9dM&amp;KID=unistore,video", "inch_5_5_mp4_hd": "http://f.video.weibocdn.com/o0/CDxpaZEalx08aXV48xe0010412009Tqf0E010.mp4?label=mp4_720p&amp;template=720x1280.24.0&amp;ori=0&amp;ps=1CwnkDw1GXwCQx&amp;Expires=1704611236&amp;ssig=RSGuJ9F9dM&amp;KID=unistore,video", "mp4_720p_mp4": "http://f.video.weibocdn.com/o0/CDxpaZEalx08aXV48xe0010412009Tqf0E010.mp4?label=mp4_720p&amp;template=720x1280.24.0&amp;ori=0&amp;ps=1CwnkDw1GXwCQx&amp;Expires=1704611236&amp;ssig=RSGuJ9F9dM&amp;KID=unistore,video", "hevc_mp4_720p": "", "prefetch_type": 1, "prefetch_size": 262144, "act_status": 1, "protocol": "general,dash", "media_id": "4979267407118376", "origin_total_bitrate": 12728137, "video_orientation": "vertical", "duration": 23, "forward_strategy": -1, "search_scheme": "sinaweibo://svssearch?containerid=232080", "is_short_video": 0, "vote_is_show": 0, "belong_collection": 0, "titles_display_time": "3", "show_progress_bar": 1, "show_mute_button": true, "ext_info": {"video_orientation": "vertical"}, "next_title": "寡了好几天赶紧吃点🤲🏼", "kol_title": "寡了好几天赶紧吃点🤲🏼", "play_completion_actions": [{"type": "1", "icon": "https://h5.sinaimg.cn/upload/100/1413/2021/12/22/feed_video_icon_replay.png", "text": "重播", "link": "", "btn_code": 1000, "show_position": 1, "actionlog": {"oid": "2304444979267407118376", "act_code": 1221, "act_type": 0, "source": "video"}}, {"type": 6, "icon": "https://tvax2.sinaimg.cn/crop.0.0.1080.1080.180/ad9734dbgy1hlb96nudavj20u00u0jt2.jpg?KID=imgbed,tva&amp;Expires=1704618436&amp;ssig=166SiW3Eu5", "text": "", "display_mode": 2, "display_starttime": 5, "display_endtime": 99999, "countdown_time": 5, "show_position": 48, "scheme": "", "link": "", "btn_code": 1009, "actionlog": {"oid": "2304444979267407118376", "act_code": 91, "act_type": 0, "source": "video", "ext": "mid:4979268885152224|oid:1034:4979267407118376|muid:2912367835|authorid:2912367835"}, "ext": {"uid": "2912367835", "user_name": "羽丘没米", "followers_count": 783, "verified_type": -1, "level": 3}, "display_type": 0}], "video_publish_time": 1702633338, "play_loop_type": 0, "author_mid": "4979268885152224", "author_name": "羽丘没米", "extra_info": {"sceneid": "profile_mb"}, "video_download_strategy": {"abandon_download": 0}, "jump_to": 6, "big_pic_info": {"pic_big": {"height": 1920, "url": "https://wx4.sinaimg.cn/orj1080/ad9734dbgy1hkum2lfwa2j20u01hc7g5.jpg", "width": 1080}, "pic_small": {"height": 320, "url": "https://wx4.sinaimg.cn/or180/ad9734dbgy1hkum2lfwa2j20u01hc7g5.jpg", "width": 180}, "pic_middle": {"height": 640, "url": "https://wx4.sinaimg.cn/or360/ad9734dbgy1hkum2lfwa2j20u01hc7g5.jpg", "width": 360}}, "online_users": "2.3万次观看", "online_users_number": 23291, "ttl": 3600, "storage_type": "oss", "is_keep_current_mblog": 0, "author_info": {"id": 2912367835, "idstr": "2912367835", "pc_new": 0, "screen_name": "羽丘没米", "profile_image_url": "https://tvax2.sinaimg.cn/crop.0.0.1080.1080.50/ad9734dbgy1hlb96nudavj20u00u0jt2.jpg?KID=imgbed,tva&amp;Expires=1704618437&amp;ssig=2sEsgqrTN5", "profile_url": "/u/2912367835", "verified": false, "verified_type": -1, "domain": "", "weihao": "", "avatar_large": "https://tvax2.sinaimg.cn/crop.0.0.1080.1080.180/ad9734dbgy1hlb96nudavj20u00u0jt2.jpg?KID=imgbed,tva&amp;Expires=1704618437&amp;ssig=jK6SIP%2B7cV", "avatar_hd": "https://tvax2.sinaimg.cn/crop.0.0.1080.1080.1024/ad9734dbgy1hlb96nudavj20u00u0jt2.jpg?KID=imgbed,tva&amp;Expires=1704618437&amp;ssig=mEYltJVLLo", "follow_me": false, "following": false, "mbrank": 1, "mbtype": 12, "v_plus": 0, "planet_video": false, "description": "食道楽 镇魂 不混圈 请勿关注", "location": "海外 奥地利", "gender": "f", "followers_count": 783, "followers_count_str": "783", "friends_count": 91, "statuses_count": 887, "url": "", "svip": 1, "vvip": 1, "cover_image_phone": "https://wx2.sinaimg.cn/crop.0.0.640.640.640/ad9734dbgy1hlak9hc0a1j20wi0wi41b.jpg"}, "playback_list": [{"meta": {"label": "mp4_1080p", "quality_index": 1080, "quality_desc": "高清", "quality_label": "1080p", "quality_class": "HD", "type": 1, "quality_group": 1080, "is_hidden": false}, "play_info": {"type": 1, "mime": "video/mp4", "protocol": "general", "label": "mp4_1080p", "url": "https://f.video.weibocdn.com/o0/eUkPZ1sKlx08aXV4Sdg401041200jGYi0E010.mp4?label=mp4_1080p&amp;template=1080x1920.24.0&amp;media_id=4979267407118376&amp;tp=8x8A3El:YTkl0eM8&amp;us=0&amp;ori=1&amp;bf=4&amp;ot=v&amp;lp=00003MndIw&amp;ps=mZ6WB&amp;uid=8uaJsH&amp;ab=,8012-g2,3601-g19,3601-g36,8013-g0,3601-g19&amp;Expires=1704611237&amp;ssig=WCJDAZQw%2BV&amp;KID=unistore,video", "bitrate": 1593149, "prefetch_range": "0-902749", "video_codecs": "avc1.640032", "fps": 25, "width": 1080, "height": 1920, "size": 4693418, "duration": 23.568, "sar": "0.0", "audio_codecs": "mp4a.40.5", "audio_sample_rate": 44100, "quality_label": "1080p", "quality_class": "HD", "quality_desc": "高清", "audio_channels": 2, "audio_sample_fmt": "fltp", "audio_bits_per_sample": 0, "watermark": "none", "extension": {"transcode_info": {"pcdn_rule_id": 0, "pcdn_jank": 0, "origin_video_dr": "SDR", "ab_strategies": ",8012-g2,3601-g19,3601-g36,8013-g0,3601-g19"}}, "video_decoder": "hard", "prefetch_enabled": true, "tcp_receive_buffer": 262144, "dolby_atmos": false, "color_transfer": "bt709", "first_pkt_end_pos": 61109}}, {"meta": {"label": "mp4_720p", "quality_index": 720, "quality_desc": "高清", "quality_label": "720p", "quality_class": "HD", "type": 1, "quality_group": 720, "is_hidden": false}, "play_info": {"type": 1, "mime": "video/mp4", "protocol": "general", "label": "mp4_720p", "url": "https://f.video.weibocdn.com/o0/CDxpaZEalx08aXV48xe0010412009Tqf0E010.mp4?label=mp4_720p&amp;template=720x1280.24.0&amp;media_id=4979267407118376&amp;tp=8x8A3El:YTkl0eM8&amp;us=0&amp;ori=1&amp;bf=4&amp;ot=v&amp;lp=00003MndIw&amp;ps=mZ6WB&amp;uid=8uaJsH&amp;ab=,8012-g2,3601-g19,3601-g36,8013-g0,3601-g19&amp;Expires=1704611237&amp;ssig=3Y8QVSdQcG&amp;KID=unistore,video", "bitrate": 800406, "prefetch_range": "0-488847", "video_codecs": "avc1.64001f", "fps": 25, "width": 720, "height": 1280, "size": 2357999, "duration": 23.568, "sar": "0.0", "audio_codecs": "mp4a.40.5", "audio_sample_rate": 44100, "quality_label": "720p", "quality_class": "HD", "quality_desc": "高清", "audio_channels": 2, "audio_sample_fmt": "fltp", "audio_bits_per_sample": 0, "watermark": "none", "extension": {"transcode_info": {"pcdn_rule_id": 0, "pcdn_jank": 0, "origin_video_dr": "SDR", "ab_strategies": ",8012-g2,3601-g19,3601-g36,8013-g0,3601-g19"}}, "video_decoder": "hard", "prefetch_enabled": true, "tcp_receive_buffer": 262144, "dolby_atmos": false, "color_transfer": "bt709", "first_pkt_end_pos": 44485}}, {"meta": {"label": "mp4_hd", "quality_index": 480, "quality_desc": "标清", "quality_label": "480p", "quality_class": "SD", "type": 1, "quality_group": 480, "is_hidden": false}, "play_info": {"type": 1, "mime": "video/mp4", "protocol": "general", "label": "mp4_hd", "url": "https://f.video.weibocdn.com/o0/bk7c4Xw5lx08aXV430Z2010412005Upk0E010.mp4?label=mp4_hd&amp;template=540x960.24.0&amp;media_id=4979267407118376&amp;tp=8x8A3El:YTkl0eM8&amp;us=0&amp;ori=1&amp;bf=4&amp;ot=v&amp;lp=00003MndIw&amp;ps=mZ6WB&amp;uid=8uaJsH&amp;ab=,8012-g2,3601-g19,3601-g36,8013-g0,3601-g19&amp;Expires=1704611237&amp;ssig=kHXk4xz%2FeW&amp;KID=unistore,video", "bitrate": 478096, "prefetch_range": "0-314737", "video_codecs": "avc1.64001f", "fps": 25, "width": 540, "height": 960, "size": 1408474, "duration": 23.568, "sar": "0.0", "audio_codecs": "mp4a.40.5", "audio_sample_rate": 44100, "quality_label": "480p", "quality_class": "SD", "quality_desc": "标清", "audio_channels": 2, "audio_sample_fmt": "fltp", "audio_bits_per_sample": 0, "watermark": "none", "extension": {"transcode_info": {"pcdn_rule_id": 0, "pcdn_jank": 0, "origin_video_dr": "SDR", "ab_strategies": ",8012-g2,3601-g19,3601-g36,8013-g0,3601-g19"}}, "video_decoder": "hard", "prefetch_enabled": true, "tcp_receive_buffer": 262144, "dolby_atmos": false, "color_transfer": "bt709", "first_pkt_end_pos": 31188}}, {"meta": {"label": "scrubber_hd", "quality_index": 480, "quality_desc": "标清", "quality_label": "480p", "quality_class": "SD", "type": 3, "quality_group": 480, "is_hidden": false}, "play_info": {"type": 3, "mime": "image/jpeg", "protocol": "general", "label": "scrubber_hd", "url": "https://wx1.sinaimg.cn/large/ad9734dbly1hkum32ys8jj20f07eo43m.jpg?media_id=4979267407118376&amp;tp=8x8A3El:YTkl0eM8&amp;us=0&amp;ori=1&amp;bf=4&amp;ot=v&amp;lp=00003MndIw&amp;ps=mZ6WB&amp;uid=8uaJsH&amp;ab=,8012-g2,3601-g19,3601-g36,8013-g0,3601-g19&amp;Expires=1704611237&amp;ssig=x9U4dFt3c3&amp;KID=unistore,video", "prefetch_range": "0-512000", "width": 180, "height": 320, "quality_label": "480p", "quality_class": "SD", "quality_desc": "标清", "extension": {"transcode_info": {"pcdn_rule_id": 0, "pcdn_jank": 0, "origin_video_dr": "SDR", "ab_strategies": ",8012-g2,3601-g19,3601-g36,8013-g0,3601-g19"}}, "video_decoder": "hard", "prefetch_enabled": true, "tcp_receive_buffer": 262144, "col": 3, "row": 30, "interval": 1, "offset": 0.5, "urls": ["http://wx4.sinaimg.cn/large/ad9734dbly1hkum32ys8jj20f07eo43m.jpg"]}}, {"meta": {"label": "mp4_ld", "quality_index": 360, "quality_desc": "流畅", "quality_label": "360p", "quality_class": "SD", "type": 1, "quality_group": 360, "is_hidden": false}, "play_info": {"type": 1, "mime": "video/mp4", "protocol": "general", "label": "mp4_ld", "url": "https://f.video.weibocdn.com/o0/ZZm2PyzTlx08aXV3OTVm010412003cV20E010.mp4?label=mp4_ld&amp;template=360x640.24.0&amp;media_id=4979267407118376&amp;tp=8x8A3El:YTkl0eM8&amp;us=0&amp;ori=1&amp;bf=4&amp;ot=v&amp;lp=00003MndIw&amp;ps=mZ6WB&amp;uid=8uaJsH&amp;ab=,8012-g2,3601-g19,3601-g36,8013-g0,3601-g19&amp;Expires=1704611237&amp;ssig=d1jwXAmdrz&amp;KID=unistore,video", "bitrate": 259554, "prefetch_range": "0-182195", "video_codecs": "avc1.64001e", "fps": 25, "width": 360, "height": 640, "size": 764648, "duration": 23.568, "sar": "0.0", "audio_codecs": "mp4a.40.5", "audio_sample_rate": 44100, "quality_label": "360p", "quality_class": "SD", "quality_desc": "流畅", "audio_channels": 2, "audio_sample_fmt": "fltp", "audio_bits_per_sample": 0, "watermark": "none", "extension": {"transcode_info": {"pcdn_rule_id": 0, "pcdn_jank": 0, "origin_video_dr": "SDR", "ab_strategies": ",8012-g2,3601-g19,3601-g36,8013-g0,3601-g19"}}, "video_decoder": "hard", "prefetch_enabled": true, "tcp_receive_buffer": 262144, "dolby_atmos": false, "color_transfer": "bt709", "first_pkt_end_pos": 25158}}]}, "page_pic": "https://wx4.sinaimg.cn/orj480/ad9734dbgy1hkum2lfwa2j20u01hc7g5.jpg", "page_title": "羽丘没米的微博视频", "page_url": "sinaweibo://infopage?containerid=2304444979267407118376&amp;containerid=2304444979267407118376&amp;url_type=39&amp;object_type=video&amp;pos=2", "pic_info": {"pic_big": {"height": "960", "url": "https://wx4.sinaimg.cn/orj480/ad9734dbgy1hkum2lfwa2j20u01hc7g5.jpg", "width": "540"}, "pic_small": {"height": "960", "url": "https://wx4.sinaimg.cn/orj480/ad9734dbgy1hkum2lfwa2j20u01hc7g5.jpg", "width": "540"}, "pic_middle": {"url": "https://wx4.sinaimg.cn/orj480/ad9734dbgy1hkum2lfwa2j20u01hc7g5.jpg", "height": "960", "width": "540"}}, "oid": "2912367835", "type_icon": "", "author_id": "2912367835", "authorid": "2912367835", "warn": "", "actionlog": {"act_type": 1, "act_code": 799, "lcardid": "", "fid": "1076036499137849_-_WEIBO_SECOND_PROFILE_WEIBO", "mid": "4979268885152224", "oid": "1034:4979267407118376", "uuid": 4979267472720007, "source": "video", "ext": "uid:7774910775|mid:4979276579607006|objectid:1034%3A4979267407118376|from:1|object_duration:23.568|miduid:6499137849|rootuid:2912367835|rootmid:4979268885152224|authorid:2912367835|video_orientation:vertical|third_vid:|is_album:0|is_contribution:0|video_tags:|isfan:0|ua:Mozilla/5.0 (Windows NT 10.0; Win64; x64) AppleWebKit/537.36 (KHTML, like Gecko) Chrome/120.0.0.0 Safari/537.36 WeiboPro/1.0.0|sceneid:profile_mb|uuid:4979267472720007|detail:native|contribution:0|short_video:0|st_video:1|author_mid:4979268885152224|cluster_type_status:|is_ad_weibo:0|container_mid:4979276579607006|analysis_card:page_info"}, "short_url": "http://t.cn/A6lICgbi"}}