{"visible": {"type": 0, "list_id": 0}, "created_at": "Fri Dec 15 18:39:49 +0800 2023", "id": 4979281945691038, "idstr": "4979281945691038", "mid": "4979281945691038", "mblogid": "Nxgu6nSuW", "user": {"id": 2912367835, "idstr": "2912367835", "pc_new": 0, "screen_name": "羽丘没米", "profile_image_url": "https://tvax2.sinaimg.cn/crop.0.0.1080.1080.50/ad9734dbgy1hlb96nudavj20u00u0jt2.jpg?KID=imgbed,tva&amp;Expires=1704618436&amp;ssig=EVicrCG0Tp", "profile_url": "/u/2912367835", "verified": false, "verified_type": -1, "domain": "", "weihao": "", "avatar_large": "https://tvax2.sinaimg.cn/crop.0.0.1080.1080.180/ad9734dbgy1hlb96nudavj20u00u0jt2.jpg?KID=imgbed,tva&amp;Expires=1704618436&amp;ssig=166SiW3Eu5", "avatar_hd": "https://tvax2.sinaimg.cn/crop.0.0.1080.1080.1024/ad9734dbgy1hlb96nudavj20u00u0jt2.jpg?KID=imgbed,tva&amp;Expires=1704618436&amp;ssig=oJ%2FignOKel", "follow_me": false, "following": false, "mbrank": 1, "mbtype": 12, "v_plus": 0, "planet_video": false, "icon_list": [{"type": "vip", "data": {"mbrank": 1, "mbtype": 12, "svip": 1, "vvip": 1}}]}, "can_edit": false, "text_raw": "#锦月如歌[超话]# \n哎呀修罗场我爱看呀 http://t.cn/A6lI0m10 ​​​", "textLength": 57, "annotations": [[], {"client_mblogid": "iPhone-00FE0716-7114-4470-A1D6-D6A38CB4BF42"}, {"source_text": "", "phone_id": "-1"}, {"mapi_request": true}], "source": "", "favorited": false, "buttons": [{"type": "follow", "name": "加关注", "pic": "http://u1.sinaimg.cn/upload/2013/06/14/timeline_card_small_button_icon_add.png", "params": {"uid": 2912367835}, "actionlog": {"act_code": 92, "uicode": "10000100", "oid": "4979281945691038", "cardid": "1076030002_2912367835"}}], "rid": "19_0_50_162998028989252918_0_0_0", "pic_ids": [], "pic_num": 0, "is_paid": false, "pic_bg_new": "https://h5.sinaimg.cn/upload/100/1497/2022/09/15/pic_topic_conermark_normal.png", "mblog_vip_type": 0, "number_display_strategy": {"apply_scenario_flag": 3, "display_text_min_number": 1000000, "display_text": "100万+"}, "title_source": {"name": "锦月如歌超话", "url": "sinaweibo://pageinfo?pageid=100808c56ff56be3c846ce892264ec09d3d873&amp;extparam=锦月如歌", "image": "http://wx1.sinaimg.cn/thumbnail/006Kv18Dly8hkpl492qqzj30m80m8acw.jpg"}, "reposts_count": 111, "comments_count": 46, "attitudes_count": 1205, "attitudes_status": 0, "isLongText": false, "mlevel": 0, "content_auth": 0, "is_show_bulletin": 3, "comment_manage_info": {"comment_permission_type": -1, "approval_comment_type": 0, "comment_sort_type": 0}, "screen_name_suffix_new": [{"content": "羽丘没米", "remark": "", "color": "FF333333", "dark_color": "FFD3D3D3", "type": 1, "truncation": {"mode": 1}}, {"content": "锦月如歌超话", "color": "FF507DAF", "dark_color": "FF7691b9", "type": 2, "scheme": "sinaweibo://pageinfo?pageid=100808c56ff56be3c846ce892264ec09d3d873&amp;extparam=锦月如歌&amp;extension=%7B%22mblog_object_ref%22%3A%22topic%22%7D", "icons": [{"url": "https://h5.sinaimg.cn/upload/1000/808/2020/02/17/andriod_chaohua_header.png", "scheme": "sinaweibo://pageinfo?pageid=100808c56ff56be3c846ce892264ec09d3d873&amp;extparam=锦月如歌", "cleaned": true}], "icons_location": 0, "truncation": {"mode": 1, "keep_end_size": 2}, "actionlog": {"act_code": 1404, "oid": "1022:100808c56ff56be3c846ce892264ec09d3d873", "uicode": "", "luicode": "", "fid": "1076036499137849_-_WEIBO_SECOND_PROFILE_WEIBO", "ext": "mid:4979281945691038|source_type:3|uid:7774910775|analysis_extra:follow:0|new_style:1"}, "cleaned": true}], "share_repost_type": 0, "url_struct": [{"url_title": "羽丘没米的微博视频", "url_type_pic": "https://h5.sinaimg.cn/upload/2015/09/25/3/timeline_card_small_video.png", "ori_url": "sinaweibo://video/vvs?mid=4979281945691038&amp;object_id=1034:4979281713889318&amp;url_type=39&amp;object_type=video&amp;pos=1", "page_id": "2304444979281713889318", "short_url": "http://t.cn/A6lI0m10", "long_url": "https://video.weibo.com/show?fid=1034:4979281713889318", "url_type": 39, "result": false, "actionlog": {"act_type": 1, "act_code": 300, "oid": "1034:4979281713889318", "uuid": 4979281796006102, "cardid": "", "lcardid": "", "uicode": "", "luicode": "", "fid": "1076036499137849_-_WEIBO_SECOND_PROFILE_WEIBO", "lfid": "", "ext": "mid:4979281945691038|rid:19_0_50_162998028989252918_0_0_0|short_url:http://t.cn/A6lI0m10|long_url:https://video.weibo.com/show?fid=1034:4979281713889318|comment_id:|miduid:2912367835|rootmid:4979281945691038|rootuid:2912367835|authorid:2912367835|uuid:4979281796006102|is_ad_weibo:0|analysis_card:url_struct"}, "storage_type": "oss", "hide": 0, "object_type": "", "ttl": 3600, "h5_target_url": "https://video.weibo.com/show?fid=1034:4979281713889318&amp;from=1FFFF96039&amp;weiboauthoruid=2912367835", "need_save_obj": 0}, {"url_title": "锦月如歌超话", "url_type_pic": "https://h5.sinaimg.cn/upload/100/959/2020/05/09/timeline_card_small_super.png", "ori_url": "sinaweibo://pageinfo?containerid=100808c56ff56be3c846ce892264ec09d3d873&amp;extparam=锦月如歌&amp;extension=%7B%22mblog_object_ref%22%3A%22content%22%7D", "page_id": "100808c56ff56be3c846ce892264ec09d3d873", "short_url": "#锦月如歌[超话]#", "long_url": "", "url_type": "", "result": false, "actionlog": {"act_type": 1, "act_code": 300, "oid": "1022:100808c56ff56be3c846ce892264ec09d3d873", "uuid": 4914302816616687, "cardid": "", "lcardid": "", "uicode": "", "luicode": "", "fid": "1076036499137849_-_WEIBO_SECOND_PROFILE_WEIBO", "lfid": "", "ext": "mid:4979281945691038|rid:19_0_50_162998028989252918_0_0_0|short_url:|long_url:|comment_id:|miduid:2912367835|rootmid:4979281945691038|rootuid:2912367835|authorid:|uuid:4914302816616687|is_ad_weibo:0|analysis_card:url_struct"}, "storage_type": "", "hide": 0, "object_type": "", "h5_target_url": "https://huati.weibo.com/k/%E9%94%A6%E6%9C%88%E5%A6%82%E6%AD%8C?from=1FFFF96039&amp;weiboauthoruid=2912367835", "need_save_obj": 0}], "title": {"text": "她2023-12-15赞过的微博(2)", "structs": [{"name": "她2023-12-15赞过的微博(2)", "scheme": "sinaweibo://cardlist?containerid=2308696499137849_-_mix", "cleaned": true}]}, "mblogtype": 0, "showFeedRepost": false, "showFeedComment": false, "pictureViewerSign": false, "showPictureViewer": false, "rcList": [], "text": "&lt;a href=\"//s.weibo.com/weibo?q=%23%E9%94%A6%E6%9C%88%E5%A6%82%E6%AD%8C%5B%E8%B6%85%E8%AF%9D%5D%23\" target=\"_blank\"&gt;&lt;a target=\"_blank\" href=\"https://weibo.com/p/100808c56ff56be3c846ce892264ec09d3d873\"&gt;&lt;img class=\"icon-link\" src=\"https://h5.sinaimg.cn/upload/100/959/2020/05/09/timeline_card_small_super_default.png\"/&gt;锦月如歌超话&lt;/a&gt;&lt;/a&gt; &lt;br /&gt;哎呀修罗场我爱看呀 &lt;a target=\"_blank\" href=\"https://video.weibo.com/show?fid=1034:4979281713889318\"&gt;&lt;img class=\"icon-link\" src=\"https://h5.sinaimg.cn/upload/2015/09/25/3/timeline_card_small_video_default.png\"/&gt;羽丘没米的微博视频&lt;/a&gt; ​​​", "region_name": "发布于 中国香港", "customIcons": [], "page_info": {"type": "11", "page_id": "2304444979281713889318", "object_type": "video", "object_id": "1034:4979281713889318", "content1": "羽丘没米的微博视频", "content2": "#锦月如歌[超话]# \n哎呀修罗场我爱看呀", "act_status": 1, "media_info": {"name": "羽丘没米的微博视频", "stream_url": "http://f.video.weibocdn.com/o0/oLmcuVZnlx08aXYYPX0401041200efqV0E010.mp4?label=mp4_720p&amp;template=720x1280.24.0&amp;ori=0&amp;ps=1CwnkDw1GXwCQx&amp;Expires=1704611236&amp;ssig=GNUtKZFrZz&amp;KID=unistore,video", "stream_url_hd": "http://f.video.weibocdn.com/o0/oLmcuVZnlx08aXYYPX0401041200efqV0E010.mp4?label=mp4_720p&amp;template=720x1280.24.0&amp;ori=0&amp;ps=1CwnkDw1GXwCQx&amp;Expires=1704611236&amp;ssig=GNUtKZFrZz&amp;KID=unistore,video", "format": "mp4", "h5_url": "https://video.weibo.com/show?fid=1034:4979281713889318", "mp4_sd_url": "http://f.video.weibocdn.com/o0/oLmcuVZnlx08aXYYPX0401041200efqV0E010.mp4?label=mp4_720p&amp;template=720x1280.24.0&amp;ori=0&amp;ps=1CwnkDw1GXwCQx&amp;Expires=1704611236&amp;ssig=GNUtKZFrZz&amp;KID=unistore,video", "mp4_hd_url": "http://f.video.weibocdn.com/o0/oLmcuVZnlx08aXYYPX0401041200efqV0E010.mp4?label=mp4_720p&amp;template=720x1280.24.0&amp;ori=0&amp;ps=1CwnkDw1GXwCQx&amp;Expires=1704611236&amp;ssig=GNUtKZFrZz&amp;KID=unistore,video", "h265_mp4_hd": "http://f.video.weibocdn.com/o0/oLmcuVZnlx08aXYYPX0401041200efqV0E010.mp4?label=mp4_720p&amp;template=720x1280.24.0&amp;ori=0&amp;ps=1CwnkDw1GXwCQx&amp;Expires=1704611236&amp;ssig=GNUtKZFrZz&amp;KID=unistore,video", "h265_mp4_ld": "http://f.video.weibocdn.com/o0/oLmcuVZnlx08aXYYPX0401041200efqV0E010.mp4?label=mp4_720p&amp;template=720x1280.24.0&amp;ori=0&amp;ps=1CwnkDw1GXwCQx&amp;Expires=1704611236&amp;ssig=GNUtKZFrZz&amp;KID=unistore,video", "inch_4_mp4_hd": "http://f.video.weibocdn.com/o0/oLmcuVZnlx08aXYYPX0401041200efqV0E010.mp4?label=mp4_720p&amp;template=720x1280.24.0&amp;ori=0&amp;ps=1CwnkDw1GXwCQx&amp;Expires=1704611236&amp;ssig=GNUtKZFrZz&amp;KID=unistore,video", "inch_5_mp4_hd": "http://f.video.weibocdn.com/o0/oLmcuVZnlx08aXYYPX0401041200efqV0E010.mp4?label=mp4_720p&amp;template=720x1280.24.0&amp;ori=0&amp;ps=1CwnkDw1GXwCQx&amp;Expires=1704611236&amp;ssig=GNUtKZFrZz&amp;KID=unistore,video", "inch_5_5_mp4_hd": "http://f.video.weibocdn.com/o0/oLmcuVZnlx08aXYYPX0401041200efqV0E010.mp4?label=mp4_720p&amp;template=720x1280.24.0&amp;ori=0&amp;ps=1CwnkDw1GXwCQx&amp;Expires=1704611236&amp;ssig=GNUtKZFrZz&amp;KID=unistore,video", "mp4_720p_mp4": "http://f.video.weibocdn.com/o0/oLmcuVZnlx08aXYYPX0401041200efqV0E010.mp4?label=mp4_720p&amp;template=720x1280.24.0&amp;ori=0&amp;ps=1CwnkDw1GXwCQx&amp;Expires=1704611236&amp;ssig=GNUtKZFrZz&amp;KID=unistore,video", "hevc_mp4_720p": "", "prefetch_type": 1, "prefetch_size": 262144, "act_status": 1, "protocol": "general,dash", "media_id": "4979281713889318", "origin_total_bitrate": 12704700, "video_orientation": "vertical", "duration": 24, "forward_strategy": -1, "search_scheme": "sinaweibo://svssearch?containerid=232080", "is_short_video": 0, "vote_is_show": 0, "belong_collection": 1, "titles_display_time": "3", "show_progress_bar": 1, "show_mute_button": true, "ext_info": {"video_orientation": "vertical"}, "next_title": "#锦月如歌[超话]# \n哎呀修罗场我爱看呀", "kol_title": "#锦月如歌[超话]# \n哎呀修罗场我爱看呀", "play_completion_actions": [{"type": "1", "icon": "https://h5.sinaimg.cn/upload/100/1413/2021/12/22/feed_video_icon_replay.png", "text": "重播", "link": "", "btn_code": 1000, "show_position": 1, "actionlog": {"oid": "2304444979281713889318", "act_code": 1221, "act_type": 0, "source": "video"}}, {"type": 6, "icon": "https://tvax2.sinaimg.cn/crop.0.0.1080.1080.180/ad9734dbgy1hlb96nudavj20u00u0jt2.jpg?KID=imgbed,tva&amp;Expires=1704618436&amp;ssig=166SiW3Eu5", "text": "", "display_mode": 2, "display_starttime": 5, "display_endtime": 99999, "countdown_time": 5, "show_position": 48, "scheme": "", "link": "", "btn_code": 1009, "actionlog": {"oid": "2304444979281713889318", "act_code": 91, "act_type": 0, "source": "video", "ext": "mid:4979281945691038|oid:1034:4979281713889318|muid:2912367835|authorid:2912367835"}, "ext": {"uid": "2912367835", "user_name": "羽丘没米", "followers_count": 783, "verified_type": -1, "level": 3}, "display_type": 0}], "video_publish_time": 1702636753, "play_loop_type": 0, "author_mid": "4979281945691038", "author_name": "羽丘没米", "extra_info": {"sceneid": "profile_mb"}, "video_download_strategy": {"abandon_download": 0}, "jump_to": 6, "big_pic_info": {"pic_big": {"height": 1920, "url": "https://wx2.sinaimg.cn/orj1080/ad9734dbgy1hkunpt3v00j20u01hc4c0.jpg", "width": 1080}, "pic_small": {"height": 320, "url": "https://wx2.sinaimg.cn/or180/ad9734dbgy1hkunpt3v00j20u01hc4c0.jpg", "width": 180}, "pic_middle": {"height": 640, "url": "https://wx2.sinaimg.cn/or360/ad9734dbgy1hkunpt3v00j20u01hc4c0.jpg", "width": 360}}, "online_users": "8.4万次观看", "online_users_number": 84410, "ttl": 3600, "storage_type": "oss", "is_keep_current_mblog": 0, "author_info": {"id": 2912367835, "idstr": "2912367835", "pc_new": 0, "screen_name": "羽丘没米", "profile_image_url": "https://tvax2.sinaimg.cn/crop.0.0.1080.1080.50/ad9734dbgy1hlb96nudavj20u00u0jt2.jpg?KID=imgbed,tva&amp;Expires=1704618437&amp;ssig=2sEsgqrTN5", "profile_url": "/u/2912367835", "verified": false, "verified_type": -1, "domain": "", "weihao": "", "avatar_large": "https://tvax2.sinaimg.cn/crop.0.0.1080.1080.180/ad9734dbgy1hlb96nudavj20u00u0jt2.jpg?KID=imgbed,tva&amp;Expires=1704618437&amp;ssig=jK6SIP%2B7cV", "avatar_hd": "https://tvax2.sinaimg.cn/crop.0.0.1080.1080.1024/ad9734dbgy1hlb96nudavj20u00u0jt2.jpg?KID=imgbed,tva&amp;Expires=1704618437&amp;ssig=mEYltJVLLo", "follow_me": false, "following": false, "mbrank": 1, "mbtype": 12, "v_plus": 0, "planet_video": false, "description": "食道楽 镇魂 不混圈 请勿关注", "location": "海外 奥地利", "gender": "f", "followers_count": 783, "followers_count_str": "783", "friends_count": 91, "statuses_count": 887, "url": "", "svip": 1, "vvip": 1, "cover_image_phone": "https://wx2.sinaimg.cn/crop.0.0.640.640.640/ad9734dbgy1hlak9hc0a1j20wi0wi41b.jpg"}, "playback_list": [{"meta": {"label": "mp4_1080p", "quality_index": 1080, "quality_desc": "高清", "quality_label": "1080p", "quality_class": "HD", "type": 1, "quality_group": 1080, "is_hidden": false}, "play_info": {"type": 1, "mime": "video/mp4", "protocol": "general", "label": "mp4_1080p", "url": "https://f.video.weibocdn.com/o0/lKpKuIGllx08aXYYSAn601041200s2i10E010.mp4?label=mp4_1080p&amp;template=1080x1920.24.0&amp;media_id=4979281713889318&amp;tp=8x8A3El:YTkl0eM8&amp;us=0&amp;ori=1&amp;bf=4&amp;ot=v&amp;lp=00003MndIw&amp;ps=mZ6WB&amp;uid=8uaJsH&amp;ab=,8012-g2,8013-g0,3601-g32,3601-g31,3601-g19,3601-g36&amp;Expires=1704611237&amp;ssig=umV6R4Xxrx&amp;KID=unistore,video", "bitrate": 2145530, "prefetch_range": "0-1054579", "video_codecs": "avc1.640032", "fps": 25, "width": 1080, "height": 1920, "size": 6681989, "duration": 24.915, "sar": "0.0", "audio_codecs": "mp4a.40.5", "audio_sample_rate": 44100, "quality_label": "1080p", "quality_class": "HD", "quality_desc": "高清", "audio_channels": 2, "audio_sample_fmt": "fltp", "audio_bits_per_sample": 0, "watermark": "none", "extension": {"transcode_info": {"pcdn_rule_id": 0, "pcdn_jank": 0, "origin_video_dr": "SDR", "ab_strategies": ",8012-g2,8013-g0,3601-g32,3601-g31,3601-g19,3601-g36"}}, "video_decoder": "hard", "prefetch_enabled": true, "tcp_receive_buffer": 262144, "dolby_atmos": false, "color_transfer": "bt709", "first_pkt_end_pos": 86542}}, {"meta": {"label": "mp4_720p", "quality_index": 720, "quality_desc": "高清", "quality_label": "720p", "quality_class": "HD", "type": 1, "quality_group": 720, "is_hidden": false}, "play_info": {"type": 1, "mime": "video/mp4", "protocol": "general", "label": "mp4_720p", "url": "https://f.video.weibocdn.com/o0/oLmcuVZnlx08aXYYPX0401041200efqV0E010.mp4?label=mp4_720p&amp;template=720x1280.24.0&amp;media_id=4979281713889318&amp;tp=8x8A3El:YTkl0eM8&amp;us=0&amp;ori=1&amp;bf=4&amp;ot=v&amp;lp=00003MndIw&amp;ps=mZ6WB&amp;uid=8uaJsH&amp;ab=,8012-g2,8013-g0,3601-g32,3601-g31,3601-g19,3601-g36&amp;Expires=1704611237&amp;ssig=v8l3Rrd%2Bcp&amp;KID=unistore,video", "bitrate": 1090401, "prefetch_range": "0-551442", "video_codecs": "avc1.64001f", "fps": 25, "width": 720, "height": 1280, "size": 3395921, "duration": 24.915, "sar": "0.0", "audio_codecs": "mp4a.40.5", "audio_sample_rate": 44100, "quality_label": "720p", "quality_class": "HD", "quality_desc": "高清", "audio_channels": 2, "audio_sample_fmt": "fltp", "audio_bits_per_sample": 0, "watermark": "none", "extension": {"transcode_info": {"pcdn_rule_id": 0, "pcdn_jank": 0, "origin_video_dr": "SDR", "ab_strategies": ",8012-g2,8013-g0,3601-g32,3601-g31,3601-g19,3601-g36"}}, "video_decoder": "hard", "prefetch_enabled": true, "tcp_receive_buffer": 262144, "dolby_atmos": false, "color_transfer": "bt709", "first_pkt_end_pos": 58948}}, {"meta": {"label": "mp4_hd", "quality_index": 480, "quality_desc": "标清", "quality_label": "480p", "quality_class": "SD", "type": 1, "quality_group": 480, "is_hidden": false}, "play_info": {"type": 1, "mime": "video/mp4", "protocol": "general", "label": "mp4_hd", "url": "https://f.video.weibocdn.com/o0/GDRTxFmslx08aXYYnZTW010412008TiL0E010.mp4?label=mp4_hd&amp;template=540x960.24.0&amp;media_id=4979281713889318&amp;tp=8x8A3El:YTkl0eM8&amp;us=0&amp;ori=1&amp;bf=4&amp;ot=v&amp;lp=00003MndIw&amp;ps=mZ6WB&amp;uid=8uaJsH&amp;ab=,8012-g2,8013-g0,3601-g32,3601-g31,3601-g19,3601-g36&amp;Expires=1704611237&amp;ssig=FzzScNRZsR&amp;KID=unistore,video", "bitrate": 680459, "prefetch_range": "0-354056", "video_codecs": "avc1.64001f", "fps": 25, "width": 540, "height": 960, "size": 2119207, "duration": 24.915, "sar": "0.0", "audio_codecs": "mp4a.40.5", "audio_sample_rate": 44100, "quality_label": "480p", "quality_class": "SD", "quality_desc": "标清", "audio_channels": 2, "audio_sample_fmt": "fltp", "audio_bits_per_sample": 0, "watermark": "none", "extension": {"transcode_info": {"pcdn_rule_id": 0, "pcdn_jank": 0, "origin_video_dr": "SDR", "ab_strategies": ",8012-g2,8013-g0,3601-g32,3601-g31,3601-g19,3601-g36"}}, "video_decoder": "hard", "prefetch_enabled": true, "tcp_receive_buffer": 262144, "dolby_atmos": false, "color_transfer": "bt709", "first_pkt_end_pos": 46492}}, {"meta": {"label": "scrubber_hd", "quality_index": 480, "quality_desc": "标清", "quality_label": "480p", "quality_class": "SD", "type": 3, "quality_group": 480, "is_hidden": false}, "play_info": {"type": 3, "mime": "image/jpeg", "protocol": "general", "label": "scrubber_hd", "url": "https://wx3.sinaimg.cn/large/ad9734dbly1hkunqa90ouj20f07eoq8g.jpg?media_id=4979281713889318&amp;tp=8x8A3El:YTkl0eM8&amp;us=0&amp;ori=1&amp;bf=4&amp;ot=v&amp;lp=00003MndIw&amp;ps=mZ6WB&amp;uid=8uaJsH&amp;ab=,8012-g2,8013-g0,3601-g32,3601-g31,3601-g19,3601-g36&amp;Expires=1704611237&amp;ssig=TL6AQgnfPe&amp;KID=unistore,video", "prefetch_range": "0-512000", "width": 180, "height": 320, "quality_label": "480p", "quality_class": "SD", "quality_desc": "标清", "extension": {"transcode_info": {"pcdn_rule_id": 0, "pcdn_jank": 0, "origin_video_dr": "SDR", "ab_strategies": ",8012-g2,8013-g0,3601-g32,3601-g31,3601-g19,3601-g36"}}, "video_decoder": "hard", "prefetch_enabled": true, "tcp_receive_buffer": 262144, "col": 3, "row": 30, "interval": 1, "offset": 0.5, "urls": ["http://wx4.sinaimg.cn/large/ad9734dbly1hkunqa90ouj20f07eoq8g.jpg"]}}, {"meta": {"label": "mp4_ld", "quality_index": 360, "quality_desc": "流畅", "quality_label": "360p", "quality_class": "SD", "type": 1, "quality_group": 360, "is_hidden": false}, "play_info": {"type": 1, "mime": "video/mp4", "protocol": "general", "label": "mp4_ld", "url": "https://f.video.weibocdn.com/o0/GKEIH9Tvlx08aXYZOGJG010412004PmQ0E010.mp4?label=mp4_ld&amp;template=360x640.24.0&amp;media_id=4979281713889318&amp;tp=8x8A3El:YTkl0eM8&amp;us=0&amp;ori=1&amp;bf=4&amp;ot=v&amp;lp=00003MndIw&amp;ps=mZ6WB&amp;uid=8uaJsH&amp;ab=,8012-g2,8013-g0,3601-g32,3601-g31,3601-g19,3601-g36&amp;Expires=1704611237&amp;ssig=DquocGYBnS&amp;KID=unistore,video", "bitrate": 369503, "prefetch_range": "0-197799", "video_codecs": "avc1.64001e", "fps": 25, "width": 360, "height": 640, "size": 1150772, "duration": 24.915, "sar": "0.0", "audio_codecs": "mp4a.40.5", "audio_sample_rate": 44100, "quality_label": "360p", "quality_class": "SD", "quality_desc": "流畅", "audio_channels": 2, "audio_sample_fmt": "fltp", "audio_bits_per_sample": 0, "watermark": "none", "extension": {"transcode_info": {"pcdn_rule_id": 0, "pcdn_jank": 0, "origin_video_dr": "SDR", "ab_strategies": ",8012-g2,8013-g0,3601-g32,3601-g31,3601-g19,3601-g36"}}, "video_decoder": "hard", "prefetch_enabled": true, "tcp_receive_buffer": 262144, "dolby_atmos": false, "color_transfer": "bt709", "first_pkt_end_pos": 34562}}]}, "page_pic": "https://wx2.sinaimg.cn/orj480/ad9734dbgy1hkunpt3v00j20u01hc4c0.jpg", "page_title": "羽丘没米的微博视频", "page_url": "sinaweibo://infopage?containerid=2304444979281713889318&amp;containerid=2304444979281713889318&amp;url_type=39&amp;object_type=video&amp;pos=2", "pic_info": {"pic_big": {"height": "960", "url": "https://wx2.sinaimg.cn/orj480/ad9734dbgy1hkunpt3v00j20u01hc4c0.jpg", "width": "540"}, "pic_small": {"height": "960", "url": "https://wx2.sinaimg.cn/orj480/ad9734dbgy1hkunpt3v00j20u01hc4c0.jpg", "width": "540"}, "pic_middle": {"url": "https://wx2.sinaimg.cn/orj480/ad9734dbgy1hkunpt3v00j20u01hc4c0.jpg", "height": "960", "width": "540"}}, "oid": "2912367835", "type_icon": "", "author_id": "2912367835", "authorid": "2912367835", "warn": "", "actionlog": {"act_type": 1, "act_code": 799, "lcardid": "", "fid": "1076036499137849_-_WEIBO_SECOND_PROFILE_WEIBO", "mid": "4979281945691038", "oid": "1034:4979281713889318", "uuid": 4979281796006102, "source": "video", "ext": "uid:7774910775|mid:4979281945691038|objectid:1034%3A4979281713889318|from:1|object_duration:24.915|miduid:2912367835|rootuid:2912367835|rootmid:4979281945691038|authorid:2912367835|video_orientation:vertical|third_vid:|is_album:1|is_contribution:0|video_tags:|isfan:0|ua:Mozilla/5.0 (Windows NT 10.0; Win64; x64) AppleWebKit/537.36 (KHTML, like Gecko) Chrome/120.0.0.0 Safari/537.36 WeiboPro/1.0.0|sceneid:profile_mb|uuid:4979281796006102|detail:native|contribution:0|short_video:0|st_video:1|author_mid:4979281945691038|cluster_type_status:|is_ad_weibo:0|t_id:4974487657971724|t_name:%E5%90%88%E9%9B%86+%C2%B7+%E9%87%91%E6%9C%88%E4%B9%B3%E9%B8%BD|type:2|analysis_card:page_info"}, "short_url": "http://t.cn/A6lI0m10"}, "followBtnCode": {"uid": 2912367835}}