{"visible": {"type": 0, "list_id": 0}, "created_at": "Sat Dec 16 09:14:43 +0800 2023", "id": 4979502121223747, "idstr": "4979502121223747", "mid": "4979502121223747", "mblogid": "Nxmde58lR", "user": {"id": 3505975850, "idstr": "3505975850", "pc_new": 7, "screen_name": "全是狗狗啊", "profile_image_url": "https://tvax1.sinaimg.cn/crop.0.0.512.512.50/d0f8f22aly8h55bukc6e5j20e80e8wek.jpg?KID=imgbed,tva&amp;Expires=1704618371&amp;ssig=UUuLAXmCbj", "profile_url": "/u/3505975850", "verified": true, "verified_type": 0, "domain": "zz234", "weihao": "", "verified_type_ext": 1, "avatar_large": "https://tvax1.sinaimg.cn/crop.0.0.512.512.180/d0f8f22aly8h55bukc6e5j20e80e8wek.jpg?KID=imgbed,tva&amp;Expires=1704618371&amp;ssig=xID%2BebVhEG", "avatar_hd": "https://tvax1.sinaimg.cn/crop.0.0.512.512.1024/d0f8f22aly8h55bukc6e5j20e80e8wek.jpg?KID=imgbed,tva&amp;Expires=1704618371&amp;ssig=lXwH%2FDGQEO", "follow_me": false, "following": false, "mbrank": 2, "mbtype": 11, "v_plus": 0, "planet_video": false, "icon_list": [{"type": "vip", "data": {"mbrank": 2, "mbtype": 11, "svip": 1, "vvip": 1}}]}, "can_edit": false, "text_raw": "误入大学教室的萨摩耶，耶耶：这个教室没有人和我玩吗？那我去下一个教室吧… http://t.cn/A6lM5taU ​​​", "textLength": 93, "annotations": [[], {"client_mblogid": "iPhone-227EAA86-FA7D-42DF-BE53-DB7F4BC7188C"}, {"source_text": "", "phone_id": "-1"}, {"mapi_request": true}], "source": "&lt;a target=\"_blank\" href=\"https://t.sina.com.cn\" rel=\"nofollow\"&gt;微博视频号&lt;/a&gt;", "favorited": false, "buttons": [{"type": "follow", "name": "加关注", "pic": "http://u1.sinaimg.cn/upload/2013/06/14/timeline_card_small_button_icon_add.png", "params": {"uid": 3505975850}, "actionlog": {"act_code": 92, "uicode": "10000100", "oid": "4979502121223747", "cardid": "1076030002_3505975850"}}], "rid": "16_0_50_163994469991589240_0_0_0", "cardid": "star_086", "pic_ids": [], "pic_num": 0, "is_paid": false, "pic_bg_new": "https://img.t.sinajs.cn/t6/skin/public/feed_cover/star_086_mobile_new.png?version=2021091501", "mblog_vip_type": 0, "number_display_strategy": {"apply_scenario_flag": 3, "display_text_min_number": 1000000, "display_text": "100万+"}, "reposts_count": 902, "comments_count": 393, "attitudes_count": 38024, "attitudes_status": 0, "isLongText": false, "mlevel": 0, "content_auth": 0, "is_show_bulletin": 2, "comment_manage_info": {"comment_permission_type": -1, "approval_comment_type": 0, "comment_sort_type": 0}, "share_repost_type": 0, "url_struct": [{"url_title": "全是狗狗啊的微博视频", "url_type_pic": "https://h5.sinaimg.cn/upload/2015/09/25/3/timeline_card_small_video.png", "ori_url": "sinaweibo://video/vvs?mid=4979502121223747&amp;object_id=1034:4979459179085830&amp;url_type=39&amp;object_type=video&amp;pos=1", "page_id": "2304444979459179085830", "short_url": "http://t.cn/A6lM5taU", "long_url": "https://video.weibo.com/show?fid=1034:4979459179085830", "url_type": 39, "result": false, "actionlog": {"act_type": 1, "act_code": 300, "oid": "1034:4979459179085830", "uuid": 4979459202482182, "cardid": "", "lcardid": "", "uicode": "", "luicode": "", "fid": "1076036499137849_-_WEIBO_SECOND_PROFILE_WEIBO", "lfid": "", "ext": "mid:4979502121223747|rid:16_0_50_163994469991589240_0_0_0|short_url:http://t.cn/A6lM5taU|long_url:https://video.weibo.com/show?fid=1034:4979459179085830|comment_id:|miduid:3505975850|rootmid:4979502121223747|rootuid:3505975850|authorid:3505975850|uuid:4979459202482182|is_ad_weibo:0|analysis_card:url_struct"}, "storage_type": "unistore", "hide": 0, "object_type": "", "ttl": 3600, "h5_target_url": "https://video.weibo.com/show?fid=1034:4979459179085830&amp;from=1FFFF96039&amp;weiboauthoruid=3505975850", "need_save_obj": 0}], "title": {"text": "她2023-12-25赞过的微博", "structs": [{"name": "她2023-12-25赞过的微博", "scheme": "sinaweibo://cardlist?containerid=2308696499137849_-_mix", "cleaned": true}]}, "mblogtype": 0, "showFeedRepost": false, "showFeedComment": false, "pictureViewerSign": false, "showPictureViewer": false, "rcList": [], "text": "误入大学教室的萨摩耶，耶耶：这个教室没有人和我玩吗？那我去下一个教室吧… &lt;a target=\"_blank\" href=\"https://video.weibo.com/show?fid=1034:4979459179085830\"&gt;&lt;img class=\"icon-link\" src=\"https://h5.sinaimg.cn/upload/2015/09/25/3/timeline_card_small_video_default.png\"/&gt;全是狗狗啊的微博视频&lt;/a&gt; ​​​", "region_name": "发布于 广西", "customIcons": [], "page_info": {"type": "11", "page_id": "2304444979459179085830", "object_type": "video", "object_id": "1034:4979459179085830", "content1": "全是狗狗啊的微博视频", "content2": "误入大学教室的萨摩耶，耶耶：这个教室没有人和我玩吗？那我去下一个教室吧…", "act_status": 1, "media_info": {"name": "全是狗狗啊的微博视频", "stream_url": "http://f.video.weibocdn.com/u0/QhPxhaiDgx08aYLnbcbS010412009ita0E010.mp4?label=mp4_720p&amp;template=576x1024.24.0&amp;ori=0&amp;ps=1CwnkDw1GXwCQx&amp;Expires=1704611171&amp;ssig=ngOcoeoIW5&amp;KID=unistore,video", "stream_url_hd": "http://f.video.weibocdn.com/u0/QhPxhaiDgx08aYLnbcbS010412009ita0E010.mp4?label=mp4_720p&amp;template=576x1024.24.0&amp;ori=0&amp;ps=1CwnkDw1GXwCQx&amp;Expires=1704611171&amp;ssig=ngOcoeoIW5&amp;KID=unistore,video", "format": "mp4", "h5_url": "https://video.weibo.com/show?fid=1034:4979459179085830", "mp4_sd_url": "http://f.video.weibocdn.com/u0/QhPxhaiDgx08aYLnbcbS010412009ita0E010.mp4?label=mp4_720p&amp;template=576x1024.24.0&amp;ori=0&amp;ps=1CwnkDw1GXwCQx&amp;Expires=1704611171&amp;ssig=ngOcoeoIW5&amp;KID=unistore,video", "mp4_hd_url": "http://f.video.weibocdn.com/u0/QhPxhaiDgx08aYLnbcbS010412009ita0E010.mp4?label=mp4_720p&amp;template=576x1024.24.0&amp;ori=0&amp;ps=1CwnkDw1GXwCQx&amp;Expires=1704611171&amp;ssig=ngOcoeoIW5&amp;KID=unistore,video", "h265_mp4_hd": "http://f.video.weibocdn.com/u0/QhPxhaiDgx08aYLnbcbS010412009ita0E010.mp4?label=mp4_720p&amp;template=576x1024.24.0&amp;ori=0&amp;ps=1CwnkDw1GXwCQx&amp;Expires=1704611171&amp;ssig=ngOcoeoIW5&amp;KID=unistore,video", "h265_mp4_ld": "http://f.video.weibocdn.com/u0/QhPxhaiDgx08aYLnbcbS010412009ita0E010.mp4?label=mp4_720p&amp;template=576x1024.24.0&amp;ori=0&amp;ps=1CwnkDw1GXwCQx&amp;Expires=1704611171&amp;ssig=ngOcoeoIW5&amp;KID=unistore,video", "inch_4_mp4_hd": "http://f.video.weibocdn.com/u0/QhPxhaiDgx08aYLnbcbS010412009ita0E010.mp4?label=mp4_720p&amp;template=576x1024.24.0&amp;ori=0&amp;ps=1CwnkDw1GXwCQx&amp;Expires=1704611171&amp;ssig=ngOcoeoIW5&amp;KID=unistore,video", "inch_5_mp4_hd": "http://f.video.weibocdn.com/u0/QhPxhaiDgx08aYLnbcbS010412009ita0E010.mp4?label=mp4_720p&amp;template=576x1024.24.0&amp;ori=0&amp;ps=1CwnkDw1GXwCQx&amp;Expires=1704611171&amp;ssig=ngOcoeoIW5&amp;KID=unistore,video", "inch_5_5_mp4_hd": "http://f.video.weibocdn.com/u0/QhPxhaiDgx08aYLnbcbS010412009ita0E010.mp4?label=mp4_720p&amp;template=576x1024.24.0&amp;ori=0&amp;ps=1CwnkDw1GXwCQx&amp;Expires=1704611171&amp;ssig=ngOcoeoIW5&amp;KID=unistore,video", "mp4_720p_mp4": "http://f.video.weibocdn.com/u0/QhPxhaiDgx08aYLnbcbS010412009ita0E010.mp4?label=mp4_720p&amp;template=576x1024.24.0&amp;ori=0&amp;ps=1CwnkDw1GXwCQx&amp;Expires=1704611171&amp;ssig=ngOcoeoIW5&amp;KID=unistore,video", "hevc_mp4_720p": "", "prefetch_type": 1, "prefetch_size": 262144, "act_status": 1, "protocol": "general,dash", "media_id": "4979459179085830", "origin_total_bitrate": 1349516, "video_orientation": "vertical", "duration": 23, "forward_strategy": -1, "search_scheme": "sinaweibo://svssearch?containerid=232080", "is_short_video": 0, "vote_is_show": 0, "belong_collection": 0, "titles_display_time": "3", "show_progress_bar": 1, "show_mute_button": true, "ext_info": {"video_orientation": "vertical"}, "next_title": "误入大学教室的萨摩耶，耶耶：这个教室没有人和我玩吗？那我去下一个教室吧…", "kol_title": "误入大学教室的萨摩耶，耶耶：这个教室没有人和我玩吗？那我去下一个教室吧…", "play_completion_actions": [{"type": "1", "icon": "https://h5.sinaimg.cn/upload/100/1413/2021/12/22/feed_video_icon_replay.png", "text": "重播", "link": "", "btn_code": 1000, "show_position": 1, "actionlog": {"oid": "2304444979459179085830", "act_code": 1221, "act_type": 0, "source": "video"}}, {"type": 6, "icon": "https://tvax1.sinaimg.cn/crop.0.0.512.512.180/d0f8f22aly8h55bukc6e5j20e80e8wek.jpg?KID=imgbed,tva&amp;Expires=1704618371&amp;ssig=xID%2BebVhEG", "text": "", "display_mode": 2, "display_starttime": 5, "display_endtime": 99999, "countdown_time": 5, "show_position": 48, "scheme": "", "link": "", "btn_code": 1009, "actionlog": {"oid": "2304444979459179085830", "act_code": 91, "act_type": 0, "source": "video", "ext": "mid:4979502121223747|oid:1034:4979459179085830|muid:3505975850|authorid:3505975850"}, "ext": {"uid": "3505975850", "user_name": "全是狗狗啊", "followers_count": 558904, "verified": true, "verified_type": 0, "verified_type_ext": 1, "verified_reason": "萌宠博主", "level": 3}, "display_type": 0}], "video_publish_time": 1702679050, "play_loop_type": 0, "author_mid": "4979502121223747", "author_name": "全是狗狗啊", "extra_info": {"sceneid": "profile_mb"}, "video_download_strategy": {"abandon_download": 0}, "jump_to": 6, "big_pic_info": {"pic_big": {"height": 768, "url": "https://wx2.sinaimg.cn/orj1080/d0f8f22agy1hkvd14iwumj20g00lctax.jpg", "width": 576}, "pic_small": {"height": 240, "url": "https://wx2.sinaimg.cn/or180/d0f8f22agy1hkvd14iwumj20g00lctax.jpg", "width": 180}, "pic_middle": {"height": 480, "url": "https://wx2.sinaimg.cn/or360/d0f8f22agy1hkvd14iwumj20g00lctax.jpg", "width": 360}}, "online_users": "120万次观看", "online_users_number": 1205916, "ttl": 3600, "storage_type": "unistore", "is_keep_current_mblog": 0, "playback_list": [{"meta": {"label": "mp4_720p", "quality_index": 720, "quality_desc": "高清", "quality_label": "720p", "quality_class": "HD", "type": 1, "quality_group": 720, "is_hidden": false}, "play_info": {"type": 1, "mime": "video/mp4", "protocol": "general", "label": "mp4_720p", "url": "https://f.video.weibocdn.com/u0/QhPxhaiDgx08aYLnbcbS010412009ita0E010.mp4?label=mp4_720p&amp;template=576x1024.24.0&amp;media_id=4979459179085830&amp;tp=8x8A3El:YTkl0eM8&amp;us=0&amp;ori=1&amp;bf=4&amp;ot=v&amp;lp=00003MndIw&amp;ps=mZ6WB&amp;uid=8uaJsH&amp;ab=,8012-g2,8143-g0,8013-g0,3601-g31,3601-g36,3601-g19,3601-g36,7598-g0&amp;Expires=1704611171&amp;ssig=ngOcoeoIW5&amp;KID=unistore,video", "bitrate": 762707, "prefetch_range": "0-376992", "video_codecs": "avc1.64001f", "fps": 29, "width": 576, "height": 1024, "size": 2215952, "duration": 23.242, "sar": "1.0", "audio_codecs": "mp4a.40.5", "audio_sample_rate": 44100, "quality_label": "720p", "quality_class": "HD", "quality_desc": "高清", "audio_channels": 2, "audio_sample_fmt": "fltp", "audio_bits_per_sample": 0, "watermark": "none", "extension": {"transcode_info": {"pcdn_rule_id": 0, "pcdn_jank": 0, "origin_video_dr": "SDR", "ab_strategies": ",8012-g2,8143-g0,8013-g0,3601-g31,3601-g36,3601-g19,3601-g36,7598-g0"}}, "video_decoder": "hard", "prefetch_enabled": true, "tcp_receive_buffer": 262144, "dolby_atmos": false, "color_transfer": "bt709", "first_pkt_end_pos": 60083}}, {"meta": {"label": "mp4_hd", "quality_index": 480, "quality_desc": "标清", "quality_label": "480p", "quality_class": "SD", "type": 1, "quality_group": 480, "is_hidden": false}, "play_info": {"type": 1, "mime": "video/mp4", "protocol": "general", "label": "mp4_hd", "url": "https://f.video.weibocdn.com/u0/1L5M2LaGgx08aYLnbu8M010412007rzA0E010.mp4?label=mp4_hd&amp;template=540x960.24.0&amp;media_id=4979459179085830&amp;tp=8x8A3El:YTkl0eM8&amp;us=0&amp;ori=1&amp;bf=4&amp;ot=v&amp;lp=00003MndIw&amp;ps=mZ6WB&amp;uid=8uaJsH&amp;ab=,8012-g2,8143-g0,8013-g0,3601-g31,3601-g36,3601-g19,3601-g36,7598-g0&amp;Expires=1704611171&amp;ssig=B9FeEfppw%2F&amp;KID=unistore,video", "bitrate": 610692, "prefetch_range": "0-327250", "video_codecs": "avc1.64001f", "fps": 29, "width": 540, "height": 960, "size": 1774290, "duration": 23.242, "sar": "1.0", "audio_codecs": "mp4a.40.5", "audio_sample_rate": 44100, "quality_label": "480p", "quality_class": "SD", "quality_desc": "标清", "audio_channels": 2, "audio_sample_fmt": "fltp", "audio_bits_per_sample": 0, "watermark": "none", "extension": {"transcode_info": {"pcdn_rule_id": 0, "pcdn_jank": 0, "origin_video_dr": "SDR", "ab_strategies": ",8012-g2,8143-g0,8013-g0,3601-g31,3601-g36,3601-g19,3601-g36,7598-g0"}}, "video_decoder": "hard", "prefetch_enabled": true, "tcp_receive_buffer": 262144, "dolby_atmos": false, "color_transfer": "bt709", "first_pkt_end_pos": 56043}}, {"meta": {"label": "scrubber_hd", "quality_index": 480, "quality_desc": "标清", "quality_label": "480p", "quality_class": "SD", "type": 3, "quality_group": 480, "is_hidden": false}, "play_info": {"type": 3, "mime": "image/jpeg", "protocol": "general", "label": "scrubber_hd", "url": "https://wx4.sinaimg.cn/large/d0f8f22agy1hkv83qw7mtj20f07eo77p.jpg?media_id=4979459179085830&amp;tp=8x8A3El:YTkl0eM8&amp;us=0&amp;ori=1&amp;bf=4&amp;ot=v&amp;lp=00003MndIw&amp;ps=mZ6WB&amp;uid=8uaJsH&amp;ab=,8012-g2,8143-g0,8013-g0,3601-g31,3601-g36,3601-g19,3601-g36,7598-g0&amp;Expires=1704611171&amp;ssig=Jtc1BqWotA&amp;KID=unistore,video", "prefetch_range": "0-512000", "width": 180, "height": 320, "quality_label": "480p", "quality_class": "SD", "quality_desc": "标清", "extension": {"transcode_info": {"pcdn_rule_id": 0, "pcdn_jank": 0, "origin_video_dr": "SDR", "ab_strategies": ",8012-g2,8143-g0,8013-g0,3601-g31,3601-g36,3601-g19,3601-g36,7598-g0"}}, "video_decoder": "hard", "prefetch_enabled": true, "tcp_receive_buffer": 262144, "col": 3, "row": 30, "interval": 1, "offset": 0.5, "urls": ["http://wx4.sinaimg.cn/large/d0f8f22agy1hkv83qw7mtj20f07eo77p.jpg"]}}, {"meta": {"label": "mp4_ld", "quality_index": 360, "quality_desc": "流畅", "quality_label": "360p", "quality_class": "SD", "type": 1, "quality_group": 360, "is_hidden": false}, "play_info": {"type": 1, "mime": "video/mp4", "protocol": "general", "label": "mp4_ld", "url": "https://f.video.weibocdn.com/u0/zdBApR2qgx08aYLn9CKk010412003VjI0E010.mp4?label=mp4_ld&amp;template=360x640.24.0&amp;media_id=4979459179085830&amp;tp=8x8A3El:YTkl0eM8&amp;us=0&amp;ori=1&amp;bf=4&amp;ot=v&amp;lp=00003MndIw&amp;ps=mZ6WB&amp;uid=8uaJsH&amp;ab=,8012-g2,8143-g0,8013-g0,3601-g31,3601-g36,3601-g19,3601-g36,7598-g0&amp;Expires=1704611171&amp;ssig=IuvwqvHchf&amp;KID=unistore,video", "bitrate": 321925, "prefetch_range": "0-186042", "video_codecs": "avc1.64001e", "fps": 29, "width": 360, "height": 640, "size": 935314, "duration": 23.242, "sar": "1.0", "audio_codecs": "mp4a.40.5", "audio_sample_rate": 44100, "quality_label": "360p", "quality_class": "SD", "quality_desc": "流畅", "audio_channels": 2, "audio_sample_fmt": "fltp", "audio_bits_per_sample": 0, "watermark": "none", "extension": {"transcode_info": {"pcdn_rule_id": 0, "pcdn_jank": 0, "origin_video_dr": "SDR", "ab_strategies": ",8012-g2,8143-g0,8013-g0,3601-g31,3601-g36,3601-g19,3601-g36,7598-g0"}}, "video_decoder": "hard", "prefetch_enabled": true, "tcp_receive_buffer": 262144, "dolby_atmos": false, "color_transfer": "bt709", "first_pkt_end_pos": 43769}}], "author_info": {"id": 3505975850, "idstr": "3505975850", "pc_new": 7, "screen_name": "全是狗狗啊", "profile_image_url": "https://tvax1.sinaimg.cn/crop.0.0.512.512.50/d0f8f22aly8h55bukc6e5j20e80e8wek.jpg?KID=imgbed,tva&amp;Expires=1704618371&amp;ssig=UUuLAXmCbj", "profile_url": "/u/3505975850", "verified": true, "verified_type": 0, "domain": "zz234", "weihao": "", "verified_type_ext": 1, "avatar_large": "https://tvax1.sinaimg.cn/crop.0.0.512.512.180/d0f8f22aly8h55bukc6e5j20e80e8wek.jpg?KID=imgbed,tva&amp;Expires=1704618371&amp;ssig=xID%2BebVhEG", "avatar_hd": "https://tvax1.sinaimg.cn/crop.0.0.512.512.1024/d0f8f22aly8h55bukc6e5j20e80e8wek.jpg?KID=imgbed,tva&amp;Expires=1704618371&amp;ssig=lXwH%2FDGQEO", "follow_me": false, "following": false, "mbrank": 2, "mbtype": 11, "v_plus": 0, "planet_video": false, "verified_reason": "萌宠博主", "description": "⠒̫⃝ ∵⃝ ⍢⃝ ⍤⃝  ⍨⃝ ◡̈⃝ ̫⃝ ∵⃝ ⍢⃝ ⍤⃝  ⍨⃝ ◡̈⃝", "location": "广西", "gender": "f", "followers_count": 558911, "followers_count_str": "55.9万", "friends_count": 1, "statuses_count": 4835, "url": "", "svip": 1, "vvip": 1, "cover_image_phone": "https://wx3.sinaimg.cn/crop.0.0.640.640.640/d0f8f22agy1hi55vslbuqj20u00u0taw.jpg"}}, "page_pic": "https://wx2.sinaimg.cn/orj480/d0f8f22agy1hkvd14iwumj20g00lctax.jpg", "page_title": "全是狗狗啊的微博视频", "page_url": "sinaweibo://infopage?containerid=2304444979459179085830&amp;containerid=2304444979459179085830&amp;url_type=39&amp;object_type=video&amp;pos=2", "pic_info": {"pic_big": {"height": "960", "url": "https://wx2.sinaimg.cn/orj480/d0f8f22agy1hkvd14iwumj20g00lctax.jpg", "width": "540"}, "pic_small": {"height": "960", "url": "https://wx2.sinaimg.cn/orj480/d0f8f22agy1hkvd14iwumj20g00lctax.jpg", "width": "540"}, "pic_middle": {"url": "https://wx2.sinaimg.cn/orj480/d0f8f22agy1hkvd14iwumj20g00lctax.jpg", "height": "960", "width": "540"}}, "oid": "3505975850", "type_icon": "", "author_id": "3505975850", "authorid": "3505975850", "warn": "", "actionlog": {"act_type": 1, "act_code": 799, "lcardid": "", "fid": "1076036499137849_-_WEIBO_SECOND_PROFILE_WEIBO", "mid": "4979502121223747", "oid": "1034:4979459179085830", "uuid": 4979459202482182, "source": "video", "ext": "uid:7774910775|mid:4979502121223747|objectid:1034%3A4979459179085830|from:1|object_duration:23.242|miduid:3505975850|rootuid:3505975850|rootmid:4979502121223747|authorid:3505975850|video_orientation:vertical|third_vid:|is_album:0|is_contribution:0|video_tags:|isfan:0|ua:Mozilla/5.0 (Windows NT 10.0; Win64; x64) AppleWebKit/537.36 (KHTML, like Gecko) Chrome/120.0.0.0 Safari/537.36 WeiboPro/1.0.0|sceneid:profile_mb|uuid:4979459202482182|detail:native|contribution:0|short_video:0|st_video:1|author_mid:4979502121223747|cluster_type_status:|is_ad_weibo:0|type:52_7_08|analysis_card:page_info"}, "short_url": "http://t.cn/A6lM5taU"}, "followBtnCode": {"uid": 3505975850}}