{"visible": {"type": 0, "list_id": 0}, "created_at": "Sat Dec 16 08:01:28 +0800 2023", "id": 4979483687256653, "idstr": "4979483687256653", "mid": "4979483687256653", "mblogid": "NxlJuurMN", "user": {"id": 6499137849, "idstr": "6499137849", "pc_new": 7, "screen_name": "冻梨好吃", "profile_image_url": "https://tvax3.sinaimg.cn/crop.0.0.962.962.50/0075PIE1ly8hkxs7vsob4j30qq0qq76e.jpg?KID=imgbed,tva&amp;Expires=1704618436&amp;ssig=WWUtWicPln", "profile_url": "/u/6499137849", "verified": false, "verified_type": -1, "domain": "", "weihao": "", "avatar_large": "https://tvax3.sinaimg.cn/crop.0.0.962.962.180/0075PIE1ly8hkxs7vsob4j30qq0qq76e.jpg?KID=imgbed,tva&amp;Expires=1704618436&amp;ssig=lpeErga5WN", "avatar_hd": "https://tvax3.sinaimg.cn/crop.0.0.962.962.1024/0075PIE1ly8hkxs7vsob4j30qq0qq76e.jpg?KID=imgbed,tva&amp;Expires=1704618436&amp;ssig=Qs%2FrBZ1opZ", "follow_me": false, "following": false, "mbrank": 0, "mbtype": 0, "v_plus": 0, "planet_video": false, "icon_list": []}, "can_edit": false, "text_raw": "谁能想到做了n年受复位的我，终有一天也会成为当初自己最讨厌的攻复位了[丰收了] ​​​", "textLength": 75, "annotations": [{"shooting": 1, "client_mblogid": "4ad0920f-64e1-45fd-82ca-ddd09ff2c477"}, {"source_text": "", "phone_id": "266"}, {"mapi_request": true}], "source": "Android", "favorited": false, "rid": "15_0_50_162998028989252918_0_0_0", "pic_ids": [], "pic_num": 0, "is_paid": false, "mblog_vip_type": 0, "number_display_strategy": {"apply_scenario_flag": 3, "display_text_min_number": 1000000, "display_text": "100万+"}, "reposts_count": 0, "comments_count": 0, "attitudes_count": 0, "attitudes_status": 0, "isLongText": false, "mlevel": 0, "content_auth": 0, "is_show_bulletin": 2, "comment_manage_info": {"comment_permission_type": -1, "approval_comment_type": 0, "comment_sort_type": 0}, "share_repost_type": 0, "mblogtype": 0, "showFeedRepost": false, "showFeedComment": false, "pictureViewerSign": false, "showPictureViewer": false, "rcList": [], "text": "谁能想到做了n年受复位的我，终有一天也会成为当初自己最讨厌的攻复位了[丰收了] ​​​", "region_name": "发布于 辽宁", "customIcons": []}