{"visible": {"type": 0, "list_id": 0}, "created_at": "Fri Dec 15 19:22:42 +0800 2023", "id": 4979292737640850, "idstr": "4979292737640850", "mid": "4979292737640850", "mblogid": "NxgLvw3Jw", "user": {"id": 6499137849, "idstr": "6499137849", "pc_new": 7, "screen_name": "冻梨好吃", "profile_image_url": "https://tvax3.sinaimg.cn/crop.0.0.962.962.50/0075PIE1ly8hkxs7vsob4j30qq0qq76e.jpg?KID=imgbed,tva&amp;Expires=1704618436&amp;ssig=WWUtWicPln", "profile_url": "/u/6499137849", "verified": false, "verified_type": -1, "domain": "", "weihao": "", "avatar_large": "https://tvax3.sinaimg.cn/crop.0.0.962.962.180/0075PIE1ly8hkxs7vsob4j30qq0qq76e.jpg?KID=imgbed,tva&amp;Expires=1704618436&amp;ssig=lpeErga5WN", "avatar_hd": "https://tvax3.sinaimg.cn/crop.0.0.962.962.1024/0075PIE1ly8hkxs7vsob4j30qq0qq76e.jpg?KID=imgbed,tva&amp;Expires=1704618436&amp;ssig=Qs%2FrBZ1opZ", "follow_me": false, "following": false, "mbrank": 0, "mbtype": 0, "v_plus": 0, "planet_video": false, "icon_list": []}, "can_edit": false, "text_raw": "是谁的嘴乐得合不上了[丰收了]", "annotations": [{"client_mblogid": "b9d67a55-8217-414b-8d17-78aa3171f23f"}, {"mapi_request": true}], "source": "Android", "favorited": false, "rid": "18_0_50_162998028989252918_0_0_0", "pic_ids": [], "pic_num": 0, "is_paid": false, "mblog_vip_type": 0, "number_display_strategy": {"apply_scenario_flag": 3, "display_text_min_number": 1000000, "display_text": "100万+"}, "reposts_count": 0, "comments_count": 0, "attitudes_count": 0, "attitudes_status": 0, "isLongText": false, "mlevel": 0, "content_auth": 0, "is_show_bulletin": 2, "comment_manage_info": {"comment_permission_type": -1, "approval_comment_type": 0, "comment_sort_type": 0}, "repost_type": 1, "share_repost_type": 0, "topic_struct": [{"title": "", "topic_url": "sinaweibo://searchall?containerid=231522&amp;q=%23%E9%94%A6%E6%9C%88%E5%A6%82%E6%AD%8C%23&amp;extparam=%23%E9%94%A6%E6%9C%88%E5%A6%82%E6%AD%8C%23", "topic_title": "锦月如歌", "actionlog": {"act_type": 1, "act_code": 300, "oid": "1022:231522c56ff56be3c846ce892264ec09d3d873", "uuid": 4914302418157583, "cardid": "", "lcardid": "", "uicode": "", "luicode": "", "fid": "1076036499137849_-_WEIBO_SECOND_PROFILE_WEIBO", "lfid": "", "ext": "mid:4979290360254447|rid:18_0_50_162998028989252918_0_0_0|short_url:|long_url:|comment_id:|miduid:6499137849|rootmid:4979290360254447|rootuid:7887746450|authorid:|uuid:4914302418157583|is_ad_weibo:0"}}, {"title": "", "topic_url": "sinaweibo://searchall?containerid=231522&amp;q=%23%E5%91%A8%E4%B9%9F%E7%A6%BE%E6%99%8F%23&amp;extparam=%23%E5%91%A8%E4%B9%9F%E7%A6%BE%E6%99%8F%23", "topic_title": "周也禾晏", "actionlog": {"act_type": 1, "act_code": 300, "oid": "1022:231522fae1fa303d1ecc30701b7722b3a4fd32", "uuid": 4960527649603601, "cardid": "", "lcardid": "", "uicode": "", "luicode": "", "fid": "1076036499137849_-_WEIBO_SECOND_PROFILE_WEIBO", "lfid": "", "ext": "mid:4979290360254447|rid:18_0_50_162998028989252918_0_0_0|short_url:|long_url:|comment_id:|miduid:6499137849|rootmid:4979290360254447|rootuid:7887746450|authorid:|uuid:4960527649603601|is_ad_weibo:0"}}, {"title": "", "topic_url": "sinaweibo://searchall?containerid=231522&amp;q=%23%E4%B8%9E%E7%A3%8A%E8%82%96%E7%8F%8F%23&amp;extparam=%23%E4%B8%9E%E7%A3%8A%E8%82%96%E7%8F%8F%23", "topic_title": "丞磊肖珏", "actionlog": {"act_type": 1, "act_code": 300, "oid": "1022:231522483b73ae4aec44613db78c32e9a71ca1", "uuid": 4969866955063437, "cardid": "", "lcardid": "", "uicode": "", "luicode": "", "fid": "1076036499137849_-_WEIBO_SECOND_PROFILE_WEIBO", "lfid": "", "ext": "mid:4979290360254447|rid:18_0_50_162998028989252918_0_0_0|short_url:|long_url:|comment_id:|miduid:6499137849|rootmid:4979290360254447|rootuid:7887746450|authorid:|uuid:4969866955063437|is_ad_weibo:0"}}], "url_struct": [{"url_title": "今天星期几JT的微博视频", "url_type_pic": "https://h5.sinaimg.cn/upload/2015/09/25/3/timeline_card_small_video.png", "ori_url": "sinaweibo://video/vvs?mid=4979290360254447&amp;object_id=1034:4979288831623236&amp;url_type=39&amp;object_type=video&amp;pos=1", "page_id": "2304444979288831623236", "short_url": "http://t.cn/A6lIWTAT", "long_url": "https://video.weibo.com/show?fid=1034:4979288831623236", "url_type": 39, "result": false, "actionlog": {"act_type": 1, "act_code": 300, "oid": "1034:4979288831623236", "uuid": 4979289136037923, "cardid": "", "lcardid": "", "uicode": "", "luicode": "", "fid": "1076036499137849_-_WEIBO_SECOND_PROFILE_WEIBO", "lfid": "", "ext": "mid:4979290360254447|rid:18_0_50_162998028989252918_0_0_0|short_url:http://t.cn/A6lIWTAT|long_url:https://video.weibo.com/show?fid=1034:4979288831623236|comment_id:|miduid:6499137849|rootmid:4979290360254447|rootuid:7887746450|authorid:7887746450|uuid:4979289136037923|is_ad_weibo:0|analysis_card:url_struct"}, "storage_type": "oss", "hide": 0, "object_type": "", "ttl": 3600, "h5_target_url": "https://video.weibo.com/show?fid=1034:4979288831623236&amp;from=1FFFF96039&amp;weiboauthoruid=7887746450", "need_save_obj": 0}, {"url_title": "锦月如歌超话", "url_type_pic": "https://h5.sinaimg.cn/upload/100/959/2020/05/09/timeline_card_small_super.png", "ori_url": "sinaweibo://pageinfo?containerid=100808c56ff56be3c846ce892264ec09d3d873&amp;extparam=锦月如歌&amp;extension=%7B%22mblog_object_ref%22%3A%22content%22%7D", "page_id": "100808c56ff56be3c846ce892264ec09d3d873", "short_url": "#锦月如歌[超话]#", "long_url": "", "url_type": "", "result": false, "actionlog": {"act_type": 1, "act_code": 300, "oid": "1022:100808c56ff56be3c846ce892264ec09d3d873", "uuid": 4914302816616687, "cardid": "", "lcardid": "", "uicode": "", "luicode": "", "fid": "1076036499137849_-_WEIBO_SECOND_PROFILE_WEIBO", "lfid": "", "ext": "mid:4979290360254447|rid:18_0_50_162998028989252918_0_0_0|short_url:|long_url:|comment_id:|miduid:6499137849|rootmid:4979290360254447|rootuid:7887746450|authorid:|uuid:4914302816616687|is_ad_weibo:0|analysis_card:url_struct"}, "storage_type": "", "hide": 0, "object_type": "", "h5_target_url": "https://huati.weibo.com/k/%E9%94%A6%E6%9C%88%E5%A6%82%E6%AD%8C?from=1FFFF96039&amp;weiboauthoruid=7887746450", "need_save_obj": 0}], "mblogtype": 0, "showFeedRepost": false, "showFeedComment": false, "pictureViewerSign": false, "showPictureViewer": false, "rcList": [], "text": "是谁的嘴乐得合不上了[丰收了]", "region_name": "发布于 辽宁", "customIcons": [], "retweeted_status": {"visible": {"type": 0, "list_id": 0}, "created_at": "Fri Dec 15 19:13:15 +0800 2023", "id": 4979290360254447, "idstr": "4979290360254447", "mid": "4979290360254447", "mblogid": "NxgHG14bZ", "user": {"id": 7887746450, "idstr": "7887746450", "pc_new": 0, "screen_name": "今天星期几JT", "profile_image_url": "https://tvax2.sinaimg.cn/crop.0.0.1080.1080.50/008BObaWly8hke3tbkid3j30u00u041k.jpg?KID=imgbed,tva&amp;Expires=1704618436&amp;ssig=L9wQOs%2FOsr", "profile_url": "/u/7887746450", "verified": false, "verified_type": -1, "domain": "", "weihao": "", "avatar_large": "https://tvax2.sinaimg.cn/crop.0.0.1080.1080.180/008BObaWly8hke3tbkid3j30u00u041k.jpg?KID=imgbed,tva&amp;Expires=1704618436&amp;ssig=Tbuy8wvaxE", "avatar_hd": "https://tvax2.sinaimg.cn/crop.0.0.1080.1080.1024/008BObaWly8hke3tbkid3j30u00u041k.jpg?KID=imgbed,tva&amp;Expires=1704618436&amp;ssig=IVy2zAEs%2Bp", "follow_me": false, "following": false, "mbrank": 1, "mbtype": 11, "v_plus": 0, "planet_video": false, "icon_list": [{"type": "vip", "data": {"mbrank": 1, "mbtype": 11, "svip": 1, "vvip": 0}}]}, "can_edit": false, "text_raw": "#锦月如歌[超话]# 🌙 #锦月如歌# \n“爬到够高的地方，就可以上天揽月，手摘星辰。”\n#周也禾晏# 🌙#丞磊肖珏# http://t.cn/A6lIWTAT ​​​", "textLength": 127, "annotations": [[], {"client_mblogid": "iPhone-CEC03A9B-D6F0-4240-AEBD-60B2752BBF86"}, {"source_text": "", "phone_id": ""}, {"mapi_request": true}], "source": "iPhone客户端", "favorited": false, "buttons": [{"type": "follow", "name": "加关注", "params": {"uid": 7887746450, "disable_group": 1, "extparams": {"followcardid": "1008080010_"}}, "actionlog": {"act_code": "92", "oid": "4979290360254447"}}], "rid": "18_0_50_162998028989252918_0_0_0", "pic_ids": [], "geo": "", "pic_num": 0, "is_paid": false, "mblog_vip_type": 0, "number_display_strategy": {"apply_scenario_flag": 3, "display_text_min_number": 1000000, "display_text": "100万+"}, "title_source": {"name": "锦月如歌超话", "url": "sinaweibo://pageinfo?pageid=100808c56ff56be3c846ce892264ec09d3d873&amp;extparam=锦月如歌", "image": "http://wx1.sinaimg.cn/thumbnail/006Kv18Dly8hkpl492qqzj30m80m8acw.jpg"}, "reposts_count": 86, "comments_count": 24, "attitudes_count": 442, "attitudes_status": 0, "isLongText": false, "mlevel": 1048576, "content_auth": 0, "is_show_bulletin": 3, "comment_manage_info": {"comment_permission_type": -1, "approval_comment_type": 0, "comment_sort_type": 0, "ai_play_picture_type": 0}, "mblogtype": 0, "showFeedRepost": false, "showFeedComment": false, "pictureViewerSign": false, "showPictureViewer": false, "rcList": [], "text": "&lt;a href=\"//s.weibo.com/weibo?q=%23%E9%94%A6%E6%9C%88%E5%A6%82%E6%AD%8C%5B%E8%B6%85%E8%AF%9D%5D%23\" target=\"_blank\"&gt;&lt;a target=\"_blank\" href=\"https://weibo.com/p/100808c56ff56be3c846ce892264ec09d3d873\"&gt;&lt;img class=\"icon-link\" src=\"https://h5.sinaimg.cn/upload/100/959/2020/05/09/timeline_card_small_super_default.png\"/&gt;锦月如歌超话&lt;/a&gt;&lt;/a&gt; 🌙 &lt;a href=\"//s.weibo.com/weibo?q=%23%E9%94%A6%E6%9C%88%E5%A6%82%E6%AD%8C%23\" target=\"_blank\"&gt;#锦月如歌#&lt;/a&gt; &lt;br /&gt;“爬到够高的地方，就可以上天揽月，手摘星辰。”&lt;br /&gt;&lt;a href=\"//s.weibo.com/weibo?q=%23%E5%91%A8%E4%B9%9F%E7%A6%BE%E6%99%8F%23\" target=\"_blank\"&gt;#周也禾晏#&lt;/a&gt; 🌙&lt;a href=\"//s.weibo.com/weibo?q=%23%E4%B8%9E%E7%A3%8A%E8%82%96%E7%8F%8F%23\" target=\"_blank\"&gt;#丞磊肖珏#&lt;/a&gt; &lt;a target=\"_blank\" href=\"https://video.weibo.com/show?fid=1034:4979288831623236\"&gt;&lt;img class=\"icon-link\" src=\"https://h5.sinaimg.cn/upload/2015/09/25/3/timeline_card_small_video_default.png\"/&gt;今天星期几JT的微博视频&lt;/a&gt; ​​​", "region_name": "发布于 陕西", "customIcons": []}, "page_info": {"type": 5, "page_id": "2304444979288831623236", "object_type": "video", "oid": "7887746450", "page_title": "今天星期几JT的微博视频", "page_pic": "https://wx1.sinaimg.cn/orj480/008BObaWly1hkuopl57akj30pr0ei41r.jpg", "type_icon": "", "page_url": "sinaweibo://infopage?containerid=2304444979288831623236&amp;containerid=2304444979288831623236&amp;url_type=39&amp;object_type=video&amp;pos=2", "object_id": "1034:4979288831623236", "media_info": {"name": "今天星期几JT的微博视频", "stream_url": "http://f.video.weibocdn.com/o0/GznM5EP1lx08aY0Y5XC80104120059GX0E010.mp4?label=mp4_ld&amp;template=640x360.25.0&amp;ori=0&amp;ps=1CwnkDw1GXwCQx&amp;Expires=1704611236&amp;ssig=TkW8%2F2mgXI&amp;KID=unistore,video", "stream_url_hd": "http://f.video.weibocdn.com/o0/7N6T9moSlx08aY0Y5K5q0104120083rl0E010.mp4?label=mp4_hd&amp;template=852x480.25.0&amp;ori=0&amp;ps=1CwnkDw1GXwCQx&amp;Expires=1704611236&amp;ssig=Mu0uUCASmi&amp;KID=unistore,video", "format": "mp4", "h5_url": "https://video.weibo.com/show?fid=1034:4979288831623236", "mp4_sd_url": "http://f.video.weibocdn.com/o0/GznM5EP1lx08aY0Y5XC80104120059GX0E010.mp4?label=mp4_ld&amp;template=640x360.25.0&amp;ori=0&amp;ps=1CwnkDw1GXwCQx&amp;Expires=1704611236&amp;ssig=TkW8%2F2mgXI&amp;KID=unistore,video", "mp4_hd_url": "http://f.video.weibocdn.com/o0/7N6T9moSlx08aY0Y5K5q0104120083rl0E010.mp4?label=mp4_hd&amp;template=852x480.25.0&amp;ori=0&amp;ps=1CwnkDw1GXwCQx&amp;Expires=1704611236&amp;ssig=Mu0uUCASmi&amp;KID=unistore,video", "h265_mp4_hd": "", "h265_mp4_ld": "", "inch_4_mp4_hd": "", "inch_5_mp4_hd": "", "inch_5_5_mp4_hd": "", "mp4_720p_mp4": "http://f.video.weibocdn.com/o0/tK8RwzCFlx08aY0YwMJy01041200fKHZ0E010.mp4?label=mp4_720p&amp;template=1280x720.25.0&amp;ori=0&amp;ps=1CwnkDw1GXwCQx&amp;Expires=1704611236&amp;ssig=9pjQgJ4EcT&amp;KID=unistore,video", "hevc_mp4_720p": "", "prefetch_type": 1, "prefetch_size": 262144, "act_status": 1, "protocol": "general,dash", "media_id": "4979288831623236", "origin_total_bitrate": 31633002, "video_orientation": "horizontal", "duration": 23, "forward_strategy": -1, "search_scheme": "sinaweibo://svssearch?containerid=232080", "is_short_video": 0, "vote_is_show": 0, "belong_collection": 0, "titles_display_time": "3", "show_progress_bar": 1, "show_mute_button": true, "ext_info": {"video_orientation": "horizontal"}, "next_title": "#锦月如歌[超话]# 🌙 #锦月如歌# \n“爬到够高的地方，就可以上天揽月，手摘星辰。”\n#周也禾晏# 🌙#丞磊肖珏#", "kol_title": "晏珏", "play_completion_actions": [{"type": "1", "icon": "https://h5.sinaimg.cn/upload/100/1413/2021/12/22/feed_video_icon_replay.png", "text": "重播", "link": "", "btn_code": 1000, "show_position": 1, "actionlog": {"oid": "2304444979288831623236", "act_code": 1221, "act_type": 0, "source": "video"}}, {"type": 6, "icon": "https://tvax2.sinaimg.cn/crop.0.0.1080.1080.180/008BObaWly8hke3tbkid3j30u00u041k.jpg?KID=imgbed,tva&amp;Expires=1704618436&amp;ssig=Tbuy8wvaxE", "text": "", "display_mode": 2, "display_starttime": 5, "display_endtime": 99999, "countdown_time": 5, "show_position": 48, "scheme": "", "link": "", "btn_code": 1009, "actionlog": {"oid": "2304444979288831623236", "act_code": 91, "act_type": 0, "source": "video", "ext": "mid:4979290360254447|oid:1034:4979288831623236|muid:7887746450|authorid:7887746450"}, "ext": {"uid": "7887746450", "user_name": "今天星期几JT", "followers_count": 148, "verified_type": -1, "level": 3}, "display_type": 0}], "video_publish_time": 1702638503, "play_loop_type": 0, "video_title": "晏珏", "author_mid": "4979290360254447", "author_name": "今天星期几JT", "extra_info": {"sceneid": "profile_mb"}, "video_download_strategy": {"abandon_download": 0}, "jump_to": 6, "big_pic_info": {"pic_big": {"height": 522, "url": "https://wx1.sinaimg.cn/orj1080/008BObaWly1hkuopl57akj30pr0ei41r.jpg", "width": 927}, "pic_small": {"height": 150, "url": "https://wx1.sinaimg.cn/or180/008BObaWly1hkuopl57akj30pr0ei41r.jpg", "width": 266}, "pic_middle": {"height": 270, "url": "https://wx1.sinaimg.cn/or360/008BObaWly1hkuopl57akj30pr0ei41r.jpg", "width": 479}}, "online_users": "2.5万次观看", "online_users_number": 25971, "ttl": 3600, "storage_type": "oss", "is_keep_current_mblog": 0, "author_info": {"id": 7887746450, "idstr": "7887746450", "pc_new": 0, "screen_name": "今天星期几JT", "profile_image_url": "https://tvax2.sinaimg.cn/crop.0.0.1080.1080.50/008BObaWly8hke3tbkid3j30u00u041k.jpg?KID=imgbed,tva&amp;Expires=1704618437&amp;ssig=CIlfyDcCrh", "profile_url": "/u/7887746450", "verified": false, "verified_type": -1, "domain": "", "weihao": "", "avatar_large": "https://tvax2.sinaimg.cn/crop.0.0.1080.1080.180/008BObaWly8hke3tbkid3j30u00u041k.jpg?KID=imgbed,tva&amp;Expires=1704618437&amp;ssig=H%2Fh40N%2BCTW", "avatar_hd": "https://tvax2.sinaimg.cn/crop.0.0.1080.1080.1024/008BObaWly8hke3tbkid3j30u00u041k.jpg?KID=imgbed,tva&amp;Expires=1704618437&amp;ssig=0gg41By6hZ", "follow_me": false, "following": false, "mbrank": 1, "mbtype": 11, "v_plus": 0, "planet_video": false, "description": "今天星期几呀", "location": "湖南", "gender": "f", "followers_count": 149, "followers_count_str": "149", "friends_count": 18, "statuses_count": 33, "url": "", "svip": 1, "vvip": 0, "cover_image_phone": "https://ww1.sinaimg.cn/crop.0.0.640.640.640/549d0121tw1egm1kjly3jj20hs0hsq4f.jpg"}, "playback_list": [{"meta": {"label": "mp4_1080p", "quality_index": 1080, "quality_desc": "高清", "quality_label": "1080p", "quality_class": "HD", "type": 1, "quality_group": 1080, "is_hidden": false}, "play_info": {"type": 1, "mime": "video/mp4", "protocol": "general", "label": "mp4_1080p", "url": "https://f.video.weibocdn.com/o0/c8gqAnIJlx08aY0ZgdgI01041200usE10E010.mp4?label=mp4_1080p&amp;template=1920x1080.25.0&amp;media_id=4979288831623236&amp;tp=8x8A3El:YTkl0eM8&amp;us=0&amp;ori=1&amp;bf=4&amp;ot=h&amp;lp=00003MndIw&amp;ps=mZ6WB&amp;uid=8uaJsH&amp;ab=,8012-g2,8143-g0,3601-g19,3601-g36,8013-g0,3601-g19&amp;Expires=1704611237&amp;ssig=yQb61PZLLi&amp;KID=unistore,video", "bitrate": 2476532, "prefetch_range": "0-1187132", "video_codecs": "avc1.640032", "fps": 30, "width": 1920, "height": 1080, "size": 7259953, "duration": 23.451, "sar": "0.0", "audio_codecs": "mp4a.40.5", "audio_sample_rate": 44100, "quality_label": "1080p", "quality_class": "HD", "quality_desc": "高清", "audio_channels": 2, "audio_sample_fmt": "fltp", "audio_bits_per_sample": 0, "watermark": "none", "extension": {"transcode_info": {"pcdn_rule_id": 0, "pcdn_jank": 0, "origin_video_dr": "SDR", "ab_strategies": ",8012-g2,8143-g0,3601-g19,3601-g36,8013-g0,3601-g19"}}, "video_decoder": "hard", "prefetch_enabled": true, "tcp_receive_buffer": 262144, "dolby_atmos": false, "color_transfer": "bt709", "first_pkt_end_pos": 59801}}, {"meta": {"label": "mp4_720p", "quality_index": 720, "quality_desc": "高清", "quality_label": "720p", "quality_class": "HD", "type": 1, "quality_group": 720, "is_hidden": false}, "play_info": {"type": 1, "mime": "video/mp4", "protocol": "general", "label": "mp4_720p", "url": "https://f.video.weibocdn.com/o0/tK8RwzCFlx08aY0YwMJy01041200fKHZ0E010.mp4?label=mp4_720p&amp;template=1280x720.25.0&amp;media_id=4979288831623236&amp;tp=8x8A3El:YTkl0eM8&amp;us=0&amp;ori=1&amp;bf=4&amp;ot=h&amp;lp=00003MndIw&amp;ps=mZ6WB&amp;uid=8uaJsH&amp;ab=,8012-g2,8143-g0,3601-g19,3601-g36,8013-g0,3601-g19&amp;Expires=1704611237&amp;ssig=N0wybkFM%2Fe&amp;KID=unistore,video", "bitrate": 1280734, "prefetch_range": "0-643136", "video_codecs": "avc1.64001f", "fps": 30, "width": 1280, "height": 720, "size": 3754471, "duration": 23.451, "sar": "0.0", "audio_codecs": "mp4a.40.5", "audio_sample_rate": 44100, "quality_label": "720p", "quality_class": "HD", "quality_desc": "高清", "audio_channels": 2, "audio_sample_fmt": "fltp", "audio_bits_per_sample": 0, "watermark": "none", "extension": {"transcode_info": {"pcdn_rule_id": 0, "pcdn_jank": 0, "origin_video_dr": "SDR", "ab_strategies": ",8012-g2,8143-g0,3601-g19,3601-g36,8013-g0,3601-g19"}}, "video_decoder": "hard", "prefetch_enabled": true, "tcp_receive_buffer": 262144, "dolby_atmos": false, "color_transfer": "bt709", "first_pkt_end_pos": 44049}}, {"meta": {"label": "mp4_hd", "quality_index": 480, "quality_desc": "标清", "quality_label": "480p", "quality_class": "SD", "type": 1, "quality_group": 480, "is_hidden": false}, "play_info": {"type": 1, "mime": "video/mp4", "protocol": "general", "label": "mp4_hd", "url": "https://f.video.weibocdn.com/o0/7N6T9moSlx08aY0Y5K5q0104120083rl0E010.mp4?label=mp4_hd&amp;template=852x480.25.0&amp;media_id=4979288831623236&amp;tp=8x8A3El:YTkl0eM8&amp;us=0&amp;ori=1&amp;bf=4&amp;ot=h&amp;lp=00003MndIw&amp;ps=mZ6WB&amp;uid=8uaJsH&amp;ab=,8012-g2,8143-g0,3601-g19,3601-g36,8013-g0,3601-g19&amp;Expires=1704611237&amp;ssig=ta46zIEXhz&amp;KID=unistore,video", "bitrate": 654904, "prefetch_range": "0-349028", "video_codecs": "avc1.64001f", "fps": 30, "width": 852, "height": 480, "size": 1919851, "duration": 23.451, "sar": "0.0", "audio_codecs": "mp4a.40.5", "audio_sample_rate": 44100, "quality_label": "480p", "quality_class": "SD", "quality_desc": "标清", "audio_channels": 2, "audio_sample_fmt": "fltp", "audio_bits_per_sample": 0, "watermark": "none", "extension": {"transcode_info": {"pcdn_rule_id": 0, "pcdn_jank": 0, "origin_video_dr": "SDR", "ab_strategies": ",8012-g2,8143-g0,3601-g19,3601-g36,8013-g0,3601-g19"}}, "video_decoder": "hard", "prefetch_enabled": true, "tcp_receive_buffer": 262144, "dolby_atmos": false, "color_transfer": "bt709", "first_pkt_end_pos": 34040}}, {"meta": {"label": "scrubber_hd", "quality_index": 480, "quality_desc": "标清", "quality_label": "480p", "quality_class": "SD", "type": 3, "quality_group": 480, "is_hidden": false}, "play_info": {"type": 3, "mime": "image/jpeg", "protocol": "general", "label": "scrubber_hd", "url": "https://wx2.sinaimg.cn/large/008BObaWly1hkuokpqe24j30qo460tcw.jpg?media_id=4979288831623236&amp;tp=8x8A3El:YTkl0eM8&amp;us=0&amp;ori=1&amp;bf=4&amp;ot=h&amp;lp=00003MndIw&amp;ps=mZ6WB&amp;uid=8uaJsH&amp;ab=,8012-g2,8143-g0,3601-g19,3601-g36,8013-g0,3601-g19&amp;Expires=1704611237&amp;ssig=LEMAES%2B5Zo&amp;KID=unistore,video", "prefetch_range": "0-512000", "width": 320, "height": 180, "quality_label": "480p", "quality_class": "SD", "quality_desc": "标清", "extension": {"transcode_info": {"pcdn_rule_id": 0, "pcdn_jank": 0, "origin_video_dr": "SDR", "ab_strategies": ",8012-g2,8143-g0,3601-g19,3601-g36,8013-g0,3601-g19"}}, "video_decoder": "hard", "prefetch_enabled": true, "tcp_receive_buffer": 262144, "col": 3, "row": 30, "interval": 1, "offset": 0.5, "urls": ["http://wx4.sinaimg.cn/large/008BObaWly1hkuokpqe24j30qo460tcw.jpg"]}}, {"meta": {"label": "mp4_ld", "quality_index": 360, "quality_desc": "流畅", "quality_label": "360p", "quality_class": "SD", "type": 1, "quality_group": 360, "is_hidden": false}, "play_info": {"type": 1, "mime": "video/mp4", "protocol": "general", "label": "mp4_ld", "url": "https://f.video.weibocdn.com/o0/GznM5EP1lx08aY0Y5XC80104120059GX0E010.mp4?label=mp4_ld&amp;template=640x360.25.0&amp;media_id=4979288831623236&amp;tp=8x8A3El:YTkl0eM8&amp;us=0&amp;ori=1&amp;bf=4&amp;ot=h&amp;lp=00003MndIw&amp;ps=mZ6WB&amp;uid=8uaJsH&amp;ab=,8012-g2,8143-g0,3601-g19,3601-g36,8013-g0,3601-g19&amp;Expires=1704611237&amp;ssig=ZfgwExYkCS&amp;KID=unistore,video", "bitrate": 419204, "prefetch_range": "0-234140", "video_codecs": "avc1.64001e", "fps": 30, "width": 640, "height": 360, "size": 1228899, "duration": 23.451, "sar": "0.0", "audio_codecs": "mp4a.40.5", "audio_sample_rate": 44100, "quality_label": "360p", "quality_class": "SD", "quality_desc": "流畅", "audio_channels": 2, "audio_sample_fmt": "fltp", "audio_bits_per_sample": 0, "watermark": "none", "extension": {"transcode_info": {"pcdn_rule_id": 0, "pcdn_jank": 0, "origin_video_dr": "SDR", "ab_strategies": ",8012-g2,8143-g0,3601-g19,3601-g36,8013-g0,3601-g19"}}, "video_decoder": "hard", "prefetch_enabled": true, "tcp_receive_buffer": 262144, "dolby_atmos": false, "color_transfer": "bt709", "first_pkt_end_pos": 27819}}]}, "author_id": "7887746450", "authorid": "7887746450", "cards": [{"type": "11", "page_id": "2304444979288831623236", "object_type": "video", "object_id": "1034:4979288831623236", "content1": "今天星期几JT的微博视频", "content2": "#锦月如歌[超话]# 🌙 #锦月如歌# \n“爬到够高的地方，就可以上天揽月，手摘星辰。”\n#周也禾晏# 🌙#丞磊肖珏#", "act_status": 1, "media_info": {"name": "今天星期几JT的微博视频", "stream_url": "http://f.video.weibocdn.com/o0/GznM5EP1lx08aY0Y5XC80104120059GX0E010.mp4?label=mp4_ld&amp;template=640x360.25.0&amp;ori=0&amp;ps=1CwnkDw1GXwCQx&amp;Expires=1704611236&amp;ssig=TkW8%2F2mgXI&amp;KID=unistore,video", "stream_url_hd": "http://f.video.weibocdn.com/o0/7N6T9moSlx08aY0Y5K5q0104120083rl0E010.mp4?label=mp4_hd&amp;template=852x480.25.0&amp;ori=0&amp;ps=1CwnkDw1GXwCQx&amp;Expires=1704611236&amp;ssig=Mu0uUCASmi&amp;KID=unistore,video", "format": "mp4", "h5_url": "https://video.weibo.com/show?fid=1034:4979288831623236", "mp4_sd_url": "http://f.video.weibocdn.com/o0/GznM5EP1lx08aY0Y5XC80104120059GX0E010.mp4?label=mp4_ld&amp;template=640x360.25.0&amp;ori=0&amp;ps=1CwnkDw1GXwCQx&amp;Expires=1704611236&amp;ssig=TkW8%2F2mgXI&amp;KID=unistore,video", "mp4_hd_url": "http://f.video.weibocdn.com/o0/7N6T9moSlx08aY0Y5K5q0104120083rl0E010.mp4?label=mp4_hd&amp;template=852x480.25.0&amp;ori=0&amp;ps=1CwnkDw1GXwCQx&amp;Expires=1704611236&amp;ssig=Mu0uUCASmi&amp;KID=unistore,video", "h265_mp4_hd": "", "h265_mp4_ld": "", "inch_4_mp4_hd": "", "inch_5_mp4_hd": "", "inch_5_5_mp4_hd": "", "mp4_720p_mp4": "http://f.video.weibocdn.com/o0/tK8RwzCFlx08aY0YwMJy01041200fKHZ0E010.mp4?label=mp4_720p&amp;template=1280x720.25.0&amp;ori=0&amp;ps=1CwnkDw1GXwCQx&amp;Expires=1704611236&amp;ssig=9pjQgJ4EcT&amp;KID=unistore,video", "hevc_mp4_720p": "", "prefetch_type": 1, "prefetch_size": 262144, "act_status": 1, "protocol": "general,dash", "media_id": "4979288831623236", "origin_total_bitrate": 31633002, "video_orientation": "horizontal", "duration": 23, "forward_strategy": -1, "search_scheme": "sinaweibo://svssearch?containerid=232080", "is_short_video": 0, "vote_is_show": 0, "belong_collection": 0, "titles_display_time": "3", "show_progress_bar": 1, "show_mute_button": true, "ext_info": {"video_orientation": "horizontal"}, "next_title": "#锦月如歌[超话]# 🌙 #锦月如歌# \n“爬到够高的地方，就可以上天揽月，手摘星辰。”\n#周也禾晏# 🌙#丞磊肖珏#", "kol_title": "晏珏", "play_completion_actions": [{"type": "1", "icon": "https://h5.sinaimg.cn/upload/100/1413/2021/12/22/feed_video_icon_replay.png", "text": "重播", "link": "", "btn_code": 1000, "show_position": 1, "actionlog": {"oid": "2304444979288831623236", "act_code": 1221, "act_type": 0, "source": "video"}}, {"type": 6, "icon": "https://tvax2.sinaimg.cn/crop.0.0.1080.1080.180/008BObaWly8hke3tbkid3j30u00u041k.jpg?KID=imgbed,tva&amp;Expires=1704618436&amp;ssig=Tbuy8wvaxE", "text": "", "display_mode": 2, "display_starttime": 5, "display_endtime": 99999, "countdown_time": 5, "show_position": 48, "scheme": "", "link": "", "btn_code": 1009, "actionlog": {"oid": "2304444979288831623236", "act_code": 91, "act_type": 0, "source": "video", "ext": "mid:4979290360254447|oid:1034:4979288831623236|muid:7887746450|authorid:7887746450"}, "ext": {"uid": "7887746450", "user_name": "今天星期几JT", "followers_count": 148, "verified_type": -1, "level": 3}, "display_type": 0}], "video_publish_time": 1702638503, "play_loop_type": 0, "video_title": "晏珏", "author_mid": "4979290360254447", "author_name": "今天星期几JT", "extra_info": {"sceneid": "profile_mb"}, "video_download_strategy": {"abandon_download": 0}, "jump_to": 6, "big_pic_info": {"pic_big": {"height": 522, "url": "https://wx1.sinaimg.cn/orj1080/008BObaWly1hkuopl57akj30pr0ei41r.jpg", "width": 927}, "pic_small": {"height": 150, "url": "https://wx1.sinaimg.cn/or180/008BObaWly1hkuopl57akj30pr0ei41r.jpg", "width": 266}, "pic_middle": {"height": 270, "url": "https://wx1.sinaimg.cn/or360/008BObaWly1hkuopl57akj30pr0ei41r.jpg", "width": 479}}, "online_users": "2.5万次观看", "online_users_number": 25971, "ttl": 3600, "storage_type": "oss"}, "page_pic": "https://wx1.sinaimg.cn/orj480/008BObaWly1hkuopl57akj30pr0ei41r.jpg", "page_title": "今天星期几JT的微博视频", "page_url": "sinaweibo://infopage?containerid=2304444979288831623236&amp;containerid=2304444979288831623236&amp;url_type=39&amp;object_type=video&amp;pos=2", "pic_info": {"pic_big": {"height": "480", "url": "https://wx1.sinaimg.cn/orj480/008BObaWly1hkuopl57akj30pr0ei41r.jpg", "width": "852"}, "pic_small": {"height": "480", "url": "https://wx1.sinaimg.cn/orj480/008BObaWly1hkuopl57akj30pr0ei41r.jpg", "width": "852"}, "pic_middle": {"url": "https://wx1.sinaimg.cn/orj480/008BObaWly1hkuopl57akj30pr0ei41r.jpg", "height": "480", "width": "852"}}, "oid": "7887746450", "type_icon": "", "author_id": "7887746450", "authorid": "7887746450", "warn": "", "actionlog": {"act_type": 1, "act_code": 799, "lcardid": "", "fid": "1076036499137849_-_WEIBO_SECOND_PROFILE_WEIBO", "mid": "4979290360254447", "oid": "1034:4979288831623236", "uuid": 4979289136037923, "source": "video", "ext": "uid:7774910775|mid:4979292737640850|objectid:1034%3A4979288831623236|from:1|object_duration:23.451|miduid:6499137849|rootuid:7887746450|rootmid:4979290360254447|authorid:7887746450|video_orientation:horizontal|third_vid:|is_album:0|is_contribution:0|video_tags:|isfan:0|ua:Mozilla/5.0 (Windows NT 10.0; Win64; x64) AppleWebKit/537.36 (KHTML, like Gecko) Chrome/120.0.0.0 Safari/537.36 WeiboPro/1.0.0|sceneid:profile_mb|uuid:4979289136037923|detail:native|contribution:0|short_video:0|st_video:1|author_mid:4979290360254447|cluster_type_status:|is_ad_weibo:0|container_mid:4979292737640850|analysis_card:page_info"}}, {"type": 34, "page_id": "2304444979288831623236", "object_type": "video", "page_desc": "影视 影视剪辑 · 2.5万次观看", "oid": "7887746450", "page_title": "影视 影视剪辑 · 2.5万次观看", "page_pic": "https://wx1.sinaimg.cn/orj480/008BObaWly1hkuopl57akj30pr0ei41r.jpg", "type_icon": "", "page_url": "sinaweibo://video/vvs?sceneid=profile_mb&amp;object_id=1034:4979288831623236&amp;mid=4979290360254447&amp;log_ext=is_contribution%3A%7Cfirst_level_channel_id%3A%7Csecond_level_channel_id%3A&amp;url_type=39&amp;object_type=video&amp;pos=2", "object_id": "1034:4979288831623236", "author_id": "7887746450", "authorid": "7887746450", "is_broadcast": 1, "icon_url": "https://h5.sinaimg.cn/upload/1000/1327/2021/01/20/videofeed_album_icon.png", "withPlayCount": true, "ext": "is_contribution:|first_level_channel_id:|second_level_channel_id:", "actionlog": {"act_type": 1, "act_code": "3457", "oid": "1034:4979288831623236", "uuid": 4979289136037923, "cardid": "", "lcardid": "", "uicode": "", "luicode": "", "fid": "1076036499137849_-_WEIBO_SECOND_PROFILE_WEIBO", "lfid": "", "ext": "mid:4979290360254447|rid:18_0_50_162998028989252918_0_0_0|short_url:http://t.cn/A6lIWTAT|long_url:https://video.weibo.com/show?fid=1034:4979288831623236|comment_id:|miduid:6499137849|rootmid:4979290360254447|rootuid:7887746450|authorid:7887746450|uuid:4979289136037923|is_ad_weibo:0|is_contribution:|first_level_channel_id:|second_level_channel_id:|play_page:playlist|analysis_card:page_info"}}], "actionlog": {"act_type": 1, "act_code": 799, "lcardid": "", "fid": "1076036499137849_-_WEIBO_SECOND_PROFILE_WEIBO", "mid": "4979290360254447", "oid": "1034:4979288831623236", "uuid": 4979289136037923, "source": "video", "ext": "uid:7774910775|mid:4979292737640850|objectid:1034%3A4979288831623236|from:1|object_duration:23.451|miduid:6499137849|rootuid:7887746450|rootmid:4979290360254447|authorid:7887746450|video_orientation:horizontal|third_vid:|is_album:0|is_contribution:0|video_tags:|isfan:0|ua:Mozilla/5.0 (Windows NT 10.0; Win64; x64) AppleWebKit/537.36 (KHTML, like Gecko) Chrome/120.0.0.0 Safari/537.36 WeiboPro/1.0.0|sceneid:profile_mb|uuid:4979289136037923|detail:native|contribution:0|short_video:0|st_video:1|author_mid:4979290360254447|cluster_type_status:|is_ad_weibo:0|container_mid:4979292737640850|analysis_card:page_info"}, "short_url": "http://t.cn/A6lIWTAT"}}