{"visible": {"type": 0, "list_id": 0}, "created_at": "Sun Dec 17 16:28:44 +0800 2023", "id": 4979973733751290, "idstr": "4979973733751290", "mid": "4979973733751290", "mblogid": "NxytTfJSG", "user": {"id": 6499137849, "idstr": "6499137849", "pc_new": 7, "screen_name": "冻梨好吃", "profile_image_url": "https://tvax3.sinaimg.cn/crop.0.0.962.962.50/0075PIE1ly8hkxs7vsob4j30qq0qq76e.jpg?KID=imgbed,tva&amp;Expires=1704618436&amp;ssig=WWUtWicPln", "profile_url": "/u/6499137849", "verified": false, "verified_type": -1, "domain": "", "weihao": "", "avatar_large": "https://tvax3.sinaimg.cn/crop.0.0.962.962.180/0075PIE1ly8hkxs7vsob4j30qq0qq76e.jpg?KID=imgbed,tva&amp;Expires=1704618436&amp;ssig=lpeErga5WN", "avatar_hd": "https://tvax3.sinaimg.cn/crop.0.0.962.962.1024/0075PIE1ly8hkxs7vsob4j30qq0qq76e.jpg?KID=imgbed,tva&amp;Expires=1704618436&amp;ssig=Qs%2FrBZ1opZ", "follow_me": false, "following": false, "mbrank": 0, "mbtype": 0, "v_plus": 0, "planet_video": false, "icon_list": []}, "can_edit": false, "text_raw": "被追着喂饭[吹风车][吹风车]", "annotations": [{"client_mblogid": "22e87cb2-28e7-48f6-b17f-e4e199c2bfbb"}, {"mapi_request": true}], "source": "Android", "favorited": false, "rid": "3_0_50_162998028989252918_0_0_0", "pic_ids": [], "pic_num": 0, "is_paid": false, "mblog_vip_type": 0, "number_display_strategy": {"apply_scenario_flag": 3, "display_text_min_number": 1000000, "display_text": "100万+"}, "reposts_count": 0, "comments_count": 0, "attitudes_count": 0, "attitudes_status": 0, "isLongText": false, "mlevel": 0, "content_auth": 0, "is_show_bulletin": 2, "comment_manage_info": {"comment_permission_type": -1, "approval_comment_type": 0, "comment_sort_type": 0}, "repost_type": 1, "share_repost_type": 0, "topic_struct": [{"title": "", "topic_url": "sinaweibo://searchall?containerid=231522&amp;q=%23%E9%94%A6%E6%9C%88%E5%A6%82%E6%AD%8C%23&amp;extparam=%23%E9%94%A6%E6%9C%88%E5%A6%82%E6%AD%8C%23", "topic_title": "锦月如歌", "actionlog": {"act_type": 1, "act_code": 300, "oid": "1022:231522c56ff56be3c846ce892264ec09d3d873", "uuid": 4914302418157583, "cardid": "", "lcardid": "", "uicode": "", "luicode": "", "fid": "1076036499137849_-_WEIBO_SECOND_PROFILE_WEIBO", "lfid": "", "ext": "mid:4979966402366983|rid:3_0_50_162998028989252918_0_0_0|short_url:|long_url:|comment_id:|miduid:6499137849|rootmid:4979966402366983|rootuid:7793082537|authorid:|uuid:4914302418157583|is_ad_weibo:0"}}], "url_struct": [{"url_title": "揣揣小手扭一扭的微博视频", "url_type_pic": "https://h5.sinaimg.cn/upload/2015/09/25/3/timeline_card_small_video.png", "ori_url": "sinaweibo://video/vvs?mid=4979966402366983&amp;object_id=1034:4979964194521144&amp;url_type=39&amp;object_type=video&amp;pos=1", "page_id": "2304444979964194521144", "short_url": "http://t.cn/A6lJP3lM", "long_url": "https://video.weibo.com/show?fid=1034:4979964194521144", "url_type": 39, "result": false, "actionlog": {"act_type": 1, "act_code": 300, "oid": "1034:4979964194521144", "uuid": 4979965756964910, "cardid": "", "lcardid": "", "uicode": "", "luicode": "", "fid": "1076036499137849_-_WEIBO_SECOND_PROFILE_WEIBO", "lfid": "", "ext": "mid:4979966402366983|rid:3_0_50_162998028989252918_0_0_0|short_url:http://t.cn/A6lJP3lM|long_url:https://video.weibo.com/show?fid=1034:4979964194521144|comment_id:|miduid:6499137849|rootmid:4979966402366983|rootuid:7793082537|authorid:7793082537|uuid:4979965756964910|is_ad_weibo:0|analysis_card:url_struct"}, "storage_type": "oss", "hide": 0, "object_type": "", "ttl": 3600, "h5_target_url": "https://video.weibo.com/show?fid=1034:4979964194521144&amp;from=1FFFF96039&amp;weiboauthoruid=7793082537", "need_save_obj": 0}, {"url_title": "锦月如歌超话", "url_type_pic": "https://h5.sinaimg.cn/upload/100/959/2020/05/09/timeline_card_small_super.png", "ori_url": "sinaweibo://pageinfo?containerid=100808c56ff56be3c846ce892264ec09d3d873&amp;extparam=锦月如歌&amp;extension=%7B%22mblog_object_ref%22%3A%22content%22%7D", "page_id": "100808c56ff56be3c846ce892264ec09d3d873", "short_url": "#锦月如歌[超话]#", "long_url": "", "url_type": "", "result": false, "actionlog": {"act_type": 1, "act_code": 300, "oid": "1022:100808c56ff56be3c846ce892264ec09d3d873", "uuid": 4914302816616687, "cardid": "", "lcardid": "", "uicode": "", "luicode": "", "fid": "1076036499137849_-_WEIBO_SECOND_PROFILE_WEIBO", "lfid": "", "ext": "mid:4979966402366983|rid:3_0_50_162998028989252918_0_0_0|short_url:|long_url:|comment_id:|miduid:6499137849|rootmid:4979966402366983|rootuid:7793082537|authorid:|uuid:4914302816616687|is_ad_weibo:0|analysis_card:url_struct"}, "storage_type": "", "hide": 0, "object_type": "", "h5_target_url": "https://huati.weibo.com/k/%E9%94%A6%E6%9C%88%E5%A6%82%E6%AD%8C?from=1FFFF96039&amp;weiboauthoruid=7793082537", "need_save_obj": 0}], "mblogtype": 0, "showFeedRepost": false, "showFeedComment": false, "pictureViewerSign": false, "showPictureViewer": false, "rcList": [], "text": "被追着喂饭&lt;img alt=\"[吹风车]\" title=\"[吹风车]\" src=\"https://face.t.sinajs.cn/t4/appstyle/expression/ext/normal/da/2023_Windmill_org.png\" /&gt;&lt;img alt=\"[吹风车]\" title=\"[吹风车]\" src=\"https://face.t.sinajs.cn/t4/appstyle/expression/ext/normal/da/2023_Windmill_org.png\" /&gt;", "region_name": "发布于 辽宁", "customIcons": [], "retweeted_status": {"visible": {"type": 0, "list_id": 0}, "created_at": "Sun Dec 17 15:59:36 +0800 2023", "id": 4979966402366983, "idstr": "4979966402366983", "mid": "4979966402366983", "mblogid": "Nxyi49VL9", "user": {"id": 7793082537, "idstr": "7793082537", "pc_new": 7, "screen_name": "揣揣小手扭一扭", "profile_image_url": "https://tvax1.sinaimg.cn/crop.0.0.1080.1080.50/008voYLDly8h6q3ec4ppyj30u00u0n1k.jpg?KID=imgbed,tva&amp;Expires=1704618436&amp;ssig=L8x335TuTg", "profile_url": "/u/7793082537", "verified": false, "verified_type": -1, "domain": "", "weihao": "", "avatar_large": "https://tvax1.sinaimg.cn/crop.0.0.1080.1080.180/008voYLDly8h6q3ec4ppyj30u00u0n1k.jpg?KID=imgbed,tva&amp;Expires=1704618436&amp;ssig=nR20%2FTVTK3", "avatar_hd": "https://tvax1.sinaimg.cn/crop.0.0.1080.1080.1024/008voYLDly8h6q3ec4ppyj30u00u0n1k.jpg?KID=imgbed,tva&amp;Expires=1704618436&amp;ssig=me5lf4gPSq", "follow_me": false, "following": false, "mbrank": 5, "mbtype": 12, "v_plus": 0, "planet_video": false, "icon_list": [{"type": "vip", "data": {"mbrank": 5, "mbtype": 12, "svip": 0, "vvip": 0}}]}, "can_edit": false, "text_raw": "们晏珏也有星光大赏[干杯]\n#锦月如歌# http://t.cn/A6lJP3lM ​​​", "textLength": 56, "annotations": [[], {"super_exparams": "{\"system_pic_only\":0}"}, {"client_mblogid": "a90e68c3-b0c7-4db8-b3d9-812a7ed19cd7"}, {"source_text": "", "phone_id": "-1"}, {"mapi_request": true}], "source": "", "favorited": false, "buttons": [{"type": "follow", "name": "加关注", "params": {"uid": 7793082537, "disable_group": 1, "extparams": {"followcardid": "1008080010_"}}, "actionlog": {"act_code": "92", "oid": "4979966402366983"}}], "rid": "3_0_50_162998028989252918_0_0_0", "cardid": "star_1221", "pic_ids": [], "geo": "", "pic_num": 0, "is_paid": false, "mblog_vip_type": 0, "number_display_strategy": {"apply_scenario_flag": 3, "display_text_min_number": 1000000, "display_text": "100万+"}, "title_source": {"name": "锦月如歌超话", "url": "sinaweibo://pageinfo?pageid=100808c56ff56be3c846ce892264ec09d3d873&amp;extparam=锦月如歌", "image": "http://wx1.sinaimg.cn/thumbnail/006Kv18Dly8hkpl492qqzj30m80m8acw.jpg"}, "reposts_count": 162, "comments_count": 61, "attitudes_count": 1744, "attitudes_status": 0, "isLongText": false, "mlevel": 0, "content_auth": 0, "is_show_bulletin": 3, "comment_manage_info": {"comment_permission_type": -1, "approval_comment_type": 0, "comment_sort_type": 0, "ai_play_picture_type": 0}, "mblogtype": 0, "showFeedRepost": false, "showFeedComment": false, "pictureViewerSign": false, "showPictureViewer": false, "rcList": [], "text": "们晏珏也有星光大赏&lt;img alt=\"[干杯]\" title=\"[干杯]\" src=\"https://face.t.sinajs.cn/t4/appstyle/expression/ext/normal/40/2018new_ganbei_org.png\" /&gt;&lt;br /&gt;&lt;a href=\"//s.weibo.com/weibo?q=%23%E9%94%A6%E6%9C%88%E5%A6%82%E6%AD%8C%23\" target=\"_blank\"&gt;#锦月如歌#&lt;/a&gt; &lt;a target=\"_blank\" href=\"https://video.weibo.com/show?fid=1034:4979964194521144\"&gt;&lt;img class=\"icon-link\" src=\"https://h5.sinaimg.cn/upload/2015/09/25/3/timeline_card_small_video_default.png\"/&gt;揣揣小手扭一扭的微博视频&lt;/a&gt; ​​​", "region_name": "发布于 浙江", "customIcons": []}, "page_info": {"type": "11", "page_id": "2304444979964194521144", "object_type": "video", "object_id": "1034:4979964194521144", "content1": "揣揣小手扭一扭的微博视频", "content2": "们晏珏也有星光大赏[干杯]\n#锦月如歌#", "act_status": 1, "media_info": {"name": "揣揣小手扭一扭的微博视频", "stream_url": "http://f.video.weibocdn.com/o0/kCGCfBKYlx08b0ZL0MSc010412022Xw40E010.mp4?label=mp4_720p&amp;template=720x1280.24.0&amp;ori=0&amp;ps=1CwnkDw1GXwCQx&amp;Expires=1704611236&amp;ssig=SN79g%2FXb5n&amp;KID=unistore,video", "stream_url_hd": "http://f.video.weibocdn.com/o0/kCGCfBKYlx08b0ZL0MSc010412022Xw40E010.mp4?label=mp4_720p&amp;template=720x1280.24.0&amp;ori=0&amp;ps=1CwnkDw1GXwCQx&amp;Expires=1704611236&amp;ssig=SN79g%2FXb5n&amp;KID=unistore,video", "format": "mp4", "h5_url": "https://video.weibo.com/show?fid=1034:4979964194521144", "mp4_sd_url": "http://f.video.weibocdn.com/o0/kCGCfBKYlx08b0ZL0MSc010412022Xw40E010.mp4?label=mp4_720p&amp;template=720x1280.24.0&amp;ori=0&amp;ps=1CwnkDw1GXwCQx&amp;Expires=1704611236&amp;ssig=SN79g%2FXb5n&amp;KID=unistore,video", "mp4_hd_url": "http://f.video.weibocdn.com/o0/kCGCfBKYlx08b0ZL0MSc010412022Xw40E010.mp4?label=mp4_720p&amp;template=720x1280.24.0&amp;ori=0&amp;ps=1CwnkDw1GXwCQx&amp;Expires=1704611236&amp;ssig=SN79g%2FXb5n&amp;KID=unistore,video", "h265_mp4_hd": "http://f.video.weibocdn.com/o0/kCGCfBKYlx08b0ZL0MSc010412022Xw40E010.mp4?label=mp4_720p&amp;template=720x1280.24.0&amp;ori=0&amp;ps=1CwnkDw1GXwCQx&amp;Expires=1704611236&amp;ssig=SN79g%2FXb5n&amp;KID=unistore,video", "h265_mp4_ld": "http://f.video.weibocdn.com/o0/kCGCfBKYlx08b0ZL0MSc010412022Xw40E010.mp4?label=mp4_720p&amp;template=720x1280.24.0&amp;ori=0&amp;ps=1CwnkDw1GXwCQx&amp;Expires=1704611236&amp;ssig=SN79g%2FXb5n&amp;KID=unistore,video", "inch_4_mp4_hd": "http://f.video.weibocdn.com/o0/kCGCfBKYlx08b0ZL0MSc010412022Xw40E010.mp4?label=mp4_720p&amp;template=720x1280.24.0&amp;ori=0&amp;ps=1CwnkDw1GXwCQx&amp;Expires=1704611236&amp;ssig=SN79g%2FXb5n&amp;KID=unistore,video", "inch_5_mp4_hd": "http://f.video.weibocdn.com/o0/kCGCfBKYlx08b0ZL0MSc010412022Xw40E010.mp4?label=mp4_720p&amp;template=720x1280.24.0&amp;ori=0&amp;ps=1CwnkDw1GXwCQx&amp;Expires=1704611236&amp;ssig=SN79g%2FXb5n&amp;KID=unistore,video", "inch_5_5_mp4_hd": "http://f.video.weibocdn.com/o0/kCGCfBKYlx08b0ZL0MSc010412022Xw40E010.mp4?label=mp4_720p&amp;template=720x1280.24.0&amp;ori=0&amp;ps=1CwnkDw1GXwCQx&amp;Expires=1704611236&amp;ssig=SN79g%2FXb5n&amp;KID=unistore,video", "mp4_720p_mp4": "http://f.video.weibocdn.com/o0/kCGCfBKYlx08b0ZL0MSc010412022Xw40E010.mp4?label=mp4_720p&amp;template=720x1280.24.0&amp;ori=0&amp;ps=1CwnkDw1GXwCQx&amp;Expires=1704611236&amp;ssig=SN79g%2FXb5n&amp;KID=unistore,video", "hevc_mp4_720p": "", "prefetch_type": 1, "prefetch_size": 262144, "act_status": 1, "protocol": "general,dash", "media_id": "4979964194521144", "origin_total_bitrate": 33303680, "video_orientation": "vertical", "duration": 184, "forward_strategy": -1, "search_scheme": "sinaweibo://svssearch?containerid=232080", "is_short_video": 0, "vote_is_show": 0, "belong_collection": 0, "titles_display_time": "3", "show_progress_bar": 1, "show_mute_button": true, "ext_info": {"video_orientation": "vertical"}, "next_title": "们晏珏也有星光大赏[干杯]\n#锦月如歌#", "kol_title": "们晏珏也有星光大赏[干杯]\n#锦月如歌#", "play_completion_actions": [{"type": "1", "icon": "https://h5.sinaimg.cn/upload/100/1413/2021/12/22/feed_video_icon_replay.png", "text": "重播", "link": "", "btn_code": 1000, "show_position": 1, "actionlog": {"oid": "2304444979964194521144", "act_code": 1221, "act_type": 0, "source": "video"}}, {"type": 6, "icon": "https://tvax1.sinaimg.cn/crop.0.0.1080.1080.180/008voYLDly8h6q3ec4ppyj30u00u0n1k.jpg?KID=imgbed,tva&amp;Expires=1704618436&amp;ssig=nR20%2FTVTK3", "text": "", "display_mode": 2, "display_starttime": 5, "display_endtime": 99999, "countdown_time": 5, "show_position": 48, "scheme": "", "link": "", "btn_code": 1009, "actionlog": {"oid": "2304444979964194521144", "act_code": 91, "act_type": 0, "source": "video", "ext": "mid:4979966402366983|oid:1034:4979964194521144|muid:7793082537|authorid:7793082537"}, "ext": {"uid": "7793082537", "user_name": "揣揣小手扭一扭", "followers_count": 394, "verified_type": -1, "level": 3}, "display_type": 0}], "video_publish_time": 1702799822, "play_loop_type": 0, "author_mid": "4979966402366983", "author_name": "揣揣小手扭一扭", "extra_info": {"sceneid": "profile_mb"}, "video_download_strategy": {"abandon_download": 0}, "jump_to": 6, "big_pic_info": {"pic_big": {"height": 1080, "url": "https://wx3.sinaimg.cn/orj1080/008voYLDgy1hkwty7e0uuj30mh0u0taw.jpg", "width": 809}, "pic_small": {"height": 240, "url": "https://wx3.sinaimg.cn/or180/008voYLDgy1hkwty7e0uuj30mh0u0taw.jpg", "width": 180}, "pic_middle": {"height": 480, "url": "https://wx3.sinaimg.cn/or360/008voYLDgy1hkwty7e0uuj30mh0u0taw.jpg", "width": 360}}, "online_users": "5万次观看", "online_users_number": 50173, "ttl": 3600, "storage_type": "oss", "is_keep_current_mblog": 0, "author_info": {"id": 7793082537, "idstr": "7793082537", "pc_new": 7, "screen_name": "揣揣小手扭一扭", "profile_image_url": "https://tvax1.sinaimg.cn/crop.0.0.1080.1080.50/008voYLDly8h6q3ec4ppyj30u00u0n1k.jpg?KID=imgbed,tva&amp;Expires=1704618437&amp;ssig=vkZcLbtewc", "profile_url": "/u/7793082537", "verified": false, "verified_type": -1, "domain": "", "weihao": "", "avatar_large": "https://tvax1.sinaimg.cn/crop.0.0.1080.1080.180/008voYLDly8h6q3ec4ppyj30u00u0n1k.jpg?KID=imgbed,tva&amp;Expires=1704618437&amp;ssig=Wi981or71b", "avatar_hd": "https://tvax1.sinaimg.cn/crop.0.0.1080.1080.1024/008voYLDly8h6q3ec4ppyj30u00u0n1k.jpg?KID=imgbed,tva&amp;Expires=1704618437&amp;ssig=PbwywuD14W", "follow_me": false, "following": false, "mbrank": 5, "mbtype": 12, "v_plus": 0, "planet_video": false, "description": "一起嗑才有意思", "location": "浙江", "gender": "f", "followers_count": 395, "followers_count_str": "395", "friends_count": 178, "statuses_count": 3273, "url": "", "svip": 0, "vvip": 0, "cover_image_phone": "https://wx1.sinaimg.cn/crop.0.0.640.640.640/008voYLDgy1hfug8xfuadj30u00u00sn.jpg"}, "playback_list": [{"meta": {"label": "mp4_1440p", "quality_index": 1440, "quality_desc": "超清", "quality_label": "2K", "quality_class": "HD", "type": 1, "quality_group": 1440, "is_hidden": false}, "play_info": {"type": 1, "mime": "video/mp4", "protocol": "general", "label": "mp4_1440p", "url": "https://f.video.weibocdn.com/o0/iha6AEM1lx08b0ZMpszS01041205pkCJ0E020.mp4?label=mp4_1440p&amp;template=1440x2560.25.0&amp;media_id=4979964194521144&amp;tp=8x8A3El:YTkl0eM8&amp;us=0&amp;ori=1&amp;bf=4&amp;ot=v&amp;lp=00003MndIw&amp;ps=mZ6WB&amp;uid=8uaJsH&amp;ab=,8012-g2,8143-g0,3601-g19,3601-g36,8013-g0,3601-g19&amp;Expires=1704611237&amp;ssig=bNcUOGPBxm&amp;KID=unistore,video", "bitrate": 3456524, "prefetch_range": "0-1387247", "video_codecs": "avc1.640032", "fps": 30, "width": 1440, "height": 2560, "size": 79919161, "duration": 184.97, "sar": "0.0", "audio_codecs": "mp4a.40.5", "audio_sample_rate": 44100, "quality_label": "2K", "quality_class": "HD", "quality_desc": "超清", "audio_channels": 2, "audio_sample_fmt": "fltp", "audio_bits_per_sample": 0, "watermark": "original", "extension": {"transcode_info": {"pcdn_rule_id": 0, "pcdn_jank": 0, "origin_video_dr": "SDR", "ab_strategies": ",8012-g2,8143-g0,3601-g19,3601-g36,8013-g0,3601-g19"}}, "video_decoder": "hard", "prefetch_enabled": true, "tcp_receive_buffer": 262144, "dolby_atmos": false, "color_transfer": "bt709", "first_pkt_end_pos": 187892}}, {"meta": {"label": "mp4_1080p", "quality_index": 1080, "quality_desc": "高清", "quality_label": "1080p", "quality_class": "HD", "type": 1, "quality_group": 1080, "is_hidden": false}, "play_info": {"type": 1, "mime": "video/mp4", "protocol": "general", "label": "mp4_1080p", "url": "https://f.video.weibocdn.com/o0/A4Yak65Llx08b0ZRpqp201041203YA540E020.mp4?label=mp4_1080p&amp;template=1080x1920.24.0&amp;media_id=4979964194521144&amp;tp=8x8A3El:YTkl0eM8&amp;us=0&amp;ori=1&amp;bf=4&amp;ot=v&amp;lp=00003MndIw&amp;ps=mZ6WB&amp;uid=8uaJsH&amp;ab=,8012-g2,8143-g0,3601-g19,3601-g36,8013-g0,3601-g19&amp;Expires=1704611237&amp;ssig=cMXgo0fT20&amp;KID=unistore,video", "bitrate": 2541704, "prefetch_range": "0-1058647", "video_codecs": "avc1.640032", "fps": 30, "width": 1080, "height": 1920, "size": 58767386, "duration": 184.97, "sar": "0.0", "audio_codecs": "mp4a.40.5", "audio_sample_rate": 44100, "quality_label": "1080p", "quality_class": "HD", "quality_desc": "高清", "audio_channels": 2, "audio_sample_fmt": "fltp", "audio_bits_per_sample": 0, "watermark": "original", "extension": {"transcode_info": {"pcdn_rule_id": 0, "pcdn_jank": 0, "origin_video_dr": "SDR", "ab_strategies": ",8012-g2,8143-g0,3601-g19,3601-g36,8013-g0,3601-g19"}}, "video_decoder": "hard", "prefetch_enabled": true, "tcp_receive_buffer": 262144, "dolby_atmos": false, "color_transfer": "bt709", "first_pkt_end_pos": 179567}}, {"meta": {"label": "mp4_720p", "quality_index": 720, "quality_desc": "高清", "quality_label": "720p", "quality_class": "HD", "type": 1, "quality_group": 720, "is_hidden": false}, "play_info": {"type": 1, "mime": "video/mp4", "protocol": "general", "label": "mp4_720p", "url": "https://f.video.weibocdn.com/o0/kCGCfBKYlx08b0ZL0MSc010412022Xw40E010.mp4?label=mp4_720p&amp;template=720x1280.24.0&amp;media_id=4979964194521144&amp;tp=8x8A3El:YTkl0eM8&amp;us=0&amp;ori=1&amp;bf=4&amp;ot=v&amp;lp=00003MndIw&amp;ps=mZ6WB&amp;uid=8uaJsH&amp;ab=,8012-g2,8143-g0,3601-g19,3601-g36,8013-g0,3601-g19&amp;Expires=1704611237&amp;ssig=ZLv7weJjb8&amp;KID=unistore,video", "bitrate": 1308671, "prefetch_range": "0-604563", "video_codecs": "avc1.64001f", "fps": 30, "width": 720, "height": 1280, "size": 30258112, "duration": 184.97, "sar": "0.0", "audio_codecs": "mp4a.40.5", "audio_sample_rate": 44100, "quality_label": "720p", "quality_class": "HD", "quality_desc": "高清", "audio_channels": 2, "audio_sample_fmt": "fltp", "audio_bits_per_sample": 0, "watermark": "original", "extension": {"transcode_info": {"pcdn_rule_id": 0, "pcdn_jank": 0, "origin_video_dr": "SDR", "ab_strategies": ",8012-g2,8143-g0,3601-g19,3601-g36,8013-g0,3601-g19"}}, "video_decoder": "hard", "prefetch_enabled": true, "tcp_receive_buffer": 262144, "dolby_atmos": false, "color_transfer": "bt709", "first_pkt_end_pos": 164411}}, {"meta": {"label": "mp4_hd", "quality_index": 480, "quality_desc": "标清", "quality_label": "480p", "quality_class": "SD", "type": 1, "quality_group": 480, "is_hidden": false}, "play_info": {"type": 1, "mime": "video/mp4", "protocol": "general", "label": "mp4_hd", "url": "https://f.video.weibocdn.com/o0/RNGIXMZxlx08b0ZKIgfC01041201guOU0E010.mp4?label=mp4_hd&amp;template=540x960.24.0&amp;media_id=4979964194521144&amp;tp=8x8A3El:YTkl0eM8&amp;us=0&amp;ori=1&amp;bf=4&amp;ot=v&amp;lp=00003MndIw&amp;ps=mZ6WB&amp;uid=8uaJsH&amp;ab=,8012-g2,8143-g0,3601-g19,3601-g36,8013-g0,3601-g19&amp;Expires=1704611237&amp;ssig=wH8ahAdfhr&amp;KID=unistore,video", "bitrate": 809128, "prefetch_range": "0-416862", "video_codecs": "avc1.64001f", "fps": 30, "width": 540, "height": 960, "size": 18708060, "duration": 184.97, "sar": "0.0", "audio_codecs": "mp4a.40.5", "audio_sample_rate": 44100, "quality_label": "480p", "quality_class": "SD", "quality_desc": "标清", "audio_channels": 2, "audio_sample_fmt": "fltp", "audio_bits_per_sample": 0, "watermark": "original", "extension": {"transcode_info": {"pcdn_rule_id": 0, "pcdn_jank": 0, "origin_video_dr": "SDR", "ab_strategies": ",8012-g2,8143-g0,3601-g19,3601-g36,8013-g0,3601-g19"}}, "video_decoder": "hard", "prefetch_enabled": true, "tcp_receive_buffer": 262144, "dolby_atmos": false, "color_transfer": "bt709", "first_pkt_end_pos": 163360}}, {"meta": {"label": "scrubber_hd", "quality_index": 480, "quality_desc": "标清", "quality_label": "480p", "quality_class": "SD", "type": 3, "quality_group": 480, "is_hidden": false}, "play_info": {"type": 3, "mime": "image/jpeg", "protocol": "general", "label": "scrubber_hd", "url": "https://wx2.sinaimg.cn/large/008voYLDly1hkwuap6695j30f07eowot.jpg?media_id=4979964194521144&amp;tp=8x8A3El:YTkl0eM8&amp;us=0&amp;ori=1&amp;bf=4&amp;ot=v&amp;lp=00003MndIw&amp;ps=mZ6WB&amp;uid=8uaJsH&amp;ab=,8012-g2,8143-g0,3601-g19,3601-g36,8013-g0,3601-g19&amp;Expires=1704611237&amp;ssig=RL7sVBzhuv&amp;KID=unistore,video", "prefetch_range": "0-512000", "width": 180, "height": 320, "quality_label": "480p", "quality_class": "SD", "quality_desc": "标清", "extension": {"transcode_info": {"pcdn_rule_id": 0, "pcdn_jank": 0, "origin_video_dr": "SDR", "ab_strategies": ",8012-g2,8143-g0,3601-g19,3601-g36,8013-g0,3601-g19"}}, "video_decoder": "hard", "prefetch_enabled": true, "tcp_receive_buffer": 262144, "col": 3, "row": 30, "interval": 2, "offset": 1, "urls": ["http://wx4.sinaimg.cn/large/008voYLDly1hkwuap6695j30f07eowot.jpg", "http://wx4.sinaimg.cn/large/008voYLDly1hkwuapbwvkj30f07eoq3z.jpg"]}}, {"meta": {"label": "mp4_ld", "quality_index": 360, "quality_desc": "流畅", "quality_label": "360p", "quality_class": "SD", "type": 1, "quality_group": 360, "is_hidden": false}, "play_info": {"type": 1, "mime": "video/mp4", "protocol": "general", "label": "mp4_ld", "url": "https://f.video.weibocdn.com/o0/FpqrDJIVlx08b0ZK4B2U01041200G6V50E010.mp4?label=mp4_ld&amp;template=360x640.24.0&amp;media_id=4979964194521144&amp;tp=8x8A3El:YTkl0eM8&amp;us=0&amp;ori=1&amp;bf=4&amp;ot=v&amp;lp=00003MndIw&amp;ps=mZ6WB&amp;uid=8uaJsH&amp;ab=,8012-g2,8143-g0,3601-g19,3601-g36,8013-g0,3601-g19&amp;Expires=1704611237&amp;ssig=tfVoLx2DPI&amp;KID=unistore,video", "bitrate": 434075, "prefetch_range": "0-291668", "video_codecs": "avc1.64001e", "fps": 30, "width": 360, "height": 640, "size": 10036379, "duration": 184.97, "sar": "0.0", "audio_codecs": "mp4a.40.5", "audio_sample_rate": 44100, "quality_label": "360p", "quality_class": "SD", "quality_desc": "流畅", "audio_channels": 2, "audio_sample_fmt": "fltp", "audio_bits_per_sample": 0, "watermark": "original", "extension": {"transcode_info": {"pcdn_rule_id": 0, "pcdn_jank": 0, "origin_video_dr": "SDR", "ab_strategies": ",8012-g2,8143-g0,3601-g19,3601-g36,8013-g0,3601-g19"}}, "video_decoder": "hard", "prefetch_enabled": true, "tcp_receive_buffer": 262144, "dolby_atmos": false, "color_transfer": "bt709", "first_pkt_end_pos": 154944}}]}, "page_pic": "https://wx3.sinaimg.cn/orj480/008voYLDgy1hkwty7e0uuj30mh0u0taw.jpg", "page_title": "揣揣小手扭一扭的微博视频", "page_url": "sinaweibo://infopage?containerid=2304444979964194521144&amp;containerid=2304444979964194521144&amp;url_type=39&amp;object_type=video&amp;pos=2", "pic_info": {"pic_big": {"height": "960", "url": "https://wx3.sinaimg.cn/orj480/008voYLDgy1hkwty7e0uuj30mh0u0taw.jpg", "width": "540"}, "pic_small": {"height": "960", "url": "https://wx3.sinaimg.cn/orj480/008voYLDgy1hkwty7e0uuj30mh0u0taw.jpg", "width": "540"}, "pic_middle": {"url": "https://wx3.sinaimg.cn/orj480/008voYLDgy1hkwty7e0uuj30mh0u0taw.jpg", "height": "960", "width": "540"}}, "oid": "7793082537", "type_icon": "", "author_id": "7793082537", "authorid": "7793082537", "warn": "", "actionlog": {"act_type": 1, "act_code": 799, "lcardid": "", "fid": "1076036499137849_-_WEIBO_SECOND_PROFILE_WEIBO", "mid": "4979966402366983", "oid": "1034:4979964194521144", "uuid": 4979965756964910, "source": "video", "ext": "uid:7774910775|mid:4979973733751290|objectid:1034%3A4979964194521144|from:1|object_duration:184.97|miduid:6499137849|rootuid:7793082537|rootmid:4979966402366983|authorid:7793082537|video_orientation:vertical|third_vid:|is_album:0|is_contribution:0|video_tags:|isfan:0|ua:Mozilla/5.0 (Windows NT 10.0; Win64; x64) AppleWebKit/537.36 (KHTML, like Gecko) Chrome/120.0.0.0 Safari/537.36 WeiboPro/1.0.0|sceneid:profile_mb|uuid:4979965756964910|detail:native|contribution:0|short_video:0|st_video:1|author_mid:4979966402366983|cluster_type_status:|is_ad_weibo:0|container_mid:4979973733751290|analysis_card:page_info"}, "short_url": "http://t.cn/A6lJP3lM"}}