{"visible": {"type": 0, "list_id": 0}, "created_at": "Sun Dec 17 13:30:23 +0800 2023", "id": 4979928849712564, "idstr": "4979928849712564", "mid": "4979928849712564", "mblogid": "NxxjuEKGg", "user": {"id": 6499137849, "idstr": "6499137849", "pc_new": 7, "screen_name": "冻梨好吃", "profile_image_url": "https://tvax3.sinaimg.cn/crop.0.0.962.962.50/0075PIE1ly8hkxs7vsob4j30qq0qq76e.jpg?KID=imgbed,tva&amp;Expires=1704618436&amp;ssig=WWUtWicPln", "profile_url": "/u/6499137849", "verified": false, "verified_type": -1, "domain": "", "weihao": "", "avatar_large": "https://tvax3.sinaimg.cn/crop.0.0.962.962.180/0075PIE1ly8hkxs7vsob4j30qq0qq76e.jpg?KID=imgbed,tva&amp;Expires=1704618436&amp;ssig=lpeErga5WN", "avatar_hd": "https://tvax3.sinaimg.cn/crop.0.0.962.962.1024/0075PIE1ly8hkxs7vsob4j30qq0qq76e.jpg?KID=imgbed,tva&amp;Expires=1704618436&amp;ssig=Qs%2FrBZ1opZ", "follow_me": false, "following": false, "mbrank": 0, "mbtype": 0, "v_plus": 0, "planet_video": false, "icon_list": []}, "can_edit": false, "text_raw": "好好好[吹风车][吹风车]", "annotations": [{"client_mblogid": "6613db3c-6158-4e6c-93a4-aae3cc7bd94e"}, {"mapi_request": true}], "source": "Android", "favorited": false, "rid": "6_0_50_162998028989252918_0_0_0", "pic_ids": [], "pic_num": 0, "is_paid": false, "mblog_vip_type": 0, "number_display_strategy": {"apply_scenario_flag": 3, "display_text_min_number": 1000000, "display_text": "100万+"}, "reposts_count": 0, "comments_count": 0, "attitudes_count": 0, "attitudes_status": 0, "isLongText": false, "mlevel": 0, "content_auth": 0, "is_show_bulletin": 2, "comment_manage_info": {"comment_permission_type": -1, "approval_comment_type": 0, "comment_sort_type": 0}, "repost_type": 1, "share_repost_type": 0, "mblogtype": 0, "showFeedRepost": false, "showFeedComment": false, "pictureViewerSign": false, "showPictureViewer": false, "rcList": [], "text": "好好好&lt;img alt=\"[吹风车]\" title=\"[吹风车]\" src=\"https://face.t.sinajs.cn/t4/appstyle/expression/ext/normal/da/2023_Windmill_org.png\" /&gt;&lt;img alt=\"[吹风车]\" title=\"[吹风车]\" src=\"https://face.t.sinajs.cn/t4/appstyle/expression/ext/normal/da/2023_Windmill_org.png\" /&gt;", "region_name": "发布于 辽宁", "customIcons": [], "retweeted_status": {"visible": {"type": 0, "list_id": 0}, "created_at": "Sun Dec 17 12:29:24 +0800 2023", "id": 4979913503541971, "idstr": "4979913503541971", "mid": "4979913503541971", "mblogid": "NxwUKeRqz", "user": {"id": 7793082537, "idstr": "7793082537", "pc_new": 7, "screen_name": "揣揣小手扭一扭", "profile_image_url": "https://tvax1.sinaimg.cn/crop.0.0.1080.1080.50/008voYLDly8h6q3ec4ppyj30u00u0n1k.jpg?KID=imgbed,tva&amp;Expires=1704618436&amp;ssig=L8x335TuTg", "profile_url": "/u/7793082537", "verified": false, "verified_type": -1, "domain": "", "weihao": "", "avatar_large": "https://tvax1.sinaimg.cn/crop.0.0.1080.1080.180/008voYLDly8h6q3ec4ppyj30u00u0n1k.jpg?KID=imgbed,tva&amp;Expires=1704618436&amp;ssig=nR20%2FTVTK3", "avatar_hd": "https://tvax1.sinaimg.cn/crop.0.0.1080.1080.1024/008voYLDly8h6q3ec4ppyj30u00u0n1k.jpg?KID=imgbed,tva&amp;Expires=1704618436&amp;ssig=me5lf4gPSq", "follow_me": false, "following": false, "mbrank": 5, "mbtype": 12, "v_plus": 0, "planet_video": false, "icon_list": [{"type": "vip", "data": {"mbrank": 5, "mbtype": 12, "svip": 0, "vvip": 0}}]}, "can_edit": false, "text_raw": "帮你们看了看监视器嘿嘿 ​​​", "textLength": 22, "annotations": [{"photo_sub_type": "0,0"}, {"client_mblogid": "b22898d4-6a8b-499f-99a2-aad0573b10ca"}, {"source_text": "", "phone_id": "-1"}, {"mapi_request": true}], "source": "", "favorited": false, "buttons": [{"type": "follow", "name": "加关注", "params": {"uid": 7793082537, "disable_group": 1, "extparams": {"followcardid": "1008080010_"}}, "actionlog": {"act_code": "92", "oid": "4979913503541971"}}], "rid": "6_0_50_162998028989252918_0_0_0", "cardid": "star_1221", "pic_ids": ["008voYLDgy1hkwo9dg6wrj30pw0jf77s", "008voYLDgy1hkwo9ei7mvj30qq0k1wi3"], "pic_focus_point": [{"focus_point": {"left": 0.1515459, "top": 0, "width": 0.72665286, "height": 0.9698075}, "pic_id": "008voYLDgy1hkwo9ei7mvj30qq0k1wi3"}, {"focus_point": {"left": 0.17846386, "top": 0.022981033, "width": 0.7334722, "height": 0.9770189}, "pic_id": "008voYLDgy1hkwo9dg6wrj30pw0jf77s"}], "geo": "", "pic_num": 2, "pic_infos": {"008voYLDgy1hkwo9dg6wrj30pw0jf77s": {"thumbnail": {"url": "https://wx4.sinaimg.cn/wap180/008voYLDgy1hkwo9dg6wrj30pw0jf77s.jpg", "width": 180, "height": 134, "cut_type": 1, "type": ""}, "bmiddle": {"url": "https://wx4.sinaimg.cn/wap360/008voYLDgy1hkwo9dg6wrj30pw0jf77s.jpg", "width": 360, "height": 269, "cut_type": 1, "type": ""}, "large": {"url": "https://wx4.sinaimg.cn/orj960/008voYLDgy1hkwo9dg6wrj30pw0jf77s.jpg", "width": 932, "height": 699, "cut_type": 1, "type": ""}, "original": {"url": "https://wx4.sinaimg.cn/orj1080/008voYLDgy1hkwo9dg6wrj30pw0jf77s.jpg", "width": 932, "height": 699, "cut_type": 1, "type": ""}, "largest": {"url": "https://wx4.sinaimg.cn/large/008voYLDgy1hkwo9dg6wrj30pw0jf77s.jpg", "width": 932, "height": 699, "cut_type": 1, "type": ""}, "mw2000": {"url": "https://wx4.sinaimg.cn/mw2000/008voYLDgy1hkwo9dg6wrj30pw0jf77s.jpg", "width": 932, "height": 699, "cut_type": 1, "type": ""}, "focus_point": {"left": 0.17846386, "top": 0.022981033, "width": 0.7334722, "height": 0.9770189}, "object_id": "1042018:790a3bbb7a0a5de169ea9485cc0cd147", "pic_id": "008voYLDgy1hkwo9dg6wrj30pw0jf77s", "photo_tag": 0, "type": "pic", "pic_status": 1}, "008voYLDgy1hkwo9ei7mvj30qq0k1wi3": {"thumbnail": {"url": "https://wx4.sinaimg.cn/wap180/008voYLDgy1hkwo9ei7mvj30qq0k1wi3.jpg", "width": 180, "height": 134, "cut_type": 1, "type": ""}, "bmiddle": {"url": "https://wx4.sinaimg.cn/wap360/008voYLDgy1hkwo9ei7mvj30qq0k1wi3.jpg", "width": 360, "height": 269, "cut_type": 1, "type": ""}, "large": {"url": "https://wx4.sinaimg.cn/orj960/008voYLDgy1hkwo9ei7mvj30qq0k1wi3.jpg", "width": 962, "height": 721, "cut_type": 1, "type": ""}, "original": {"url": "https://wx4.sinaimg.cn/orj1080/008voYLDgy1hkwo9ei7mvj30qq0k1wi3.jpg", "width": 962, "height": 721, "cut_type": 1, "type": ""}, "largest": {"url": "https://wx4.sinaimg.cn/large/008voYLDgy1hkwo9ei7mvj30qq0k1wi3.jpg", "width": 962, "height": 721, "cut_type": 1, "type": ""}, "mw2000": {"url": "https://wx4.sinaimg.cn/mw2000/008voYLDgy1hkwo9ei7mvj30qq0k1wi3.jpg", "width": 962, "height": 721, "cut_type": 1, "type": ""}, "focus_point": {"left": 0.1515459, "top": 0, "width": 0.72665286, "height": 0.9698075}, "object_id": "1042018:44ab7035b9a2a747383709ceef4d230e", "pic_id": "008voYLDgy1hkwo9ei7mvj30qq0k1wi3", "photo_tag": 0, "type": "pic", "pic_status": 1}}, "is_paid": false, "mblog_vip_type": 0, "number_display_strategy": {"apply_scenario_flag": 3, "display_text_min_number": 1000000, "display_text": "100万+"}, "reposts_count": 31, "comments_count": 5, "attitudes_count": 84, "attitudes_status": 0, "isLongText": false, "mlevel": 0, "content_auth": 0, "is_show_bulletin": 2, "comment_manage_info": {"comment_permission_type": -1, "approval_comment_type": 0, "comment_sort_type": 0, "ai_play_picture_type": 0}, "mblogtype": 0, "showFeedRepost": false, "showFeedComment": false, "pictureViewerSign": false, "showPictureViewer": false, "rcList": [], "text": "帮你们看了看监视器嘿嘿 ​​​", "region_name": "发布于 浙江", "customIcons": []}}