{"visible": {"type": 0, "list_id": 0}, "created_at": "Mon Dec 18 13:54:24 +0800 2023", "id": 4980297286287842, "idstr": "4980297286287842", "mid": "4980297286287842", "mblogid": "NxGTKqnKO", "user": {"id": 6499137849, "idstr": "6499137849", "pc_new": 7, "screen_name": "冻梨好吃", "profile_image_url": "https://tvax3.sinaimg.cn/crop.0.0.962.962.50/0075PIE1ly8hkxs7vsob4j30qq0qq76e.jpg?KID=imgbed,tva&amp;Expires=1704618425&amp;ssig=HfoJ1EjrJs", "profile_url": "/u/6499137849", "verified": false, "verified_type": -1, "domain": "", "weihao": "", "avatar_large": "https://tvax3.sinaimg.cn/crop.0.0.962.962.180/0075PIE1ly8hkxs7vsob4j30qq0qq76e.jpg?KID=imgbed,tva&amp;Expires=1704618425&amp;ssig=xQCGe87gKo", "avatar_hd": "https://tvax3.sinaimg.cn/crop.0.0.962.962.1024/0075PIE1ly8hkxs7vsob4j30qq0qq76e.jpg?KID=imgbed,tva&amp;Expires=1704618425&amp;ssig=ezjZLxzaAC", "follow_me": false, "following": false, "mbrank": 0, "mbtype": 0, "v_plus": 0, "planet_video": false, "icon_list": []}, "can_edit": false, "text_raw": "一小丫轧戏咖衮粗 ​​​", "textLength": 16, "annotations": [{"photo_sub_type": "0"}, {"client_mblogid": "895fdd7c-db04-46fe-a095-8505ea748ffe"}, {"source_text": "", "phone_id": "266"}, {"mapi_request": true}], "source": "Android", "favorited": false, "rid": "10_0_50_162411542614888335_0_0_0", "pic_ids": ["0075PIE1gy1hkxwbvj7g0j30ks1guq80"], "pic_num": 1, "pic_infos": {"0075PIE1gy1hkxwbvj7g0j30ks1guq80": {"thumbnail": {"url": "https://wx2.sinaimg.cn/wap180/0075PIE1gy1hkxwbvj7g0j30ks1guq80.jpg", "width": 70, "height": 180, "cut_type": 1, "type": ""}, "bmiddle": {"url": "https://wx2.sinaimg.cn/wap360/0075PIE1gy1hkxwbvj7g0j30ks1guq80.jpg", "width": 141, "height": 360, "cut_type": 1, "type": ""}, "large": {"url": "https://wx2.sinaimg.cn/orj960/0075PIE1gy1hkxwbvj7g0j30ks1guq80.jpg", "width": 748, "height": 1902, "cut_type": 1, "type": ""}, "original": {"url": "https://wx2.sinaimg.cn/orj1080/0075PIE1gy1hkxwbvj7g0j30ks1guq80.jpg", "width": 748, "height": 1902, "cut_type": 1, "type": ""}, "largest": {"url": "https://wx2.sinaimg.cn/large/0075PIE1gy1hkxwbvj7g0j30ks1guq80.jpg", "width": 748, "height": 1902, "cut_type": 1, "type": ""}, "mw2000": {"url": "https://wx2.sinaimg.cn/mw2000/0075PIE1gy1hkxwbvj7g0j30ks1guq80.jpg", "width": 748, "height": 1902, "cut_type": 1, "type": ""}, "object_id": "1042018:7ce9cb2b54858eeab1be7338a7c6ac61", "pic_id": "0075PIE1gy1hkxwbvj7g0j30ks1guq80", "photo_tag": 0, "type": "pic", "pic_status": 1}}, "is_paid": false, "mblog_vip_type": 0, "number_display_strategy": {"apply_scenario_flag": 3, "display_text_min_number": 1000000, "display_text": "100万+"}, "reposts_count": 0, "comments_count": 0, "attitudes_count": 0, "attitudes_status": 0, "isLongText": false, "mlevel": 0, "content_auth": 0, "is_show_bulletin": 2, "comment_manage_info": {"comment_permission_type": -1, "approval_comment_type": 0, "comment_sort_type": 0}, "share_repost_type": 0, "mblogtype": 0, "showFeedRepost": false, "showFeedComment": false, "pictureViewerSign": false, "showPictureViewer": false, "rcList": [], "text": "一小丫轧戏咖衮粗 ​​​", "region_name": "发布于 辽宁", "customIcons": []}