{"visible": {"type": 0, "list_id": 0}, "created_at": "Mon Dec 18 12:15:38 +0800 2023", "id": 4980272426126608, "idstr": "4980272426126608", "mid": "4980272426126608", "mblogid": "NxGfEpHOg", "user": {"id": 6499137849, "idstr": "6499137849", "pc_new": 7, "screen_name": "冻梨好吃", "profile_image_url": "https://tvax3.sinaimg.cn/crop.0.0.962.962.50/0075PIE1ly8hkxs7vsob4j30qq0qq76e.jpg?KID=imgbed,tva&amp;Expires=1704618425&amp;ssig=HfoJ1EjrJs", "profile_url": "/u/6499137849", "verified": false, "verified_type": -1, "domain": "", "weihao": "", "avatar_large": "https://tvax3.sinaimg.cn/crop.0.0.962.962.180/0075PIE1ly8hkxs7vsob4j30qq0qq76e.jpg?KID=imgbed,tva&amp;Expires=1704618425&amp;ssig=xQCGe87gKo", "avatar_hd": "https://tvax3.sinaimg.cn/crop.0.0.962.962.1024/0075PIE1ly8hkxs7vsob4j30qq0qq76e.jpg?KID=imgbed,tva&amp;Expires=1704618425&amp;ssig=ezjZLxzaAC", "follow_me": false, "following": false, "mbrank": 0, "mbtype": 0, "v_plus": 0, "planet_video": false, "icon_list": []}, "can_edit": false, "text_raw": "垒垒会眉粉了，欣慰[汪洋海蓝比心] ​​​", "textLength": 32, "annotations": [{"shooting": 1, "client_mblogid": "1f30cdcd-bea6-42e6-9033-9def82e673d1"}, {"source_text": "", "phone_id": "266"}, {"mapi_request": true}], "source": "Android", "favorited": false, "rid": "11_0_50_162411542614888335_0_0_0", "pic_ids": [], "pic_num": 0, "is_paid": false, "mblog_vip_type": 0, "number_display_strategy": {"apply_scenario_flag": 3, "display_text_min_number": 1000000, "display_text": "100万+"}, "reposts_count": 0, "comments_count": 0, "attitudes_count": 2, "attitudes_status": 0, "isLongText": false, "mlevel": 0, "content_auth": 0, "is_show_bulletin": 2, "comment_manage_info": {"comment_permission_type": -1, "approval_comment_type": 0, "comment_sort_type": 0}, "share_repost_type": 0, "mblogtype": 0, "showFeedRepost": false, "showFeedComment": false, "pictureViewerSign": false, "showPictureViewer": false, "rcList": [], "text": "垒垒会眉粉了，欣慰&lt;img alt=\"[汪洋海蓝比心]\" title=\"[汪洋海蓝比心]\" src=\"https://face.t.sinajs.cn/t4/appstyle/expression/ext/normal/93/2023_BlueSeaHeart_org.png\" /&gt; ​​​", "region_name": "发布于 辽宁", "customIcons": []}