{"visible": {"type": 0, "list_id": 0}, "created_at": "Tue Dec 19 20:46:03 +0800 2023", "id": 4980763264550323, "idstr": "4980763264550323", "mid": "4980763264550323", "mblogid": "NxT1kj5Kj", "user": {"id": 6190593900, "idstr": "6190593900", "pc_new": 7, "screen_name": "甜鸽子打包谢谢", "profile_image_url": "https://tvax1.sinaimg.cn/crop.0.0.1080.1080.50/006KX6gIly1hjrqek0h0wj30u00u00v8.jpg?KID=imgbed,tva&amp;Expires=1704618395&amp;ssig=StbrGN5oza", "profile_url": "/u/6190593900", "verified": true, "verified_type": 0, "domain": "", "weihao": "", "verified_type_ext": 2, "avatar_large": "https://tvax1.sinaimg.cn/crop.0.0.1080.1080.180/006KX6gIly1hjrqek0h0wj30u00u00v8.jpg?KID=imgbed,tva&amp;Expires=1704618395&amp;ssig=zigb94VFPm", "avatar_hd": "https://tvax1.sinaimg.cn/crop.0.0.1080.1080.1024/006KX6gIly1hjrqek0h0wj30u00u00v8.jpg?KID=imgbed,tva&amp;Expires=1704618395&amp;ssig=Ju2iL%2Fqh1K", "follow_me": false, "following": false, "mbrank": 1, "mbtype": 12, "v_plus": 0, "planet_video": false, "icon_list": [{"type": "vip", "data": {"mbrank": 1, "mbtype": 12, "svip": 1, "vvip": 1}}]}, "can_edit": false, "text_raw": "没看过这把7-0妮蔻的人今晚都会睡不着的[舔屏] http://t.cn/A6lX5Ego ​​​", "textLength": 64, "annotations": [{"mode": "m", "origin": "pc_publisher"}, {"mapi_request": true}], "source": "超话", "favorited": false, "buttons": [{"type": "follow", "name": "加关注", "pic": "http://u1.sinaimg.cn/upload/2013/06/14/timeline_card_small_button_icon_add.png", "params": {"uid": 6190593900}, "actionlog": {"act_code": 92, "uicode": "10000100", "oid": "4980763264550323", "cardid": "1076030002_6190593900"}}], "rid": "21_0_50_164604930873474872_0_0_0", "cardid": "raresvip_0091001419", "pic_ids": [], "pic_num": 0, "is_paid": false, "pic_bg_new": "http://vip.storage.weibo.com/feed_cover/raresvip_0091001419_mobile_new.png?version=2021091501", "mblog_vip_type": 0, "number_display_strategy": {"apply_scenario_flag": 3, "display_text_min_number": 1000000, "display_text": "100万+"}, "title_source": {"name": "Meiko超话", "url": "sinaweibo://pageinfo?pageid=100808bda7cc061d7a1576f1dcad33dd505cd4&amp;extparam=Meiko", "image": "http://wx3.sinaimg.cn/thumbnail/6787871dly1gwa5u4c5blj20to0towlg.jpg"}, "reposts_count": 205, "comments_count": 35, "attitudes_count": 472, "attitudes_status": 0, "isLongText": false, "mlevel": 0, "content_auth": 0, "is_show_bulletin": 3, "comment_manage_info": {"comment_permission_type": -1, "approval_comment_type": 0, "comment_sort_type": 0}, "screen_name_suffix_new": [{"content": "甜鸽子打包谢谢", "remark": "", "color": "FF333333", "dark_color": "FFD3D3D3", "type": 1, "truncation": {"mode": 1}}, {"content": "Meiko超话", "color": "FF507DAF", "dark_color": "FF7691b9", "type": 2, "scheme": "sinaweibo://pageinfo?pageid=100808bda7cc061d7a1576f1dcad33dd505cd4&amp;extparam=Meiko&amp;extension=%7B%22mblog_object_ref%22%3A%22topic%22%7D", "icons": [{"url": "https://h5.sinaimg.cn/upload/1000/808/2020/02/17/andriod_chaohua_header.png", "scheme": "sinaweibo://pageinfo?pageid=100808bda7cc061d7a1576f1dcad33dd505cd4&amp;extparam=Meiko", "cleaned": true}], "icons_location": 0, "truncation": {"mode": 1, "keep_end_size": 2}, "actionlog": {"act_code": 1404, "oid": "1022:100808bda7cc061d7a1576f1dcad33dd505cd4", "uicode": "", "luicode": "", "fid": "1076036499137849_-_WEIBO_SECOND_PROFILE_WEIBO", "ext": "mid:4980763264550323|source_type:3|uid:7774910775|analysis_extra:follow:0|new_style:1"}, "cleaned": true}], "share_repost_type": 0, "url_struct": [{"url_title": "甜鸽子打包谢谢的微博视频", "url_type_pic": "https://h5.sinaimg.cn/upload/2015/09/25/3/timeline_card_small_video.png", "ori_url": "sinaweibo://video/vvs?mid=4980763264550323&amp;object_id=1034:4980762806779944&amp;url_type=39&amp;object_type=video&amp;pos=1", "page_id": "2304444980762806779944", "short_url": "http://t.cn/A6lX5Ego", "long_url": "https://video.weibo.com/show?fid=1034:4980762806779944", "url_type": 39, "result": false, "actionlog": {"act_type": 1, "act_code": 300, "oid": "1034:4980762806779944", "uuid": 4980762951549056, "cardid": "", "lcardid": "", "uicode": "", "luicode": "", "fid": "1076036499137849_-_WEIBO_SECOND_PROFILE_WEIBO", "lfid": "", "ext": "mid:4980763264550323|rid:21_0_50_164604930873474872_0_0_0|short_url:http://t.cn/A6lX5Ego|long_url:https://video.weibo.com/show?fid=1034:4980762806779944|comment_id:|miduid:6190593900|rootmid:4980763264550323|rootuid:6190593900|authorid:6190593900|uuid:4980762951549056|is_ad_weibo:0|analysis_card:url_struct"}, "storage_type": "oss", "hide": 0, "object_type": "", "ttl": 3600, "h5_target_url": "https://video.weibo.com/show?fid=1034:4980762806779944&amp;from=1FFFF96039&amp;weiboauthoruid=6190593900", "need_save_obj": 0}, {"url_title": "Meiko超话", "url_type_pic": "https://h5.sinaimg.cn/upload/100/959/2020/05/09/timeline_card_small_super.png", "ori_url": "sinaweibo://pageinfo?containerid=100808bda7cc061d7a1576f1dcad33dd505cd4&amp;extparam=Meiko&amp;extension=%7B%22mblog_object_ref%22%3A%22content%22%7D", "page_id": "100808bda7cc061d7a1576f1dcad33dd505cd4", "short_url": "#Meiko[超话]#", "long_url": "", "url_type": "", "result": false, "actionlog": {"act_type": 1, "act_code": 300, "oid": "1022:100808bda7cc061d7a1576f1dcad33dd505cd4", "uuid": 3556915450744364, "cardid": "", "lcardid": "", "uicode": "", "luicode": "", "fid": "1076036499137849_-_WEIBO_SECOND_PROFILE_WEIBO", "lfid": "", "ext": "mid:4980763264550323|rid:21_0_50_164604930873474872_0_0_0|short_url:|long_url:|comment_id:|miduid:6190593900|rootmid:4980763264550323|rootuid:6190593900|authorid:|uuid:3556915450744364|is_ad_weibo:0|analysis_card:url_struct"}, "storage_type": "", "hide": 0, "object_type": "", "h5_target_url": "http://weibo.cn/pages/100808bda7cc061d7a1576f1dcad33dd505cd4?from=1FFFF96039&amp;weiboauthoruid=6190593900", "need_save_obj": 0}], "title": {"text": "她2023-12-22赞过的微博", "structs": [{"name": "她2023-12-22赞过的微博", "scheme": "sinaweibo://cardlist?containerid=2308696499137849_-_mix", "cleaned": true}]}, "mblogtype": 0, "showFeedRepost": false, "showFeedComment": false, "pictureViewerSign": false, "showPictureViewer": false, "rcList": [], "text": "没看过这把7-0妮蔻的人今晚都会睡不着的&lt;img alt=\"[舔屏]\" title=\"[舔屏]\" src=\"https://face.t.sinajs.cn/t4/appstyle/expression/ext/normal/3e/2018new_tianping_org.png\" /&gt; &lt;a target=\"_blank\" href=\"https://video.weibo.com/show?fid=1034:4980762806779944\"&gt;&lt;img class=\"icon-link\" src=\"https://h5.sinaimg.cn/upload/2015/09/25/3/timeline_card_small_video_default.png\"/&gt;甜鸽子打包谢谢的微博视频&lt;/a&gt; ​​​", "region_name": "发布于 辽宁", "customIcons": [], "page_info": {"type": "11", "page_id": "2304444980762806779944", "object_type": "video", "object_id": "1034:4980762806779944", "content1": "甜鸽子打包谢谢的微博视频", "content2": "没看过这把7-0妮蔻的人今晚都会睡不着的[舔屏]", "act_status": 1, "media_info": {"name": "甜鸽子打包谢谢的微博视频", "stream_url": "http://f.video.weibocdn.com/o0/TSDV7MATlx08b4vbKAb6010412009szF0E010.mp4?label=mp4_ld&amp;template=640x360.25.0&amp;ori=0&amp;ps=1CwnkDw1GXwCQx&amp;Expires=1704611195&amp;ssig=NmCq6mCNpz&amp;KID=unistore,video", "stream_url_hd": "http://f.video.weibocdn.com/o0/TlOICvUdlx08b4vc9K8801041200eXcH0E010.mp4?label=mp4_hd&amp;template=852x480.25.0&amp;ori=0&amp;ps=1CwnkDw1GXwCQx&amp;Expires=1704611195&amp;ssig=UOMce1QJjT&amp;KID=unistore,video", "format": "mp4", "h5_url": "https://video.weibo.com/show?fid=1034:4980762806779944", "mp4_sd_url": "http://f.video.weibocdn.com/o0/TSDV7MATlx08b4vbKAb6010412009szF0E010.mp4?label=mp4_ld&amp;template=640x360.25.0&amp;ori=0&amp;ps=1CwnkDw1GXwCQx&amp;Expires=1704611195&amp;ssig=NmCq6mCNpz&amp;KID=unistore,video", "mp4_hd_url": "http://f.video.weibocdn.com/o0/TlOICvUdlx08b4vc9K8801041200eXcH0E010.mp4?label=mp4_hd&amp;template=852x480.25.0&amp;ori=0&amp;ps=1CwnkDw1GXwCQx&amp;Expires=1704611195&amp;ssig=UOMce1QJjT&amp;KID=unistore,video", "h265_mp4_hd": "", "h265_mp4_ld": "", "inch_4_mp4_hd": "", "inch_5_mp4_hd": "", "inch_5_5_mp4_hd": "", "mp4_720p_mp4": "http://f.video.weibocdn.com/o0/fgprgwPRlx08b4vdbIko01041200sAY40E010.mp4?label=mp4_720p&amp;template=1280x720.25.0&amp;ori=0&amp;ps=1CwnkDw1GXwCQx&amp;Expires=1704611195&amp;ssig=u1HbYGkDaj&amp;KID=unistore,video", "hevc_mp4_720p": "", "prefetch_type": 1, "prefetch_size": 262144, "act_status": 1, "protocol": "general,dash", "media_id": "4980762806779944", "origin_total_bitrate": 0, "video_orientation": "horizontal", "duration": 35, "forward_strategy": -1, "search_scheme": "sinaweibo://svssearch?containerid=232080", "is_short_video": 0, "vote_is_show": 0, "belong_collection": 0, "titles_display_time": "3", "show_progress_bar": 1, "show_mute_button": true, "ext_info": {"video_orientation": "horizontal"}, "next_title": "没看过这把7-0妮蔻的人今晚都会睡不着的[舔屏]", "kol_title": "没看过这把7-0妮蔻的人今晚都会睡不着的", "play_completion_actions": [{"type": "1", "icon": "https://h5.sinaimg.cn/upload/100/1413/2021/12/22/feed_video_icon_replay.png", "text": "重播", "link": "", "btn_code": 1000, "show_position": 1, "actionlog": {"oid": "2304444980762806779944", "act_code": 1221, "act_type": 0, "source": "video"}}, {"type": 6, "icon": "https://tvax1.sinaimg.cn/crop.0.0.1080.1080.180/006KX6gIly1hjrqek0h0wj30u00u00v8.jpg?KID=imgbed,tva&amp;Expires=1704618395&amp;ssig=zigb94VFPm", "text": "", "display_mode": 2, "display_starttime": 5, "display_endtime": 99999, "countdown_time": 5, "show_position": 48, "scheme": "", "link": "", "btn_code": 1009, "actionlog": {"oid": "2304444980762806779944", "act_code": 91, "act_type": 0, "source": "video", "ext": "mid:4980763264550323|oid:1034:4980762806779944|muid:6190593900|authorid:6190593900"}, "ext": {"uid": "6190593900", "user_name": "甜鸽子打包谢谢", "followers_count": 382473, "verified": true, "verified_type": 0, "verified_type_ext": 2, "verified_reason": "超话粉丝大咖（Meiko超话） 微博原创视频博主", "level": 3}, "display_type": 0}], "video_publish_time": 1702989888, "play_loop_type": 0, "video_title": "没看过这把7-0妮蔻的人今晚都会睡不着的", "author_mid": "4980763264550323", "author_name": "甜鸽子打包谢谢", "extra_info": {"sceneid": "profile_mb"}, "video_download_strategy": {"abandon_download": 0}, "jump_to": 6, "big_pic_info": {"pic_big": {"height": 564, "url": "https://wx1.sinaimg.cn/orj1080/006KX6gIly1hkzdtkc6qoj30ru0fogos.jpg", "width": 1002}, "pic_small": {"height": 150, "url": "https://wx1.sinaimg.cn/or180/006KX6gIly1hkzdtkc6qoj30ru0fogos.jpg", "width": 266}, "pic_middle": {"height": 270, "url": "https://wx1.sinaimg.cn/or360/006KX6gIly1hkzdtkc6qoj30ru0fogos.jpg", "width": 479}}, "online_users": "6.6万次观看", "online_users_number": 66142, "ttl": 3600, "storage_type": "oss", "is_keep_current_mblog": 0, "author_info": {"id": 6190593900, "idstr": "6190593900", "pc_new": 7, "screen_name": "甜鸽子打包谢谢", "profile_image_url": "https://tvax1.sinaimg.cn/crop.0.0.1080.1080.50/006KX6gIly1hjrqek0h0wj30u00u00v8.jpg?KID=imgbed,tva&amp;Expires=1704618395&amp;ssig=StbrGN5oza", "profile_url": "/u/6190593900", "verified": true, "verified_type": 0, "domain": "", "weihao": "", "verified_type_ext": 2, "avatar_large": "https://tvax1.sinaimg.cn/crop.0.0.1080.1080.180/006KX6gIly1hjrqek0h0wj30u00u00v8.jpg?KID=imgbed,tva&amp;Expires=1704618395&amp;ssig=zigb94VFPm", "avatar_hd": "https://tvax1.sinaimg.cn/crop.0.0.1080.1080.1024/006KX6gIly1hjrqek0h0wj30u00u00v8.jpg?KID=imgbed,tva&amp;Expires=1704618395&amp;ssig=Ju2iL%2Fqh1K", "follow_me": false, "following": false, "mbrank": 1, "mbtype": 12, "v_plus": 0, "planet_video": false, "verified_reason": "超话粉丝大咖（Meiko超话） 微博原创视频博主", "description": "💖谢谢你，永远不缺乏勇气", "location": "其他", "gender": "f", "followers_count": 382474, "followers_count_str": "38.2万", "friends_count": 129, "statuses_count": 8529, "url": "", "svip": 1, "vvip": 1, "cover_image_phone": "https://wx1.sinaimg.cn/crop.0.0.640.640.640/006KX6gIly1gl2ad074k7j30u00u0h09.jpg"}, "playback_list": [{"meta": {"label": "mp4_1080p", "quality_index": 1080, "quality_desc": "高清", "quality_label": "1080p", "quality_class": "HD", "type": 1, "quality_group": 1080, "is_hidden": false}, "play_info": {"type": 1, "mime": "video/mp4", "protocol": "general", "label": "mp4_1080p", "url": "https://f.video.weibocdn.com/o0/SL6Rkgawlx08b4vf3hp601041200PDXj0E010.mp4?label=mp4_1080p&amp;template=1920x1080.25.0&amp;media_id=4980762806779944&amp;tp=8x8A3El:YTkl0eM8&amp;us=0&amp;ori=1&amp;bf=4&amp;ot=h&amp;lp=00003MndIw&amp;ps=mZ6WB&amp;uid=8uaJsH&amp;ab=,3601-g19,3601-g36,8013-g0,3601-g19,12739-g0&amp;Expires=1704611195&amp;ssig=iYjFo6bD40&amp;KID=unistore,video", "bitrate": 2771104, "prefetch_range": "0-1071270", "video_codecs": "avc1.640032", "fps": 30, "width": 1920, "height": 1080, "size": 12308321, "duration": 35.533, "sar": "1.0", "audio_codecs": "mp4a.40.5", "audio_sample_rate": 44100, "quality_label": "1080p", "quality_class": "HD", "quality_desc": "高清", "audio_channels": 2, "audio_sample_fmt": "fltp", "audio_bits_per_sample": 0, "watermark": "none", "extension": {"transcode_info": {"pcdn_rule_id": 0, "pcdn_jank": 0, "origin_video_dr": "SDR", "ab_strategies": ",3601-g19,3601-g36,8013-g0,3601-g19,12739-g0"}}, "video_decoder": "hard", "prefetch_enabled": true, "tcp_receive_buffer": 262144, "dolby_atmos": false, "first_pkt_end_pos": 176836}}, {"meta": {"label": "mp4_720p", "quality_index": 720, "quality_desc": "高清", "quality_label": "720p", "quality_class": "HD", "type": 1, "quality_group": 720, "is_hidden": false}, "play_info": {"type": 1, "mime": "video/mp4", "protocol": "general", "label": "mp4_720p", "url": "https://f.video.weibocdn.com/o0/fgprgwPRlx08b4vdbIko01041200sAY40E010.mp4?label=mp4_720p&amp;template=1280x720.25.0&amp;media_id=4980762806779944&amp;tp=8x8A3El:YTkl0eM8&amp;us=0&amp;ori=1&amp;bf=4&amp;ot=h&amp;lp=00003MndIw&amp;ps=mZ6WB&amp;uid=8uaJsH&amp;ab=,3601-g19,3601-g36,8013-g0,3601-g19,12739-g0&amp;Expires=1704611195&amp;ssig=u1HbYGkDaj&amp;KID=unistore,video", "bitrate": 1534399, "prefetch_range": "0-618760", "video_codecs": "avc1.64001f", "fps": 30, "width": 1280, "height": 720, "size": 6815292, "duration": 35.533, "sar": "1.0", "audio_codecs": "mp4a.40.5", "audio_sample_rate": 44100, "quality_label": "720p", "quality_class": "HD", "quality_desc": "高清", "audio_channels": 2, "audio_sample_fmt": "fltp", "audio_bits_per_sample": 0, "watermark": "none", "extension": {"transcode_info": {"pcdn_rule_id": 0, "pcdn_jank": 0, "origin_video_dr": "SDR", "ab_strategies": ",3601-g19,3601-g36,8013-g0,3601-g19,12739-g0"}}, "video_decoder": "hard", "prefetch_enabled": true, "tcp_receive_buffer": 262144, "dolby_atmos": false, "first_pkt_end_pos": 113254}}, {"meta": {"label": "mp4_hd", "quality_index": 480, "quality_desc": "标清", "quality_label": "480p", "quality_class": "SD", "type": 1, "quality_group": 480, "is_hidden": false}, "play_info": {"type": 1, "mime": "video/mp4", "protocol": "general", "label": "mp4_hd", "url": "https://f.video.weibocdn.com/o0/TlOICvUdlx08b4vc9K8801041200eXcH0E010.mp4?label=mp4_hd&amp;template=852x480.25.0&amp;media_id=4980762806779944&amp;tp=8x8A3El:YTkl0eM8&amp;us=0&amp;ori=1&amp;bf=4&amp;ot=h&amp;lp=00003MndIw&amp;ps=mZ6WB&amp;uid=8uaJsH&amp;ab=,3601-g19,3601-g36,8013-g0,3601-g19,12739-g0&amp;Expires=1704611195&amp;ssig=UOMce1QJjT&amp;KID=unistore,video", "bitrate": 802440, "prefetch_range": "0-341934", "video_codecs": "avc1.64001f", "fps": 30, "width": 852, "height": 480, "size": 3564175, "duration": 35.533, "sar": "1.001565", "audio_codecs": "mp4a.40.5", "audio_sample_rate": 44100, "quality_label": "480p", "quality_class": "SD", "quality_desc": "标清", "audio_channels": 2, "audio_sample_fmt": "fltp", "audio_bits_per_sample": 0, "watermark": "none", "extension": {"transcode_info": {"pcdn_rule_id": 0, "pcdn_jank": 0, "origin_video_dr": "SDR", "ab_strategies": ",3601-g19,3601-g36,8013-g0,3601-g19,12739-g0"}}, "video_decoder": "hard", "prefetch_enabled": true, "tcp_receive_buffer": 262144, "dolby_atmos": false, "first_pkt_end_pos": 76093}}, {"meta": {"label": "scrubber_hd", "quality_index": 480, "quality_desc": "标清", "quality_label": "480p", "quality_class": "SD", "type": 3, "quality_group": 480, "is_hidden": false}, "play_info": {"type": 3, "mime": "image/jpeg", "protocol": "general", "label": "scrubber_hd", "url": "https://wx4.sinaimg.cn/large/006KX6gIly1hkzdui8i2xj30qo460ahw.jpg?media_id=4980762806779944&amp;tp=8x8A3El:YTkl0eM8&amp;us=0&amp;ori=1&amp;bf=4&amp;ot=h&amp;lp=00003MndIw&amp;ps=mZ6WB&amp;uid=8uaJsH&amp;ab=,3601-g19,3601-g36,8013-g0,3601-g19,12739-g0&amp;Expires=1704611195&amp;ssig=2wyA9sEP%2Fn&amp;KID=unistore,video", "prefetch_range": "0-512000", "width": 320, "height": 180, "quality_label": "480p", "quality_class": "SD", "quality_desc": "标清", "extension": {"transcode_info": {"pcdn_rule_id": 0, "pcdn_jank": 0, "origin_video_dr": "SDR", "ab_strategies": ",3601-g19,3601-g36,8013-g0,3601-g19,12739-g0"}}, "video_decoder": "hard", "prefetch_enabled": true, "tcp_receive_buffer": 262144, "col": 3, "row": 30, "interval": 1, "offset": 0.5, "urls": ["http://wx4.sinaimg.cn/large/006KX6gIly1hkzdui8i2xj30qo460ahw.jpg"]}}, {"meta": {"label": "mp4_ld", "quality_index": 360, "quality_desc": "流畅", "quality_label": "360p", "quality_class": "SD", "type": 1, "quality_group": 360, "is_hidden": false}, "play_info": {"type": 1, "mime": "video/mp4", "protocol": "general", "label": "mp4_ld", "url": "https://f.video.weibocdn.com/o0/TSDV7MATlx08b4vbKAb6010412009szF0E010.mp4?label=mp4_ld&amp;template=640x360.25.0&amp;media_id=4980762806779944&amp;tp=8x8A3El:YTkl0eM8&amp;us=0&amp;ori=1&amp;bf=4&amp;ot=h&amp;lp=00003MndIw&amp;ps=mZ6WB&amp;uid=8uaJsH&amp;ab=,3601-g19,3601-g36,8013-g0,3601-g19,12739-g0&amp;Expires=1704611195&amp;ssig=NmCq6mCNpz&amp;KID=unistore,video", "bitrate": 507646, "prefetch_range": "0-221331", "video_codecs": "avc1.64001e", "fps": 30, "width": 640, "height": 360, "size": 2254795, "duration": 35.533, "sar": "1.0", "audio_codecs": "mp4a.40.5", "audio_sample_rate": 44100, "quality_label": "360p", "quality_class": "SD", "quality_desc": "流畅", "audio_channels": 2, "audio_sample_fmt": "fltp", "audio_bits_per_sample": 0, "watermark": "none", "extension": {"transcode_info": {"pcdn_rule_id": 0, "pcdn_jank": 0, "origin_video_dr": "SDR", "ab_strategies": ",3601-g19,3601-g36,8013-g0,3601-g19,12739-g0"}}, "video_decoder": "hard", "prefetch_enabled": true, "tcp_receive_buffer": 262144, "dolby_atmos": false, "first_pkt_end_pos": 59441}}]}, "page_pic": "https://wx1.sinaimg.cn/large/006KX6gIly1hkzdtkc6qoj30ru0fogos.jpg", "page_title": "甜鸽子打包谢谢的微博视频", "page_url": "sinaweibo://infopage?containerid=2304444980762806779944&amp;containerid=2304444980762806779944&amp;url_type=39&amp;object_type=video&amp;pos=2", "pic_info": {"pic_big": {"height": "480", "url": "https://wx1.sinaimg.cn/large/006KX6gIly1hkzdtkc6qoj30ru0fogos.jpg", "width": "852"}, "pic_small": {"height": "480", "url": "https://wx1.sinaimg.cn/large/006KX6gIly1hkzdtkc6qoj30ru0fogos.jpg", "width": "852"}, "pic_middle": {"url": "https://wx1.sinaimg.cn/large/006KX6gIly1hkzdtkc6qoj30ru0fogos.jpg", "height": "480", "width": "852"}}, "oid": "6190593900", "type_icon": "", "author_id": "6190593900", "authorid": "6190593900", "warn": "", "actionlog": {"act_type": 1, "act_code": 799, "lcardid": "", "fid": "1076036499137849_-_WEIBO_SECOND_PROFILE_WEIBO", "mid": "4980763264550323", "oid": "1034:4980762806779944", "uuid": 4980762951549056, "source": "video", "ext": "uid:7774910775|mid:4980763264550323|objectid:1034%3A4980762806779944|from:1|object_duration:35.533|miduid:6190593900|rootuid:6190593900|rootmid:4980763264550323|authorid:6190593900|video_orientation:horizontal|third_vid:|is_album:0|is_contribution:0|video_tags:|isfan:0|ua:Mozilla/5.0 (Windows NT 10.0; Win64; x64) AppleWebKit/537.36 (KHTML, like Gecko) Chrome/120.0.0.0 Safari/537.36 WeiboPro/1.0.0|sceneid:profile_mb|uuid:4980762951549056|detail:native|contribution:0|short_video:0|st_video:1|author_mid:4980763264550323|cluster_type_status:|is_ad_weibo:0|analysis_card:page_info"}, "short_url": "http://t.cn/A6lX5Ego"}, "followBtnCode": {"uid": 6190593900}}