{"visible": {"type": 0, "list_id": 0}, "created_at": "Mon Dec 18 20:05:27 +0800 2023", "id": 4980390660674392, "idstr": "4980390660674392", "mid": "4980390660674392", "mblogid": "NxJkm2Pri", "user": {"id": 6499137849, "idstr": "6499137849", "pc_new": 7, "screen_name": "冻梨好吃", "profile_image_url": "https://tvax3.sinaimg.cn/crop.0.0.962.962.50/0075PIE1ly8hkxs7vsob4j30qq0qq76e.jpg?KID=imgbed,tva&amp;Expires=1704618425&amp;ssig=HfoJ1EjrJs", "profile_url": "/u/6499137849", "verified": false, "verified_type": -1, "domain": "", "weihao": "", "avatar_large": "https://tvax3.sinaimg.cn/crop.0.0.962.962.180/0075PIE1ly8hkxs7vsob4j30qq0qq76e.jpg?KID=imgbed,tva&amp;Expires=1704618425&amp;ssig=xQCGe87gKo", "avatar_hd": "https://tvax3.sinaimg.cn/crop.0.0.962.962.1024/0075PIE1ly8hkxs7vsob4j30qq0qq76e.jpg?KID=imgbed,tva&amp;Expires=1704618425&amp;ssig=ezjZLxzaAC", "follow_me": false, "following": false, "mbrank": 0, "mbtype": 0, "v_plus": 0, "planet_video": false, "icon_list": []}, "can_edit": false, "text_raw": "我鼓掌叫好，菌菌还是老实去当1吧，休想让我们做🍉捏[比耶][比耶] ​​​", "textLength": 63, "annotations": [{"photo_sub_type": "0"}, {"client_mblogid": "cdd9d8ef-a46c-4ed1-9e2f-a7c9ddc9e976"}, {"source_text": "", "phone_id": "266"}, {"mapi_request": true}], "source": "Android", "favorited": false, "rid": "4_0_50_162411542614888335_0_0_0", "pic_ids": ["0075PIE1gy1hky7280mroj30r00b9752"], "pic_focus_point": [{"focus_point": {"left": 0.3384883, "top": 0.03666483, "width": 0.3930842, "height": 0.9417642}, "pic_id": "0075PIE1gy1hky7280mroj30r00b9752"}], "pic_num": 1, "pic_infos": {"0075PIE1gy1hky7280mroj30r00b9752": {"thumbnail": {"url": "https://wx1.sinaimg.cn/wap180/0075PIE1gy1hky7280mroj30r00b9752.jpg", "width": 180, "height": 74, "cut_type": 1, "type": ""}, "bmiddle": {"url": "https://wx1.sinaimg.cn/wap360/0075PIE1gy1hky7280mroj30r00b9752.jpg", "width": 360, "height": 149, "cut_type": 1, "type": ""}, "large": {"url": "https://wx1.sinaimg.cn/orj960/0075PIE1gy1hky7280mroj30r00b9752.jpg", "width": 972, "height": 405, "cut_type": 1, "type": ""}, "original": {"url": "https://wx1.sinaimg.cn/orj1080/0075PIE1gy1hky7280mroj30r00b9752.jpg", "width": 972, "height": 405, "cut_type": 1, "type": ""}, "largest": {"url": "https://wx1.sinaimg.cn/large/0075PIE1gy1hky7280mroj30r00b9752.jpg", "width": 972, "height": 405, "cut_type": 1, "type": ""}, "mw2000": {"url": "https://wx1.sinaimg.cn/mw2000/0075PIE1gy1hky7280mroj30r00b9752.jpg", "width": 972, "height": 405, "cut_type": 1, "type": ""}, "focus_point": {"left": 0.3384883, "top": 0.03666483, "width": 0.3930842, "height": 0.9417642}, "object_id": "1042018:fa88c954725ae8890e43894f00eef919", "pic_id": "0075PIE1gy1hky7280mroj30r00b9752", "photo_tag": 0, "type": "pic", "pic_status": 1}}, "is_paid": false, "mblog_vip_type": 0, "number_display_strategy": {"apply_scenario_flag": 3, "display_text_min_number": 1000000, "display_text": "100万+"}, "reposts_count": 0, "comments_count": 0, "attitudes_count": 0, "attitudes_status": 0, "isLongText": false, "mlevel": 0, "content_auth": 0, "is_show_bulletin": 2, "comment_manage_info": {"comment_permission_type": -1, "approval_comment_type": 0, "comment_sort_type": 0}, "share_repost_type": 0, "mblogtype": 0, "showFeedRepost": false, "showFeedComment": false, "pictureViewerSign": false, "showPictureViewer": false, "rcList": [], "text": "我鼓掌叫好，菌菌还是老实去当1吧，休想让我们做🍉捏&lt;img alt=\"[比耶]\" title=\"[比耶]\" src=\"https://face.t.sinajs.cn/t4/appstyle/expression/ext/normal/dc/2023_yeahyeah_org.png\" /&gt;&lt;img alt=\"[比耶]\" title=\"[比耶]\" src=\"https://face.t.sinajs.cn/t4/appstyle/expression/ext/normal/dc/2023_yeahyeah_org.png\" /&gt; ​​​", "region_name": "发布于 辽宁", "customIcons": []}