{"visible": {"type": 0, "list_id": 0}, "created_at": "Tue Dec 19 19:45:02 +0800 2023", "id": 4980747912085695, "idstr": "4980747912085695", "mid": "4980747912085695", "mblogid": "NxSCz8KAf", "user": {"id": 6499137849, "idstr": "6499137849", "pc_new": 7, "screen_name": "冻梨好吃", "profile_image_url": "https://tvax3.sinaimg.cn/crop.0.0.962.962.50/0075PIE1ly8hkxs7vsob4j30qq0qq76e.jpg?KID=imgbed,tva&amp;Expires=1704618417&amp;ssig=cq%2BzmtBsG3", "profile_url": "/u/6499137849", "verified": false, "verified_type": -1, "domain": "", "weihao": "", "avatar_large": "https://tvax3.sinaimg.cn/crop.0.0.962.962.180/0075PIE1ly8hkxs7vsob4j30qq0qq76e.jpg?KID=imgbed,tva&amp;Expires=1704618417&amp;ssig=n3sUOXi6JH", "avatar_hd": "https://tvax3.sinaimg.cn/crop.0.0.962.962.1024/0075PIE1ly8hkxs7vsob4j30qq0qq76e.jpg?KID=imgbed,tva&amp;Expires=1704618417&amp;ssig=ioSPdL9ehs", "follow_me": false, "following": false, "mbrank": 0, "mbtype": 0, "v_plus": 0, "planet_video": false, "icon_list": []}, "can_edit": false, "text_raw": "家家有本难念的经[融化][融化] ​​​", "textLength": 28, "annotations": [{"photo_sub_type": "0,0"}, {"client_mblogid": "c1a8ba62-ba96-47c4-a0fb-07357013cbb7"}, {"source_text": "", "phone_id": "266"}, {"mapi_request": true}], "source": "Android", "favorited": false, "rid": "14_0_50_5136067174132670522_0_0_0", "pic_ids": ["0075PIE1gy1hkzc3r943cj30oa1guae2", "0075PIE1gy1hkzc3ro2l1j30qo1a7tdh"], "pic_focus_point": [{"focus_point": {"left": 0.05299721, "top": 0.25273368, "width": 0.94054043, "height": 0.54307353}, "pic_id": "0075PIE1gy1hkzc3ro2l1j30qo1a7tdh"}, {"focus_point": {"left": 0, "top": 0.20182107, "width": 0.9999999, "height": 0.45938748}, "pic_id": "0075PIE1gy1hkzc3r943cj30oa1guae2"}], "pic_num": 2, "pic_infos": {"0075PIE1gy1hkzc3r943cj30oa1guae2": {"thumbnail": {"url": "https://wx1.sinaimg.cn/wap180/0075PIE1gy1hkzc3r943cj30oa1guae2.jpg", "width": 82, "height": 180, "cut_type": 1, "type": ""}, "bmiddle": {"url": "https://wx1.sinaimg.cn/wap360/0075PIE1gy1hkzc3r943cj30oa1guae2.jpg", "width": 165, "height": 360, "cut_type": 1, "type": ""}, "large": {"url": "https://wx1.sinaimg.cn/orj960/0075PIE1gy1hkzc3r943cj30oa1guae2.jpg", "width": 874, "height": 1902, "cut_type": 1, "type": ""}, "original": {"url": "https://wx1.sinaimg.cn/orj1080/0075PIE1gy1hkzc3r943cj30oa1guae2.jpg", "width": 874, "height": 1902, "cut_type": 1, "type": ""}, "largest": {"url": "https://wx1.sinaimg.cn/large/0075PIE1gy1hkzc3r943cj30oa1guae2.jpg", "width": 874, "height": 1902, "cut_type": 1, "type": ""}, "mw2000": {"url": "https://wx1.sinaimg.cn/mw2000/0075PIE1gy1hkzc3r943cj30oa1guae2.jpg", "width": 874, "height": 1902, "cut_type": 1, "type": ""}, "focus_point": {"left": 0, "top": 0.20182107, "width": 0.9999999, "height": 0.45938748}, "object_id": "1042018:09c7f363052a4104fed674393eb107da", "pic_id": "0075PIE1gy1hkzc3r943cj30oa1guae2", "photo_tag": 0, "type": "pic", "pic_status": 1}, "0075PIE1gy1hkzc3ro2l1j30qo1a7tdh": {"thumbnail": {"url": "https://wx4.sinaimg.cn/wap180/0075PIE1gy1hkzc3ro2l1j30qo1a7tdh.jpg", "width": 103, "height": 180, "cut_type": 1, "type": ""}, "bmiddle": {"url": "https://wx4.sinaimg.cn/wap360/0075PIE1gy1hkzc3ro2l1j30qo1a7tdh.jpg", "width": 207, "height": 360, "cut_type": 1, "type": ""}, "large": {"url": "https://wx4.sinaimg.cn/orj960/0075PIE1gy1hkzc3ro2l1j30qo1a7tdh.jpg", "width": 960, "height": 1663, "cut_type": 1, "type": ""}, "original": {"url": "https://wx4.sinaimg.cn/orj1080/0075PIE1gy1hkzc3ro2l1j30qo1a7tdh.jpg", "width": 960, "height": 1663, "cut_type": 1, "type": ""}, "largest": {"url": "https://wx4.sinaimg.cn/large/0075PIE1gy1hkzc3ro2l1j30qo1a7tdh.jpg", "width": 960, "height": 1663, "cut_type": 1, "type": ""}, "mw2000": {"url": "https://wx4.sinaimg.cn/mw2000/0075PIE1gy1hkzc3ro2l1j30qo1a7tdh.jpg", "width": 960, "height": 1663, "cut_type": 1, "type": ""}, "focus_point": {"left": 0.05299721, "top": 0.25273368, "width": 0.94054043, "height": 0.54307353}, "object_id": "1042018:3db14b8379bb10afb95545c5af07855b", "pic_id": "0075PIE1gy1hkzc3ro2l1j30qo1a7tdh", "photo_tag": 0, "type": "pic", "pic_status": 1}}, "is_paid": false, "mblog_vip_type": 0, "number_display_strategy": {"apply_scenario_flag": 3, "display_text_min_number": 1000000, "display_text": "100万+"}, "reposts_count": 0, "comments_count": 0, "attitudes_count": 0, "attitudes_status": 0, "isLongText": false, "mlevel": 0, "content_auth": 0, "is_show_bulletin": 2, "comment_manage_info": {"comment_permission_type": -1, "approval_comment_type": 0, "comment_sort_type": 0}, "share_repost_type": 0, "mblogtype": 0, "showFeedRepost": false, "showFeedComment": false, "pictureViewerSign": false, "showPictureViewer": false, "rcList": [], "text": "家家有本难念的经&lt;img alt=\"[融化]\" title=\"[融化]\" src=\"https://face.t.sinajs.cn/t4/appstyle/expression/ext/normal/53/2022_melt_org.png\" /&gt;&lt;img alt=\"[融化]\" title=\"[融化]\" src=\"https://face.t.sinajs.cn/t4/appstyle/expression/ext/normal/53/2022_melt_org.png\" /&gt; ​​​", "region_name": "发布于 辽宁", "customIcons": []}