{"visible": {"type": 0, "list_id": 0}, "created_at": "Mon Dec 18 18:45:57 +0800 2023", "id": 4980370657772298, "idstr": "4980370657772298", "mid": "4980370657772298", "mblogid": "NxIO5wBVE", "user": {"id": 6499137849, "idstr": "6499137849", "pc_new": 7, "screen_name": "冻梨好吃", "profile_image_url": "https://tvax3.sinaimg.cn/crop.0.0.962.962.50/0075PIE1ly8hkxs7vsob4j30qq0qq76e.jpg?KID=imgbed,tva&amp;Expires=1704618425&amp;ssig=HfoJ1EjrJs", "profile_url": "/u/6499137849", "verified": false, "verified_type": -1, "domain": "", "weihao": "", "avatar_large": "https://tvax3.sinaimg.cn/crop.0.0.962.962.180/0075PIE1ly8hkxs7vsob4j30qq0qq76e.jpg?KID=imgbed,tva&amp;Expires=1704618425&amp;ssig=xQCGe87gKo", "avatar_hd": "https://tvax3.sinaimg.cn/crop.0.0.962.962.1024/0075PIE1ly8hkxs7vsob4j30qq0qq76e.jpg?KID=imgbed,tva&amp;Expires=1704618425&amp;ssig=ezjZLxzaAC", "follow_me": false, "following": false, "mbrank": 0, "mbtype": 0, "v_plus": 0, "planet_video": false, "icon_list": []}, "can_edit": false, "text_raw": "哎呀我服了[doge]", "annotations": [{"client_mblogid": "bc0beca1-66d3-4bf7-862c-16d01fc6d414"}, {"mapi_request": true}], "source": "Android", "favorited": false, "rid": "5_0_50_162411542614888335_0_0_0", "pic_ids": [], "pic_num": 0, "is_paid": false, "mblog_vip_type": 0, "number_display_strategy": {"apply_scenario_flag": 3, "display_text_min_number": 1000000, "display_text": "100万+"}, "reposts_count": 0, "comments_count": 0, "attitudes_count": 0, "attitudes_status": 0, "isLongText": false, "mlevel": 0, "content_auth": 0, "is_show_bulletin": 2, "comment_manage_info": {"comment_permission_type": -1, "approval_comment_type": 0, "comment_sort_type": 0}, "repost_type": 1, "share_repost_type": 0, "url_struct": [{"url_title": "chldnwp的微博视频", "url_type_pic": "https://h5.sinaimg.cn/upload/2015/09/25/3/timeline_card_small_video.png", "ori_url": "sinaweibo://video/vvs?mid=4980369075995293&amp;object_id=1034:4980368256991329&amp;url_type=39&amp;object_type=video&amp;pos=1", "page_id": "2304444980368256991329", "short_url": "http://t.cn/A6li0Lc8", "long_url": "https://video.weibo.com/show?fid=1034:4980368256991329", "url_type": 39, "result": false, "actionlog": {"act_type": 1, "act_code": 300, "oid": "1034:4980368256991329", "uuid": 4980368288514121, "cardid": "", "lcardid": "", "uicode": "", "luicode": "", "fid": "1076036499137849_-_WEIBO_SECOND_PROFILE_WEIBO", "lfid": "", "ext": "mid:4980369075995293|rid:5_0_50_162411542614888335_0_0_0|short_url:http://t.cn/A6li0Lc8|long_url:https://video.weibo.com/show?fid=1034:4980368256991329|comment_id:|miduid:6499137849|rootmid:4980369075995293|rootuid:5863184177|authorid:5863184177|uuid:4980368288514121|is_ad_weibo:0|analysis_card:url_struct"}, "storage_type": "unistore", "hide": 0, "object_type": "", "ttl": 3600, "h5_target_url": "https://video.weibo.com/show?fid=1034:4980368256991329&amp;from=1FFFF96039&amp;weiboauthoruid=5863184177", "need_save_obj": 0}], "mblogtype": 0, "showFeedRepost": false, "showFeedComment": false, "pictureViewerSign": false, "showPictureViewer": false, "rcList": [], "text": "哎呀我服了&lt;img alt=\"[doge]\" title=\"[doge]\" src=\"https://face.t.sinajs.cn/t4/appstyle/expression/ext/normal/a1/2018new_doge02_org.png\" /&gt;", "region_name": "发布于 辽宁", "customIcons": [], "retweeted_status": {"visible": {"type": 0, "list_id": 0}, "created_at": "Mon Dec 18 18:39:41 +0800 2023", "id": 4980369075995293, "idstr": "4980369075995293", "mid": "4980369075995293", "mblogid": "NxILxp9Eh", "user": {"id": 5863184177, "idstr": "5863184177", "pc_new": 7, "screen_name": "chldnwp", "profile_image_url": "https://tvax4.sinaimg.cn/crop.0.0.1080.1080.50/006oNk2Jly8hkmwb97rz4j30u00u079z.jpg?KID=imgbed,tva&amp;Expires=1704618425&amp;ssig=RkVYXXkd79", "profile_url": "/u/5863184177", "verified": false, "verified_type": -1, "domain": "", "weihao": "", "avatar_large": "https://tvax4.sinaimg.cn/crop.0.0.1080.1080.180/006oNk2Jly8hkmwb97rz4j30u00u079z.jpg?KID=imgbed,tva&amp;Expires=1704618425&amp;ssig=tMIfd%2FQM4N", "avatar_hd": "https://tvax4.sinaimg.cn/crop.0.0.1080.1080.1024/006oNk2Jly8hkmwb97rz4j30u00u079z.jpg?KID=imgbed,tva&amp;Expires=1704618425&amp;ssig=SargIC6c1r", "follow_me": false, "following": false, "mbrank": 6, "mbtype": 12, "v_plus": 0, "planet_video": false, "icon_list": [{"type": "vip", "data": {"mbrank": 6, "mbtype": 12, "svip": 0, "vvip": 0}}]}, "can_edit": false, "text_raw": "⚡️ 中文弹幕，看得见呀～翻译器说“永远爱你Zeus”这样，“送送送”为什么这么多“送”？和僵尸在打架？好哲学啊\n⚡️ 僵尸来了吗？好可怕！\n\n231218\n. http://t.cn/A6li0Lc8 ​​​", "textLength": 164, "annotations": [[], {"client_mblogid": "iPhone-5131834F-3471-4DBE-ACF3-4F928F1ACDAB"}, {"source_text": "", "phone_id": "-1"}, {"mapi_request": true}], "source": "&lt;a target=\"_blank\" href=\"https://t.sina.com.cn\" rel=\"nofollow\"&gt;微博视频号&lt;/a&gt;", "favorited": false, "buttons": [{"type": "follow", "name": "加关注", "params": {"uid": 5863184177, "disable_group": 1, "extparams": {"followcardid": "1008080010_"}}, "actionlog": {"act_code": "92", "oid": "4980369075995293"}}], "rid": "5_0_50_162411542614888335_0_0_0", "cardid": "star_1438", "pic_ids": [], "geo": "", "pic_num": 0, "is_paid": false, "mblog_vip_type": 0, "number_display_strategy": {"apply_scenario_flag": 3, "display_text_min_number": 1000000, "display_text": "100万+"}, "reposts_count": 714, "comments_count": 15, "attitudes_count": 472, "attitudes_status": 0, "isLongText": false, "mlevel": 0, "content_auth": 0, "is_show_bulletin": 2, "comment_manage_info": {"comment_permission_type": -1, "approval_comment_type": 0, "comment_sort_type": 0, "ai_play_picture_type": 0}, "mblogtype": 0, "showFeedRepost": false, "showFeedComment": false, "pictureViewerSign": false, "showPictureViewer": false, "rcList": [], "text": "⚡️ 中文弹幕，看得见呀～翻译器说“永远爱你Zeus”这样，“送送送”为什么这么多“送”？和僵尸在打架？好哲学啊&lt;br /&gt;⚡️ 僵尸来了吗？好可怕！&lt;br /&gt;&lt;br /&gt;231218&lt;br /&gt;. &lt;a target=\"_blank\" href=\"https://video.weibo.com/show?fid=1034:4980368256991329\"&gt;&lt;img class=\"icon-link\" src=\"https://h5.sinaimg.cn/upload/2015/09/25/3/timeline_card_small_video_default.png\"/&gt;chldnwp的微博视频&lt;/a&gt; ​​​", "region_name": "发布于 广东", "customIcons": []}, "page_info": {"type": "11", "page_id": "2304444980368256991329", "object_type": "video", "object_id": "1034:4980368256991329", "content1": "chldnwp的微博视频", "content2": "⚡️ 中文弹幕，看得见呀～翻译器说“永远爱你Zeus”这样，“送送送”为什么这么多“送”？和僵尸在打架？好哲学啊\n⚡️ 僵尸来了吗？好可怕！\n\n231218\n.", "act_status": 1, "media_info": {"name": "chldnwp的微博视频", "stream_url": "http://f.video.weibocdn.com/u0/7l1f0eVtgx08b2Lsagm4010412001EPF0E010.mp4?label=mp4_ld&amp;template=480x360.25.0&amp;ori=0&amp;ps=1CwnkDw1GXwCQx&amp;Expires=1704611224&amp;ssig=r9xaVOtQqn&amp;KID=unistore,video", "stream_url_hd": "http://f.video.weibocdn.com/u0/vlWb4Svsgx08b2LsA5FC010412002B410E010.mp4?label=mp4_hd&amp;template=640x480.25.0&amp;ori=0&amp;ps=1CwnkDw1GXwCQx&amp;Expires=1704611224&amp;ssig=%2FGWPMk9r%2FC&amp;KID=unistore,video", "format": "mp4", "h5_url": "https://video.weibo.com/show?fid=1034:4980368256991329", "mp4_sd_url": "http://f.video.weibocdn.com/u0/7l1f0eVtgx08b2Lsagm4010412001EPF0E010.mp4?label=mp4_ld&amp;template=480x360.25.0&amp;ori=0&amp;ps=1CwnkDw1GXwCQx&amp;Expires=1704611224&amp;ssig=r9xaVOtQqn&amp;KID=unistore,video", "mp4_hd_url": "http://f.video.weibocdn.com/u0/vlWb4Svsgx08b2LsA5FC010412002B410E010.mp4?label=mp4_hd&amp;template=640x480.25.0&amp;ori=0&amp;ps=1CwnkDw1GXwCQx&amp;Expires=1704611224&amp;ssig=%2FGWPMk9r%2FC&amp;KID=unistore,video", "h265_mp4_hd": "", "h265_mp4_ld": "", "inch_4_mp4_hd": "", "inch_5_mp4_hd": "", "inch_5_5_mp4_hd": "", "mp4_720p_mp4": "http://f.video.weibocdn.com/u0/K3G84IrCgx08b2LsekAo010412005oR50E010.mp4?label=mp4_720p&amp;template=960x720.25.0&amp;ori=0&amp;ps=1CwnkDw1GXwCQx&amp;Expires=1704611224&amp;ssig=RBioCOqFVh&amp;KID=unistore,video", "hevc_mp4_720p": "", "prefetch_type": 1, "prefetch_size": 262144, "act_status": 1, "protocol": "general,dash", "media_id": "4980368256991329", "origin_total_bitrate": 15425548, "video_orientation": "horizontal", "duration": 22, "forward_strategy": -1, "search_scheme": "sinaweibo://svssearch?containerid=232080", "is_short_video": 0, "vote_is_show": 0, "belong_collection": 1, "titles_display_time": "3", "show_progress_bar": 1, "show_mute_button": true, "ext_info": {"video_orientation": "horizontal"}, "next_title": "⚡️ 中文弹幕，看得见呀～翻译器说“永远爱你Zeus”这样，“送送送”为什么这么多“送”？和僵尸在打架？好哲学啊\n⚡️ 僵尸来了吗？好可怕！\n\n231218\n.", "kol_title": "⚡️ 中文弹幕，看得见呀～翻译器说“永远爱你Zeus”这样，“送送送”为什么这么多“送”？和僵尸在打架？好哲学啊\n⚡️ 僵尸来了吗？好可怕！\n\n231218\n.", "play_completion_actions": [{"type": "1", "icon": "https://h5.sinaimg.cn/upload/100/1413/2021/12/22/feed_video_icon_replay.png", "text": "重播", "link": "", "btn_code": 1000, "show_position": 1, "actionlog": {"oid": "2304444980368256991329", "act_code": 1221, "act_type": 0, "source": "video"}}, {"type": 6, "icon": "https://tvax4.sinaimg.cn/crop.0.0.1080.1080.180/006oNk2Jly8hkmwb97rz4j30u00u079z.jpg?KID=imgbed,tva&amp;Expires=1704618424&amp;ssig=8vwZ3HZ1n6", "text": "", "display_mode": 2, "display_starttime": 5, "display_endtime": 99999, "countdown_time": 5, "show_position": 48, "scheme": "", "link": "", "btn_code": 1009, "actionlog": {"oid": "2304444980368256991329", "act_code": 91, "act_type": 0, "source": "video", "ext": "mid:4980369075995293|oid:1034:4980368256991329|muid:5863184177|authorid:5863184177"}, "ext": {"uid": "5863184177", "user_name": "chldnwp", "followers_count": 167013, "verified_type": -1, "level": 3}, "display_type": 0}], "video_publish_time": 1702895793, "play_loop_type": 0, "author_mid": "4980369075995293", "author_name": "chldnwp", "extra_info": {"sceneid": "profile_mb"}, "video_download_strategy": {"abandon_download": 0}, "jump_to": 6, "big_pic_info": {"pic_big": {"height": 811, "url": "https://wx3.sinaimg.cn/orj1080/006oNk2Jgy1hky4lkvc7yj31400mj0yu.jpg", "width": 1440}, "pic_small": {"height": 150, "url": "https://wx3.sinaimg.cn/or180/006oNk2Jgy1hky4lkvc7yj31400mj0yu.jpg", "width": 266}, "pic_middle": {"height": 270, "url": "https://wx3.sinaimg.cn/or360/006oNk2Jgy1hky4lkvc7yj31400mj0yu.jpg", "width": 479}}, "online_users": "7万次观看", "online_users_number": 70841, "ttl": 3600, "storage_type": "unistore", "is_keep_current_mblog": 0, "author_info": {"id": 5863184177, "idstr": "5863184177", "pc_new": 7, "screen_name": "chldnwp", "profile_image_url": "https://tvax4.sinaimg.cn/crop.0.0.1080.1080.50/006oNk2Jly8hkmwb97rz4j30u00u079z.jpg?KID=imgbed,tva&amp;Expires=1704618425&amp;ssig=RkVYXXkd79", "profile_url": "/u/5863184177", "verified": false, "verified_type": -1, "domain": "", "weihao": "", "avatar_large": "https://tvax4.sinaimg.cn/crop.0.0.1080.1080.180/006oNk2Jly8hkmwb97rz4j30u00u079z.jpg?KID=imgbed,tva&amp;Expires=1704618425&amp;ssig=tMIfd%2FQM4N", "avatar_hd": "https://tvax4.sinaimg.cn/crop.0.0.1080.1080.1024/006oNk2Jly8hkmwb97rz4j30u00u079z.jpg?KID=imgbed,tva&amp;Expires=1704618425&amp;ssig=SargIC6c1r", "follow_me": false, "following": false, "mbrank": 6, "mbtype": 12, "v_plus": 0, "planet_video": false, "description": "넌내으뜸이니까티비", "location": "其他", "gender": "f", "followers_count": 167014, "followers_count_str": "16.7万", "friends_count": 43, "statuses_count": 2632, "url": "", "svip": 0, "vvip": 0, "cover_image_phone": "https://ww1.sinaimg.cn/crop.0.0.640.640.640/9d44112bjw1f1xl1c10tuj20hs0hs0tw.jpg"}, "playback_list": [{"meta": {"label": "mp4_1080p", "quality_index": 1080, "quality_desc": "高清", "quality_label": "1080p", "quality_class": "HD", "type": 1, "quality_group": 1080, "is_hidden": false}, "play_info": {"type": 1, "mime": "video/mp4", "protocol": "general", "label": "mp4_1080p", "url": "https://f.video.weibocdn.com/u0/s4htXmF4gx08b2LtesQ8010412009ZqU0E010.mp4?label=mp4_1080p&amp;template=1440x1080.25.0&amp;media_id=4980368256991329&amp;tp=8x8A3El:YTkl0eM8&amp;us=0&amp;ori=1&amp;bf=4&amp;ot=h&amp;lp=00003MndIw&amp;ps=mZ6WB&amp;uid=8uaJsH&amp;ab=,8012-g2,8143-g0,3601-g19,3601-g36,8013-g0,3601-g19,7598-g0&amp;Expires=1704611225&amp;ssig=o0GEJoVCse&amp;KID=unistore,video", "bitrate": 859022, "prefetch_range": "0-357917", "video_codecs": "avc1.640028", "fps": 30, "width": 1440, "height": 1080, "size": 2381104, "duration": 22.175, "sar": "1.0", "audio_codecs": "mp4a.40.5", "audio_sample_rate": 44100, "quality_label": "1080p", "quality_class": "HD", "quality_desc": "高清", "audio_channels": 2, "audio_sample_fmt": "fltp", "audio_bits_per_sample": 0, "watermark": "none", "extension": {"transcode_info": {"pcdn_rule_id": 0, "pcdn_jank": 0, "origin_video_dr": "SDR", "ab_strategies": ",8012-g2,8143-g0,3601-g19,3601-g36,8013-g0,3601-g19,7598-g0"}}, "video_decoder": "hard", "prefetch_enabled": true, "tcp_receive_buffer": 262144, "dolby_atmos": false, "color_transfer": "bt709", "first_pkt_end_pos": 64735}}, {"meta": {"label": "mp4_720p", "quality_index": 720, "quality_desc": "高清", "quality_label": "720p", "quality_class": "HD", "type": 1, "quality_group": 720, "is_hidden": false}, "play_info": {"type": 1, "mime": "video/mp4", "protocol": "general", "label": "mp4_720p", "url": "https://f.video.weibocdn.com/u0/K3G84IrCgx08b2LsekAo010412005oR50E010.mp4?label=mp4_720p&amp;template=960x720.25.0&amp;media_id=4980368256991329&amp;tp=8x8A3El:YTkl0eM8&amp;us=0&amp;ori=1&amp;bf=4&amp;ot=h&amp;lp=00003MndIw&amp;ps=mZ6WB&amp;uid=8uaJsH&amp;ab=,8012-g2,8143-g0,3601-g19,3601-g36,8013-g0,3601-g19,7598-g0&amp;Expires=1704611225&amp;ssig=M%2FeiS5%2FpP4&amp;KID=unistore,video", "bitrate": 464373, "prefetch_range": "0-197990", "video_codecs": "avc1.64001f", "fps": 30, "width": 960, "height": 720, "size": 1287187, "duration": 22.175, "sar": "1.0", "audio_codecs": "mp4a.40.5", "audio_sample_rate": 44100, "quality_label": "720p", "quality_class": "HD", "quality_desc": "高清", "audio_channels": 2, "audio_sample_fmt": "fltp", "audio_bits_per_sample": 0, "watermark": "none", "extension": {"transcode_info": {"pcdn_rule_id": 0, "pcdn_jank": 0, "origin_video_dr": "SDR", "ab_strategies": ",8012-g2,8143-g0,3601-g19,3601-g36,8013-g0,3601-g19,7598-g0"}}, "video_decoder": "hard", "prefetch_enabled": true, "tcp_receive_buffer": 262144, "dolby_atmos": false, "color_transfer": "bt709", "first_pkt_end_pos": 46835}}, {"meta": {"label": "mp4_hd", "quality_index": 480, "quality_desc": "标清", "quality_label": "480p", "quality_class": "SD", "type": 1, "quality_group": 480, "is_hidden": false}, "play_info": {"type": 1, "mime": "video/mp4", "protocol": "general", "label": "mp4_hd", "url": "https://f.video.weibocdn.com/u0/vlWb4Svsgx08b2LsA5FC010412002B410E010.mp4?label=mp4_hd&amp;template=640x480.25.0&amp;media_id=4980368256991329&amp;tp=8x8A3El:YTkl0eM8&amp;us=0&amp;ori=1&amp;bf=4&amp;ot=h&amp;lp=00003MndIw&amp;ps=mZ6WB&amp;uid=8uaJsH&amp;ab=,8012-g2,8143-g0,3601-g19,3601-g36,8013-g0,3601-g19,7598-g0&amp;Expires=1704611225&amp;ssig=smlHHxTquI&amp;KID=unistore,video", "bitrate": 223362, "prefetch_range": "0-104396", "video_codecs": "avc1.64001e", "fps": 30, "width": 640, "height": 480, "size": 619133, "duration": 22.175, "sar": "1.0", "audio_codecs": "mp4a.40.5", "audio_sample_rate": 44100, "quality_label": "480p", "quality_class": "SD", "quality_desc": "标清", "audio_channels": 2, "audio_sample_fmt": "fltp", "audio_bits_per_sample": 0, "watermark": "none", "extension": {"transcode_info": {"pcdn_rule_id": 0, "pcdn_jank": 0, "origin_video_dr": "SDR", "ab_strategies": ",8012-g2,8143-g0,3601-g19,3601-g36,8013-g0,3601-g19,7598-g0"}}, "video_decoder": "hard", "prefetch_enabled": true, "tcp_receive_buffer": 262144, "dolby_atmos": false, "color_transfer": "bt709", "first_pkt_end_pos": 36356}}, {"meta": {"label": "scrubber_hd", "quality_index": 480, "quality_desc": "标清", "quality_label": "480p", "quality_class": "SD", "type": 3, "quality_group": 480, "is_hidden": false}, "play_info": {"type": 3, "mime": "image/jpeg", "protocol": "general", "label": "scrubber_hd", "url": "https://wx4.sinaimg.cn/large/006oNk2Jgy1hky4ih9fhaj30qo460tcc.jpg?media_id=4980368256991329&amp;tp=8x8A3El:YTkl0eM8&amp;us=0&amp;ori=1&amp;bf=4&amp;ot=h&amp;lp=00003MndIw&amp;ps=mZ6WB&amp;uid=8uaJsH&amp;ab=,8012-g2,8143-g0,3601-g19,3601-g36,8013-g0,3601-g19,7598-g0&amp;Expires=1704611225&amp;ssig=LFbwYrIR4H&amp;KID=unistore,video", "prefetch_range": "0-512000", "width": 320, "height": 180, "quality_label": "480p", "quality_class": "SD", "quality_desc": "标清", "extension": {"transcode_info": {"pcdn_rule_id": 0, "pcdn_jank": 0, "origin_video_dr": "SDR", "ab_strategies": ",8012-g2,8143-g0,3601-g19,3601-g36,8013-g0,3601-g19,7598-g0"}}, "video_decoder": "hard", "prefetch_enabled": true, "tcp_receive_buffer": 262144, "col": 3, "row": 30, "interval": 1, "offset": 0.5, "urls": ["http://wx4.sinaimg.cn/large/006oNk2Jgy1hky4ih9fhaj30qo460tcc.jpg"]}}, {"meta": {"label": "mp4_ld", "quality_index": 360, "quality_desc": "流畅", "quality_label": "360p", "quality_class": "SD", "type": 1, "quality_group": 360, "is_hidden": false}, "play_info": {"type": 1, "mime": "video/mp4", "protocol": "general", "label": "mp4_ld", "url": "https://f.video.weibocdn.com/u0/7l1f0eVtgx08b2Lsagm4010412001EPF0E010.mp4?label=mp4_ld&amp;template=480x360.25.0&amp;media_id=4980368256991329&amp;tp=8x8A3El:YTkl0eM8&amp;us=0&amp;ori=1&amp;bf=4&amp;ot=h&amp;lp=00003MndIw&amp;ps=mZ6WB&amp;uid=8uaJsH&amp;ab=,8012-g2,8143-g0,3601-g19,3601-g36,8013-g0,3601-g19,7598-g0&amp;Expires=1704611225&amp;ssig=4yWcXcn9WE&amp;KID=unistore,video", "bitrate": 142607, "prefetch_range": "0-72725", "video_codecs": "avc1.64001e", "fps": 30, "width": 480, "height": 360, "size": 395291, "duration": 22.175, "sar": "1.0", "audio_codecs": "mp4a.40.5", "audio_sample_rate": 44100, "quality_label": "360p", "quality_class": "SD", "quality_desc": "流畅", "audio_channels": 2, "audio_sample_fmt": "fltp", "audio_bits_per_sample": 0, "watermark": "none", "extension": {"transcode_info": {"pcdn_rule_id": 0, "pcdn_jank": 0, "origin_video_dr": "SDR", "ab_strategies": ",8012-g2,8143-g0,3601-g19,3601-g36,8013-g0,3601-g19,7598-g0"}}, "video_decoder": "hard", "prefetch_enabled": true, "tcp_receive_buffer": 262144, "dolby_atmos": false, "color_transfer": "bt709", "first_pkt_end_pos": 31585}}]}, "page_pic": "https://wx3.sinaimg.cn/orj480/006oNk2Jgy1hky4lkvc7yj31400mj0yu.jpg", "page_title": "chldnwp的微博视频", "page_url": "sinaweibo://infopage?containerid=2304444980368256991329&amp;containerid=2304444980368256991329&amp;url_type=39&amp;object_type=video&amp;pos=2", "pic_info": {"pic_big": {"height": "480", "url": "https://wx3.sinaimg.cn/orj480/006oNk2Jgy1hky4lkvc7yj31400mj0yu.jpg", "width": "640"}, "pic_small": {"height": "480", "url": "https://wx3.sinaimg.cn/orj480/006oNk2Jgy1hky4lkvc7yj31400mj0yu.jpg", "width": "640"}, "pic_middle": {"url": "https://wx3.sinaimg.cn/orj480/006oNk2Jgy1hky4lkvc7yj31400mj0yu.jpg", "height": "480", "width": "640"}}, "oid": "5863184177", "type_icon": "", "author_id": "5863184177", "authorid": "5863184177", "warn": "", "actionlog": {"act_type": 1, "act_code": 799, "lcardid": "", "fid": "1076036499137849_-_WEIBO_SECOND_PROFILE_WEIBO", "mid": "4980369075995293", "oid": "1034:4980368256991329", "uuid": 4980368288514121, "source": "video", "ext": "uid:7774910775|mid:4980370657772298|objectid:1034%3A4980368256991329|from:1|object_duration:22.175|miduid:6499137849|rootuid:5863184177|rootmid:4980369075995293|authorid:5863184177|video_orientation:horizontal|third_vid:|is_album:1|is_contribution:0|video_tags:|isfan:0|ua:Mozilla/5.0 (Windows NT 10.0; Win64; x64) AppleWebKit/537.36 (KHTML, like Gecko) Chrome/120.0.0.0 Safari/537.36 WeiboPro/1.0.0|sceneid:profile_mb|uuid:4980368288514121|detail:native|contribution:0|short_video:0|st_video:1|author_mid:4980369075995293|cluster_type_status:|is_ad_weibo:0|container_mid:4980370657772298|t_id:4867741908402220|t_name:%E5%90%88%E9%9B%86+%C2%B7+%E6%88%90%E5%B9%B4%E5%B0%8F%E7%8C%AA%E8%A7%82%E5%AF%9F%E6%97%A5%E8%AE%B0|type:2|analysis_card:page_info"}, "short_url": "http://t.cn/A6li0Lc8"}}