{"visible": {"type": 0, "list_id": 0}, "created_at": "Tue Dec 19 14:59:56 +0800 2023", "id": 4980676162228201, "idstr": "4980676162228201", "mid": "4980676162228201", "mblogid": "NxQKQ9lEJ", "user": {"id": 6499137849, "idstr": "6499137849", "pc_new": 7, "screen_name": "冻梨好吃", "profile_image_url": "https://tvax3.sinaimg.cn/crop.0.0.962.962.50/0075PIE1ly8hkxs7vsob4j30qq0qq76e.jpg?KID=imgbed,tva&amp;Expires=1704618417&amp;ssig=cq%2BzmtBsG3", "profile_url": "/u/6499137849", "verified": false, "verified_type": -1, "domain": "", "weihao": "", "avatar_large": "https://tvax3.sinaimg.cn/crop.0.0.962.962.180/0075PIE1ly8hkxs7vsob4j30qq0qq76e.jpg?KID=imgbed,tva&amp;Expires=1704618417&amp;ssig=n3sUOXi6JH", "avatar_hd": "https://tvax3.sinaimg.cn/crop.0.0.962.962.1024/0075PIE1ly8hkxs7vsob4j30qq0qq76e.jpg?KID=imgbed,tva&amp;Expires=1704618417&amp;ssig=ioSPdL9ehs", "follow_me": false, "following": false, "mbrank": 0, "mbtype": 0, "v_plus": 0, "planet_video": false, "icon_list": []}, "can_edit": false, "text_raw": "就应该打包去拍🐏过和小🐉女 ​​​", "textLength": 30, "annotations": [{"photo_sub_type": "0,0,0,0,0,0"}, {"client_mblogid": "5466a2dc-e30d-4948-96aa-82f587b450bd"}, {"source_text": "", "phone_id": "266"}, {"mapi_request": true}], "source": "Android", "favorited": false, "rid": "17_0_50_5136067174132670522_0_0_0", "pic_ids": ["0075PIE1gy1hkz3rlwmhuj30u00id0ye", "0075PIE1gy1hkz3rkzmisj30pw0jfgp4", "0075PIE1gy1hkz3rlffboj30u00u0jwd", "0075PIE1gy1hkz3rkgy5nj32r61jse82", "0075PIE1gy1hkz3spryf0j31be0qothn", "0075PIE1gy1hkz3ut5pl3j30qo171whn"], "pic_focus_point": [{"focus_point": {"left": 0.035849698, "top": 0.20973617, "width": 0.94987375, "height": 0.5888705}, "pic_id": "0075PIE1gy1hkz3ut5pl3j30qo171whn"}, {"focus_point": {"left": 0, "top": 0, "width": 1, "height": 1}, "pic_id": "0075PIE1gy1hkz3rlffboj30u00u0jwd"}, {"focus_point": {"left": 0.17840278, "top": 0.023661315, "width": 0.7329615, "height": 0.97633857}, "pic_id": "0075PIE1gy1hkz3rkzmisj30pw0jfgp4"}, {"focus_point": {"left": 0.36956522, "top": 0.29381442, "width": 0.23768117, "height": 0.33762887}, "pic_id": "0075PIE1gy1hkz3spryf0j31be0qothn"}, {"focus_point": {"left": 0.36231884, "top": 0.28608248, "width": 0.36086956, "height": 0.62886596}, "pic_id": "0075PIE1gy1hkz3rkgy5nj32r61jse82"}, {"focus_point": {"left": 0.1884058, "top": 0.27014217, "width": 0.39275363, "height": 0.54265404}, "pic_id": "0075PIE1gy1hkz3rlwmhuj30u00id0ye"}], "pic_num": 6, "pic_infos": {"0075PIE1gy1hkz3rlwmhuj30u00id0ye": {"thumbnail": {"url": "https://wx3.sinaimg.cn/wap180/0075PIE1gy1hkz3rlwmhuj30u00id0ye.jpg", "width": 180, "height": 110, "cut_type": 1, "type": ""}, "bmiddle": {"url": "https://wx3.sinaimg.cn/wap360/0075PIE1gy1hkz3rlwmhuj30u00id0ye.jpg", "width": 360, "height": 220, "cut_type": 1, "type": ""}, "large": {"url": "https://wx3.sinaimg.cn/orj960/0075PIE1gy1hkz3rlwmhuj30u00id0ye.jpg", "width": 1080, "height": 661, "cut_type": 1, "type": ""}, "original": {"url": "https://wx3.sinaimg.cn/orj1080/0075PIE1gy1hkz3rlwmhuj30u00id0ye.jpg", "width": 1080, "height": 661, "cut_type": 1, "type": ""}, "largest": {"url": "https://wx3.sinaimg.cn/large/0075PIE1gy1hkz3rlwmhuj30u00id0ye.jpg", "width": 1080, "height": 661, "cut_type": 1, "type": ""}, "mw2000": {"url": "https://wx3.sinaimg.cn/mw2000/0075PIE1gy1hkz3rlwmhuj30u00id0ye.jpg", "width": 1080, "height": 661, "cut_type": 1, "type": ""}, "focus_point": {"left": 0.1884058, "top": 0.27014217, "width": 0.39275363, "height": 0.54265404}, "object_id": "1042018:0391e9835769f37130eb7e1e2e0c690a", "pic_id": "0075PIE1gy1hkz3rlwmhuj30u00id0ye", "photo_tag": 0, "type": "pic", "pic_status": 1}, "0075PIE1gy1hkz3rkzmisj30pw0jfgp4": {"thumbnail": {"url": "https://wx1.sinaimg.cn/wap180/0075PIE1gy1hkz3rkzmisj30pw0jfgp4.jpg", "width": 180, "height": 134, "cut_type": 1, "type": ""}, "bmiddle": {"url": "https://wx1.sinaimg.cn/wap360/0075PIE1gy1hkz3rkzmisj30pw0jfgp4.jpg", "width": 360, "height": 269, "cut_type": 1, "type": ""}, "large": {"url": "https://wx1.sinaimg.cn/orj960/0075PIE1gy1hkz3rkzmisj30pw0jfgp4.jpg", "width": 932, "height": 699, "cut_type": 1, "type": ""}, "original": {"url": "https://wx1.sinaimg.cn/orj1080/0075PIE1gy1hkz3rkzmisj30pw0jfgp4.jpg", "width": 932, "height": 699, "cut_type": 1, "type": ""}, "largest": {"url": "https://wx1.sinaimg.cn/large/0075PIE1gy1hkz3rkzmisj30pw0jfgp4.jpg", "width": 932, "height": 699, "cut_type": 1, "type": ""}, "mw2000": {"url": "https://wx1.sinaimg.cn/mw2000/0075PIE1gy1hkz3rkzmisj30pw0jfgp4.jpg", "width": 932, "height": 699, "cut_type": 1, "type": ""}, "focus_point": {"left": 0.17840278, "top": 0.023661315, "width": 0.7329615, "height": 0.97633857}, "object_id": "1042018:b366d6320991975173d937103ec5184f", "pic_id": "0075PIE1gy1hkz3rkzmisj30pw0jfgp4", "photo_tag": 0, "type": "pic", "pic_status": 1}, "0075PIE1gy1hkz3rlffboj30u00u0jwd": {"thumbnail": {"url": "https://wx4.sinaimg.cn/wap180/0075PIE1gy1hkz3rlffboj30u00u0jwd.jpg", "width": 180, "height": 180, "cut_type": 1, "type": ""}, "bmiddle": {"url": "https://wx4.sinaimg.cn/wap360/0075PIE1gy1hkz3rlffboj30u00u0jwd.jpg", "width": 360, "height": 360, "cut_type": 1, "type": ""}, "large": {"url": "https://wx4.sinaimg.cn/orj960/0075PIE1gy1hkz3rlffboj30u00u0jwd.jpg", "width": 960, "height": 960, "cut_type": 1, "type": ""}, "original": {"url": "https://wx4.sinaimg.cn/orj1080/0075PIE1gy1hkz3rlffboj30u00u0jwd.jpg", "width": 1080, "height": 1080, "cut_type": 1, "type": ""}, "largest": {"url": "https://wx4.sinaimg.cn/large/0075PIE1gy1hkz3rlffboj30u00u0jwd.jpg", "width": 1080, "height": 1080, "cut_type": 1, "type": ""}, "mw2000": {"url": "https://wx4.sinaimg.cn/mw2000/0075PIE1gy1hkz3rlffboj30u00u0jwd.jpg", "width": 1080, "height": 1080, "cut_type": 1, "type": ""}, "focus_point": {"left": 0, "top": 0, "width": 1, "height": 1}, "object_id": "1042018:cdafef6450f5b0537e3d860d8687b5cd", "pic_id": "0075PIE1gy1hkz3rlffboj30u00u0jwd", "photo_tag": 0, "type": "pic", "pic_status": 1}, "0075PIE1gy1hkz3rkgy5nj32r61jse82": {"thumbnail": {"url": "https://wx1.sinaimg.cn/wap180/0075PIE1gy1hkz3rkgy5nj32r61jse82.jpg", "width": 180, "height": 101, "cut_type": 1, "type": ""}, "bmiddle": {"url": "https://wx1.sinaimg.cn/wap360/0075PIE1gy1hkz3rkgy5nj32r61jse82.jpg", "width": 360, "height": 202, "cut_type": 1, "type": ""}, "large": {"url": "https://wx1.sinaimg.cn/orj960/0075PIE1gy1hkz3rkgy5nj32r61jse82.jpg", "width": 1708, "height": 960, "cut_type": 1, "type": ""}, "original": {"url": "https://wx1.sinaimg.cn/orj1080/0075PIE1gy1hkz3rkgy5nj32r61jse82.jpg", "width": 1921, "height": 1080, "cut_type": 1, "type": ""}, "largest": {"url": "https://wx1.sinaimg.cn/large/0075PIE1gy1hkz3rkgy5nj32r61jse82.jpg", "width": 2048, "height": 1151, "cut_type": 1, "type": ""}, "mw2000": {"url": "https://wx1.sinaimg.cn/mw2000/0075PIE1gy1hkz3rkgy5nj32r61jse82.jpg", "width": 2000, "height": 1124, "cut_type": 1, "type": ""}, "focus_point": {"left": 0.36231884, "top": 0.28608248, "width": 0.36086956, "height": 0.62886596}, "object_id": "1042018:1845e10f7d1a6c0302afd18052871f14", "pic_id": "0075PIE1gy1hkz3rkgy5nj32r61jse82", "photo_tag": 0, "type": "pic", "pic_status": 1}, "0075PIE1gy1hkz3spryf0j31be0qothn": {"thumbnail": {"url": "https://wx1.sinaimg.cn/wap180/0075PIE1gy1hkz3spryf0j31be0qothn.jpg", "width": 180, "height": 101, "cut_type": 1, "type": ""}, "bmiddle": {"url": "https://wx1.sinaimg.cn/wap360/0075PIE1gy1hkz3spryf0j31be0qothn.jpg", "width": 360, "height": 202, "cut_type": 1, "type": ""}, "large": {"url": "https://wx1.sinaimg.cn/orj960/0075PIE1gy1hkz3spryf0j31be0qothn.jpg", "width": 1706, "height": 960, "cut_type": 1, "type": ""}, "original": {"url": "https://wx1.sinaimg.cn/orj1080/0075PIE1gy1hkz3spryf0j31be0qothn.jpg", "width": 1706, "height": 960, "cut_type": 1, "type": ""}, "largest": {"url": "https://wx1.sinaimg.cn/large/0075PIE1gy1hkz3spryf0j31be0qothn.jpg", "width": 1706, "height": 960, "cut_type": 1, "type": ""}, "mw2000": {"url": "https://wx1.sinaimg.cn/mw2000/0075PIE1gy1hkz3spryf0j31be0qothn.jpg", "width": 1706, "height": 960, "cut_type": 1, "type": ""}, "focus_point": {"left": 0.36956522, "top": 0.29381442, "width": 0.23768117, "height": 0.33762887}, "object_id": "1042018:d4b9db0b000a62ae38557bfd0712fae0", "pic_id": "0075PIE1gy1hkz3spryf0j31be0qothn", "photo_tag": 0, "type": "pic", "pic_status": 1}, "0075PIE1gy1hkz3ut5pl3j30qo171whn": {"thumbnail": {"url": "https://wx4.sinaimg.cn/wap180/0075PIE1gy1hkz3ut5pl3j30qo171whn.jpg", "width": 111, "height": 180, "cut_type": 1, "type": ""}, "bmiddle": {"url": "https://wx4.sinaimg.cn/wap360/0075PIE1gy1hkz3ut5pl3j30qo171whn.jpg", "width": 223, "height": 360, "cut_type": 1, "type": ""}, "large": {"url": "https://wx4.sinaimg.cn/orj960/0075PIE1gy1hkz3ut5pl3j30qo171whn.jpg", "width": 960, "height": 1549, "cut_type": 1, "type": ""}, "original": {"url": "https://wx4.sinaimg.cn/orj1080/0075PIE1gy1hkz3ut5pl3j30qo171whn.jpg", "width": 960, "height": 1549, "cut_type": 1, "type": ""}, "largest": {"url": "https://wx4.sinaimg.cn/large/0075PIE1gy1hkz3ut5pl3j30qo171whn.jpg", "width": 960, "height": 1549, "cut_type": 1, "type": ""}, "mw2000": {"url": "https://wx4.sinaimg.cn/mw2000/0075PIE1gy1hkz3ut5pl3j30qo171whn.jpg", "width": 960, "height": 1549, "cut_type": 1, "type": ""}, "focus_point": {"left": 0.035849698, "top": 0.20973617, "width": 0.94987375, "height": 0.5888705}, "object_id": "1042018:e68843f80380e4b0c68c363eac6382c4", "pic_id": "0075PIE1gy1hkz3ut5pl3j30qo171whn", "photo_tag": 0, "type": "pic", "pic_status": 1}}, "is_paid": false, "mblog_vip_type": 0, "number_display_strategy": {"apply_scenario_flag": 3, "display_text_min_number": 1000000, "display_text": "100万+"}, "reposts_count": 0, "comments_count": 0, "attitudes_count": 0, "attitudes_status": 0, "isLongText": false, "mlevel": 0, "content_auth": 0, "is_show_bulletin": 2, "comment_manage_info": {"comment_permission_type": -1, "approval_comment_type": 0, "comment_sort_type": 0}, "share_repost_type": 0, "mblogtype": 0, "showFeedRepost": false, "showFeedComment": false, "pictureViewerSign": false, "showPictureViewer": false, "rcList": [], "text": "就应该打包去拍🐏过和小🐉女 ​​​", "region_name": "发布于 辽宁", "customIcons": []}