{"visible": {"type": 0, "list_id": 0}, "created_at": "Mon Dec 18 14:28:21 +0800 2023", "id": 4980305826416047, "idstr": "4980305826416047", "mid": "4980305826416047", "mblogid": "NxH7wqV6D", "user": {"id": 6499137849, "idstr": "6499137849", "pc_new": 7, "screen_name": "冻梨好吃", "profile_image_url": "https://tvax3.sinaimg.cn/crop.0.0.962.962.50/0075PIE1ly8hkxs7vsob4j30qq0qq76e.jpg?KID=imgbed,tva&amp;Expires=1704618425&amp;ssig=HfoJ1EjrJs", "profile_url": "/u/6499137849", "verified": false, "verified_type": -1, "domain": "", "weihao": "", "avatar_large": "https://tvax3.sinaimg.cn/crop.0.0.962.962.180/0075PIE1ly8hkxs7vsob4j30qq0qq76e.jpg?KID=imgbed,tva&amp;Expires=1704618425&amp;ssig=xQCGe87gKo", "avatar_hd": "https://tvax3.sinaimg.cn/crop.0.0.962.962.1024/0075PIE1ly8hkxs7vsob4j30qq0qq76e.jpg?KID=imgbed,tva&amp;Expires=1704618425&amp;ssig=ezjZLxzaAC", "follow_me": false, "following": false, "mbrank": 0, "mbtype": 0, "v_plus": 0, "planet_video": false, "icon_list": []}, "can_edit": false, "text_raw": "哎哟喂，搞什么很幽默啊[二哈] ​​​", "textLength": 28, "annotations": [{"photo_sub_type": "0"}, {"client_mblogid": "dcb570ac-787f-4e29-95fb-b1ef891750f9"}, {"source_text": "", "phone_id": "266"}, {"mapi_request": true}], "source": "Android", "favorited": false, "rid": "9_0_50_162411542614888335_0_0_0", "pic_ids": ["0075PIE1gy1hkxxbjcyemj30qo11edk1"], "pic_focus_point": [{"focus_point": {"left": 0.3072464, "top": 0, "width": 0.3768116, "height": 0.04653568}, "pic_id": "0075PIE1gy1hkxxbjcyemj30qo11edk1"}], "pic_num": 1, "pic_infos": {"0075PIE1gy1hkxxbjcyemj30qo11edk1": {"thumbnail": {"url": "https://wx4.sinaimg.cn/wap180/0075PIE1gy1hkxxbjcyemj30qo11edk1.jpg", "width": 128, "height": 180, "cut_type": 1, "type": ""}, "bmiddle": {"url": "https://wx4.sinaimg.cn/wap360/0075PIE1gy1hkxxbjcyemj30qo11edk1.jpg", "width": 256, "height": 360, "cut_type": 1, "type": ""}, "large": {"url": "https://wx4.sinaimg.cn/orj960/0075PIE1gy1hkxxbjcyemj30qo11edk1.jpg", "width": 960, "height": 1346, "cut_type": 1, "type": ""}, "original": {"url": "https://wx4.sinaimg.cn/orj1080/0075PIE1gy1hkxxbjcyemj30qo11edk1.jpg", "width": 960, "height": 1346, "cut_type": 1, "type": ""}, "largest": {"url": "https://wx4.sinaimg.cn/large/0075PIE1gy1hkxxbjcyemj30qo11edk1.jpg", "width": 960, "height": 1346, "cut_type": 1, "type": ""}, "mw2000": {"url": "https://wx4.sinaimg.cn/mw2000/0075PIE1gy1hkxxbjcyemj30qo11edk1.jpg", "width": 960, "height": 1346, "cut_type": 1, "type": ""}, "focus_point": {"left": 0.3072464, "top": 0, "width": 0.3768116, "height": 0.04653568}, "object_id": "1042018:414e198421a0a69990364c588d5ce9b7", "pic_id": "0075PIE1gy1hkxxbjcyemj30qo11edk1", "photo_tag": 0, "type": "pic", "pic_status": 1}}, "is_paid": false, "mblog_vip_type": 0, "number_display_strategy": {"apply_scenario_flag": 3, "display_text_min_number": 1000000, "display_text": "100万+"}, "reposts_count": 0, "comments_count": 0, "attitudes_count": 0, "attitudes_status": 0, "isLongText": false, "mlevel": 0, "content_auth": 0, "is_show_bulletin": 2, "comment_manage_info": {"comment_permission_type": -1, "approval_comment_type": 0, "comment_sort_type": 0}, "share_repost_type": 0, "mblogtype": 0, "showFeedRepost": false, "showFeedComment": false, "pictureViewerSign": false, "showPictureViewer": false, "rcList": [], "text": "哎哟喂，搞什么很幽默啊&lt;img alt=\"[二哈]\" title=\"[二哈]\" src=\"https://face.t.sinajs.cn/t4/appstyle/expression/ext/normal/22/2018new_erha_org.png\" /&gt; ​​​", "region_name": "发布于 辽宁", "customIcons": []}