{"visible": {"type": 0, "list_id": 0}, "created_at": "Thu Dec 21 23:03:24 +0800 2023", "id": 4981522603971729, "idstr": "4981522603971729", "mid": "4981522603971729", "mblogid": "NycM4gFe9", "user": {"id": 6499137849, "idstr": "6499137849", "pc_new": 7, "screen_name": "冻梨好吃", "profile_image_url": "https://tvax3.sinaimg.cn/crop.0.0.962.962.50/0075PIE1ly8hkxs7vsob4j30qq0qq76e.jpg?KID=imgbed,tva&amp;Expires=1704618406&amp;ssig=9bkyhtQzqS", "profile_url": "/u/6499137849", "verified": false, "verified_type": -1, "domain": "", "weihao": "", "avatar_large": "https://tvax3.sinaimg.cn/crop.0.0.962.962.180/0075PIE1ly8hkxs7vsob4j30qq0qq76e.jpg?KID=imgbed,tva&amp;Expires=1704618406&amp;ssig=ekO%2FniqGDz", "avatar_hd": "https://tvax3.sinaimg.cn/crop.0.0.962.962.1024/0075PIE1ly8hkxs7vsob4j30qq0qq76e.jpg?KID=imgbed,tva&amp;Expires=1704618406&amp;ssig=dE5Oo8F6TC", "follow_me": false, "following": false, "mbrank": 0, "mbtype": 0, "v_plus": 0, "planet_video": false, "icon_list": []}, "can_edit": false, "text_raw": "沈瀚能不能别删[丰收了][丰收了] ​​​", "textLength": 30, "annotations": [{"photo_sub_type": "0,0,0"}, {"client_mblogid": "2688c8ea-6bf2-40b1-8dcd-1976fb1744fd"}, {"source_text": "", "phone_id": "266"}, {"mapi_request": true}], "source": "Android", "favorited": false, "rid": "5_0_50_5044154246932884826_0_0_0", "pic_ids": ["0075PIE1gy1hl1t1ndog5j30qo12kjul", "0075PIE1gy1hl1t1nxr51j30qe1dqwip", "0075PIE1gy1hl1t1vh1mfj30qo1by0wq"], "pic_focus_point": [{"focus_point": {"left": 0.0050978507, "top": 0.24328595, "width": 0.9949021, "height": 0.5531688}, "pic_id": "0075PIE1gy1hl1t1vh1mfj30qo1by0wq"}, {"focus_point": {"left": 0.0055779056, "top": 0.15609781, "width": 0.994422, "height": 0.52780867}, "pic_id": "0075PIE1gy1hl1t1nxr51j30qe1dqwip"}, {"focus_point": {"left": 0.00048208926, "top": 0.051056493, "width": 0.9995178, "height": 0.69104946}, "pic_id": "0075PIE1gy1hl1t1ndog5j30qo12kjul"}], "pic_num": 3, "pic_infos": {"0075PIE1gy1hl1t1ndog5j30qo12kjul": {"thumbnail": {"url": "https://wx4.sinaimg.cn/wap180/0075PIE1gy1hl1t1ndog5j30qo12kjul.jpg", "width": 124, "height": 180, "cut_type": 1, "type": ""}, "bmiddle": {"url": "https://wx4.sinaimg.cn/wap360/0075PIE1gy1hl1t1ndog5j30qo12kjul.jpg", "width": 249, "height": 360, "cut_type": 1, "type": ""}, "large": {"url": "https://wx4.sinaimg.cn/orj960/0075PIE1gy1hl1t1ndog5j30qo12kjul.jpg", "width": 960, "height": 1388, "cut_type": 1, "type": ""}, "original": {"url": "https://wx4.sinaimg.cn/orj1080/0075PIE1gy1hl1t1ndog5j30qo12kjul.jpg", "width": 960, "height": 1388, "cut_type": 1, "type": ""}, "largest": {"url": "https://wx4.sinaimg.cn/large/0075PIE1gy1hl1t1ndog5j30qo12kjul.jpg", "width": 960, "height": 1388, "cut_type": 1, "type": ""}, "mw2000": {"url": "https://wx4.sinaimg.cn/mw2000/0075PIE1gy1hl1t1ndog5j30qo12kjul.jpg", "width": 960, "height": 1388, "cut_type": 1, "type": ""}, "focus_point": {"left": 0.00048208926, "top": 0.051056493, "width": 0.9995178, "height": 0.69104946}, "object_id": "1042018:a024a2f4aaef617c15362824137303f9", "pic_id": "0075PIE1gy1hl1t1ndog5j30qo12kjul", "photo_tag": 0, "type": "pic", "pic_status": 1}, "0075PIE1gy1hl1t1nxr51j30qe1dqwip": {"thumbnail": {"url": "https://wx2.sinaimg.cn/wap180/0075PIE1gy1hl1t1nxr51j30qe1dqwip.jpg", "width": 95, "height": 180, "cut_type": 1, "type": ""}, "bmiddle": {"url": "https://wx2.sinaimg.cn/wap360/0075PIE1gy1hl1t1nxr51j30qe1dqwip.jpg", "width": 191, "height": 360, "cut_type": 1, "type": ""}, "large": {"url": "https://wx2.sinaimg.cn/orj960/0075PIE1gy1hl1t1nxr51j30qe1dqwip.jpg", "width": 950, "height": 1790, "cut_type": 1, "type": ""}, "original": {"url": "https://wx2.sinaimg.cn/orj1080/0075PIE1gy1hl1t1nxr51j30qe1dqwip.jpg", "width": 950, "height": 1790, "cut_type": 1, "type": ""}, "largest": {"url": "https://wx2.sinaimg.cn/large/0075PIE1gy1hl1t1nxr51j30qe1dqwip.jpg", "width": 950, "height": 1790, "cut_type": 1, "type": ""}, "mw2000": {"url": "https://wx2.sinaimg.cn/mw2000/0075PIE1gy1hl1t1nxr51j30qe1dqwip.jpg", "width": 950, "height": 1790, "cut_type": 1, "type": ""}, "focus_point": {"left": 0.0055779056, "top": 0.15609781, "width": 0.994422, "height": 0.52780867}, "object_id": "1042018:34cf181e8a5e9a89cd6b16cc7ab94076", "pic_id": "0075PIE1gy1hl1t1nxr51j30qe1dqwip", "photo_tag": 0, "type": "pic", "pic_status": 1}, "0075PIE1gy1hl1t1vh1mfj30qo1by0wq": {"thumbnail": {"url": "https://wx4.sinaimg.cn/wap180/0075PIE1gy1hl1t1vh1mfj30qo1by0wq.jpg", "width": 100, "height": 180, "cut_type": 1, "type": ""}, "bmiddle": {"url": "https://wx4.sinaimg.cn/wap360/0075PIE1gy1hl1t1vh1mfj30qo1by0wq.jpg", "width": 200, "height": 360, "cut_type": 1, "type": ""}, "large": {"url": "https://wx4.sinaimg.cn/orj960/0075PIE1gy1hl1t1vh1mfj30qo1by0wq.jpg", "width": 960, "height": 1726, "cut_type": 1, "type": ""}, "original": {"url": "https://wx4.sinaimg.cn/orj1080/0075PIE1gy1hl1t1vh1mfj30qo1by0wq.jpg", "width": 960, "height": 1726, "cut_type": 1, "type": ""}, "largest": {"url": "https://wx4.sinaimg.cn/large/0075PIE1gy1hl1t1vh1mfj30qo1by0wq.jpg", "width": 960, "height": 1726, "cut_type": 1, "type": ""}, "mw2000": {"url": "https://wx4.sinaimg.cn/mw2000/0075PIE1gy1hl1t1vh1mfj30qo1by0wq.jpg", "width": 960, "height": 1726, "cut_type": 1, "type": ""}, "focus_point": {"left": 0.0050978507, "top": 0.24328595, "width": 0.9949021, "height": 0.5531688}, "object_id": "1042018:8358a63e1abf8a4cc90512317554fee2", "pic_id": "0075PIE1gy1hl1t1vh1mfj30qo1by0wq", "photo_tag": 0, "type": "pic", "pic_status": 1}}, "is_paid": false, "mblog_vip_type": 0, "number_display_strategy": {"apply_scenario_flag": 3, "display_text_min_number": 1000000, "display_text": "100万+"}, "reposts_count": 0, "comments_count": 0, "attitudes_count": 0, "attitudes_status": 0, "isLongText": false, "mlevel": 0, "content_auth": 0, "is_show_bulletin": 2, "comment_manage_info": {"comment_permission_type": -1, "approval_comment_type": 0, "comment_sort_type": 0}, "share_repost_type": 0, "mblogtype": 0, "showFeedRepost": false, "showFeedComment": false, "pictureViewerSign": false, "showPictureViewer": false, "rcList": [], "text": "沈瀚能不能别删[丰收了][丰收了] ​​​", "region_name": "发布于 辽宁", "customIcons": []}