{"visible": {"type": 0, "list_id": 0}, "created_at": "Thu Dec 21 21:07:14 +0800 2023", "id": 4981493372557011, "idstr": "4981493372557011", "mid": "4981493372557011", "mblogid": "Nyc0VaJc7", "user": {"id": 6499137849, "idstr": "6499137849", "pc_new": 7, "screen_name": "冻梨好吃", "profile_image_url": "https://tvax3.sinaimg.cn/crop.0.0.962.962.50/0075PIE1ly8hkxs7vsob4j30qq0qq76e.jpg?KID=imgbed,tva&amp;Expires=1704618406&amp;ssig=9bkyhtQzqS", "profile_url": "/u/6499137849", "verified": false, "verified_type": -1, "domain": "", "weihao": "", "avatar_large": "https://tvax3.sinaimg.cn/crop.0.0.962.962.180/0075PIE1ly8hkxs7vsob4j30qq0qq76e.jpg?KID=imgbed,tva&amp;Expires=1704618406&amp;ssig=ekO%2FniqGDz", "avatar_hd": "https://tvax3.sinaimg.cn/crop.0.0.962.962.1024/0075PIE1ly8hkxs7vsob4j30qq0qq76e.jpg?KID=imgbed,tva&amp;Expires=1704618406&amp;ssig=dE5Oo8F6TC", "follow_me": false, "following": false, "mbrank": 0, "mbtype": 0, "v_plus": 0, "planet_video": false, "icon_list": []}, "can_edit": false, "text_raw": "赢了一把就开播[你好] ​​​", "textLength": 20, "annotations": [{"photo_sub_type": "0"}, {"client_mblogid": "dd263d32-6b93-4857-b5bc-1b13002a89ce"}, {"source_text": "", "phone_id": "266"}, {"mapi_request": true}], "source": "Android", "favorited": false, "rid": "9_0_50_5044154246932884826_0_0_0", "pic_ids": ["0075PIE1gy1hl1pptn1h3j30qo0ld74x"], "pic_focus_point": [{"focus_point": {"left": 0.22843194, "top": 0.04304005, "width": 0.5422653, "height": 0.6766059}, "pic_id": "0075PIE1gy1hl1pptn1h3j30qo0ld74x"}], "pic_num": 1, "pic_infos": {"0075PIE1gy1hl1pptn1h3j30qo0ld74x": {"thumbnail": {"url": "https://wx2.sinaimg.cn/wap180/0075PIE1gy1hl1pptn1h3j30qo0ld74x.jpg", "width": 180, "height": 144, "cut_type": 1, "type": ""}, "bmiddle": {"url": "https://wx2.sinaimg.cn/wap360/0075PIE1gy1hl1pptn1h3j30qo0ld74x.jpg", "width": 360, "height": 288, "cut_type": 1, "type": ""}, "large": {"url": "https://wx2.sinaimg.cn/orj960/0075PIE1gy1hl1pptn1h3j30qo0ld74x.jpg", "width": 960, "height": 769, "cut_type": 1, "type": ""}, "original": {"url": "https://wx2.sinaimg.cn/orj1080/0075PIE1gy1hl1pptn1h3j30qo0ld74x.jpg", "width": 960, "height": 769, "cut_type": 1, "type": ""}, "largest": {"url": "https://wx2.sinaimg.cn/large/0075PIE1gy1hl1pptn1h3j30qo0ld74x.jpg", "width": 960, "height": 769, "cut_type": 1, "type": ""}, "mw2000": {"url": "https://wx2.sinaimg.cn/mw2000/0075PIE1gy1hl1pptn1h3j30qo0ld74x.jpg", "width": 960, "height": 769, "cut_type": 1, "type": ""}, "focus_point": {"left": 0.22843194, "top": 0.04304005, "width": 0.5422653, "height": 0.6766059}, "object_id": "1042018:efbbb55e22153dfdc2635852f8d87bba", "pic_id": "0075PIE1gy1hl1pptn1h3j30qo0ld74x", "photo_tag": 0, "type": "pic", "pic_status": 1}}, "is_paid": false, "mblog_vip_type": 0, "number_display_strategy": {"apply_scenario_flag": 3, "display_text_min_number": 1000000, "display_text": "100万+"}, "reposts_count": 0, "comments_count": 0, "attitudes_count": 0, "attitudes_status": 0, "isLongText": false, "mlevel": 0, "content_auth": 0, "is_show_bulletin": 2, "comment_manage_info": {"comment_permission_type": -1, "approval_comment_type": 0, "comment_sort_type": 0}, "share_repost_type": 0, "mblogtype": 0, "showFeedRepost": false, "showFeedComment": false, "pictureViewerSign": false, "showPictureViewer": false, "rcList": [], "text": "赢了一把就开播&lt;img alt=\"[你好]\" title=\"[你好]\" src=\"https://face.t.sinajs.cn/t4/appstyle/expression/ext/normal/b2/2023_hello_org.png\" /&gt; ​​​", "region_name": "发布于 辽宁", "customIcons": []}