{"visible": {"type": 0, "list_id": 0}, "created_at": "Fri Dec 22 23:39:51 +0800 2023", "id": 4981894164776186, "idstr": "4981894164776186", "mid": "4981894164776186", "mblogid": "Nymrmk2vg", "user": {"id": 6499137849, "idstr": "6499137849", "pc_new": 7, "screen_name": "冻梨好吃", "profile_image_url": "https://tvax3.sinaimg.cn/crop.0.0.962.962.50/0075PIE1ly8hkxs7vsob4j30qq0qq76e.jpg?KID=imgbed,tva&amp;Expires=1704618395&amp;ssig=sncxrMk8%2B5", "profile_url": "/u/6499137849", "verified": false, "verified_type": -1, "domain": "", "weihao": "", "avatar_large": "https://tvax3.sinaimg.cn/crop.0.0.962.962.180/0075PIE1ly8hkxs7vsob4j30qq0qq76e.jpg?KID=imgbed,tva&amp;Expires=1704618395&amp;ssig=ZlcRC6X3FP", "avatar_hd": "https://tvax3.sinaimg.cn/crop.0.0.962.962.1024/0075PIE1ly8hkxs7vsob4j30qq0qq76e.jpg?KID=imgbed,tva&amp;Expires=1704618395&amp;ssig=HTwOmXdrCp", "follow_me": false, "following": false, "mbrank": 0, "mbtype": 0, "v_plus": 0, "planet_video": false, "icon_list": []}, "can_edit": false, "text_raw": "卓哥怎么这么爱卖萌[鄙视][鄙视] ​​​", "textLength": 30, "annotations": [{"photo_sub_type": "0"}, {"client_mblogid": "83b5eadd-0a46-4eb6-8e75-c11232576dc5"}, {"source_text": "", "phone_id": "266"}, {"mapi_request": true}], "source": "Android", "favorited": false, "rid": "7_0_50_164604930873474872_0_0_0", "pic_ids": ["0075PIE1gy1hl2zqwjk4sj30qo0ggdi1"], "pic_focus_point": [{"focus_point": {"left": 0.7289855, "top": 0.74413145, "width": 0.08260869, "height": 0.16431925}, "pic_id": "0075PIE1gy1hl2zqwjk4sj30qo0ggdi1"}], "pic_num": 1, "pic_infos": {"0075PIE1gy1hl2zqwjk4sj30qo0ggdi1": {"thumbnail": {"url": "https://wx3.sinaimg.cn/wap180/0075PIE1gy1hl2zqwjk4sj30qo0ggdi1.jpg", "width": 180, "height": 110, "cut_type": 1, "type": ""}, "bmiddle": {"url": "https://wx3.sinaimg.cn/wap360/0075PIE1gy1hl2zqwjk4sj30qo0ggdi1.jpg", "width": 360, "height": 221, "cut_type": 1, "type": ""}, "large": {"url": "https://wx3.sinaimg.cn/orj960/0075PIE1gy1hl2zqwjk4sj30qo0ggdi1.jpg", "width": 960, "height": 592, "cut_type": 1, "type": ""}, "original": {"url": "https://wx3.sinaimg.cn/orj1080/0075PIE1gy1hl2zqwjk4sj30qo0ggdi1.jpg", "width": 960, "height": 592, "cut_type": 1, "type": ""}, "largest": {"url": "https://wx3.sinaimg.cn/large/0075PIE1gy1hl2zqwjk4sj30qo0ggdi1.jpg", "width": 960, "height": 592, "cut_type": 1, "type": ""}, "mw2000": {"url": "https://wx3.sinaimg.cn/mw2000/0075PIE1gy1hl2zqwjk4sj30qo0ggdi1.jpg", "width": 960, "height": 592, "cut_type": 1, "type": ""}, "focus_point": {"left": 0.7289855, "top": 0.74413145, "width": 0.08260869, "height": 0.16431925}, "object_id": "1042018:be2875b9145a90ce10a713842188610f", "pic_id": "0075PIE1gy1hl2zqwjk4sj30qo0ggdi1", "photo_tag": 0, "type": "pic", "pic_status": 1}}, "is_paid": false, "mblog_vip_type": 0, "number_display_strategy": {"apply_scenario_flag": 3, "display_text_min_number": 1000000, "display_text": "100万+"}, "reposts_count": 0, "comments_count": 0, "attitudes_count": 0, "attitudes_status": 0, "isLongText": false, "mlevel": 0, "content_auth": 0, "is_show_bulletin": 2, "comment_manage_info": {"comment_permission_type": -1, "approval_comment_type": 0, "comment_sort_type": 0}, "share_repost_type": 0, "mblogtype": 0, "showFeedRepost": false, "showFeedComment": false, "pictureViewerSign": false, "showPictureViewer": false, "rcList": [], "text": "卓哥怎么这么爱卖萌&lt;img alt=\"[鄙视]\" title=\"[鄙视]\" src=\"https://face.t.sinajs.cn/t4/appstyle/expression/ext/normal/da/2018new_bishi_org.png\" /&gt;&lt;img alt=\"[鄙视]\" title=\"[鄙视]\" src=\"https://face.t.sinajs.cn/t4/appstyle/expression/ext/normal/da/2018new_bishi_org.png\" /&gt; ​​​", "region_name": "发布于 辽宁", "customIcons": []}