{"visible": {"type": 0, "list_id": 0}, "created_at": "Fri Dec 22 18:26:56 +0800 2023", "id": 4981815416981203, "idstr": "4981815416981203", "mid": "4981815416981203", "mblogid": "Nykolti83", "user": {"id": 6499137849, "idstr": "6499137849", "pc_new": 7, "screen_name": "冻梨好吃", "profile_image_url": "https://tvax3.sinaimg.cn/crop.0.0.962.962.50/0075PIE1ly8hkxs7vsob4j30qq0qq76e.jpg?KID=imgbed,tva&amp;Expires=1704618395&amp;ssig=sncxrMk8%2B5", "profile_url": "/u/6499137849", "verified": false, "verified_type": -1, "domain": "", "weihao": "", "avatar_large": "https://tvax3.sinaimg.cn/crop.0.0.962.962.180/0075PIE1ly8hkxs7vsob4j30qq0qq76e.jpg?KID=imgbed,tva&amp;Expires=1704618395&amp;ssig=ZlcRC6X3FP", "avatar_hd": "https://tvax3.sinaimg.cn/crop.0.0.962.962.1024/0075PIE1ly8hkxs7vsob4j30qq0qq76e.jpg?KID=imgbed,tva&amp;Expires=1704618395&amp;ssig=HTwOmXdrCp", "follow_me": false, "following": false, "mbrank": 0, "mbtype": 0, "v_plus": 0, "planet_video": false, "icon_list": []}, "can_edit": false, "text_raw": "@锦月如歌官方微博 别逼扇[丰收了][丰收了]//@村野奇緣:箭之所至心之所向", "annotations": [{"client_mblogid": "b4c6e1e3-2ef0-4557-9bb5-795f6ec8f738"}, {"mapi_request": true}], "source": "Android", "favorited": false, "rid": "14_0_50_164604930873474872_0_0_0", "pic_ids": [], "pic_num": 0, "is_paid": false, "mblog_vip_type": 0, "number_display_strategy": {"apply_scenario_flag": 3, "display_text_min_number": 1000000, "display_text": "100万+"}, "reposts_count": 0, "comments_count": 0, "attitudes_count": 0, "attitudes_status": 0, "isLongText": false, "mlevel": 0, "content_auth": 0, "is_show_bulletin": 2, "comment_manage_info": {"comment_permission_type": -1, "approval_comment_type": 0, "comment_sort_type": 0}, "repost_type": 1, "share_repost_type": 0, "mblogtype": 0, "showFeedRepost": false, "showFeedComment": false, "pictureViewerSign": false, "showPictureViewer": false, "rcList": [], "text": "&lt;a href=/n/锦月如歌官方微博 usercard=\"name=@锦月如歌官方微博\"&gt;@锦月如歌官方微博&lt;/a&gt; 别逼扇[丰收了][丰收了]//&lt;a href=/n/村野奇緣 usercard=\"name=@村野奇緣\"&gt;@村野奇緣&lt;/a&gt;:箭之所至心之所向", "region_name": "发布于 辽宁", "customIcons": [], "retweeted_status": {"visible": {"type": 0, "list_id": 0}, "created_at": "Fri Dec 22 15:25:14 +0800 2023", "id": 4981769696968822, "idstr": "4981769696968822", "mid": "4981769696968822", "mblogid": "NyjcBteUm", "user": {"id": 7855712189, "idstr": "7855712189", "pc_new": 0, "screen_name": "炸鸡小狗在天堂", "profile_image_url": "https://tvax3.sinaimg.cn/crop.0.0.512.512.50/008zDLBjly8hg6ya2wqmbj30e80e8aay.jpg?KID=imgbed,tva&amp;Expires=1704618395&amp;ssig=cGEMjusBXA", "profile_url": "/u/7855712189", "verified": false, "verified_type": -1, "domain": "", "weihao": "", "avatar_large": "https://tvax3.sinaimg.cn/crop.0.0.512.512.180/008zDLBjly8hg6ya2wqmbj30e80e8aay.jpg?KID=imgbed,tva&amp;Expires=1704618395&amp;ssig=EHlSX4hnAu", "avatar_hd": "https://tvax3.sinaimg.cn/crop.0.0.512.512.1024/008zDLBjly8hg6ya2wqmbj30e80e8aay.jpg?KID=imgbed,tva&amp;Expires=1704618395&amp;ssig=6d5pOGipUP", "follow_me": false, "following": false, "mbrank": 1, "mbtype": 12, "v_plus": 0, "planet_video": false, "icon_list": [{"type": "vip", "data": {"mbrank": 1, "mbtype": 12, "svip": 1, "vvip": 1}}]}, "can_edit": false, "text_raw": "拉起 ​​​", "textLength": 4, "annotations": [{"photo_sub_type": "0,0"}, {"client_mblogid": "4b238056-871b-4c67-b185-44a9f94f5f62"}, {"source_text": "", "phone_id": "-1"}, {"mapi_request": true}], "source": "", "favorited": false, "buttons": [{"type": "follow", "name": "加关注", "params": {"uid": 7855712189, "disable_group": 1, "extparams": {"followcardid": "1008080010_"}}, "actionlog": {"act_code": "92", "oid": "4981769696968822"}}], "rid": "14_0_50_164604930873474872_0_0_0", "pic_ids": ["008zDLBjgy1hl2l5f0y0nj323u35snpd", "008zDLBjgy1hl2lgih7m3g30t60jgkk2"], "pic_focus_point": [{"focus_point": {"left": 0.40144926, "top": 0.21545894, "width": 0.33188406, "height": 0.30917874}, "pic_id": "008zDLBjgy1hl2l5f0y0nj323u35snpd"}], "geo": "", "pic_num": 2, "pic_infos": {"008zDLBjgy1hl2l5f0y0nj323u35snpd": {"thumbnail": {"url": "https://wx1.sinaimg.cn/wap180/008zDLBjgy1hl2l5f0y0nj323u35snpd.jpg", "width": 120, "height": 180, "cut_type": 1, "type": ""}, "bmiddle": {"url": "https://wx1.sinaimg.cn/wap360/008zDLBjgy1hl2l5f0y0nj323u35snpd.jpg", "width": 240, "height": 360, "cut_type": 1, "type": ""}, "large": {"url": "https://wx1.sinaimg.cn/orj960/008zDLBjgy1hl2l5f0y0nj323u35snpd.jpg", "width": 960, "height": 1440, "cut_type": 1, "type": ""}, "original": {"url": "https://wx1.sinaimg.cn/orj1080/008zDLBjgy1hl2l5f0y0nj323u35snpd.jpg", "width": 1080, "height": 1620, "cut_type": 1, "type": ""}, "largest": {"url": "https://wx1.sinaimg.cn/large/008zDLBjgy1hl2l5f0y0nj323u35snpd.jpg", "width": 2048, "height": 3072, "cut_type": 1, "type": ""}, "mw2000": {"url": "https://wx1.sinaimg.cn/mw2000/008zDLBjgy1hl2l5f0y0nj323u35snpd.jpg", "width": 2000, "height": 3000, "cut_type": 1, "type": ""}, "focus_point": {"left": 0.40144926, "top": 0.21545894, "width": 0.33188406, "height": 0.30917874}, "object_id": "1042018:634dcd937b7080f343ecb5a6668dc179", "pic_id": "008zDLBjgy1hl2l5f0y0nj323u35snpd", "photo_tag": 0, "type": "pic", "pic_status": 1}, "008zDLBjgy1hl2lgih7m3g30t60jgkk2": {"thumbnail": {"url": "https://wx1.sinaimg.cn/wap180/008zDLBjgy1hl2lgih7m3g30t60jgkk2.gif", "width": 180, "height": 120, "cut_type": 1, "type": ""}, "bmiddle": {"url": "https://wx1.sinaimg.cn/wap360/008zDLBjgy1hl2lgih7m3g30t60jgkk2.gif", "width": 360, "height": 240, "cut_type": 1, "type": ""}, "large": {"url": "https://wx1.sinaimg.cn/sti960/008zDLBjgy1hl2lgih7m3g30t60jgkk2.gif", "width": 1050, "height": 700, "cut_type": 1, "type": ""}, "original": {"url": "https://wx1.sinaimg.cn/orj1080/008zDLBjgy1hl2lgih7m3g30t60jgkk2.gif", "width": 1050, "height": 700, "cut_type": 1, "type": ""}, "largest": {"url": "https://wx1.sinaimg.cn/large/008zDLBjgy1hl2lgih7m3g30t60jgkk2.gif", "width": 1050, "height": 700, "cut_type": 1, "type": ""}, "mw2000": {"url": "https://wx1.sinaimg.cn/mw2000/008zDLBjgy1hl2lgih7m3g30t60jgkk2.gif", "width": 1050, "height": 700, "cut_type": 1, "type": ""}, "object_id": "1042018:8a3d573f1808568ec7d0815589585ec0", "pic_id": "008zDLBjgy1hl2lgih7m3g30t60jgkk2", "photo_tag": 0, "type": "gif", "video_object_id": "1022:2311284981769695592468", "video": "http://g.us.sinaimg.cn/o0/PLjcpSBzlx08b8VRuKuA0104120019E20E010.mp4?label=gif_mp4&amp;template=1050x700.28.0&amp;ssig=ntmLpmKtlf&amp;Expires=1704611195&amp;KID=unistore,video", "pic_status": 1}}, "is_paid": false, "mblog_vip_type": 0, "number_display_strategy": {"apply_scenario_flag": 3, "display_text_min_number": 1000000, "display_text": "100万+"}, "reposts_count": 17, "comments_count": 0, "attitudes_count": 19, "attitudes_status": 0, "isLongText": false, "mlevel": 0, "content_auth": 0, "is_show_bulletin": 2, "comment_manage_info": {"comment_permission_type": -1, "approval_comment_type": 0, "comment_sort_type": 0, "ai_play_picture_type": 0}, "mblogtype": 0, "showFeedRepost": false, "showFeedComment": false, "pictureViewerSign": false, "showPictureViewer": false, "rcList": [], "text": "拉起 ​​​", "region_name": "发布于 日本", "customIcons": []}}