{"visible": {"type": 0, "list_id": 0}, "created_at": "Fri Dec 22 13:14:11 +0800 2023", "id": 4981736713486975, "idstr": "4981736713486975", "mid": "4981736713486975", "mblogid": "NyilpeD7x", "user": {"id": 6499137849, "idstr": "6499137849", "pc_new": 7, "screen_name": "冻梨好吃", "profile_image_url": "https://tvax3.sinaimg.cn/crop.0.0.962.962.50/0075PIE1ly8hkxs7vsob4j30qq0qq76e.jpg?KID=imgbed,tva&amp;Expires=1704618395&amp;ssig=sncxrMk8%2B5", "profile_url": "/u/6499137849", "verified": false, "verified_type": -1, "domain": "", "weihao": "", "avatar_large": "https://tvax3.sinaimg.cn/crop.0.0.962.962.180/0075PIE1ly8hkxs7vsob4j30qq0qq76e.jpg?KID=imgbed,tva&amp;Expires=1704618395&amp;ssig=ZlcRC6X3FP", "avatar_hd": "https://tvax3.sinaimg.cn/crop.0.0.962.962.1024/0075PIE1ly8hkxs7vsob4j30qq0qq76e.jpg?KID=imgbed,tva&amp;Expires=1704618395&amp;ssig=HTwOmXdrCp", "follow_me": false, "following": false, "mbrank": 0, "mbtype": 0, "v_plus": 0, "planet_video": false, "icon_list": []}, "can_edit": false, "text_raw": "[吹风车][吹风车][吹风车]咱们观赛群里是啥人脉都有啊喂 ​​​", "textLength": 52, "annotations": [{"photo_sub_type": "0,0,0"}, {"client_mblogid": "c2c81504-ed58-444a-8f8b-326e19adcd91"}, {"source_text": "", "phone_id": "266"}, {"mapi_request": true}], "source": "Android", "favorited": false, "rid": "18_0_50_164604930873474872_0_0_0", "pic_ids": ["0075PIE1gy1hl2hll3h3lj30nr1d4n40", "0075PIE1gy1hl2hllk3lbj30pd1gugsb", "0075PIE1gy1hl2hlm2207j30my1con2x"], "pic_focus_point": [{"focus_point": {"left": 0.8884058, "top": 0.74863386, "width": 0.055072464, "height": 0.10382514}, "pic_id": "0075PIE1gy1hl2hlm2207j30my1con2x"}, {"focus_point": {"left": 0.05381753, "top": 0.297759, "width": 0.9458585, "height": 0.45417002}, "pic_id": "0075PIE1gy1hl2hllk3lbj30pd1gugsb"}, {"focus_point": {"left": 0.05362319, "top": 0.3601962, "width": 0.54057974, "height": 0.1177295}, "pic_id": "0075PIE1gy1hl2hll3h3lj30nr1d4n40"}], "pic_num": 3, "pic_infos": {"0075PIE1gy1hl2hll3h3lj30nr1d4n40": {"thumbnail": {"url": "https://wx4.sinaimg.cn/wap180/0075PIE1gy1hl2hll3h3lj30nr1d4n40.jpg", "width": 87, "height": 180, "cut_type": 1, "type": ""}, "bmiddle": {"url": "https://wx4.sinaimg.cn/wap360/0075PIE1gy1hl2hll3h3lj30nr1d4n40.jpg", "width": 174, "height": 360, "cut_type": 1, "type": ""}, "large": {"url": "https://wx4.sinaimg.cn/orj960/0075PIE1gy1hl2hll3h3lj30nr1d4n40.jpg", "width": 855, "height": 1768, "cut_type": 1, "type": ""}, "original": {"url": "https://wx4.sinaimg.cn/orj1080/0075PIE1gy1hl2hll3h3lj30nr1d4n40.jpg", "width": 855, "height": 1768, "cut_type": 1, "type": ""}, "largest": {"url": "https://wx4.sinaimg.cn/large/0075PIE1gy1hl2hll3h3lj30nr1d4n40.jpg", "width": 855, "height": 1768, "cut_type": 1, "type": ""}, "mw2000": {"url": "https://wx4.sinaimg.cn/mw2000/0075PIE1gy1hl2hll3h3lj30nr1d4n40.jpg", "width": 855, "height": 1768, "cut_type": 1, "type": ""}, "focus_point": {"left": 0.05362319, "top": 0.3601962, "width": 0.54057974, "height": 0.1177295}, "object_id": "1042018:ec8114beab2f0cdf8b6a795b54c180d5", "pic_id": "0075PIE1gy1hl2hll3h3lj30nr1d4n40", "photo_tag": 0, "type": "pic", "pic_status": 1}, "0075PIE1gy1hl2hllk3lbj30pd1gugsb": {"thumbnail": {"url": "https://wx1.sinaimg.cn/wap180/0075PIE1gy1hl2hllk3lbj30pd1gugsb.jpg", "width": 86, "height": 180, "cut_type": 1, "type": ""}, "bmiddle": {"url": "https://wx1.sinaimg.cn/wap360/0075PIE1gy1hl2hllk3lbj30pd1gugsb.jpg", "width": 172, "height": 360, "cut_type": 1, "type": ""}, "large": {"url": "https://wx1.sinaimg.cn/orj960/0075PIE1gy1hl2hllk3lbj30pd1gugsb.jpg", "width": 913, "height": 1902, "cut_type": 1, "type": ""}, "original": {"url": "https://wx1.sinaimg.cn/orj1080/0075PIE1gy1hl2hllk3lbj30pd1gugsb.jpg", "width": 913, "height": 1902, "cut_type": 1, "type": ""}, "largest": {"url": "https://wx1.sinaimg.cn/large/0075PIE1gy1hl2hllk3lbj30pd1gugsb.jpg", "width": 913, "height": 1902, "cut_type": 1, "type": ""}, "mw2000": {"url": "https://wx1.sinaimg.cn/mw2000/0075PIE1gy1hl2hllk3lbj30pd1gugsb.jpg", "width": 913, "height": 1902, "cut_type": 1, "type": ""}, "focus_point": {"left": 0.05381753, "top": 0.297759, "width": 0.9458585, "height": 0.45417002}, "object_id": "1042018:e1145556c8124d98efbe043233c492b0", "pic_id": "0075PIE1gy1hl2hllk3lbj30pd1gugsb", "photo_tag": 0, "type": "pic", "pic_status": 1}, "0075PIE1gy1hl2hlm2207j30my1con2x": {"thumbnail": {"url": "https://wx3.sinaimg.cn/wap180/0075PIE1gy1hl2hlm2207j30my1con2x.jpg", "width": 84, "height": 180, "cut_type": 1, "type": ""}, "bmiddle": {"url": "https://wx3.sinaimg.cn/wap360/0075PIE1gy1hl2hlm2207j30my1con2x.jpg", "width": 169, "height": 360, "cut_type": 1, "type": ""}, "large": {"url": "https://wx3.sinaimg.cn/orj960/0075PIE1gy1hl2hlm2207j30my1con2x.jpg", "width": 826, "height": 1752, "cut_type": 1, "type": ""}, "original": {"url": "https://wx3.sinaimg.cn/orj1080/0075PIE1gy1hl2hlm2207j30my1con2x.jpg", "width": 826, "height": 1752, "cut_type": 1, "type": ""}, "largest": {"url": "https://wx3.sinaimg.cn/large/0075PIE1gy1hl2hlm2207j30my1con2x.jpg", "width": 826, "height": 1752, "cut_type": 1, "type": ""}, "mw2000": {"url": "https://wx3.sinaimg.cn/mw2000/0075PIE1gy1hl2hlm2207j30my1con2x.jpg", "width": 826, "height": 1752, "cut_type": 1, "type": ""}, "focus_point": {"left": 0.8884058, "top": 0.74863386, "width": 0.055072464, "height": 0.10382514}, "object_id": "1042018:7b72d4dcc4988ca8021222154d71d84a", "pic_id": "0075PIE1gy1hl2hlm2207j30my1con2x", "photo_tag": 0, "type": "pic", "pic_status": 1}}, "is_paid": false, "mblog_vip_type": 0, "number_display_strategy": {"apply_scenario_flag": 3, "display_text_min_number": 1000000, "display_text": "100万+"}, "reposts_count": 0, "comments_count": 0, "attitudes_count": 0, "attitudes_status": 0, "isLongText": false, "mlevel": 0, "content_auth": 0, "is_show_bulletin": 2, "comment_manage_info": {"comment_permission_type": -1, "approval_comment_type": 0, "comment_sort_type": 0}, "share_repost_type": 0, "mblogtype": 0, "showFeedRepost": false, "showFeedComment": false, "pictureViewerSign": false, "showPictureViewer": false, "rcList": [], "text": "&lt;img alt=\"[吹风车]\" title=\"[吹风车]\" src=\"https://face.t.sinajs.cn/t4/appstyle/expression/ext/normal/da/2023_Windmill_org.png\" /&gt;&lt;img alt=\"[吹风车]\" title=\"[吹风车]\" src=\"https://face.t.sinajs.cn/t4/appstyle/expression/ext/normal/da/2023_Windmill_org.png\" /&gt;&lt;img alt=\"[吹风车]\" title=\"[吹风车]\" src=\"https://face.t.sinajs.cn/t4/appstyle/expression/ext/normal/da/2023_Windmill_org.png\" /&gt;咱们观赛群里是啥人脉都有啊喂 ​​​", "region_name": "发布于 辽宁", "customIcons": []}