{"visible": {"type": 0, "list_id": 0}, "created_at": "Thu Dec 21 08:35:45 +0800 2023", "id": 4981304255318751, "idstr": "4981304255318751", "mid": "4981304255318751", "mblogid": "Ny75TmjEj", "user": {"id": 6499137849, "idstr": "6499137849", "pc_new": 7, "screen_name": "冻梨好吃", "profile_image_url": "https://tvax3.sinaimg.cn/crop.0.0.962.962.50/0075PIE1ly8hkxs7vsob4j30qq0qq76e.jpg?KID=imgbed,tva&amp;Expires=1704618417&amp;ssig=cq%2BzmtBsG3", "profile_url": "/u/6499137849", "verified": false, "verified_type": -1, "domain": "", "weihao": "", "avatar_large": "https://tvax3.sinaimg.cn/crop.0.0.962.962.180/0075PIE1ly8hkxs7vsob4j30qq0qq76e.jpg?KID=imgbed,tva&amp;Expires=1704618417&amp;ssig=n3sUOXi6JH", "avatar_hd": "https://tvax3.sinaimg.cn/crop.0.0.962.962.1024/0075PIE1ly8hkxs7vsob4j30qq0qq76e.jpg?KID=imgbed,tva&amp;Expires=1704618417&amp;ssig=ioSPdL9ehs", "follow_me": false, "following": false, "mbrank": 0, "mbtype": 0, "v_plus": 0, "planet_video": false, "icon_list": []}, "can_edit": false, "text_raw": "还没甩掉叔叔呢，就接着被喊舅舅了，李明德你但凡减减肥呢，影响人嗑药了哎哟喂。晏晏还冒充你，都特么能装下两个耶耶了[丰收了][丰收了]识破身份这里能不能改改，原封不动拍肯定要被审判的[奥姆] ​​​", "textLength": 182, "annotations": [{"photo_sub_type": "0,0"}, {"client_mblogid": "b6b7ca01-90f2-42ea-88e9-fcc3a1cc74c7"}, {"source_text": "", "phone_id": "266"}, {"mapi_request": true}], "source": "Android", "favorited": false, "rid": "6_0_50_5136067174132670522_0_0_0", "pic_ids": ["0075PIE1gy1hl13udhzanj30u01uowov", "0075PIE1gy1hl13udz8kdj30u00hcdi7"], "pic_focus_point": [{"focus_point": {"left": 0.2270477, "top": 0.03635202, "width": 0.5572399, "height": 0.9636479}, "pic_id": "0075PIE1gy1hl13udz8kdj30u00hcdi7"}, {"focus_point": {"left": 0.043525852, "top": 0.32681614, "width": 0.95629203, "height": 0.430425}, "pic_id": "0075PIE1gy1hl13udhzanj30u01uowov"}], "pic_num": 2, "pic_infos": {"0075PIE1gy1hl13udhzanj30u01uowov": {"thumbnail": {"url": "https://wx3.sinaimg.cn/wap180/0075PIE1gy1hl13udhzanj30u01uowov.jpg", "width": 81, "height": 180, "cut_type": 1, "type": ""}, "bmiddle": {"url": "https://wx3.sinaimg.cn/wap360/0075PIE1gy1hl13udhzanj30u01uowov.jpg", "width": 162, "height": 360, "cut_type": 1, "type": ""}, "large": {"url": "https://wx3.sinaimg.cn/orj960/0075PIE1gy1hl13udhzanj30u01uowov.jpg", "width": 960, "height": 2133, "cut_type": 1, "type": ""}, "original": {"url": "https://wx3.sinaimg.cn/orj1080/0075PIE1gy1hl13udhzanj30u01uowov.jpg", "width": 1080, "height": 2400, "cut_type": 1, "type": ""}, "largest": {"url": "https://wx3.sinaimg.cn/large/0075PIE1gy1hl13udhzanj30u01uowov.jpg", "width": 1080, "height": 2400, "cut_type": 1, "type": ""}, "mw2000": {"url": "https://wx3.sinaimg.cn/mw2000/0075PIE1gy1hl13udhzanj30u01uowov.jpg", "width": 1080, "height": 2400, "cut_type": 1, "type": ""}, "focus_point": {"left": 0.043525852, "top": 0.32681614, "width": 0.95629203, "height": 0.430425}, "object_id": "1042018:71c37c3641fb9b820c2eba02d16a1490", "pic_id": "0075PIE1gy1hl13udhzanj30u01uowov", "photo_tag": 0, "type": "pic", "pic_status": 1}, "0075PIE1gy1hl13udz8kdj30u00hcdi7": {"thumbnail": {"url": "https://wx1.sinaimg.cn/wap180/0075PIE1gy1hl13udz8kdj30u00hcdi7.jpg", "width": 180, "height": 103, "cut_type": 1, "type": ""}, "bmiddle": {"url": "https://wx1.sinaimg.cn/wap360/0075PIE1gy1hl13udz8kdj30u00hcdi7.jpg", "width": 360, "height": 207, "cut_type": 1, "type": ""}, "large": {"url": "https://wx1.sinaimg.cn/orj960/0075PIE1gy1hl13udz8kdj30u00hcdi7.jpg", "width": 1080, "height": 624, "cut_type": 1, "type": ""}, "original": {"url": "https://wx1.sinaimg.cn/orj1080/0075PIE1gy1hl13udz8kdj30u00hcdi7.jpg", "width": 1080, "height": 624, "cut_type": 1, "type": ""}, "largest": {"url": "https://wx1.sinaimg.cn/large/0075PIE1gy1hl13udz8kdj30u00hcdi7.jpg", "width": 1080, "height": 624, "cut_type": 1, "type": ""}, "mw2000": {"url": "https://wx1.sinaimg.cn/mw2000/0075PIE1gy1hl13udz8kdj30u00hcdi7.jpg", "width": 1080, "height": 624, "cut_type": 1, "type": ""}, "focus_point": {"left": 0.2270477, "top": 0.03635202, "width": 0.5572399, "height": 0.9636479}, "object_id": "1042018:8a218739d185bb9ad592a2d370148f46", "pic_id": "0075PIE1gy1hl13udz8kdj30u00hcdi7", "photo_tag": 0, "type": "pic", "pic_status": 1}}, "is_paid": false, "mblog_vip_type": 0, "number_display_strategy": {"apply_scenario_flag": 3, "display_text_min_number": 1000000, "display_text": "100万+"}, "reposts_count": 0, "comments_count": 0, "attitudes_count": 0, "attitudes_status": 0, "isLongText": false, "mlevel": 0, "content_auth": 0, "is_show_bulletin": 2, "comment_manage_info": {"comment_permission_type": -1, "approval_comment_type": 0, "comment_sort_type": 0}, "share_repost_type": 0, "mblogtype": 0, "showFeedRepost": false, "showFeedComment": false, "pictureViewerSign": false, "showPictureViewer": false, "rcList": [], "text": "还没甩掉叔叔呢，就接着被喊舅舅了，李明德你但凡减减肥呢，影响人嗑药了哎哟喂。晏晏还冒充你，都特么能装下两个耶耶了[丰收了][丰收了]识破身份这里能不能改改，原封不动拍肯定要被审判的&lt;img alt=\"[奥姆]\" title=\"[奥姆]\" src=\"https://face.t.sinajs.cn/t4/appstyle/expression/ext/normal/12/2023_Orm_org.png\" /&gt; ​​​", "region_name": "发布于 辽宁", "customIcons": []}