{"visible": {"type": 0, "list_id": 0}, "created_at": "Fri Dec 22 11:57:12 +0800 2023", "id": 4981717339211219, "idstr": "4981717339211219", "mid": "4981717339211219", "mblogid": "NyhQ9CEg3", "user": {"id": 6499137849, "idstr": "6499137849", "pc_new": 7, "screen_name": "冻梨好吃", "profile_image_url": "https://tvax3.sinaimg.cn/crop.0.0.962.962.50/0075PIE1ly8hkxs7vsob4j30qq0qq76e.jpg?KID=imgbed,tva&amp;Expires=1704618395&amp;ssig=sncxrMk8%2B5", "profile_url": "/u/6499137849", "verified": false, "verified_type": -1, "domain": "", "weihao": "", "avatar_large": "https://tvax3.sinaimg.cn/crop.0.0.962.962.180/0075PIE1ly8hkxs7vsob4j30qq0qq76e.jpg?KID=imgbed,tva&amp;Expires=1704618395&amp;ssig=ZlcRC6X3FP", "avatar_hd": "https://tvax3.sinaimg.cn/crop.0.0.962.962.1024/0075PIE1ly8hkxs7vsob4j30qq0qq76e.jpg?KID=imgbed,tva&amp;Expires=1704618395&amp;ssig=HTwOmXdrCp", "follow_me": false, "following": false, "mbrank": 0, "mbtype": 0, "v_plus": 0, "planet_video": false, "icon_list": []}, "can_edit": false, "text_raw": "@原神 这条专门对你说的呢，听到没 ​​​", "textLength": 32, "annotations": [{"photo_sub_type": "0"}, {"client_mblogid": "0554e89f-f8cd-422c-b116-d861f87942b4"}, {"source_text": "", "phone_id": "266"}, {"mapi_request": true}], "source": "Android", "favorited": false, "rid": "19_0_50_164604930873474872_0_0_0", "pic_ids": ["0075PIE1gy1hl2fex2q3kj30nb0vy78q"], "pic_focus_point": [{"focus_point": {"left": 0.004822662, "top": 0.0068755844, "width": 0.9951772, "height": 0.7258693}, "pic_id": "0075PIE1gy1hl2fex2q3kj30nb0vy78q"}], "pic_num": 1, "pic_infos": {"0075PIE1gy1hl2fex2q3kj30nb0vy78q": {"thumbnail": {"url": "https://wx2.sinaimg.cn/wap180/0075PIE1gy1hl2fex2q3kj30nb0vy78q.jpg", "width": 131, "height": 180, "cut_type": 1, "type": ""}, "bmiddle": {"url": "https://wx2.sinaimg.cn/wap360/0075PIE1gy1hl2fex2q3kj30nb0vy78q.jpg", "width": 262, "height": 360, "cut_type": 1, "type": ""}, "large": {"url": "https://wx2.sinaimg.cn/orj960/0075PIE1gy1hl2fex2q3kj30nb0vy78q.jpg", "width": 839, "height": 1150, "cut_type": 1, "type": ""}, "original": {"url": "https://wx2.sinaimg.cn/orj1080/0075PIE1gy1hl2fex2q3kj30nb0vy78q.jpg", "width": 839, "height": 1150, "cut_type": 1, "type": ""}, "largest": {"url": "https://wx2.sinaimg.cn/large/0075PIE1gy1hl2fex2q3kj30nb0vy78q.jpg", "width": 839, "height": 1150, "cut_type": 1, "type": ""}, "mw2000": {"url": "https://wx2.sinaimg.cn/mw2000/0075PIE1gy1hl2fex2q3kj30nb0vy78q.jpg", "width": 839, "height": 1150, "cut_type": 1, "type": ""}, "focus_point": {"left": 0.004822662, "top": 0.0068755844, "width": 0.9951772, "height": 0.7258693}, "object_id": "1042018:42965d0b992f86c35dab1b503aa81dcc", "pic_id": "0075PIE1gy1hl2fex2q3kj30nb0vy78q", "photo_tag": 0, "type": "pic", "pic_status": 1}}, "is_paid": false, "mblog_vip_type": 0, "number_display_strategy": {"apply_scenario_flag": 3, "display_text_min_number": 1000000, "display_text": "100万+"}, "reposts_count": 0, "comments_count": 0, "attitudes_count": 0, "attitudes_status": 0, "isLongText": false, "mlevel": 0, "content_auth": 0, "is_show_bulletin": 2, "comment_manage_info": {"comment_permission_type": -1, "approval_comment_type": 0, "comment_sort_type": 0}, "share_repost_type": 0, "mblogtype": 0, "showFeedRepost": false, "showFeedComment": false, "pictureViewerSign": false, "showPictureViewer": false, "rcList": [], "text": "&lt;a href=/n/原神 usercard=\"name=@原神\"&gt;@原神&lt;/a&gt; 这条专门对你说的呢，听到没 ​​​", "region_name": "发布于 辽宁", "customIcons": []}