{"visible": {"type": 0, "list_id": 0}, "created_at": "Thu Dec 21 15:21:31 +0800 2023", "id": 4981406369842036, "idstr": "4981406369842036", "mid": "4981406369842036", "mblogid": "Ny9KAFimw", "user": {"id": 6499137849, "idstr": "6499137849", "pc_new": 7, "screen_name": "冻梨好吃", "profile_image_url": "https://tvax3.sinaimg.cn/crop.0.0.962.962.50/0075PIE1ly8hkxs7vsob4j30qq0qq76e.jpg?KID=imgbed,tva&amp;Expires=1704618406&amp;ssig=9bkyhtQzqS", "profile_url": "/u/6499137849", "verified": false, "verified_type": -1, "domain": "", "weihao": "", "avatar_large": "https://tvax3.sinaimg.cn/crop.0.0.962.962.180/0075PIE1ly8hkxs7vsob4j30qq0qq76e.jpg?KID=imgbed,tva&amp;Expires=1704618406&amp;ssig=ekO%2FniqGDz", "avatar_hd": "https://tvax3.sinaimg.cn/crop.0.0.962.962.1024/0075PIE1ly8hkxs7vsob4j30qq0qq76e.jpg?KID=imgbed,tva&amp;Expires=1704618406&amp;ssig=dE5Oo8F6TC", "follow_me": false, "following": false, "mbrank": 0, "mbtype": 0, "v_plus": 0, "planet_video": false, "icon_list": []}, "can_edit": false, "text_raw": "吕匠心这小说到底谁在吹[看书][看书] ​​​", "textLength": 34, "annotations": [{"shooting": 1, "client_mblogid": "b67ea1d0-390f-47f3-b6b2-6548e661bfd4"}, {"source_text": "", "phone_id": "266"}, {"mapi_request": true}], "source": "Android", "favorited": false, "rid": "17_0_50_5044154246932884826_0_0_0", "pic_ids": [], "pic_num": 0, "is_paid": false, "mblog_vip_type": 0, "number_display_strategy": {"apply_scenario_flag": 3, "display_text_min_number": 1000000, "display_text": "100万+"}, "reposts_count": 0, "comments_count": 0, "attitudes_count": 0, "attitudes_status": 0, "isLongText": false, "mlevel": 0, "content_auth": 0, "is_show_bulletin": 2, "comment_manage_info": {"comment_permission_type": -1, "approval_comment_type": 0, "comment_sort_type": 0}, "share_repost_type": 0, "mblogtype": 0, "showFeedRepost": false, "showFeedComment": false, "pictureViewerSign": false, "showPictureViewer": false, "rcList": [], "text": "吕匠心这小说到底谁在吹&lt;img alt=\"[看书]\" title=\"[看书]\" src=\"https://face.t.sinajs.cn/t4/appstyle/expression/ext/normal/83/2023_read_org.png\" /&gt;&lt;img alt=\"[看书]\" title=\"[看书]\" src=\"https://face.t.sinajs.cn/t4/appstyle/expression/ext/normal/83/2023_read_org.png\" /&gt; ​​​", "region_name": "发布于 辽宁", "customIcons": []}