{"visible": {"type": 0, "list_id": 0}, "created_at": "Thu Dec 21 08:54:10 +0800 2023", "id": 4981308887666754, "idstr": "4981308887666754", "mid": "4981308887666754", "mblogid": "Ny7dmwatk", "user": {"id": 6499137849, "idstr": "6499137849", "pc_new": 7, "screen_name": "冻梨好吃", "profile_image_url": "https://tvax3.sinaimg.cn/crop.0.0.962.962.50/0075PIE1ly8hkxs7vsob4j30qq0qq76e.jpg?KID=imgbed,tva&amp;Expires=1704618417&amp;ssig=cq%2BzmtBsG3", "profile_url": "/u/6499137849", "verified": false, "verified_type": -1, "domain": "", "weihao": "", "avatar_large": "https://tvax3.sinaimg.cn/crop.0.0.962.962.180/0075PIE1ly8hkxs7vsob4j30qq0qq76e.jpg?KID=imgbed,tva&amp;Expires=1704618417&amp;ssig=n3sUOXi6JH", "avatar_hd": "https://tvax3.sinaimg.cn/crop.0.0.962.962.1024/0075PIE1ly8hkxs7vsob4j30qq0qq76e.jpg?KID=imgbed,tva&amp;Expires=1704618417&amp;ssig=ioSPdL9ehs", "follow_me": false, "following": false, "mbrank": 0, "mbtype": 0, "v_plus": 0, "planet_video": false, "icon_list": []}, "can_edit": false, "text_raw": "林坚你这听歌第一是范进中举也有点太油麦了 ​​​", "textLength": 40, "annotations": [{"photo_sub_type": "0"}, {"client_mblogid": "4a17e55a-4a28-4f67-9d19-b415a6ce00be"}, {"source_text": "", "phone_id": "266"}, {"mapi_request": true}], "source": "Android", "favorited": false, "rid": "3_0_50_5136067174132670522_0_0_0", "pic_ids": ["0075PIE1gy1hl14g45vaij30u01m1tjs"], "pic_focus_point": [{"focus_point": {"left": 0, "top": 0.20612226, "width": 0.9960104, "height": 0.5147919}, "pic_id": "0075PIE1gy1hl14g45vaij30u01m1tjs"}], "pic_num": 1, "pic_infos": {"0075PIE1gy1hl14g45vaij30u01m1tjs": {"thumbnail": {"url": "https://wx2.sinaimg.cn/wap180/0075PIE1gy1hl14g45vaij30u01m1tjs.jpg", "width": 93, "height": 180, "cut_type": 1, "type": ""}, "bmiddle": {"url": "https://wx2.sinaimg.cn/wap360/0075PIE1gy1hl14g45vaij30u01m1tjs.jpg", "width": 186, "height": 360, "cut_type": 1, "type": ""}, "large": {"url": "https://wx2.sinaimg.cn/orj960/0075PIE1gy1hl14g45vaij30u01m1tjs.jpg", "width": 960, "height": 1856, "cut_type": 1, "type": ""}, "original": {"url": "https://wx2.sinaimg.cn/orj1080/0075PIE1gy1hl14g45vaij30u01m1tjs.jpg", "width": 1080, "height": 2089, "cut_type": 1, "type": ""}, "largest": {"url": "https://wx2.sinaimg.cn/large/0075PIE1gy1hl14g45vaij30u01m1tjs.jpg", "width": 1080, "height": 2089, "cut_type": 1, "type": ""}, "mw2000": {"url": "https://wx2.sinaimg.cn/mw2000/0075PIE1gy1hl14g45vaij30u01m1tjs.jpg", "width": 1080, "height": 2089, "cut_type": 1, "type": ""}, "focus_point": {"left": 0, "top": 0.20612226, "width": 0.9960104, "height": 0.5147919}, "object_id": "1042018:e937def1dcff6cd080b01ecb00334ea8", "pic_id": "0075PIE1gy1hl14g45vaij30u01m1tjs", "photo_tag": 0, "type": "pic", "pic_status": 1}}, "is_paid": false, "mblog_vip_type": 0, "number_display_strategy": {"apply_scenario_flag": 3, "display_text_min_number": 1000000, "display_text": "100万+"}, "reposts_count": 0, "comments_count": 0, "attitudes_count": 0, "attitudes_status": 0, "isLongText": false, "mlevel": 0, "content_auth": 0, "is_show_bulletin": 2, "comment_manage_info": {"comment_permission_type": -1, "approval_comment_type": 0, "comment_sort_type": 0}, "share_repost_type": 0, "mblogtype": 0, "showFeedRepost": false, "showFeedComment": false, "pictureViewerSign": false, "showPictureViewer": false, "rcList": [], "text": "林坚你这听歌第一是范进中举也有点太油麦了 ​​​", "region_name": "发布于 辽宁", "customIcons": []}