{"visible": {"type": 0, "list_id": 0}, "created_at": "Fri Dec 22 01:55:29 +0800 2023", "id": 4981565916184787, "idstr": "4981565916184787", "mid": "4981565916184787", "mblogid": "NydTVpWWD", "user": {"id": 6499137849, "idstr": "6499137849", "pc_new": 7, "screen_name": "冻梨好吃", "profile_image_url": "https://tvax3.sinaimg.cn/crop.0.0.962.962.50/0075PIE1ly8hkxs7vsob4j30qq0qq76e.jpg?KID=imgbed,tva&amp;Expires=1704618406&amp;ssig=9bkyhtQzqS", "profile_url": "/u/6499137849", "verified": false, "verified_type": -1, "domain": "", "weihao": "", "avatar_large": "https://tvax3.sinaimg.cn/crop.0.0.962.962.180/0075PIE1ly8hkxs7vsob4j30qq0qq76e.jpg?KID=imgbed,tva&amp;Expires=1704618406&amp;ssig=ekO%2FniqGDz", "avatar_hd": "https://tvax3.sinaimg.cn/crop.0.0.962.962.1024/0075PIE1ly8hkxs7vsob4j30qq0qq76e.jpg?KID=imgbed,tva&amp;Expires=1704618406&amp;ssig=dE5Oo8F6TC", "follow_me": false, "following": false, "mbrank": 0, "mbtype": 0, "v_plus": 0, "planet_video": false, "icon_list": []}, "can_edit": false, "text_raw": "原来一两年前我们就涛过这问题，那个时候对锵姐的印象还是一个说话0味冲天有点演技但不多的电影zky[吹风车]如今已是我们小踩嗑药鸡的新宠[看书] ​​​", "textLength": 134, "annotations": [{"photo_sub_type": "0,0,0,0"}, {"client_mblogid": "f27396bc-9105-4b98-9b4d-e50e42910ab9"}, {"source_text": "", "phone_id": "266"}, {"mapi_request": true}], "source": "Android", "favorited": false, "rid": "0_0_50_5044154246932884826_0_0_0", "pic_ids": ["0075PIE1gy1hl1xx9nnsej30qo1dz0yb", "0075PIE1gy1hl1xxa48tdj30og1gudm0", "0075PIE1gy1hl1y0y2pjij30mz1guafr", "0075PIE1gy1hl1y0yky4jj30l91gudlh"], "pic_focus_point": [{"focus_point": {"left": 0.05631963, "top": 0.29354295, "width": 0.9403776, "height": 0.40885982}, "pic_id": "0075PIE1gy1hl1y0y2pjij30mz1guafr"}, {"focus_point": {"left": 0.2521739, "top": 0.32575756, "width": 0.3, "height": 0.16608392}, "pic_id": "0075PIE1gy1hl1y0yky4jj30l91gudlh"}, {"focus_point": {"left": 0.2057971, "top": 0.453387, "width": 0.12463768, "height": 0.07176392}, "pic_id": "0075PIE1gy1hl1xxa48tdj30og1gudm0"}, {"focus_point": {"left": 0.23623188, "top": 0.32946634, "width": 0.08260869, "height": 0.04408353}, "pic_id": "0075PIE1gy1hl1xx9nnsej30qo1dz0yb"}], "pic_num": 4, "pic_infos": {"0075PIE1gy1hl1xx9nnsej30qo1dz0yb": {"thumbnail": {"url": "https://wx2.sinaimg.cn/wap180/0075PIE1gy1hl1xx9nnsej30qo1dz0yb.jpg", "width": 96, "height": 180, "cut_type": 1, "type": ""}, "bmiddle": {"url": "https://wx2.sinaimg.cn/wap360/0075PIE1gy1hl1xx9nnsej30qo1dz0yb.jpg", "width": 192, "height": 360, "cut_type": 1, "type": ""}, "large": {"url": "https://wx2.sinaimg.cn/orj960/0075PIE1gy1hl1xx9nnsej30qo1dz0yb.jpg", "width": 960, "height": 1799, "cut_type": 1, "type": ""}, "original": {"url": "https://wx2.sinaimg.cn/orj1080/0075PIE1gy1hl1xx9nnsej30qo1dz0yb.jpg", "width": 960, "height": 1799, "cut_type": 1, "type": ""}, "largest": {"url": "https://wx2.sinaimg.cn/large/0075PIE1gy1hl1xx9nnsej30qo1dz0yb.jpg", "width": 960, "height": 1799, "cut_type": 1, "type": ""}, "mw2000": {"url": "https://wx2.sinaimg.cn/mw2000/0075PIE1gy1hl1xx9nnsej30qo1dz0yb.jpg", "width": 960, "height": 1799, "cut_type": 1, "type": ""}, "focus_point": {"left": 0.23623188, "top": 0.32946634, "width": 0.08260869, "height": 0.04408353}, "object_id": "1042018:124304154b9bd5ad3e0e77cce8b260e9", "pic_id": "0075PIE1gy1hl1xx9nnsej30qo1dz0yb", "photo_tag": 0, "type": "pic", "pic_status": 1}, "0075PIE1gy1hl1xxa48tdj30og1gudm0": {"thumbnail": {"url": "https://wx4.sinaimg.cn/wap180/0075PIE1gy1hl1xxa48tdj30og1gudm0.jpg", "width": 83, "height": 180, "cut_type": 1, "type": ""}, "bmiddle": {"url": "https://wx4.sinaimg.cn/wap360/0075PIE1gy1hl1xxa48tdj30og1gudm0.jpg", "width": 166, "height": 360, "cut_type": 1, "type": ""}, "large": {"url": "https://wx4.sinaimg.cn/orj960/0075PIE1gy1hl1xxa48tdj30og1gudm0.jpg", "width": 880, "height": 1902, "cut_type": 1, "type": ""}, "original": {"url": "https://wx4.sinaimg.cn/orj1080/0075PIE1gy1hl1xxa48tdj30og1gudm0.jpg", "width": 880, "height": 1902, "cut_type": 1, "type": ""}, "largest": {"url": "https://wx4.sinaimg.cn/large/0075PIE1gy1hl1xxa48tdj30og1gudm0.jpg", "width": 880, "height": 1902, "cut_type": 1, "type": ""}, "mw2000": {"url": "https://wx4.sinaimg.cn/mw2000/0075PIE1gy1hl1xxa48tdj30og1gudm0.jpg", "width": 880, "height": 1902, "cut_type": 1, "type": ""}, "focus_point": {"left": 0.2057971, "top": 0.453387, "width": 0.12463768, "height": 0.07176392}, "object_id": "1042018:ae2c89d4d81109c56bd3fc62ec506e18", "pic_id": "0075PIE1gy1hl1xxa48tdj30og1gudm0", "photo_tag": 0, "type": "pic", "pic_status": 1}, "0075PIE1gy1hl1y0y2pjij30mz1guafr": {"thumbnail": {"url": "https://wx4.sinaimg.cn/wap180/0075PIE1gy1hl1y0y2pjij30mz1guafr.jpg", "width": 78, "height": 180, "cut_type": 1, "type": ""}, "bmiddle": {"url": "https://wx4.sinaimg.cn/wap360/0075PIE1gy1hl1y0y2pjij30mz1guafr.jpg", "width": 156, "height": 360, "cut_type": 1, "type": ""}, "large": {"url": "https://wx4.sinaimg.cn/orj960/0075PIE1gy1hl1y0y2pjij30mz1guafr.jpg", "width": 827, "height": 1902, "cut_type": 1, "type": ""}, "original": {"url": "https://wx4.sinaimg.cn/orj1080/0075PIE1gy1hl1y0y2pjij30mz1guafr.jpg", "width": 827, "height": 1902, "cut_type": 1, "type": ""}, "largest": {"url": "https://wx4.sinaimg.cn/large/0075PIE1gy1hl1y0y2pjij30mz1guafr.jpg", "width": 827, "height": 1902, "cut_type": 1, "type": ""}, "mw2000": {"url": "https://wx4.sinaimg.cn/mw2000/0075PIE1gy1hl1y0y2pjij30mz1guafr.jpg", "width": 827, "height": 1902, "cut_type": 1, "type": ""}, "focus_point": {"left": 0.05631963, "top": 0.29354295, "width": 0.9403776, "height": 0.40885982}, "object_id": "1042018:954d458003170321d0b2bb927a3849c5", "pic_id": "0075PIE1gy1hl1y0y2pjij30mz1guafr", "photo_tag": 0, "type": "pic", "pic_status": 1}, "0075PIE1gy1hl1y0yky4jj30l91gudlh": {"thumbnail": {"url": "https://wx3.sinaimg.cn/wap180/0075PIE1gy1hl1y0yky4jj30l91gudlh.jpg", "width": 72, "height": 180, "cut_type": 1, "type": ""}, "bmiddle": {"url": "https://wx3.sinaimg.cn/wap360/0075PIE1gy1hl1y0yky4jj30l91gudlh.jpg", "width": 144, "height": 360, "cut_type": 1, "type": ""}, "large": {"url": "https://wx3.sinaimg.cn/orj960/0075PIE1gy1hl1y0yky4jj30l91gudlh.jpg", "width": 765, "height": 1902, "cut_type": 1, "type": ""}, "original": {"url": "https://wx3.sinaimg.cn/orj1080/0075PIE1gy1hl1y0yky4jj30l91gudlh.jpg", "width": 765, "height": 1902, "cut_type": 1, "type": ""}, "largest": {"url": "https://wx3.sinaimg.cn/large/0075PIE1gy1hl1y0yky4jj30l91gudlh.jpg", "width": 765, "height": 1902, "cut_type": 1, "type": ""}, "mw2000": {"url": "https://wx3.sinaimg.cn/mw2000/0075PIE1gy1hl1y0yky4jj30l91gudlh.jpg", "width": 765, "height": 1902, "cut_type": 1, "type": ""}, "focus_point": {"left": 0.2521739, "top": 0.32575756, "width": 0.3, "height": 0.16608392}, "object_id": "1042018:e7ae841874216817d73804f4f049a017", "pic_id": "0075PIE1gy1hl1y0yky4jj30l91gudlh", "photo_tag": 0, "type": "pic", "pic_status": 1}}, "is_paid": false, "mblog_vip_type": 0, "number_display_strategy": {"apply_scenario_flag": 3, "display_text_min_number": 1000000, "display_text": "100万+"}, "reposts_count": 0, "comments_count": 0, "attitudes_count": 0, "attitudes_status": 0, "isLongText": false, "mlevel": 0, "content_auth": 0, "is_show_bulletin": 2, "comment_manage_info": {"comment_permission_type": -1, "approval_comment_type": 0, "comment_sort_type": 0}, "share_repost_type": 0, "mblogtype": 0, "showFeedRepost": false, "showFeedComment": false, "pictureViewerSign": false, "showPictureViewer": false, "rcList": [], "text": "原来一两年前我们就涛过这问题，那个时候对锵姐的印象还是一个说话0味冲天有点演技但不多的电影zky&lt;img alt=\"[吹风车]\" title=\"[吹风车]\" src=\"https://face.t.sinajs.cn/t4/appstyle/expression/ext/normal/da/2023_Windmill_org.png\" /&gt;如今已是我们小踩嗑药鸡的新宠&lt;img alt=\"[看书]\" title=\"[看书]\" src=\"https://face.t.sinajs.cn/t4/appstyle/expression/ext/normal/83/2023_read_org.png\" /&gt; ​​​", "region_name": "发布于 辽宁", "customIcons": []}