{"visible": {"type": 0, "list_id": 0}, "created_at": "Thu Dec 21 08:48:09 +0800 2023", "id": 4981307375093251, "idstr": "4981307375093251", "mid": "4981307375093251", "mblogid": "Ny7aVlmZd", "user": {"id": 6499137849, "idstr": "6499137849", "pc_new": 7, "screen_name": "冻梨好吃", "profile_image_url": "https://tvax3.sinaimg.cn/crop.0.0.962.962.50/0075PIE1ly8hkxs7vsob4j30qq0qq76e.jpg?KID=imgbed,tva&amp;Expires=1704618417&amp;ssig=cq%2BzmtBsG3", "profile_url": "/u/6499137849", "verified": false, "verified_type": -1, "domain": "", "weihao": "", "avatar_large": "https://tvax3.sinaimg.cn/crop.0.0.962.962.180/0075PIE1ly8hkxs7vsob4j30qq0qq76e.jpg?KID=imgbed,tva&amp;Expires=1704618417&amp;ssig=n3sUOXi6JH", "avatar_hd": "https://tvax3.sinaimg.cn/crop.0.0.962.962.1024/0075PIE1ly8hkxs7vsob4j30qq0qq76e.jpg?KID=imgbed,tva&amp;Expires=1704618417&amp;ssig=ioSPdL9ehs", "follow_me": false, "following": false, "mbrank": 0, "mbtype": 0, "v_plus": 0, "planet_video": false, "icon_list": []}, "can_edit": false, "text_raw": "还行，还是挺还原的[吹风车][吹风车] ​​​", "textLength": 34, "annotations": [{"photo_sub_type": "0,0,0,0"}, {"client_mblogid": "07ea1c65-a76b-4fcc-b3d5-880c3e05ae28"}, {"source_text": "", "phone_id": "266"}, {"mapi_request": true}], "source": "Android", "favorited": false, "rid": "5_0_50_5136067174132670522_0_0_0", "pic_ids": ["0075PIE1gy1hl149v9ztfj30u01mfdoz", "0075PIE1gy1hl149vnvscj30u01uogxg", "0075PIE1gy1hl149w9rrij30u01uoamj", "0075PIE1gy1hl149woriij30u01h348u"], "pic_focus_point": [{"focus_point": {"left": 0.016039861, "top": 0.23055364, "width": 0.98396003, "height": 0.55604625}, "pic_id": "0075PIE1gy1hl149woriij30u01h348u"}, {"focus_point": {"left": 0.024237188, "top": 0.3250392, "width": 0.9745229, "height": 0.43863064}, "pic_id": "0075PIE1gy1hl149w9rrij30u01uoamj"}, {"focus_point": {"left": 0.005945355, "top": 0.280988, "width": 0.99405456, "height": 0.44742185}, "pic_id": "0075PIE1gy1hl149vnvscj30u01uogxg"}, {"focus_point": {"left": 0, "top": 0.2530879, "width": 0.9999999, "height": 0.51339287}, "pic_id": "0075PIE1gy1hl149v9ztfj30u01mfdoz"}], "pic_num": 4, "pic_infos": {"0075PIE1gy1hl149v9ztfj30u01mfdoz": {"thumbnail": {"url": "https://wx1.sinaimg.cn/wap180/0075PIE1gy1hl149v9ztfj30u01mfdoz.jpg", "width": 92, "height": 180, "cut_type": 1, "type": ""}, "bmiddle": {"url": "https://wx1.sinaimg.cn/wap360/0075PIE1gy1hl149v9ztfj30u01mfdoz.jpg", "width": 184, "height": 360, "cut_type": 1, "type": ""}, "large": {"url": "https://wx1.sinaimg.cn/orj960/0075PIE1gy1hl149v9ztfj30u01mfdoz.jpg", "width": 960, "height": 1869, "cut_type": 1, "type": ""}, "original": {"url": "https://wx1.sinaimg.cn/orj1080/0075PIE1gy1hl149v9ztfj30u01mfdoz.jpg", "width": 1080, "height": 2103, "cut_type": 1, "type": ""}, "largest": {"url": "https://wx1.sinaimg.cn/large/0075PIE1gy1hl149v9ztfj30u01mfdoz.jpg", "width": 1080, "height": 2103, "cut_type": 1, "type": ""}, "mw2000": {"url": "https://wx1.sinaimg.cn/mw2000/0075PIE1gy1hl149v9ztfj30u01mfdoz.jpg", "width": 1080, "height": 2103, "cut_type": 1, "type": ""}, "focus_point": {"left": 0, "top": 0.2530879, "width": 0.9999999, "height": 0.51339287}, "object_id": "1042018:32e07a0cfa7ae1f15c3dbda84eb59407", "pic_id": "0075PIE1gy1hl149v9ztfj30u01mfdoz", "photo_tag": 0, "type": "pic", "pic_status": 1}, "0075PIE1gy1hl149vnvscj30u01uogxg": {"thumbnail": {"url": "https://wx3.sinaimg.cn/wap180/0075PIE1gy1hl149vnvscj30u01uogxg.jpg", "width": 81, "height": 180, "cut_type": 1, "type": ""}, "bmiddle": {"url": "https://wx3.sinaimg.cn/wap360/0075PIE1gy1hl149vnvscj30u01uogxg.jpg", "width": 162, "height": 360, "cut_type": 1, "type": ""}, "large": {"url": "https://wx3.sinaimg.cn/orj960/0075PIE1gy1hl149vnvscj30u01uogxg.jpg", "width": 960, "height": 2133, "cut_type": 1, "type": ""}, "original": {"url": "https://wx3.sinaimg.cn/orj1080/0075PIE1gy1hl149vnvscj30u01uogxg.jpg", "width": 1080, "height": 2400, "cut_type": 1, "type": ""}, "largest": {"url": "https://wx3.sinaimg.cn/large/0075PIE1gy1hl149vnvscj30u01uogxg.jpg", "width": 1080, "height": 2400, "cut_type": 1, "type": ""}, "mw2000": {"url": "https://wx3.sinaimg.cn/mw2000/0075PIE1gy1hl149vnvscj30u01uogxg.jpg", "width": 1080, "height": 2400, "cut_type": 1, "type": ""}, "focus_point": {"left": 0.005945355, "top": 0.280988, "width": 0.99405456, "height": 0.44742185}, "object_id": "1042018:938a94cfa04cdee15e3e43da79a70f14", "pic_id": "0075PIE1gy1hl149vnvscj30u01uogxg", "photo_tag": 0, "type": "pic", "pic_status": 1}, "0075PIE1gy1hl149w9rrij30u01uoamj": {"thumbnail": {"url": "https://wx4.sinaimg.cn/wap180/0075PIE1gy1hl149w9rrij30u01uoamj.jpg", "width": 81, "height": 180, "cut_type": 1, "type": ""}, "bmiddle": {"url": "https://wx4.sinaimg.cn/wap360/0075PIE1gy1hl149w9rrij30u01uoamj.jpg", "width": 162, "height": 360, "cut_type": 1, "type": ""}, "large": {"url": "https://wx4.sinaimg.cn/orj960/0075PIE1gy1hl149w9rrij30u01uoamj.jpg", "width": 960, "height": 2133, "cut_type": 1, "type": ""}, "original": {"url": "https://wx4.sinaimg.cn/orj1080/0075PIE1gy1hl149w9rrij30u01uoamj.jpg", "width": 1080, "height": 2400, "cut_type": 1, "type": ""}, "largest": {"url": "https://wx4.sinaimg.cn/large/0075PIE1gy1hl149w9rrij30u01uoamj.jpg", "width": 1080, "height": 2400, "cut_type": 1, "type": ""}, "mw2000": {"url": "https://wx4.sinaimg.cn/mw2000/0075PIE1gy1hl149w9rrij30u01uoamj.jpg", "width": 1080, "height": 2400, "cut_type": 1, "type": ""}, "focus_point": {"left": 0.024237188, "top": 0.3250392, "width": 0.9745229, "height": 0.43863064}, "object_id": "1042018:703f2d0db29e82a32f054907e2a914bf", "pic_id": "0075PIE1gy1hl149w9rrij30u01uoamj", "photo_tag": 0, "type": "pic", "pic_status": 1}, "0075PIE1gy1hl149woriij30u01h348u": {"thumbnail": {"url": "https://wx1.sinaimg.cn/wap180/0075PIE1gy1hl149woriij30u01h348u.jpg", "width": 101, "height": 180, "cut_type": 1, "type": ""}, "bmiddle": {"url": "https://wx1.sinaimg.cn/wap360/0075PIE1gy1hl149woriij30u01h348u.jpg", "width": 203, "height": 360, "cut_type": 1, "type": ""}, "large": {"url": "https://wx1.sinaimg.cn/orj960/0075PIE1gy1hl149woriij30u01h348u.jpg", "width": 960, "height": 1698, "cut_type": 1, "type": ""}, "original": {"url": "https://wx1.sinaimg.cn/orj1080/0075PIE1gy1hl149woriij30u01h348u.jpg", "width": 1080, "height": 1911, "cut_type": 1, "type": ""}, "largest": {"url": "https://wx1.sinaimg.cn/large/0075PIE1gy1hl149woriij30u01h348u.jpg", "width": 1080, "height": 1911, "cut_type": 1, "type": ""}, "mw2000": {"url": "https://wx1.sinaimg.cn/mw2000/0075PIE1gy1hl149woriij30u01h348u.jpg", "width": 1080, "height": 1911, "cut_type": 1, "type": ""}, "focus_point": {"left": 0.016039861, "top": 0.23055364, "width": 0.98396003, "height": 0.55604625}, "object_id": "1042018:afd6d63a55d320f84255cceaa60aa2d4", "pic_id": "0075PIE1gy1hl149woriij30u01h348u", "photo_tag": 0, "type": "pic", "pic_status": 1}}, "is_paid": false, "mblog_vip_type": 0, "number_display_strategy": {"apply_scenario_flag": 3, "display_text_min_number": 1000000, "display_text": "100万+"}, "reposts_count": 0, "comments_count": 0, "attitudes_count": 0, "attitudes_status": 0, "isLongText": false, "mlevel": 0, "content_auth": 0, "is_show_bulletin": 2, "comment_manage_info": {"comment_permission_type": -1, "approval_comment_type": 0, "comment_sort_type": 0}, "share_repost_type": 0, "mblogtype": 0, "showFeedRepost": false, "showFeedComment": false, "pictureViewerSign": false, "showPictureViewer": false, "rcList": [], "text": "还行，还是挺还原的&lt;img alt=\"[吹风车]\" title=\"[吹风车]\" src=\"https://face.t.sinajs.cn/t4/appstyle/expression/ext/normal/da/2023_Windmill_org.png\" /&gt;&lt;img alt=\"[吹风车]\" title=\"[吹风车]\" src=\"https://face.t.sinajs.cn/t4/appstyle/expression/ext/normal/da/2023_Windmill_org.png\" /&gt; ​​​", "region_name": "发布于 辽宁", "customIcons": []}