{"visible": {"type": 0, "list_id": 0}, "created_at": "Thu Dec 21 18:45:02 +0800 2023", "id": 4981457585705591, "idstr": "4981457585705591", "mid": "4981457585705591", "mblogid": "Nyb5cnWhF", "user": {"id": 6499137849, "idstr": "6499137849", "pc_new": 7, "screen_name": "冻梨好吃", "profile_image_url": "https://tvax3.sinaimg.cn/crop.0.0.962.962.50/0075PIE1ly8hkxs7vsob4j30qq0qq76e.jpg?KID=imgbed,tva&amp;Expires=1704618406&amp;ssig=9bkyhtQzqS", "profile_url": "/u/6499137849", "verified": false, "verified_type": -1, "domain": "", "weihao": "", "avatar_large": "https://tvax3.sinaimg.cn/crop.0.0.962.962.180/0075PIE1ly8hkxs7vsob4j30qq0qq76e.jpg?KID=imgbed,tva&amp;Expires=1704618406&amp;ssig=ekO%2FniqGDz", "avatar_hd": "https://tvax3.sinaimg.cn/crop.0.0.962.962.1024/0075PIE1ly8hkxs7vsob4j30qq0qq76e.jpg?KID=imgbed,tva&amp;Expires=1704618406&amp;ssig=dE5Oo8F6TC", "follow_me": false, "following": false, "mbrank": 0, "mbtype": 0, "v_plus": 0, "planet_video": false, "icon_list": []}, "can_edit": false, "text_raw": "95🌸同期都松了一口气，先不说01和年轻🌸搭没有cp感，单就这题材实在是[汗][汗] ​​​", "textLength": 78, "annotations": [{"photo_sub_type": "0"}, {"client_mblogid": "c3ef42b5-2bc5-4b90-9a43-6fce47fd2564"}, {"source_text": "", "phone_id": "266"}, {"mapi_request": true}], "source": "Android", "favorited": false, "rid": "15_0_50_5044154246932884826_0_0_0", "pic_ids": ["0075PIE1gy1hl1ll7szo1j30qo0fgmyc"], "pic_focus_point": [{"focus_point": {"left": 0.104347825, "top": 0.7425, "width": 0.039130434, "height": 0.0925}, "pic_id": "0075PIE1gy1hl1ll7szo1j30qo0fgmyc"}], "pic_num": 1, "pic_infos": {"0075PIE1gy1hl1ll7szo1j30qo0fgmyc": {"thumbnail": {"url": "https://wx3.sinaimg.cn/wap180/0075PIE1gy1hl1ll7szo1j30qo0fgmyc.jpg", "width": 180, "height": 104, "cut_type": 1, "type": ""}, "bmiddle": {"url": "https://wx3.sinaimg.cn/wap360/0075PIE1gy1hl1ll7szo1j30qo0fgmyc.jpg", "width": 360, "height": 208, "cut_type": 1, "type": ""}, "large": {"url": "https://wx3.sinaimg.cn/orj960/0075PIE1gy1hl1ll7szo1j30qo0fgmyc.jpg", "width": 960, "height": 556, "cut_type": 1, "type": ""}, "original": {"url": "https://wx3.sinaimg.cn/orj1080/0075PIE1gy1hl1ll7szo1j30qo0fgmyc.jpg", "width": 960, "height": 556, "cut_type": 1, "type": ""}, "largest": {"url": "https://wx3.sinaimg.cn/large/0075PIE1gy1hl1ll7szo1j30qo0fgmyc.jpg", "width": 960, "height": 556, "cut_type": 1, "type": ""}, "mw2000": {"url": "https://wx3.sinaimg.cn/mw2000/0075PIE1gy1hl1ll7szo1j30qo0fgmyc.jpg", "width": 960, "height": 556, "cut_type": 1, "type": ""}, "focus_point": {"left": 0.104347825, "top": 0.7425, "width": 0.039130434, "height": 0.0925}, "object_id": "1042018:86d457a51a799eeb3239e33866e1f6cb", "pic_id": "0075PIE1gy1hl1ll7szo1j30qo0fgmyc", "photo_tag": 0, "type": "pic", "pic_status": 1}}, "is_paid": false, "mblog_vip_type": 0, "number_display_strategy": {"apply_scenario_flag": 3, "display_text_min_number": 1000000, "display_text": "100万+"}, "reposts_count": 0, "comments_count": 0, "attitudes_count": 0, "attitudes_status": 0, "isLongText": false, "mlevel": 0, "content_auth": 0, "is_show_bulletin": 2, "comment_manage_info": {"comment_permission_type": -1, "approval_comment_type": 0, "comment_sort_type": 0}, "share_repost_type": 0, "mblogtype": 0, "showFeedRepost": false, "showFeedComment": false, "pictureViewerSign": false, "showPictureViewer": false, "rcList": [], "text": "95🌸同期都松了一口气，先不说01和年轻🌸搭没有cp感，单就这题材实在是&lt;img alt=\"[汗]\" title=\"[汗]\" src=\"https://face.t.sinajs.cn/t4/appstyle/expression/ext/normal/28/2018new_han_org.png\" /&gt;&lt;img alt=\"[汗]\" title=\"[汗]\" src=\"https://face.t.sinajs.cn/t4/appstyle/expression/ext/normal/28/2018new_han_org.png\" /&gt; ​​​", "region_name": "发布于 辽宁", "customIcons": []}