{"visible": {"type": 0, "list_id": 0}, "created_at": "Thu Dec 21 17:16:18 +0800 2023", "id": 4981435255751430, "idstr": "4981435255751430", "mid": "4981435255751430", "mblogid": "Nyavbo8d0", "user": {"id": 6499137849, "idstr": "6499137849", "pc_new": 7, "screen_name": "冻梨好吃", "profile_image_url": "https://tvax3.sinaimg.cn/crop.0.0.962.962.50/0075PIE1ly8hkxs7vsob4j30qq0qq76e.jpg?KID=imgbed,tva&amp;Expires=1704618406&amp;ssig=9bkyhtQzqS", "profile_url": "/u/6499137849", "verified": false, "verified_type": -1, "domain": "", "weihao": "", "avatar_large": "https://tvax3.sinaimg.cn/crop.0.0.962.962.180/0075PIE1ly8hkxs7vsob4j30qq0qq76e.jpg?KID=imgbed,tva&amp;Expires=1704618406&amp;ssig=ekO%2FniqGDz", "avatar_hd": "https://tvax3.sinaimg.cn/crop.0.0.962.962.1024/0075PIE1ly8hkxs7vsob4j30qq0qq76e.jpg?KID=imgbed,tva&amp;Expires=1704618406&amp;ssig=dE5Oo8F6TC", "follow_me": false, "following": false, "mbrank": 0, "mbtype": 0, "v_plus": 0, "planet_video": false, "icon_list": []}, "can_edit": false, "text_raw": "今天啵啵么小柴[奥姆][奥姆] ​​​", "textLength": 26, "annotations": [{"photo_sub_type": "0"}, {"client_mblogid": "bd1f4ad4-c1e3-4dc1-9af5-fbb17fa4b444"}, {"source_text": "", "phone_id": "266"}, {"mapi_request": true}], "source": "Android", "favorited": false, "rid": "16_0_50_5044154246932884826_0_0_0", "pic_ids": ["0075PIE1gy1hl1j1klvxij30u00u0tdl"], "pic_focus_point": [{"focus_point": {"left": 0, "top": 0, "width": 1, "height": 1}, "pic_id": "0075PIE1gy1hl1j1klvxij30u00u0tdl"}], "pic_num": 1, "pic_infos": {"0075PIE1gy1hl1j1klvxij30u00u0tdl": {"thumbnail": {"url": "https://wx1.sinaimg.cn/wap180/0075PIE1gy1hl1j1klvxij30u00u0tdl.jpg", "width": 180, "height": 180, "cut_type": 1, "type": ""}, "bmiddle": {"url": "https://wx1.sinaimg.cn/wap360/0075PIE1gy1hl1j1klvxij30u00u0tdl.jpg", "width": 360, "height": 360, "cut_type": 1, "type": ""}, "large": {"url": "https://wx1.sinaimg.cn/orj960/0075PIE1gy1hl1j1klvxij30u00u0tdl.jpg", "width": 960, "height": 960, "cut_type": 1, "type": ""}, "original": {"url": "https://wx1.sinaimg.cn/orj1080/0075PIE1gy1hl1j1klvxij30u00u0tdl.jpg", "width": 1080, "height": 1080, "cut_type": 1, "type": ""}, "largest": {"url": "https://wx1.sinaimg.cn/large/0075PIE1gy1hl1j1klvxij30u00u0tdl.jpg", "width": 1080, "height": 1080, "cut_type": 1, "type": ""}, "mw2000": {"url": "https://wx1.sinaimg.cn/mw2000/0075PIE1gy1hl1j1klvxij30u00u0tdl.jpg", "width": 1080, "height": 1080, "cut_type": 1, "type": ""}, "focus_point": {"left": 0, "top": 0, "width": 1, "height": 1}, "object_id": "1042018:476ffbd249832ee39c821c168fb5bf15", "pic_id": "0075PIE1gy1hl1j1klvxij30u00u0tdl", "photo_tag": 0, "type": "pic", "pic_status": 1}}, "is_paid": false, "mblog_vip_type": 0, "number_display_strategy": {"apply_scenario_flag": 3, "display_text_min_number": 1000000, "display_text": "100万+"}, "reposts_count": 0, "comments_count": 2, "attitudes_count": 0, "attitudes_status": 0, "isLongText": false, "mlevel": 0, "content_auth": 0, "is_show_bulletin": 2, "comment_manage_info": {"comment_permission_type": -1, "approval_comment_type": 0, "comment_sort_type": 0}, "share_repost_type": 0, "mblogtype": 0, "showFeedRepost": false, "showFeedComment": false, "pictureViewerSign": false, "showPictureViewer": false, "rcList": [], "text": "今天啵啵么小柴&lt;img alt=\"[奥姆]\" title=\"[奥姆]\" src=\"https://face.t.sinajs.cn/t4/appstyle/expression/ext/normal/12/2023_Orm_org.png\" /&gt;&lt;img alt=\"[奥姆]\" title=\"[奥姆]\" src=\"https://face.t.sinajs.cn/t4/appstyle/expression/ext/normal/12/2023_Orm_org.png\" /&gt; ​​​", "region_name": "发布于 辽宁", "customIcons": []}