{"visible": {"type": 0, "list_id": 0}, "created_at": "Fri Dec 22 21:30:07 +0800 2023", "id": 4981861519198899, "idstr": "4981861519198899", "mid": "4981861519198899", "mblogid": "NylAHCB3l", "user": {"id": 6499137849, "idstr": "6499137849", "pc_new": 7, "screen_name": "冻梨好吃", "profile_image_url": "https://tvax3.sinaimg.cn/crop.0.0.962.962.50/0075PIE1ly8hkxs7vsob4j30qq0qq76e.jpg?KID=imgbed,tva&amp;Expires=1704618395&amp;ssig=sncxrMk8%2B5", "profile_url": "/u/6499137849", "verified": false, "verified_type": -1, "domain": "", "weihao": "", "avatar_large": "https://tvax3.sinaimg.cn/crop.0.0.962.962.180/0075PIE1ly8hkxs7vsob4j30qq0qq76e.jpg?KID=imgbed,tva&amp;Expires=1704618395&amp;ssig=ZlcRC6X3FP", "avatar_hd": "https://tvax3.sinaimg.cn/crop.0.0.962.962.1024/0075PIE1ly8hkxs7vsob4j30qq0qq76e.jpg?KID=imgbed,tva&amp;Expires=1704618395&amp;ssig=HTwOmXdrCp", "follow_me": false, "following": false, "mbrank": 0, "mbtype": 0, "v_plus": 0, "planet_video": false, "icon_list": []}, "can_edit": false, "text_raw": "妈耶，和我90%以上重合率的歌单[吹风车][吹风车] ​​​", "textLength": 45, "annotations": [{"photo_sub_type": "0"}, {"client_mblogid": "630ab5aa-273b-4711-9c6f-0a0a3d51afe0"}, {"source_text": "", "phone_id": "266"}, {"mapi_request": true}], "source": "Android", "favorited": false, "rid": "10_0_50_164604930873474872_0_0_0", "pic_ids": ["0075PIE1gy1hl2vz7h5dsj30u015qqb6"], "pic_focus_point": [{"focus_point": {"left": 0.01515326, "top": 0.12886359, "width": 0.98484665, "height": 0.7078586}, "pic_id": "0075PIE1gy1hl2vz7h5dsj30u015qqb6"}], "pic_num": 1, "pic_infos": {"0075PIE1gy1hl2vz7h5dsj30u015qqb6": {"thumbnail": {"url": "https://wx4.sinaimg.cn/wap180/0075PIE1gy1hl2vz7h5dsj30u015qqb6.jpg", "width": 129, "height": 180, "cut_type": 1, "type": ""}, "bmiddle": {"url": "https://wx4.sinaimg.cn/wap360/0075PIE1gy1hl2vz7h5dsj30u015qqb6.jpg", "width": 259, "height": 360, "cut_type": 1, "type": ""}, "large": {"url": "https://wx4.sinaimg.cn/orj960/0075PIE1gy1hl2vz7h5dsj30u015qqb6.jpg", "width": 960, "height": 1335, "cut_type": 1, "type": ""}, "original": {"url": "https://wx4.sinaimg.cn/orj1080/0075PIE1gy1hl2vz7h5dsj30u015qqb6.jpg", "width": 1080, "height": 1502, "cut_type": 1, "type": ""}, "largest": {"url": "https://wx4.sinaimg.cn/large/0075PIE1gy1hl2vz7h5dsj30u015qqb6.jpg", "width": 1080, "height": 1502, "cut_type": 1, "type": ""}, "mw2000": {"url": "https://wx4.sinaimg.cn/mw2000/0075PIE1gy1hl2vz7h5dsj30u015qqb6.jpg", "width": 1080, "height": 1502, "cut_type": 1, "type": ""}, "focus_point": {"left": 0.01515326, "top": 0.12886359, "width": 0.98484665, "height": 0.7078586}, "object_id": "1042018:8c6f689fc1a1b8d85c4fac57dc094e0c", "pic_id": "0075PIE1gy1hl2vz7h5dsj30u015qqb6", "photo_tag": 0, "type": "pic", "pic_status": 1}}, "is_paid": false, "mblog_vip_type": 0, "number_display_strategy": {"apply_scenario_flag": 3, "display_text_min_number": 1000000, "display_text": "100万+"}, "reposts_count": 0, "comments_count": 2, "attitudes_count": 0, "attitudes_status": 0, "isLongText": false, "mlevel": 0, "content_auth": 0, "is_show_bulletin": 2, "comment_manage_info": {"comment_permission_type": -1, "approval_comment_type": 0, "comment_sort_type": 0}, "share_repost_type": 0, "mblogtype": 0, "showFeedRepost": false, "showFeedComment": false, "pictureViewerSign": false, "showPictureViewer": false, "rcList": [], "text": "妈耶，和我90%以上重合率的歌单&lt;img alt=\"[吹风车]\" title=\"[吹风车]\" src=\"https://face.t.sinajs.cn/t4/appstyle/expression/ext/normal/da/2023_Windmill_org.png\" /&gt;&lt;img alt=\"[吹风车]\" title=\"[吹风车]\" src=\"https://face.t.sinajs.cn/t4/appstyle/expression/ext/normal/da/2023_Windmill_org.png\" /&gt; ​​​", "region_name": "发布于 辽宁", "customIcons": []}