{"visible": {"type": 0, "list_id": 0}, "created_at": "Fri Dec 22 01:36:51 +0800 2023", "id": 4981561222497007, "idstr": "4981561222497007", "mid": "4981561222497007", "mblogid": "NydMmatAj", "user": {"id": 6499137849, "idstr": "6499137849", "pc_new": 7, "screen_name": "冻梨好吃", "profile_image_url": "https://tvax3.sinaimg.cn/crop.0.0.962.962.50/0075PIE1ly8hkxs7vsob4j30qq0qq76e.jpg?KID=imgbed,tva&amp;Expires=1704618406&amp;ssig=9bkyhtQzqS", "profile_url": "/u/6499137849", "verified": false, "verified_type": -1, "domain": "", "weihao": "", "avatar_large": "https://tvax3.sinaimg.cn/crop.0.0.962.962.180/0075PIE1ly8hkxs7vsob4j30qq0qq76e.jpg?KID=imgbed,tva&amp;Expires=1704618406&amp;ssig=ekO%2FniqGDz", "avatar_hd": "https://tvax3.sinaimg.cn/crop.0.0.962.962.1024/0075PIE1ly8hkxs7vsob4j30qq0qq76e.jpg?KID=imgbed,tva&amp;Expires=1704618406&amp;ssig=dE5Oo8F6TC", "follow_me": false, "following": false, "mbrank": 0, "mbtype": 0, "v_plus": 0, "planet_video": false, "icon_list": []}, "can_edit": false, "text_raw": "我们下路组rank状态还行[吹风车][吹风车]满意满意（截止23.12.22半夜1:36） ​​​", "textLength": 70, "annotations": [{"photo_sub_type": "0,0"}, {"client_mblogid": "b905ff2f-15da-4342-9cff-37b0e083f817"}, {"source_text": "", "phone_id": "266"}, {"mapi_request": true}], "source": "Android", "favorited": false, "rid": "1_0_50_5044154246932884826_0_0_0", "pic_ids": ["0075PIE1gy1hl1xhk6ih4j30q21gun6x", "0075PIE1gy1hl1xhkqwxvj30qh1guakb"], "pic_focus_point": [{"focus_point": {"left": 0.25797102, "top": 0.939724, "width": 0.09855072, "height": 0.049382716}, "pic_id": "0075PIE1gy1hl1xhkqwxvj30qh1guakb"}, {"focus_point": {"left": 0.2826087, "top": 0.19370979, "width": 0.06811594, "height": 0.04217298}, "pic_id": "0075PIE1gy1hl1xhk6ih4j30q21gun6x"}], "pic_num": 2, "pic_infos": {"0075PIE1gy1hl1xhk6ih4j30q21gun6x": {"thumbnail": {"url": "https://wx4.sinaimg.cn/wap180/0075PIE1gy1hl1xhk6ih4j30q21gun6x.jpg", "width": 88, "height": 180, "cut_type": 1, "type": ""}, "bmiddle": {"url": "https://wx4.sinaimg.cn/wap360/0075PIE1gy1hl1xhk6ih4j30q21gun6x.jpg", "width": 177, "height": 360, "cut_type": 1, "type": ""}, "large": {"url": "https://wx4.sinaimg.cn/orj960/0075PIE1gy1hl1xhk6ih4j30q21gun6x.jpg", "width": 938, "height": 1902, "cut_type": 1, "type": ""}, "original": {"url": "https://wx4.sinaimg.cn/orj1080/0075PIE1gy1hl1xhk6ih4j30q21gun6x.jpg", "width": 938, "height": 1902, "cut_type": 1, "type": ""}, "largest": {"url": "https://wx4.sinaimg.cn/large/0075PIE1gy1hl1xhk6ih4j30q21gun6x.jpg", "width": 938, "height": 1902, "cut_type": 1, "type": ""}, "mw2000": {"url": "https://wx4.sinaimg.cn/mw2000/0075PIE1gy1hl1xhk6ih4j30q21gun6x.jpg", "width": 938, "height": 1902, "cut_type": 1, "type": ""}, "focus_point": {"left": 0.2826087, "top": 0.19370979, "width": 0.06811594, "height": 0.04217298}, "object_id": "1042018:c3d8f9471f3463d1632e2d63badb3eb2", "pic_id": "0075PIE1gy1hl1xhk6ih4j30q21gun6x", "photo_tag": 0, "type": "pic", "pic_status": 1}, "0075PIE1gy1hl1xhkqwxvj30qh1guakb": {"thumbnail": {"url": "https://wx3.sinaimg.cn/wap180/0075PIE1gy1hl1xhkqwxvj30qh1guakb.jpg", "width": 90, "height": 180, "cut_type": 1, "type": ""}, "bmiddle": {"url": "https://wx3.sinaimg.cn/wap360/0075PIE1gy1hl1xhkqwxvj30qh1guakb.jpg", "width": 180, "height": 360, "cut_type": 1, "type": ""}, "large": {"url": "https://wx3.sinaimg.cn/orj960/0075PIE1gy1hl1xhkqwxvj30qh1guakb.jpg", "width": 953, "height": 1902, "cut_type": 1, "type": ""}, "original": {"url": "https://wx3.sinaimg.cn/orj1080/0075PIE1gy1hl1xhkqwxvj30qh1guakb.jpg", "width": 953, "height": 1902, "cut_type": 1, "type": ""}, "largest": {"url": "https://wx3.sinaimg.cn/large/0075PIE1gy1hl1xhkqwxvj30qh1guakb.jpg", "width": 953, "height": 1902, "cut_type": 1, "type": ""}, "mw2000": {"url": "https://wx3.sinaimg.cn/mw2000/0075PIE1gy1hl1xhkqwxvj30qh1guakb.jpg", "width": 953, "height": 1902, "cut_type": 1, "type": ""}, "focus_point": {"left": 0.25797102, "top": 0.939724, "width": 0.09855072, "height": 0.049382716}, "object_id": "1042018:a9e8b6be7cd5918b1fab16e0f7e1dca3", "pic_id": "0075PIE1gy1hl1xhkqwxvj30qh1guakb", "photo_tag": 0, "type": "pic", "pic_status": 1}}, "is_paid": false, "mblog_vip_type": 0, "number_display_strategy": {"apply_scenario_flag": 3, "display_text_min_number": 1000000, "display_text": "100万+"}, "reposts_count": 0, "comments_count": 0, "attitudes_count": 0, "attitudes_status": 0, "isLongText": false, "mlevel": 0, "content_auth": 0, "is_show_bulletin": 2, "comment_manage_info": {"comment_permission_type": -1, "approval_comment_type": 0, "comment_sort_type": 0}, "share_repost_type": 0, "mblogtype": 0, "showFeedRepost": false, "showFeedComment": false, "pictureViewerSign": false, "showPictureViewer": false, "rcList": [], "text": "我们下路组rank状态还行&lt;img alt=\"[吹风车]\" title=\"[吹风车]\" src=\"https://face.t.sinajs.cn/t4/appstyle/expression/ext/normal/da/2023_Windmill_org.png\" /&gt;&lt;img alt=\"[吹风车]\" title=\"[吹风车]\" src=\"https://face.t.sinajs.cn/t4/appstyle/expression/ext/normal/da/2023_Windmill_org.png\" /&gt;满意满意（截止23.12.22半夜1:36） ​​​", "region_name": "发布于 辽宁", "customIcons": []}