{"visible": {"type": 0, "list_id": 0}, "created_at": "Thu Dec 21 21:14:14 +0800 2023", "id": 4981495131279532, "idstr": "4981495131279532", "mid": "4981495131279532", "mblogid": "Nyc3L5mRC", "user": {"id": 6499137849, "idstr": "6499137849", "pc_new": 7, "screen_name": "冻梨好吃", "profile_image_url": "https://tvax3.sinaimg.cn/crop.0.0.962.962.50/0075PIE1ly8hkxs7vsob4j30qq0qq76e.jpg?KID=imgbed,tva&amp;Expires=1704618406&amp;ssig=9bkyhtQzqS", "profile_url": "/u/6499137849", "verified": false, "verified_type": -1, "domain": "", "weihao": "", "avatar_large": "https://tvax3.sinaimg.cn/crop.0.0.962.962.180/0075PIE1ly8hkxs7vsob4j30qq0qq76e.jpg?KID=imgbed,tva&amp;Expires=1704618406&amp;ssig=ekO%2FniqGDz", "avatar_hd": "https://tvax3.sinaimg.cn/crop.0.0.962.962.1024/0075PIE1ly8hkxs7vsob4j30qq0qq76e.jpg?KID=imgbed,tva&amp;Expires=1704618406&amp;ssig=dE5Oo8F6TC", "follow_me": false, "following": false, "mbrank": 0, "mbtype": 0, "v_plus": 0, "planet_video": false, "icon_list": []}, "can_edit": false, "text_raw": "米桑什么时候动动啊，粥批圆批szd，角好米坏。营收都赶超kpop了咋还装死 http://t.cn/A6loNPuU", "annotations": [{"client_mblogid": "9456dd0e-8e43-41d2-be7b-ec48d031d47a"}, {"mapi_request": true}], "source": "Android", "favorited": false, "rid": "8_0_50_5044154246932884826_0_0_0", "pic_ids": [], "pic_num": 0, "is_paid": false, "mblog_vip_type": 0, "number_display_strategy": {"apply_scenario_flag": 3, "display_text_min_number": 1000000, "display_text": "100万+"}, "reposts_count": 0, "comments_count": 0, "attitudes_count": 0, "attitudes_status": 0, "isLongText": false, "mlevel": 0, "content_auth": 0, "is_show_bulletin": 2, "comment_manage_info": {"comment_permission_type": -1, "approval_comment_type": 0, "comment_sort_type": 0}, "repost_type": 1, "share_repost_type": 0, "url_struct": [{"url_title": "查看图片", "url_type_pic": "https://h5.sinaimg.cn/upload/2015/01/21/20/timeline_card_small_photo.png", "ori_url": "https://photo.weibo.com/h5/repost/reppic_id/1022:23079605c5bf151863277b00c468f9fe98ddbe", "short_url": "http://t.cn/A6loNPuU", "long_url": "https://photo.weibo.com/h5/repost/reppic_id/1022:23079605c5bf151863277b00c468f9fe98ddbe", "url_type": 39, "result": false, "actionlog": {"act_type": 1, "act_code": 300, "oid": "1022:23079605c5bf151863277b00c468f9fe98ddbe", "uuid": 4981495134421127, "cardid": "", "lcardid": "", "uicode": "", "luicode": "", "fid": "1076036499137849_-_WEIBO_SECOND_PROFILE_WEIBO", "lfid": "", "ext": "mid:4981495131279532|rid:8_0_50_5044154246932884826_0_0_0|short_url:http://t.cn/A6loNPuU|long_url:https://photo.weibo.com/h5/repost/reppic_id/1022:23079605c5bf151863277b00c468f9fe98ddbe|comment_id:|miduid:6499137849|rootmid:4981495131279532|rootuid:6499137849|authorid:|uuid:4981495134421127|is_ad_weibo:0|analysis_card:url_struct"}, "storage_type": "", "hide": 0, "object_type": "", "position": 2, "pic_infos": {"0075PIE1gy1hl1pxbz36vj30go0ol42y": {"thumbnail": {"type": "", "url": "http://wx4.sinaimg.cn/thumbnail/0075PIE1gy1hl1pxbz36vj30go0ol42y.jpg", "cut_type": 1, "width": 81, "height": 120, "croped": false}, "bmiddle": {"type": "", "url": "http://wx4.sinaimg.cn/bmiddle/0075PIE1gy1hl1pxbz36vj30go0ol42y.jpg", "cut_type": 1, "width": 440, "height": 649, "croped": false}, "large": {"type": "", "url": "http://wx4.sinaimg.cn/large/0075PIE1gy1hl1pxbz36vj30go0ol42y.jpg", "cut_type": 1, "width": "600", "height": "885", "croped": false}, "woriginal": {"type": "", "url": "http://wx4.sinaimg.cn/woriginal/0075PIE1gy1hl1pxbz36vj30go0ol42y.jpg", "cut_type": 1, "width": "600", "height": "885", "croped": false}}}, "pic_ids": ["0075PIE1gy1hl1pxbz36vj30go0ol42y"], "h5_target_url": "https://photo.weibo.com/h5/repost/reppic_id/1022:23079605c5bf151863277b00c468f9fe98ddbe?from=1FFFF96039&amp;weiboauthoruid=6499137849", "need_save_obj": 1}], "mblogtype": 0, "showFeedRepost": false, "showFeedComment": false, "pictureViewerSign": false, "showPictureViewer": false, "rcList": [], "text": "米桑什么时候动动啊，粥批圆批szd，角好米坏。营收都赶超kpop了咋还装死 &lt;a target=\"_blank\" data-pid=0075PIE1gy1hl1pxbz36vj30go0ol42y  href=\"https://wx4.sinaimg.cn/large/0075PIE1gy1hl1pxbz36vj30go0ol42y.jpg\"&gt;&lt;img class=\"icon-link\" src=\"https://h5.sinaimg.cn/upload/2015/01/21/20/timeline_card_small_photo_default.png\"/&gt;查看图片&lt;/a&gt;", "region_name": "发布于 辽宁", "customIcons": [], "retweeted_status": {"visible": {"type": 0, "list_id": 0}, "created_at": "Wed Dec 20 18:30:33 +0800 2023", "id": 4981091553249476, "idstr": "4981091553249476", "mid": "4981091553249476", "mblogid": "Ny1yPdDkU", "user": {"id": 7461423907, "idstr": "7461423907", "pc_new": 7, "screen_name": "鹰角网络", "profile_image_url": "https://tvax4.sinaimg.cn/crop.0.0.600.600.50/0088XncTly8h9jlp9vbp5j30go0goq40.jpg?KID=imgbed,tva&amp;Expires=1704618406&amp;ssig=L%2B%2BhTGzzp2", "profile_url": "/u/7461423907", "verified": true, "verified_type": 2, "domain": "hypergryph", "weihao": "", "verified_type_ext": 50, "avatar_large": "https://tvax4.sinaimg.cn/crop.0.0.600.600.180/0088XncTly8h9jlp9vbp5j30go0goq40.jpg?KID=imgbed,tva&amp;Expires=1704618406&amp;ssig=UuYoyDolaj", "avatar_hd": "https://tvax4.sinaimg.cn/crop.0.0.600.600.1024/0088XncTly8h9jlp9vbp5j30go0goq40.jpg?KID=imgbed,tva&amp;Expires=1704618406&amp;ssig=IJcqrD1yRO", "follow_me": false, "following": false, "mbrank": 4, "mbtype": 12, "v_plus": 0, "planet_video": false, "icon_list": [{"type": "vip", "data": {"mbrank": 4, "mbtype": 12, "svip": 0, "vvip": 0}}]}, "can_edit": false, "text_raw": "共度风雪，祈愿平安。\n12月18日23时59分，甘肃临夏州积石山县发生6.2级地震，造成多地人员伤亡及基础设施受损，灾情牵动人心。为帮助地震灾区民众早日恢复正常生活，鹰角网络已通过上海市慈善基金会徐汇代表处向灾区捐赠200万元现金，并紧急筹措250余万元在途物资，计划通过上海市慈善基金会联系甘肃省 ​​​", "textLength": 539, "annotations": [{"photo_sub_type": "0,0"}, {"source_text": "", "phone_id": ""}, {"mapi_request": true}], "source": "微博网页版", "favorited": false, "buttons": [{"type": "follow", "name": "加关注", "params": {"uid": 7461423907, "disable_group": 1, "extparams": {"followcardid": "1008080010_"}}, "actionlog": {"act_code": "92", "oid": "4981091553249476"}}], "rid": "8_0_50_5044154246932884826_0_0_0", "pic_ids": ["0088XncTgy1hl0ex270odj30rs1cw4ad", "0088XncTgy1hl0ex60njrj30nx0an769"], "pic_focus_point": [{"focus_point": {"left": 0.3407334, "top": 0.0145712225, "width": 0.35730836, "height": 0.8030709}, "pic_id": "0088XncTgy1hl0ex60njrj30nx0an769"}, {"focus_point": {"left": 0.0030063796, "top": 0.18338262, "width": 0.99699354, "height": 0.5666603}, "pic_id": "0088XncTgy1hl0ex270odj30rs1cw4ad"}], "geo": "", "pic_num": 2, "pic_infos": {"0088XncTgy1hl0ex270odj30rs1cw4ad": {"thumbnail": {"url": "https://wx4.sinaimg.cn/wap180/0088XncTgy1hl0ex270odj30rs1cw4ad.jpg", "width": 102, "height": 180, "cut_type": 1, "type": ""}, "bmiddle": {"url": "https://wx4.sinaimg.cn/wap360/0088XncTgy1hl0ex270odj30rs1cw4ad.jpg", "width": 204, "height": 360, "cut_type": 1, "type": ""}, "large": {"url": "https://wx4.sinaimg.cn/orj960/0088XncTgy1hl0ex270odj30rs1cw4ad.jpg", "width": 960, "height": 1689, "cut_type": 1, "type": ""}, "original": {"url": "https://wx4.sinaimg.cn/orj1080/0088XncTgy1hl0ex270odj30rs1cw4ad.jpg", "width": 1000, "height": 1760, "cut_type": 1, "type": ""}, "largest": {"url": "https://wx4.sinaimg.cn/large/0088XncTgy1hl0ex270odj30rs1cw4ad.jpg", "width": 1000, "height": 1760, "cut_type": 1, "type": ""}, "mw2000": {"url": "https://wx4.sinaimg.cn/mw2000/0088XncTgy1hl0ex270odj30rs1cw4ad.jpg", "width": 1000, "height": 1760, "cut_type": 1, "type": ""}, "focus_point": {"left": 0.0030063796, "top": 0.18338262, "width": 0.99699354, "height": 0.5666603}, "object_id": "1042018:3d2e5f4444a62c443ba546a8c1f61b94", "pic_id": "0088XncTgy1hl0ex270odj30rs1cw4ad", "photo_tag": 0, "type": "pic", "pic_status": 1}, "0088XncTgy1hl0ex60njrj30nx0an769": {"thumbnail": {"url": "https://wx2.sinaimg.cn/wap180/0088XncTgy1hl0ex60njrj30nx0an769.jpg", "width": 180, "height": 79, "cut_type": 1, "type": ""}, "bmiddle": {"url": "https://wx2.sinaimg.cn/wap360/0088XncTgy1hl0ex60njrj30nx0an769.jpg", "width": 360, "height": 159, "cut_type": 1, "type": ""}, "large": {"url": "https://wx2.sinaimg.cn/orj960/0088XncTgy1hl0ex60njrj30nx0an769.jpg", "width": 861, "height": 383, "cut_type": 1, "type": ""}, "original": {"url": "https://wx2.sinaimg.cn/orj1080/0088XncTgy1hl0ex60njrj30nx0an769.jpg", "width": 861, "height": 383, "cut_type": 1, "type": ""}, "largest": {"url": "https://wx2.sinaimg.cn/large/0088XncTgy1hl0ex60njrj30nx0an769.jpg", "width": 861, "height": 383, "cut_type": 1, "type": ""}, "mw2000": {"url": "https://wx2.sinaimg.cn/mw2000/0088XncTgy1hl0ex60njrj30nx0an769.jpg", "width": 861, "height": 383, "cut_type": 1, "type": ""}, "focus_point": {"left": 0.3407334, "top": 0.0145712225, "width": 0.35730836, "height": 0.8030709}, "object_id": "1042018:6528e6bfa437206f3ee45fdb4097a7f3", "pic_id": "0088XncTgy1hl0ex60njrj30nx0an769", "photo_tag": 0, "type": "pic", "pic_status": 1}}, "is_paid": false, "mblog_vip_type": 0, "number_display_strategy": {"apply_scenario_flag": 3, "display_text_min_number": 1000000, "display_text": "100万+"}, "reposts_count": 1430, "comments_count": 249, "attitudes_count": 11159, "attitudes_status": 0, "continue_tag": {"title": "全文", "pic": "http://h5.sinaimg.cn/upload/2015/09/25/3/timeline_card_small_article.png", "scheme": "sinaweibo://detail?mblogid=4981091553249476&amp;id=4981091553249476&amp;next_fid=232532_mblog&amp;feed_detail_type=0", "cleaned": true}, "isLongText": true, "mlevel": 0, "content_auth": 0, "is_show_bulletin": 2, "comment_manage_info": {"comment_permission_type": -1, "approval_comment_type": 0, "comment_sort_type": 0, "ai_play_picture_type": 0}, "mblogtype": 0, "showFeedRepost": false, "showFeedComment": false, "pictureViewerSign": false, "showPictureViewer": false, "rcList": [], "text": "共度风雪，祈愿平安。&lt;br /&gt;12月18日23时59分，甘肃临夏州积石山县发生6.2级地震，造成多地人员伤亡及基础设施受损，灾情牵动人心。为帮助地震灾区民众早日恢复正常生活，鹰角网络已通过上海市慈善基金会徐汇代表处向灾区捐赠200万元现金，并紧急筹措250余万元在途物资，计划通过上海市慈善基金会联系甘肃省 ​​​ ...&lt;span class=\"expand\"&gt;展开&lt;/span&gt;", "region_name": "发布于 上海", "customIcons": []}}