{"visible": {"type": 0, "list_id": 0}, "created_at": "Thu Dec 21 23:42:48 +0800 2023", "id": 4981532520875333, "idstr": "4981532520875333", "mid": "4981532520875333", "mblogid": "Nyd243FIh", "user": {"id": 6499137849, "idstr": "6499137849", "pc_new": 7, "screen_name": "冻梨好吃", "profile_image_url": "https://tvax3.sinaimg.cn/crop.0.0.962.962.50/0075PIE1ly8hkxs7vsob4j30qq0qq76e.jpg?KID=imgbed,tva&amp;Expires=1704618406&amp;ssig=9bkyhtQzqS", "profile_url": "/u/6499137849", "verified": false, "verified_type": -1, "domain": "", "weihao": "", "avatar_large": "https://tvax3.sinaimg.cn/crop.0.0.962.962.180/0075PIE1ly8hkxs7vsob4j30qq0qq76e.jpg?KID=imgbed,tva&amp;Expires=1704618406&amp;ssig=ekO%2FniqGDz", "avatar_hd": "https://tvax3.sinaimg.cn/crop.0.0.962.962.1024/0075PIE1ly8hkxs7vsob4j30qq0qq76e.jpg?KID=imgbed,tva&amp;Expires=1704618406&amp;ssig=dE5Oo8F6TC", "follow_me": false, "following": false, "mbrank": 0, "mbtype": 0, "v_plus": 0, "planet_video": false, "icon_list": []}, "can_edit": false, "text_raw": "可恶的gxs，rnm！！☁️之☔里jio不是被骂就是被骂了\nhttp://t.cn/A6loRi8f ​​​", "textLength": 70, "annotations": [{"shooting": 1, "client_mblogid": "3aa461fa-eef3-4ecf-9b24-f08429411a97"}, {"source_text": "", "phone_id": "266"}, {"mapi_request": true}], "source": "Android", "favorited": false, "rid": "4_0_50_5044154246932884826_0_0_0", "pic_ids": [], "pic_num": 0, "is_paid": false, "mblog_vip_type": 0, "number_display_strategy": {"apply_scenario_flag": 3, "display_text_min_number": 1000000, "display_text": "100万+"}, "reposts_count": 0, "comments_count": 0, "attitudes_count": 0, "attitudes_status": 0, "isLongText": false, "mlevel": 0, "content_auth": 0, "is_show_bulletin": 2, "comment_manage_info": {"comment_permission_type": -1, "approval_comment_type": 0, "comment_sort_type": 0}, "share_repost_type": 0, "url_struct": [{"url_title": "微博正文", "url_type_pic": "https://h5.sinaimg.cn/upload/2015/09/25/3/timeline_card_small_weibo.png", "ori_url": "sinaweibo://detail?mblogid=4980536974770627", "page_id": "1000002669193113_4980536974770627", "short_url": "http://t.cn/A6loRi8f", "long_url": "https://weibo.com/2669193113/4980536974770627", "url_type": 0, "result": false, "actionlog": {"act_type": 1, "act_code": 300, "oid": "", "uuid": "", "cardid": "", "lcardid": "", "uicode": "", "luicode": "", "fid": "1076036499137849_-_WEIBO_SECOND_PROFILE_WEIBO", "lfid": "", "ext": "mid:4981532520875333|rid:4_0_50_5044154246932884826_0_0_0|short_url:http://t.cn/A6loRi8f|long_url:https://weibo.com/2669193113/4980536974770627|comment_id:|miduid:6499137849|rootmid:4981532520875333|rootuid:6499137849|authorid:|uuid:|is_ad_weibo:0|analysis_card:url_struct"}, "storage_type": "", "hide": 1, "object_type": "", "need_save_obj": 0}], "mblogtype": 0, "showFeedRepost": false, "showFeedComment": false, "pictureViewerSign": false, "showPictureViewer": false, "rcList": [], "text": "可恶的gxs，rnm！！☁️之☔里jio不是被骂就是被骂了&lt;br /&gt; ​​​", "region_name": "发布于 辽宁", "customIcons": [], "page_info": {"type": 2, "page_id": "1000002669193113_4980536974770627", "tips": "", "page_desc": "", "page_title": "_软糖团子_ 的微博", "page_pic": "http://wx4.sinaimg.cn/thumbnail/9f18a799gy1hkynqqoo82j20jw0kqguq.jpg", "type_icon": "", "page_url": "sinaweibo://detail?mblogid=4980536974770627", "object_id": "", "act_status": 0, "actionlog": {"act_type": 1, "act_code": 300, "oid": "", "uuid": "", "cardid": "", "lcardid": "", "uicode": "", "luicode": "", "fid": "1076036499137849_-_WEIBO_SECOND_PROFILE_WEIBO", "lfid": "", "ext": "mid:4981532520875333|rid:4_0_50_5044154246932884826_0_0_0|short_url:http://t.cn/A6loRi8f|long_url:https://weibo.com/2669193113/4980536974770627|comment_id:|miduid:6499137849|rootmid:4981532520875333|rootuid:6499137849|authorid:|uuid:|is_ad_weibo:0|analysis_card:page_info"}, "content1": "_软糖团子_ 的微博", "content2": "#角对徵[超话]# 天杀的gxs……你为什么要乱改这一段的台词😇此生唯爱狗血虐恋火葬场是吧😇在徵第一句话加主语，把整件事的锅甩到徵身上，又把角哥自我反省的话删了，还把角对徵说你先回去改成你先下去😅导致出来整段话的效果都变了😅 ​", "isSystemSync": "0"}}