{"visible": {"type": 0, "list_id": 0}, "created_at": "Fri Dec 22 23:51:09 +0800 2023", "id": 4981897014280898, "idstr": "4981897014280898", "mid": "4981897014280898", "mblogid": "NymvXhXEK", "user": {"id": 6499137849, "idstr": "6499137849", "pc_new": 7, "screen_name": "冻梨好吃", "profile_image_url": "https://tvax3.sinaimg.cn/crop.0.0.962.962.50/0075PIE1ly8hkxs7vsob4j30qq0qq76e.jpg?KID=imgbed,tva&amp;Expires=1704618395&amp;ssig=sncxrMk8%2B5", "profile_url": "/u/6499137849", "verified": false, "verified_type": -1, "domain": "", "weihao": "", "avatar_large": "https://tvax3.sinaimg.cn/crop.0.0.962.962.180/0075PIE1ly8hkxs7vsob4j30qq0qq76e.jpg?KID=imgbed,tva&amp;Expires=1704618395&amp;ssig=ZlcRC6X3FP", "avatar_hd": "https://tvax3.sinaimg.cn/crop.0.0.962.962.1024/0075PIE1ly8hkxs7vsob4j30qq0qq76e.jpg?KID=imgbed,tva&amp;Expires=1704618395&amp;ssig=HTwOmXdrCp", "follow_me": false, "following": false, "mbrank": 0, "mbtype": 0, "v_plus": 0, "planet_video": false, "icon_list": []}, "can_edit": false, "text_raw": "说的没有任何毛病啊。但凡潜心研究演技，你可以说公子羽人设一般但是绝对不是你呈现出来的傻帽样儿，带感人设的谢危也演得像个反派，面部五官乱飞，皮肉松散，眼神空洞，看女演员眼神毫无波澜，无缝进组再多剧也爆不了一个 http://t.cn/A6l9j9Tm", "annotations": [{"client_mblogid": "5643d048-8edc-4358-aa23-ed7ea8519d11"}, {"mapi_request": true}], "source": "Android", "favorited": false, "rid": "5_0_50_164604930873474872_0_0_0", "pic_ids": [], "pic_num": 0, "is_paid": false, "mblog_vip_type": 0, "number_display_strategy": {"apply_scenario_flag": 3, "display_text_min_number": 1000000, "display_text": "100万+"}, "reposts_count": 0, "comments_count": 0, "attitudes_count": 0, "attitudes_status": 0, "isLongText": false, "mlevel": 0, "content_auth": 0, "is_show_bulletin": 2, "comment_manage_info": {"comment_permission_type": -1, "approval_comment_type": 0, "comment_sort_type": 0}, "repost_type": 1, "share_repost_type": 0, "url_struct": [{"url_title": "查看图片", "url_type_pic": "https://h5.sinaimg.cn/upload/2015/01/21/20/timeline_card_small_photo.png", "ori_url": "https://photo.weibo.com/h5/repost/reppic_id/1022:23079669e211bfc59f58a6081844ee1c4145d7", "short_url": "http://t.cn/A6l9j9Tm", "long_url": "https://photo.weibo.com/h5/repost/reppic_id/1022:23079669e211bfc59f58a6081844ee1c4145d7", "url_type": 39, "result": false, "actionlog": {"act_type": 1, "act_code": 300, "oid": "1022:23079669e211bfc59f58a6081844ee1c4145d7", "uuid": 4981897015853129, "cardid": "", "lcardid": "", "uicode": "", "luicode": "", "fid": "1076036499137849_-_WEIBO_SECOND_PROFILE_WEIBO", "lfid": "", "ext": "mid:4981897014280898|rid:5_0_50_164604930873474872_0_0_0|short_url:http://t.cn/A6l9j9Tm|long_url:https://photo.weibo.com/h5/repost/reppic_id/1022:23079669e211bfc59f58a6081844ee1c4145d7|comment_id:|miduid:6499137849|rootmid:4981897014280898|rootuid:6499137849|authorid:|uuid:4981897015853129|is_ad_weibo:0|analysis_card:url_struct"}, "storage_type": "", "hide": 0, "object_type": "", "position": 2, "pic_infos": {"0075PIE1gy1hl302wv8wyj30qo0siqd8": {"thumbnail": {"type": "", "url": "http://wx4.sinaimg.cn/thumbnail/0075PIE1gy1hl302wv8wyj30qo0siqd8.jpg", "cut_type": 1, "width": 112, "height": 120, "croped": false}, "bmiddle": {"type": "", "url": "http://wx4.sinaimg.cn/bmiddle/0075PIE1gy1hl302wv8wyj30qo0siqd8.jpg", "cut_type": 1, "width": 440, "height": 470, "croped": false}, "large": {"type": "", "url": "http://wx4.sinaimg.cn/large/0075PIE1gy1hl302wv8wyj30qo0siqd8.jpg", "cut_type": 1, "width": "960", "height": "1026", "croped": false}, "woriginal": {"type": "", "url": "http://wx4.sinaimg.cn/woriginal/0075PIE1gy1hl302wv8wyj30qo0siqd8.jpg", "cut_type": 1, "width": "960", "height": "1026", "croped": false}}}, "pic_ids": ["0075PIE1gy1hl302wv8wyj30qo0siqd8"], "h5_target_url": "https://photo.weibo.com/h5/repost/reppic_id/1022:23079669e211bfc59f58a6081844ee1c4145d7?from=1FFFF96039&amp;weiboauthoruid=6499137849", "need_save_obj": 1}], "mblogtype": 0, "showFeedRepost": false, "showFeedComment": false, "pictureViewerSign": false, "showPictureViewer": false, "rcList": [], "text": "说的没有任何毛病啊。但凡潜心研究演技，你可以说公子羽人设一般但是绝对不是你呈现出来的傻帽样儿，带感人设的谢危也演得像个反派，面部五官乱飞，皮肉松散，眼神空洞，看女演员眼神毫无波澜，无缝进组再多剧也爆不了一个 &lt;a target=\"_blank\" data-pid=0075PIE1gy1hl302wv8wyj30qo0siqd8  href=\"https://wx4.sinaimg.cn/large/0075PIE1gy1hl302wv8wyj30qo0siqd8.jpg\"&gt;&lt;img class=\"icon-link\" src=\"https://h5.sinaimg.cn/upload/2015/01/21/20/timeline_card_small_photo_default.png\"/&gt;查看图片&lt;/a&gt;", "region_name": "发布于 辽宁", "customIcons": [], "retweeted_status": {"visible": {"type": 0, "list_id": 0}, "created_at": "Fri Dec 22 09:55:14 +0800 2023", "id": 4981686644769381, "idstr": "4981686644769381", "mid": "4981686644769381", "mblogid": "Nyh2Ek0Jv", "user": {"id": 2726672453, "idstr": "2726672453", "pc_new": 6, "screen_name": "花渣聚集地", "profile_image_url": "https://tvax2.sinaimg.cn/crop.0.0.200.200.50/a285b845ly8he56k0rydbj205k05kglk.jpg?KID=imgbed,tva&amp;Expires=1704618395&amp;ssig=hQfDbBEhgH", "profile_url": "/u/2726672453", "verified": true, "verified_type": 0, "domain": "", "weihao": "", "verified_type_ext": 1, "avatar_large": "https://tvax2.sinaimg.cn/crop.0.0.200.200.180/a285b845ly8he56k0rydbj205k05kglk.jpg?KID=imgbed,tva&amp;Expires=1704618395&amp;ssig=L1HyqpHfQl", "avatar_hd": "https://tvax2.sinaimg.cn/crop.0.0.200.200.1024/a285b845ly8he56k0rydbj205k05kglk.jpg?KID=imgbed,tva&amp;Expires=1704618395&amp;ssig=sTXtLpSvUK", "follow_me": false, "following": false, "mbrank": 2, "mbtype": 12, "v_plus": 0, "planet_video": false, "icon_list": [{"type": "vip", "data": {"mbrank": 2, "mbtype": 12, "svip": 1, "vvip": 1}}]}, "can_edit": false, "text_raw": "张凌赫粉丝脱粉回复 ​​​", "textLength": 18, "annotations": [{"photo_sub_type": "0,0,0,0,0,0,0,0,0,0,0,0,0,0"}, {"client_mblogid": "1aeb6b2a-4929-44f5-9a58-3fbb12d8d3c4"}, {"source_text": "", "phone_id": "-1"}, {"mapi_request": true}], "source": "", "favorited": false, "buttons": [{"type": "follow", "name": "加关注", "params": {"uid": 2726672453, "disable_group": 1, "extparams": {"followcardid": "1008080010_"}}, "actionlog": {"act_code": "92", "oid": "4981686644769381"}}], "rid": "5_0_50_164604930873474872_0_0_0", "cardid": "star_1724", "pic_ids": ["a285b845ly1hl2bwlii9xj20u00x0goe", "a285b845ly1hl2bwmsgm6j20u010wjwm", "a285b845ly1hl2bwnsd4mj20tw0vwaer", "a285b845ly1hl2bwpxgjlj20tw26ck27", "a285b845ly1hl2bwrfh08j20u019w7bx", "a285b845ly1hl2bws4br4j20u010swhw", "a285b845ly1hl2bwt2uuaj20u012wwij", "a285b845ly1hl2bwu1lpuj20u0194td7", "a285b845ly1hl2bwv1u6bj20u01b80y0", "a285b845ly1hl2bwwo2t3j20u01mcwmd", "a285b845ly1hl2bwyap5oj20u01mwtgt", "a285b845ly1hl2bx0esy7j20u01m4n5d", "a285b845ly1hl2bx1xyimj20u01lcqav", "a285b845ly1hl2bx4x4fbj20tw358k6h"], "pic_focus_point": [{"focus_point": {"left": 0, "top": 0.28596178, "width": 0.9999999, "height": 0.6353591}, "pic_id": "a285b845ly1hl2bwv1u6bj20u01b80y0"}, {"focus_point": {"left": 0, "top": 0.29636678, "width": 0.9999999, "height": 0.6647399}, "pic_id": "a285b845ly1hl2bwu1lpuj20u0194td7"}, {"focus_point": {"left": 0.0208175, "top": 0.095781736, "width": 0.9791824, "height": 0.7557449}, "pic_id": "a285b845ly1hl2bwt2uuaj20u012wwij"}, {"focus_point": {"left": 0.026744986, "top": 0.14895798, "width": 0.9732549, "height": 0.79378957}, "pic_id": "a285b845ly1hl2bws4br4j20u010swhw"}, {"focus_point": {"left": 0.010647981, "top": 0.13711812, "width": 0.9893519, "height": 0.6470643}, "pic_id": "a285b845ly1hl2bwrfh08j20u019w7bx"}, {"focus_point": {"left": 0.027450638, "top": 0.0034841972, "width": 0.9507434, "height": 0.89132196}, "pic_id": "a285b845ly1hl2bwnsd4mj20tw0vwaer"}, {"focus_point": {"left": 0.011484251, "top": 0.061649196, "width": 0.9885157, "height": 0.80433476}, "pic_id": "a285b845ly1hl2bwmsgm6j20u010wjwm"}, {"focus_point": {"left": 0.06598785, "top": 0.12210454, "width": 0.93401206, "height": 0.84910196}, "pic_id": "a285b845ly1hl2bwlii9xj20u00x0goe"}], "geo": "", "pic_num": 14, "pic_infos": {"a285b845ly1hl2bwlii9xj20u00x0goe": {"thumbnail": {"url": "https://wx1.sinaimg.cn/wap180/a285b845ly1hl2bwlii9xj20u00x0goe.jpg", "width": 163, "height": 180, "cut_type": 1, "type": null}, "bmiddle": {"url": "https://wx1.sinaimg.cn/wap360/a285b845ly1hl2bwlii9xj20u00x0goe.jpg", "width": 327, "height": 360, "cut_type": 1, "type": null}, "large": {"url": "https://wx1.sinaimg.cn/orj960/a285b845ly1hl2bwlii9xj20u00x0goe.jpg", "width": 960, "height": 1056, "cut_type": 1, "type": null}, "original": {"url": "https://wx1.sinaimg.cn/orj1080/a285b845ly1hl2bwlii9xj20u00x0goe.jpg", "width": 1080, "height": 1188, "cut_type": 1, "type": null}, "largest": {"url": "https://wx1.sinaimg.cn/large/a285b845ly1hl2bwlii9xj20u00x0goe.jpg", "width": 1080, "height": 1188, "cut_type": 1, "type": null}, "mw2000": {"url": "https://wx1.sinaimg.cn/mw2000/a285b845ly1hl2bwlii9xj20u00x0goe.jpg", "width": 1080, "height": 1188, "cut_type": 1, "type": null}, "focus_point": {"left": 0.06598785, "top": 0.12210454, "width": 0.93401206, "height": 0.84910196}, "object_id": "1042018:4080e4ee6a619775a216b71b8697f472", "pic_id": "a285b845ly1hl2bwlii9xj20u00x0goe", "photo_tag": 0, "type": "pic", "pic_status": 0}, "a285b845ly1hl2bwmsgm6j20u010wjwm": {"thumbnail": {"url": "https://wx1.sinaimg.cn/wap180/a285b845ly1hl2bwmsgm6j20u010wjwm.jpg", "width": 146, "height": 180, "cut_type": 1, "type": null}, "bmiddle": {"url": "https://wx1.sinaimg.cn/wap360/a285b845ly1hl2bwmsgm6j20u010wjwm.jpg", "width": 292, "height": 360, "cut_type": 1, "type": null}, "large": {"url": "https://wx1.sinaimg.cn/orj960/a285b845ly1hl2bwmsgm6j20u010wjwm.jpg", "width": 960, "height": 1180, "cut_type": 1, "type": null}, "original": {"url": "https://wx1.sinaimg.cn/orj1080/a285b845ly1hl2bwmsgm6j20u010wjwm.jpg", "width": 1080, "height": 1328, "cut_type": 1, "type": null}, "largest": {"url": "https://wx1.sinaimg.cn/large/a285b845ly1hl2bwmsgm6j20u010wjwm.jpg", "width": 1080, "height": 1328, "cut_type": 1, "type": null}, "mw2000": {"url": "https://wx1.sinaimg.cn/mw2000/a285b845ly1hl2bwmsgm6j20u010wjwm.jpg", "width": 1080, "height": 1328, "cut_type": 1, "type": null}, "focus_point": {"left": 0.011484251, "top": 0.061649196, "width": 0.9885157, "height": 0.80433476}, "object_id": "1042018:0e52ae53331c2c35ffcb408f308d7d01", "pic_id": "a285b845ly1hl2bwmsgm6j20u010wjwm", "photo_tag": 0, "type": "pic", "pic_status": 0}, "a285b845ly1hl2bwnsd4mj20tw0vwaer": {"thumbnail": {"url": "https://wx1.sinaimg.cn/wap180/a285b845ly1hl2bwnsd4mj20tw0vwaer.jpg", "width": 168, "height": 180, "cut_type": 1, "type": null}, "bmiddle": {"url": "https://wx1.sinaimg.cn/wap360/a285b845ly1hl2bwnsd4mj20tw0vwaer.jpg", "width": 337, "height": 360, "cut_type": 1, "type": null}, "large": {"url": "https://wx1.sinaimg.cn/orj960/a285b845ly1hl2bwnsd4mj20tw0vwaer.jpg", "width": 960, "height": 1024, "cut_type": 1, "type": null}, "original": {"url": "https://wx1.sinaimg.cn/orj1080/a285b845ly1hl2bwnsd4mj20tw0vwaer.jpg", "width": 1076, "height": 1148, "cut_type": 1, "type": null}, "largest": {"url": "https://wx1.sinaimg.cn/large/a285b845ly1hl2bwnsd4mj20tw0vwaer.jpg", "width": 1076, "height": 1148, "cut_type": 1, "type": null}, "mw2000": {"url": "https://wx1.sinaimg.cn/mw2000/a285b845ly1hl2bwnsd4mj20tw0vwaer.jpg", "width": 1076, "height": 1148, "cut_type": 1, "type": null}, "focus_point": {"left": 0.027450638, "top": 0.0034841972, "width": 0.9507434, "height": 0.89132196}, "object_id": "1042018:8a81d834d924d5c89eae57f048c9e3e8", "pic_id": "a285b845ly1hl2bwnsd4mj20tw0vwaer", "photo_tag": 0, "type": "pic", "pic_status": 0}, "a285b845ly1hl2bwpxgjlj20tw26ck27": {"thumbnail": {"url": "https://wx3.sinaimg.cn/wap180/a285b845ly1hl2bwpxgjlj20tw26ck27.jpg", "width": 68, "height": 180, "cut_type": 1, "type": null}, "bmiddle": {"url": "https://wx3.sinaimg.cn/wap360/a285b845ly1hl2bwpxgjlj20tw26ck27.jpg", "width": 137, "height": 360, "cut_type": 1, "type": null}, "large": {"url": "https://wx3.sinaimg.cn/orj960/a285b845ly1hl2bwpxgjlj20tw26ck27.jpg", "width": 960, "height": 2515, "cut_type": 1, "type": null}, "original": {"url": "https://wx3.sinaimg.cn/orj1080/a285b845ly1hl2bwpxgjlj20tw26ck27.jpg", "width": 1076, "height": 2820, "cut_type": 1, "type": null}, "largest": {"url": "https://wx3.sinaimg.cn/large/a285b845ly1hl2bwpxgjlj20tw26ck27.jpg", "width": 1076, "height": 2820, "cut_type": 1, "type": null}, "mw2000": {"url": "https://wx3.sinaimg.cn/mw2000/a285b845ly1hl2bwpxgjlj20tw26ck27.jpg", "width": 1076, "height": 2820, "cut_type": 1, "type": null}, "object_id": "1042018:e347c7ac60882aff00c67338fffd030c", "pic_id": "a285b845ly1hl2bwpxgjlj20tw26ck27", "photo_tag": 0, "type": "pic", "pic_status": 0}, "a285b845ly1hl2bwrfh08j20u019w7bx": {"thumbnail": {"url": "https://wx3.sinaimg.cn/wap180/a285b845ly1hl2bwrfh08j20u019w7bx.jpg", "width": 117, "height": 180, "cut_type": 1, "type": null}, "bmiddle": {"url": "https://wx3.sinaimg.cn/wap360/a285b845ly1hl2bwrfh08j20u019w7bx.jpg", "width": 235, "height": 360, "cut_type": 1, "type": null}, "large": {"url": "https://wx3.sinaimg.cn/orj960/a285b845ly1hl2bwrfh08j20u019w7bx.jpg", "width": 960, "height": 1468, "cut_type": 1, "type": null}, "original": {"url": "https://wx3.sinaimg.cn/orj1080/a285b845ly1hl2bwrfh08j20u019w7bx.jpg", "width": 1080, "height": 1652, "cut_type": 1, "type": null}, "largest": {"url": "https://wx3.sinaimg.cn/large/a285b845ly1hl2bwrfh08j20u019w7bx.jpg", "width": 1080, "height": 1652, "cut_type": 1, "type": null}, "mw2000": {"url": "https://wx3.sinaimg.cn/mw2000/a285b845ly1hl2bwrfh08j20u019w7bx.jpg", "width": 1080, "height": 1652, "cut_type": 1, "type": null}, "focus_point": {"left": 0.010647981, "top": 0.13711812, "width": 0.9893519, "height": 0.6470643}, "object_id": "1042018:a6c881ace406079c6670aa7c7cb74c86", "pic_id": "a285b845ly1hl2bwrfh08j20u019w7bx", "photo_tag": 0, "type": "pic", "pic_status": 0}, "a285b845ly1hl2bws4br4j20u010swhw": {"thumbnail": {"url": "https://wx4.sinaimg.cn/wap180/a285b845ly1hl2bws4br4j20u010swhw.jpg", "width": 146, "height": 180, "cut_type": 1, "type": null}, "bmiddle": {"url": "https://wx4.sinaimg.cn/wap360/a285b845ly1hl2bws4br4j20u010swhw.jpg", "width": 293, "height": 360, "cut_type": 1, "type": null}, "large": {"url": "https://wx4.sinaimg.cn/orj960/a285b845ly1hl2bws4br4j20u010swhw.jpg", "width": 960, "height": 1176, "cut_type": 1, "type": null}, "original": {"url": "https://wx4.sinaimg.cn/orj1080/a285b845ly1hl2bws4br4j20u010swhw.jpg", "width": 1080, "height": 1324, "cut_type": 1, "type": null}, "largest": {"url": "https://wx4.sinaimg.cn/large/a285b845ly1hl2bws4br4j20u010swhw.jpg", "width": 1080, "height": 1324, "cut_type": 1, "type": null}, "mw2000": {"url": "https://wx4.sinaimg.cn/mw2000/a285b845ly1hl2bws4br4j20u010swhw.jpg", "width": 1080, "height": 1324, "cut_type": 1, "type": null}, "focus_point": {"left": 0.026744986, "top": 0.14895798, "width": 0.9732549, "height": 0.79378957}, "object_id": "1042018:e6706c8e8ea5e42c0d41d0c887fedb5c", "pic_id": "a285b845ly1hl2bws4br4j20u010swhw", "photo_tag": 0, "type": "pic", "pic_status": 0}, "a285b845ly1hl2bwt2uuaj20u012wwij": {"thumbnail": {"url": "https://wx4.sinaimg.cn/wap180/a285b845ly1hl2bwt2uuaj20u012wwij.jpg", "width": 138, "height": 180, "cut_type": 1, "type": null}, "bmiddle": {"url": "https://wx4.sinaimg.cn/wap360/a285b845ly1hl2bwt2uuaj20u012wwij.jpg", "width": 277, "height": 360, "cut_type": 1, "type": null}, "large": {"url": "https://wx4.sinaimg.cn/orj960/a285b845ly1hl2bwt2uuaj20u012wwij.jpg", "width": 960, "height": 1244, "cut_type": 1, "type": null}, "original": {"url": "https://wx4.sinaimg.cn/orj1080/a285b845ly1hl2bwt2uuaj20u012wwij.jpg", "width": 1080, "height": 1400, "cut_type": 1, "type": null}, "largest": {"url": "https://wx4.sinaimg.cn/large/a285b845ly1hl2bwt2uuaj20u012wwij.jpg", "width": 1080, "height": 1400, "cut_type": 1, "type": null}, "mw2000": {"url": "https://wx4.sinaimg.cn/mw2000/a285b845ly1hl2bwt2uuaj20u012wwij.jpg", "width": 1080, "height": 1400, "cut_type": 1, "type": null}, "focus_point": {"left": 0.0208175, "top": 0.095781736, "width": 0.9791824, "height": 0.7557449}, "object_id": "1042018:ae4204e017452311eb9330ae040a76b2", "pic_id": "a285b845ly1hl2bwt2uuaj20u012wwij", "photo_tag": 0, "type": "pic", "pic_status": 0}, "a285b845ly1hl2bwu1lpuj20u0194td7": {"thumbnail": {"url": "https://wx1.sinaimg.cn/wap180/a285b845ly1hl2bwu1lpuj20u0194td7.jpg", "width": 119, "height": 180, "cut_type": 1, "type": null}, "bmiddle": {"url": "https://wx1.sinaimg.cn/wap360/a285b845ly1hl2bwu1lpuj20u0194td7.jpg", "width": 239, "height": 360, "cut_type": 1, "type": null}, "large": {"url": "https://wx1.sinaimg.cn/orj960/a285b845ly1hl2bwu1lpuj20u0194td7.jpg", "width": 960, "height": 1443, "cut_type": 1, "type": null}, "original": {"url": "https://wx1.sinaimg.cn/orj1080/a285b845ly1hl2bwu1lpuj20u0194td7.jpg", "width": 1080, "height": 1624, "cut_type": 1, "type": null}, "largest": {"url": "https://wx1.sinaimg.cn/large/a285b845ly1hl2bwu1lpuj20u0194td7.jpg", "width": 1080, "height": 1624, "cut_type": 1, "type": null}, "mw2000": {"url": "https://wx1.sinaimg.cn/mw2000/a285b845ly1hl2bwu1lpuj20u0194td7.jpg", "width": 1080, "height": 1624, "cut_type": 1, "type": null}, "focus_point": {"left": 0, "top": 0.29636678, "width": 0.9999999, "height": 0.6647399}, "object_id": "1042018:726fa74d15e54a19de7cd9b7c952a989", "pic_id": "a285b845ly1hl2bwu1lpuj20u0194td7", "photo_tag": 0, "type": "pic", "pic_status": 0}, "a285b845ly1hl2bwv1u6bj20u01b80y0": {"thumbnail": {"url": "https://wx3.sinaimg.cn/wap180/a285b845ly1hl2bwv1u6bj20u01b80y0.jpg", "width": 114, "height": 180, "cut_type": 1, "type": null}, "bmiddle": {"url": "https://wx3.sinaimg.cn/wap360/a285b845ly1hl2bwv1u6bj20u01b80y0.jpg", "width": 228, "height": 360, "cut_type": 1, "type": null}, "large": {"url": "https://wx3.sinaimg.cn/orj960/a285b845ly1hl2bwv1u6bj20u01b80y0.jpg", "width": 960, "height": 1511, "cut_type": 1, "type": null}, "original": {"url": "https://wx3.sinaimg.cn/orj1080/a285b845ly1hl2bwv1u6bj20u01b80y0.jpg", "width": 1080, "height": 1700, "cut_type": 1, "type": null}, "largest": {"url": "https://wx3.sinaimg.cn/large/a285b845ly1hl2bwv1u6bj20u01b80y0.jpg", "width": 1080, "height": 1700, "cut_type": 1, "type": null}, "mw2000": {"url": "https://wx3.sinaimg.cn/mw2000/a285b845ly1hl2bwv1u6bj20u01b80y0.jpg", "width": 1080, "height": 1700, "cut_type": 1, "type": null}, "focus_point": {"left": 0, "top": 0.28596178, "width": 0.9999999, "height": 0.6353591}, "object_id": "1042018:b2bfb4152e98574964f703689de26ab8", "pic_id": "a285b845ly1hl2bwv1u6bj20u01b80y0", "photo_tag": 0, "type": "pic", "pic_status": 0}, "a285b845ly1hl2bwwo2t3j20u01mcwmd": {"thumbnail": {"url": "https://wx2.sinaimg.cn/wap180/a285b845ly1hl2bwwo2t3j20u01mcwmd.jpg", "width": 92, "height": 180, "cut_type": 1, "type": null}, "bmiddle": {"url": "https://wx2.sinaimg.cn/wap360/a285b845ly1hl2bwwo2t3j20u01mcwmd.jpg", "width": 185, "height": 360, "cut_type": 1, "type": null}, "large": {"url": "https://wx2.sinaimg.cn/orj960/a285b845ly1hl2bwwo2t3j20u01mcwmd.jpg", "width": 960, "height": 1866, "cut_type": 1, "type": null}, "original": {"url": "https://wx2.sinaimg.cn/orj1080/a285b845ly1hl2bwwo2t3j20u01mcwmd.jpg", "width": 1080, "height": 2100, "cut_type": 1, "type": null}, "largest": {"url": "https://wx2.sinaimg.cn/large/a285b845ly1hl2bwwo2t3j20u01mcwmd.jpg", "width": 1080, "height": 2100, "cut_type": 1, "type": null}, "mw2000": {"url": "https://wx2.sinaimg.cn/mw2000/a285b845ly1hl2bwwo2t3j20u01mcwmd.jpg", "width": 1080, "height": 2100, "cut_type": 1, "type": null}, "object_id": "1042018:dfaec491c6fcb7711bf46443493b73b6", "pic_id": "a285b845ly1hl2bwwo2t3j20u01mcwmd", "photo_tag": 0, "type": "pic", "pic_status": 0}, "a285b845ly1hl2bwyap5oj20u01mwtgt": {"thumbnail": {"url": "https://wx4.sinaimg.cn/wap180/a285b845ly1hl2bwyap5oj20u01mwtgt.jpg", "width": 91, "height": 180, "cut_type": 1, "type": null}, "bmiddle": {"url": "https://wx4.sinaimg.cn/wap360/a285b845ly1hl2bwyap5oj20u01mwtgt.jpg", "width": 183, "height": 360, "cut_type": 1, "type": null}, "large": {"url": "https://wx4.sinaimg.cn/orj960/a285b845ly1hl2bwyap5oj20u01mwtgt.jpg", "width": 960, "height": 1884, "cut_type": 1, "type": null}, "original": {"url": "https://wx4.sinaimg.cn/orj1080/a285b845ly1hl2bwyap5oj20u01mwtgt.jpg", "width": 1080, "height": 2120, "cut_type": 1, "type": null}, "largest": {"url": "https://wx4.sinaimg.cn/large/a285b845ly1hl2bwyap5oj20u01mwtgt.jpg", "width": 1080, "height": 2120, "cut_type": 1, "type": null}, "mw2000": {"url": "https://wx4.sinaimg.cn/mw2000/a285b845ly1hl2bwyap5oj20u01mwtgt.jpg", "width": 1080, "height": 2120, "cut_type": 1, "type": null}, "object_id": "1042018:66011541c8249ef3bb7d4446951f49a2", "pic_id": "a285b845ly1hl2bwyap5oj20u01mwtgt", "photo_tag": 0, "type": "pic", "pic_status": 0}, "a285b845ly1hl2bx0esy7j20u01m4n5d": {"thumbnail": {"url": "https://wx4.sinaimg.cn/wap180/a285b845ly1hl2bx0esy7j20u01m4n5d.jpg", "width": 92, "height": 180, "cut_type": 1, "type": null}, "bmiddle": {"url": "https://wx4.sinaimg.cn/wap360/a285b845ly1hl2bx0esy7j20u01m4n5d.jpg", "width": 185, "height": 360, "cut_type": 1, "type": null}, "large": {"url": "https://wx4.sinaimg.cn/orj960/a285b845ly1hl2bx0esy7j20u01m4n5d.jpg", "width": 960, "height": 1859, "cut_type": 1, "type": null}, "original": {"url": "https://wx4.sinaimg.cn/orj1080/a285b845ly1hl2bx0esy7j20u01m4n5d.jpg", "width": 1080, "height": 2092, "cut_type": 1, "type": null}, "largest": {"url": "https://wx4.sinaimg.cn/large/a285b845ly1hl2bx0esy7j20u01m4n5d.jpg", "width": 1080, "height": 2092, "cut_type": 1, "type": null}, "mw2000": {"url": "https://wx4.sinaimg.cn/mw2000/a285b845ly1hl2bx0esy7j20u01m4n5d.jpg", "width": 1080, "height": 2092, "cut_type": 1, "type": null}, "object_id": "1042018:008ba1df62ab32ae368a12683f5ad6e3", "pic_id": "a285b845ly1hl2bx0esy7j20u01m4n5d", "photo_tag": 0, "type": "pic", "pic_status": 0}, "a285b845ly1hl2bx1xyimj20u01lcqav": {"thumbnail": {"url": "https://wx4.sinaimg.cn/wap180/a285b845ly1hl2bx1xyimj20u01lcqav.jpg", "width": 94, "height": 180, "cut_type": 1, "type": null}, "bmiddle": {"url": "https://wx4.sinaimg.cn/wap360/a285b845ly1hl2bx1xyimj20u01lcqav.jpg", "width": 188, "height": 360, "cut_type": 1, "type": null}, "large": {"url": "https://wx4.sinaimg.cn/orj960/a285b845ly1hl2bx1xyimj20u01lcqav.jpg", "width": 960, "height": 1834, "cut_type": 1, "type": null}, "original": {"url": "https://wx4.sinaimg.cn/orj1080/a285b845ly1hl2bx1xyimj20u01lcqav.jpg", "width": 1080, "height": 2064, "cut_type": 1, "type": null}, "largest": {"url": "https://wx4.sinaimg.cn/large/a285b845ly1hl2bx1xyimj20u01lcqav.jpg", "width": 1080, "height": 2064, "cut_type": 1, "type": null}, "mw2000": {"url": "https://wx4.sinaimg.cn/mw2000/a285b845ly1hl2bx1xyimj20u01lcqav.jpg", "width": 1080, "height": 2064, "cut_type": 1, "type": null}, "object_id": "1042018:e76f8857d49df8558055d5c24ae6829f", "pic_id": "a285b845ly1hl2bx1xyimj20u01lcqav", "photo_tag": 0, "type": "pic", "pic_status": 0}, "a285b845ly1hl2bx4x4fbj20tw358k6h": {"thumbnail": {"url": "https://wx3.sinaimg.cn/wap180/a285b845ly1hl2bx4x4fbj20tw358k6h.jpg", "width": 54, "height": 180, "cut_type": 1, "type": null}, "bmiddle": {"url": "https://wx3.sinaimg.cn/wap360/a285b845ly1hl2bx4x4fbj20tw358k6h.jpg", "width": 108, "height": 360, "cut_type": 1, "type": null}, "large": {"url": "https://wx3.sinaimg.cn/orj960/a285b845ly1hl2bx4x4fbj20tw358k6h.jpg", "width": 960, "height": 3636, "cut_type": 1, "type": null}, "original": {"url": "https://wx3.sinaimg.cn/orj1080/a285b845ly1hl2bx4x4fbj20tw358k6h.jpg", "width": 1076, "height": 4076, "cut_type": 1, "type": null}, "largest": {"url": "https://wx3.sinaimg.cn/large/a285b845ly1hl2bx4x4fbj20tw358k6h.jpg", "width": 1076, "height": 4076, "cut_type": 1, "type": null}, "mw2000": {"url": "https://wx3.sinaimg.cn/mw2000/a285b845ly1hl2bx4x4fbj20tw358k6h.jpg", "width": 1076, "height": 4076, "cut_type": 1, "type": null}, "object_id": "1042018:3f1bcae29c61d4c0652556879c35df54", "pic_id": "a285b845ly1hl2bx4x4fbj20tw358k6h", "photo_tag": 0, "type": "pic", "pic_status": 0}}, "is_paid": false, "mblog_vip_type": 0, "number_display_strategy": {"apply_scenario_flag": 3, "display_text_min_number": 1000000, "display_text": "100万+"}, "reposts_count": 225, "comments_count": 670, "attitudes_count": 7975, "attitudes_status": 0, "isLongText": true, "mlevel": 0, "content_auth": 0, "is_show_bulletin": 2, "comment_manage_info": {"comment_permission_type": -1, "approval_comment_type": 0, "comment_sort_type": 0, "ai_play_picture_type": 0}, "mblogtype": 0, "showFeedRepost": false, "showFeedComment": false, "pictureViewerSign": false, "showPictureViewer": false, "rcList": [], "text": "张凌赫粉丝脱粉回复 ​​​", "region_name": "发布于 山东", "customIcons": []}}