{"visible": {"type": 0, "list_id": 0}, "created_at": "Fri Dec 22 00:22:08 +0800 2023", "id": 4981542419694014, "idstr": "4981542419694014", "mid": "4981542419694014", "mblogid": "Nydi1EFR4", "user": {"id": 6499137849, "idstr": "6499137849", "pc_new": 7, "screen_name": "冻梨好吃", "profile_image_url": "https://tvax3.sinaimg.cn/crop.0.0.962.962.50/0075PIE1ly8hkxs7vsob4j30qq0qq76e.jpg?KID=imgbed,tva&amp;Expires=1704618406&amp;ssig=9bkyhtQzqS", "profile_url": "/u/6499137849", "verified": false, "verified_type": -1, "domain": "", "weihao": "", "avatar_large": "https://tvax3.sinaimg.cn/crop.0.0.962.962.180/0075PIE1ly8hkxs7vsob4j30qq0qq76e.jpg?KID=imgbed,tva&amp;Expires=1704618406&amp;ssig=ekO%2FniqGDz", "avatar_hd": "https://tvax3.sinaimg.cn/crop.0.0.962.962.1024/0075PIE1ly8hkxs7vsob4j30qq0qq76e.jpg?KID=imgbed,tva&amp;Expires=1704618406&amp;ssig=dE5Oo8F6TC", "follow_me": false, "following": false, "mbrank": 0, "mbtype": 0, "v_plus": 0, "planet_video": false, "icon_list": []}, "can_edit": false, "text_raw": "还有这事呢[看书][看书] ​​​", "textLength": 22, "annotations": [{"photo_sub_type": "0"}, {"client_mblogid": "b592ae93-ae64-4d94-ad39-8e979a9d69d6"}, {"source_text": "", "phone_id": "266"}, {"mapi_request": true}], "source": "Android", "favorited": false, "rid": "3_0_50_5044154246932884826_0_0_0", "pic_ids": ["0075PIE1gy1hl1vcgpckyj30go047dgf"], "pic_num": 1, "pic_infos": {"0075PIE1gy1hl1vcgpckyj30go047dgf": {"thumbnail": {"url": "https://wx4.sinaimg.cn/wap180/0075PIE1gy1hl1vcgpckyj30go047dgf.jpg", "width": 180, "height": 54, "cut_type": 1, "type": ""}, "bmiddle": {"url": "https://wx4.sinaimg.cn/wap360/0075PIE1gy1hl1vcgpckyj30go047dgf.jpg", "width": 360, "height": 108, "cut_type": 1, "type": ""}, "large": {"url": "https://wx4.sinaimg.cn/orj960/0075PIE1gy1hl1vcgpckyj30go047dgf.jpg", "width": 600, "height": 151, "cut_type": 1, "type": ""}, "original": {"url": "https://wx4.sinaimg.cn/orj1080/0075PIE1gy1hl1vcgpckyj30go047dgf.jpg", "width": 600, "height": 151, "cut_type": 1, "type": ""}, "largest": {"url": "https://wx4.sinaimg.cn/large/0075PIE1gy1hl1vcgpckyj30go047dgf.jpg", "width": 600, "height": 151, "cut_type": 1, "type": ""}, "mw2000": {"url": "https://wx4.sinaimg.cn/mw2000/0075PIE1gy1hl1vcgpckyj30go047dgf.jpg", "width": 600, "height": 151, "cut_type": 1, "type": ""}, "object_id": "1042018:e37cd19edf51cbc9b1935cbac8d0874a", "pic_id": "0075PIE1gy1hl1vcgpckyj30go047dgf", "photo_tag": 0, "type": "pic", "pic_status": 1}}, "is_paid": false, "mblog_vip_type": 0, "number_display_strategy": {"apply_scenario_flag": 3, "display_text_min_number": 1000000, "display_text": "100万+"}, "reposts_count": 0, "comments_count": 0, "attitudes_count": 0, "attitudes_status": 0, "isLongText": false, "mlevel": 0, "content_auth": 0, "is_show_bulletin": 2, "comment_manage_info": {"comment_permission_type": -1, "approval_comment_type": 0, "comment_sort_type": 0}, "share_repost_type": 0, "mblogtype": 0, "showFeedRepost": false, "showFeedComment": false, "pictureViewerSign": false, "showPictureViewer": false, "rcList": [], "text": "还有这事呢&lt;img alt=\"[看书]\" title=\"[看书]\" src=\"https://face.t.sinajs.cn/t4/appstyle/expression/ext/normal/83/2023_read_org.png\" /&gt;&lt;img alt=\"[看书]\" title=\"[看书]\" src=\"https://face.t.sinajs.cn/t4/appstyle/expression/ext/normal/83/2023_read_org.png\" /&gt; ​​​", "region_name": "发布于 辽宁", "customIcons": []}