{"visible": {"type": 0, "list_id": 0}, "created_at": "Fri Dec 22 21:49:31 +0800 2023", "id": 4981866398746885, "idstr": "4981866398746885", "mid": "4981866398746885", "mblogid": "NylIzAHsN", "user": {"id": 5905503718, "idstr": "5905503718", "pc_new": 7, "screen_name": "-冰水自助机-", "profile_image_url": "https://tvax1.sinaimg.cn/crop.0.0.1080.1080.50/006rEThYly8hcc6zx5vdxj30u00u0tb2.jpg?KID=imgbed,tva&amp;Expires=1704618395&amp;ssig=89XlyJWki9", "profile_url": "/u/5905503718", "verified": true, "verified_type": 0, "domain": "", "weihao": "", "verified_type_ext": 1, "avatar_large": "https://tvax1.sinaimg.cn/crop.0.0.1080.1080.180/006rEThYly8hcc6zx5vdxj30u00u0tb2.jpg?KID=imgbed,tva&amp;Expires=1704618395&amp;ssig=JgNgo9Lang", "avatar_hd": "https://tvax1.sinaimg.cn/crop.0.0.1080.1080.1024/006rEThYly8hcc6zx5vdxj30u00u0tb2.jpg?KID=imgbed,tva&amp;Expires=1704618395&amp;ssig=1szaHtD9xH", "follow_me": false, "following": false, "mbrank": 2, "mbtype": 12, "v_plus": 0, "planet_video": false, "icon_list": [{"type": "vip", "data": {"mbrank": 2, "mbtype": 12, "svip": 1, "vvip": 1}}]}, "can_edit": false, "text_raw": "5229【冬至就是要吃饺子[干饭人][干饭人][干饭人]】 ​​​", "textLength": 48, "annotations": [{"photo_sub_type": "0,0,0"}, {"client_mblogid": "72a63188-253b-4dcf-8947-1dfce6b2847c"}, {"source_text": "", "phone_id": "-1"}, {"mapi_request": true}], "source": "", "favorited": false, "buttons": [{"type": "follow", "name": "加关注", "pic": "http://u1.sinaimg.cn/upload/2013/06/14/timeline_card_small_button_icon_add.png", "params": {"uid": 5905503718}, "actionlog": {"act_code": 92, "uicode": "10000100", "oid": "4981866398746885", "cardid": "1076030002_5905503718"}}], "rid": "9_0_50_164604930873474872_0_0_0", "cardid": "topic_100808b048c2bac197d03d36db936b8d250fe8_lv8", "pic_ids": ["006rEThYly1hl2wkbug04j31900u011c", "006rEThYly1hl2wkc6q4cj31900u00zs", "006rEThYly1hl2wkckecxj31900u0wlu"], "pic_focus_point": [{"focus_point": {"left": 0.14492753, "top": 0.12608695, "width": 0.49275362, "height": 0.4152174}, "pic_id": "006rEThYly1hl2wkckecxj31900u0wlu"}, {"focus_point": {"left": 0.39710146, "top": 0.3347826, "width": 0.13913043, "height": 0.2652174}, "pic_id": "006rEThYly1hl2wkc6q4cj31900u00zs"}, {"focus_point": {"left": 0.46086955, "top": 0.26086956, "width": 0.31304348, "height": 0.3195652}, "pic_id": "006rEThYly1hl2wkbug04j31900u011c"}], "pic_num": 3, "pic_infos": {"006rEThYly1hl2wkbug04j31900u011c": {"thumbnail": {"url": "https://wx1.sinaimg.cn/wap180/006rEThYly1hl2wkbug04j31900u011c.jpg", "width": 180, "height": 120, "cut_type": 1, "type": ""}, "bmiddle": {"url": "https://wx1.sinaimg.cn/wap360/006rEThYly1hl2wkbug04j31900u011c.jpg", "width": 360, "height": 240, "cut_type": 1, "type": ""}, "large": {"url": "https://wx1.sinaimg.cn/orj960/006rEThYly1hl2wkbug04j31900u011c.jpg", "width": 1440, "height": 960, "cut_type": 1, "type": ""}, "original": {"url": "https://wx1.sinaimg.cn/orj1080/006rEThYly1hl2wkbug04j31900u011c.jpg", "width": 1620, "height": 1080, "cut_type": 1, "type": ""}, "largest": {"url": "https://wx1.sinaimg.cn/large/006rEThYly1hl2wkbug04j31900u011c.jpg", "width": 1620, "height": 1080, "cut_type": 1, "type": ""}, "mw2000": {"url": "https://wx1.sinaimg.cn/mw2000/006rEThYly1hl2wkbug04j31900u011c.jpg", "width": 1620, "height": 1080, "cut_type": 1, "type": ""}, "focus_point": {"left": 0.46086955, "top": 0.26086956, "width": 0.31304348, "height": 0.3195652}, "object_id": "1042018:701e2b3ff06ba8957c4a896e0a198b9d", "pic_id": "006rEThYly1hl2wkbug04j31900u011c", "photo_tag": 0, "type": "pic", "pic_status": 1}, "006rEThYly1hl2wkc6q4cj31900u00zs": {"thumbnail": {"url": "https://wx4.sinaimg.cn/wap180/006rEThYly1hl2wkc6q4cj31900u00zs.jpg", "width": 180, "height": 120, "cut_type": 1, "type": ""}, "bmiddle": {"url": "https://wx4.sinaimg.cn/wap360/006rEThYly1hl2wkc6q4cj31900u00zs.jpg", "width": 360, "height": 240, "cut_type": 1, "type": ""}, "large": {"url": "https://wx4.sinaimg.cn/orj960/006rEThYly1hl2wkc6q4cj31900u00zs.jpg", "width": 1440, "height": 960, "cut_type": 1, "type": ""}, "original": {"url": "https://wx4.sinaimg.cn/orj1080/006rEThYly1hl2wkc6q4cj31900u00zs.jpg", "width": 1620, "height": 1080, "cut_type": 1, "type": ""}, "largest": {"url": "https://wx4.sinaimg.cn/large/006rEThYly1hl2wkc6q4cj31900u00zs.jpg", "width": 1620, "height": 1080, "cut_type": 1, "type": ""}, "mw2000": {"url": "https://wx4.sinaimg.cn/mw2000/006rEThYly1hl2wkc6q4cj31900u00zs.jpg", "width": 1620, "height": 1080, "cut_type": 1, "type": ""}, "focus_point": {"left": 0.39710146, "top": 0.3347826, "width": 0.13913043, "height": 0.2652174}, "object_id": "1042018:62e4e99f11c9f7369aa1e54af18ae0d0", "pic_id": "006rEThYly1hl2wkc6q4cj31900u00zs", "photo_tag": 0, "type": "pic", "pic_status": 1}, "006rEThYly1hl2wkckecxj31900u0wlu": {"thumbnail": {"url": "https://wx3.sinaimg.cn/wap180/006rEThYly1hl2wkckecxj31900u0wlu.jpg", "width": 180, "height": 120, "cut_type": 1, "type": ""}, "bmiddle": {"url": "https://wx3.sinaimg.cn/wap360/006rEThYly1hl2wkckecxj31900u0wlu.jpg", "width": 360, "height": 240, "cut_type": 1, "type": ""}, "large": {"url": "https://wx3.sinaimg.cn/orj960/006rEThYly1hl2wkckecxj31900u0wlu.jpg", "width": 1440, "height": 960, "cut_type": 1, "type": ""}, "original": {"url": "https://wx3.sinaimg.cn/orj1080/006rEThYly1hl2wkckecxj31900u0wlu.jpg", "width": 1620, "height": 1080, "cut_type": 1, "type": ""}, "largest": {"url": "https://wx3.sinaimg.cn/large/006rEThYly1hl2wkckecxj31900u0wlu.jpg", "width": 1620, "height": 1080, "cut_type": 1, "type": ""}, "mw2000": {"url": "https://wx3.sinaimg.cn/mw2000/006rEThYly1hl2wkckecxj31900u0wlu.jpg", "width": 1620, "height": 1080, "cut_type": 1, "type": ""}, "focus_point": {"left": 0.14492753, "top": 0.12608695, "width": 0.49275362, "height": 0.4152174}, "object_id": "1042018:f30847b42114eca2c080d7017b1aeaac", "pic_id": "006rEThYly1hl2wkckecxj31900u0wlu", "photo_tag": 0, "type": "pic", "pic_status": 1}}, "is_paid": false, "pic_bg_new": "http://vip.storage.weibo.com/feed_cover/topic_100808b048c2bac197d03d36db936b8d250fe8_lv8_mobile_new.png?version=2021091501", "mblog_vip_type": 0, "number_display_strategy": {"apply_scenario_flag": 3, "display_text_min_number": 1000000, "display_text": "100万+"}, "reposts_count": 0, "comments_count": 2, "attitudes_count": 76, "attitudes_status": 0, "isLongText": false, "mlevel": 0, "content_auth": 0, "is_show_bulletin": 2, "comment_manage_info": {"comment_permission_type": -1, "approval_comment_type": 0, "comment_sort_type": 0}, "share_repost_type": 0, "title": {"text": "她2023-12-22赞过的微博", "structs": [{"name": "她2023-12-22赞过的微博", "scheme": "sinaweibo://cardlist?containerid=2308696499137849_-_mix", "cleaned": true}]}, "mblogtype": 0, "showFeedRepost": false, "showFeedComment": false, "pictureViewerSign": false, "showPictureViewer": false, "rcList": [], "text": "5229【冬至就是要吃饺子&lt;img alt=\"[干饭人]\" title=\"[干饭人]\" src=\"https://face.t.sinajs.cn/t4/appstyle/expression/ext/normal/cb/2022_Foodie_org.png\" /&gt;&lt;img alt=\"[干饭人]\" title=\"[干饭人]\" src=\"https://face.t.sinajs.cn/t4/appstyle/expression/ext/normal/cb/2022_Foodie_org.png\" /&gt;&lt;img alt=\"[干饭人]\" title=\"[干饭人]\" src=\"https://face.t.sinajs.cn/t4/appstyle/expression/ext/normal/cb/2022_Foodie_org.png\" /&gt;】 ​​​", "region_name": "发布于 江苏", "customIcons": [], "followBtnCode": {"uid": 5905503718}}