{"visible": {"type": 0, "list_id": 0}, "created_at": "Mon Dec 25 12:29:46 +0800 2023", "id": 4982812699266820, "idstr": "4982812699266820", "mid": "4982812699266820", "mblogid": "NyKkRCSIQ", "user": {"id": 6499137849, "idstr": "6499137849", "pc_new": 7, "screen_name": "冻梨好吃", "profile_image_url": "https://tvax3.sinaimg.cn/crop.0.0.962.962.50/0075PIE1ly8hkxs7vsob4j30qq0qq76e.jpg?KID=imgbed,tva&amp;Expires=1704618371&amp;ssig=15nCa59zhp", "profile_url": "/u/6499137849", "verified": false, "verified_type": -1, "domain": "", "weihao": "", "avatar_large": "https://tvax3.sinaimg.cn/crop.0.0.962.962.180/0075PIE1ly8hkxs7vsob4j30qq0qq76e.jpg?KID=imgbed,tva&amp;Expires=1704618371&amp;ssig=iias4vHzO2", "avatar_hd": "https://tvax3.sinaimg.cn/crop.0.0.962.962.1024/0075PIE1ly8hkxs7vsob4j30qq0qq76e.jpg?KID=imgbed,tva&amp;Expires=1704618371&amp;ssig=AfEbVI%2Belq", "follow_me": false, "following": false, "mbrank": 0, "mbtype": 0, "v_plus": 0, "planet_video": false, "icon_list": []}, "can_edit": false, "text_raw": "这个朝代被我拉黑了（ ） ​​​", "textLength": 23, "annotations": [{"photo_sub_type": "0,0,0"}, {"client_mblogid": "41c420fe-8b1f-4c83-822f-90607d3f4700"}, {"source_text": "", "phone_id": "266"}, {"mapi_request": true}], "source": "Android", "favorited": false, "rid": "21_0_50_163994469991589240_0_0_0", "pic_ids": ["0075PIE1gy1hl5x8kacphj30qn1bp43h", "0075PIE1gy1hl5x8kulg3j30qo1c5q7o", "0075PIE1gy1hl5x8obk2jj30go0go3z8"], "pic_focus_point": [{"focus_point": {"left": 0, "top": 0, "width": 1, "height": 1}, "pic_id": "0075PIE1gy1hl5x8obk2jj30go0go3z8"}, {"focus_point": {"left": 0.0025175675, "top": 0.24462384, "width": 0.99748236, "height": 0.5572979}, "pic_id": "0075PIE1gy1hl5x8kacphj30qn1bp43h"}, {"focus_point": {"left": 0.7942029, "top": 0.66372395, "width": 0.072463766, "height": 0.048154093}, "pic_id": "0075PIE1gy1hl5x8kulg3j30qo1c5q7o"}], "pic_num": 3, "pic_infos": {"0075PIE1gy1hl5x8kacphj30qn1bp43h": {"thumbnail": {"url": "https://wx4.sinaimg.cn/wap180/0075PIE1gy1hl5x8kacphj30qn1bp43h.jpg", "width": 100, "height": 180, "cut_type": 1, "type": ""}, "bmiddle": {"url": "https://wx4.sinaimg.cn/wap360/0075PIE1gy1hl5x8kacphj30qn1bp43h.jpg", "width": 201, "height": 360, "cut_type": 1, "type": ""}, "large": {"url": "https://wx4.sinaimg.cn/orj960/0075PIE1gy1hl5x8kacphj30qn1bp43h.jpg", "width": 959, "height": 1717, "cut_type": 1, "type": ""}, "original": {"url": "https://wx4.sinaimg.cn/orj1080/0075PIE1gy1hl5x8kacphj30qn1bp43h.jpg", "width": 959, "height": 1717, "cut_type": 1, "type": ""}, "largest": {"url": "https://wx4.sinaimg.cn/large/0075PIE1gy1hl5x8kacphj30qn1bp43h.jpg", "width": 959, "height": 1717, "cut_type": 1, "type": ""}, "mw2000": {"url": "https://wx4.sinaimg.cn/mw2000/0075PIE1gy1hl5x8kacphj30qn1bp43h.jpg", "width": 959, "height": 1717, "cut_type": 1, "type": ""}, "focus_point": {"left": 0.0025175675, "top": 0.24462384, "width": 0.99748236, "height": 0.5572979}, "object_id": "1042018:eb78d0c6eb749e361a7fa0264fedddd7", "pic_id": "0075PIE1gy1hl5x8kacphj30qn1bp43h", "photo_tag": 0, "type": "pic", "pic_status": 1}, "0075PIE1gy1hl5x8kulg3j30qo1c5q7o": {"thumbnail": {"url": "https://wx3.sinaimg.cn/wap180/0075PIE1gy1hl5x8kulg3j30qo1c5q7o.jpg", "width": 99, "height": 180, "cut_type": 1, "type": ""}, "bmiddle": {"url": "https://wx3.sinaimg.cn/wap360/0075PIE1gy1hl5x8kulg3j30qo1c5q7o.jpg", "width": 199, "height": 360, "cut_type": 1, "type": ""}, "large": {"url": "https://wx3.sinaimg.cn/orj960/0075PIE1gy1hl5x8kulg3j30qo1c5q7o.jpg", "width": 960, "height": 1733, "cut_type": 1, "type": ""}, "original": {"url": "https://wx3.sinaimg.cn/orj1080/0075PIE1gy1hl5x8kulg3j30qo1c5q7o.jpg", "width": 960, "height": 1733, "cut_type": 1, "type": ""}, "largest": {"url": "https://wx3.sinaimg.cn/large/0075PIE1gy1hl5x8kulg3j30qo1c5q7o.jpg", "width": 960, "height": 1733, "cut_type": 1, "type": ""}, "mw2000": {"url": "https://wx3.sinaimg.cn/mw2000/0075PIE1gy1hl5x8kulg3j30qo1c5q7o.jpg", "width": 960, "height": 1733, "cut_type": 1, "type": ""}, "focus_point": {"left": 0.7942029, "top": 0.66372395, "width": 0.072463766, "height": 0.048154093}, "object_id": "1042018:0bcbbcc50212dc74d4e3ff17279681fc", "pic_id": "0075PIE1gy1hl5x8kulg3j30qo1c5q7o", "photo_tag": 0, "type": "pic", "pic_status": 1}, "0075PIE1gy1hl5x8obk2jj30go0go3z8": {"thumbnail": {"url": "https://wx2.sinaimg.cn/wap180/0075PIE1gy1hl5x8obk2jj30go0go3z8.jpg", "width": 180, "height": 180, "cut_type": 1, "type": ""}, "bmiddle": {"url": "https://wx2.sinaimg.cn/wap360/0075PIE1gy1hl5x8obk2jj30go0go3z8.jpg", "width": 360, "height": 360, "cut_type": 1, "type": ""}, "large": {"url": "https://wx2.sinaimg.cn/orj960/0075PIE1gy1hl5x8obk2jj30go0go3z8.jpg", "width": 600, "height": 600, "cut_type": 1, "type": ""}, "original": {"url": "https://wx2.sinaimg.cn/orj1080/0075PIE1gy1hl5x8obk2jj30go0go3z8.jpg", "width": 600, "height": 600, "cut_type": 1, "type": ""}, "largest": {"url": "https://wx2.sinaimg.cn/large/0075PIE1gy1hl5x8obk2jj30go0go3z8.jpg", "width": 600, "height": 600, "cut_type": 1, "type": ""}, "mw2000": {"url": "https://wx2.sinaimg.cn/mw2000/0075PIE1gy1hl5x8obk2jj30go0go3z8.jpg", "width": 600, "height": 600, "cut_type": 1, "type": ""}, "focus_point": {"left": 0, "top": 0, "width": 1, "height": 1}, "object_id": "1042018:948fba8bf2594b7ce95a6a9b10038906", "pic_id": "0075PIE1gy1hl5x8obk2jj30go0go3z8", "photo_tag": 0, "type": "pic", "pic_status": 1}}, "is_paid": false, "mblog_vip_type": 0, "number_display_strategy": {"apply_scenario_flag": 3, "display_text_min_number": 1000000, "display_text": "100万+"}, "reposts_count": 0, "comments_count": 0, "attitudes_count": 0, "attitudes_status": 0, "isLongText": false, "mlevel": 0, "content_auth": 0, "is_show_bulletin": 2, "comment_manage_info": {"comment_permission_type": -1, "approval_comment_type": 0, "comment_sort_type": 0}, "share_repost_type": 0, "mblogtype": 0, "showFeedRepost": false, "showFeedComment": false, "pictureViewerSign": false, "showPictureViewer": false, "rcList": [], "text": "这个朝代被我拉黑了（ ） ​​​", "region_name": "发布于 辽宁", "customIcons": []}