{"visible": {"type": 0, "list_id": 0}, "created_at": "Mon Dec 25 01:43:03 +0800 2023", "id": 4982649946637409, "idstr": "4982649946637409", "mid": "4982649946637409", "mblogid": "NyG6mrQGZ", "user": {"id": 6499137849, "idstr": "6499137849", "pc_new": 7, "screen_name": "冻梨好吃", "profile_image_url": "https://tvax3.sinaimg.cn/crop.0.0.962.962.50/0075PIE1ly8hkxs7vsob4j30qq0qq76e.jpg?KID=imgbed,tva&amp;Expires=1704618383&amp;ssig=1gOtUw1rG3", "profile_url": "/u/6499137849", "verified": false, "verified_type": -1, "domain": "", "weihao": "", "avatar_large": "https://tvax3.sinaimg.cn/crop.0.0.962.962.180/0075PIE1ly8hkxs7vsob4j30qq0qq76e.jpg?KID=imgbed,tva&amp;Expires=1704618383&amp;ssig=YvH7A1adE7", "avatar_hd": "https://tvax3.sinaimg.cn/crop.0.0.962.962.1024/0075PIE1ly8hkxs7vsob4j30qq0qq76e.jpg?KID=imgbed,tva&amp;Expires=1704618383&amp;ssig=o8adKWZvd7", "follow_me": false, "following": false, "mbrank": 0, "mbtype": 0, "v_plus": 0, "planet_video": false, "icon_list": []}, "can_edit": false, "text_raw": "一些男导演嘴上说什么为了艺术献身，实则不过是为了满足自己的特殊癖好让女演员又脱又露的 http://t.cn/A6l05ey5", "annotations": [{"client_mblogid": "6904fdc7-b823-4390-babf-a14c7070812e"}, {"mapi_request": true}], "source": "Android", "favorited": false, "rid": "5_0_50_162735443278508853_0_0_0", "pic_ids": [], "pic_num": 0, "is_paid": false, "mblog_vip_type": 0, "number_display_strategy": {"apply_scenario_flag": 3, "display_text_min_number": 1000000, "display_text": "100万+"}, "reposts_count": 0, "comments_count": 1, "attitudes_count": 0, "attitudes_status": 0, "isLongText": false, "mlevel": 0, "content_auth": 0, "is_show_bulletin": 2, "comment_manage_info": {"comment_permission_type": -1, "approval_comment_type": 0, "comment_sort_type": 0}, "repost_type": 1, "share_repost_type": 0, "url_struct": [{"url_title": "查看图片", "url_type_pic": "https://h5.sinaimg.cn/upload/2015/01/21/20/timeline_card_small_photo.png", "ori_url": "https://photo.weibo.com/h5/repost/reppic_id/1022:230796e15c5e7367671157a282749b27f6a058", "short_url": "http://t.cn/A6l05ey5", "long_url": "https://photo.weibo.com/h5/repost/reppic_id/1022:230796e15c5e7367671157a282749b27f6a058", "url_type": 39, "result": false, "actionlog": {"act_type": 1, "act_code": 300, "oid": "1022:230796e15c5e7367671157a282749b27f6a058", "uuid": 4982649948209200, "cardid": "", "lcardid": "", "uicode": "", "luicode": "", "fid": "1076036499137849_-_WEIBO_SECOND_PROFILE_WEIBO", "lfid": "", "ext": "mid:4982649946637409|rid:5_0_50_162735443278508853_0_0_0|short_url:http://t.cn/A6l05ey5|long_url:https://photo.weibo.com/h5/repost/reppic_id/1022:230796e15c5e7367671157a282749b27f6a058|comment_id:|miduid:6499137849|rootmid:4982649946637409|rootuid:6499137849|authorid:|uuid:4982649948209200|is_ad_weibo:0|analysis_card:url_struct"}, "storage_type": "", "hide": 0, "object_type": "", "position": 2, "pic_infos": {"0075PIE1gy1hl5ejymxqzj30go0go3z8": {"thumbnail": {"type": "", "url": "http://wx2.sinaimg.cn/thumbnail/0075PIE1gy1hl5ejymxqzj30go0go3z8.jpg", "cut_type": 1, "width": 120, "height": 120, "croped": false}, "bmiddle": {"type": "", "url": "http://wx2.sinaimg.cn/bmiddle/0075PIE1gy1hl5ejymxqzj30go0go3z8.jpg", "cut_type": 1, "width": 440, "height": 439, "croped": false}, "large": {"type": "", "url": "http://wx2.sinaimg.cn/large/0075PIE1gy1hl5ejymxqzj30go0go3z8.jpg", "cut_type": 1, "width": "600", "height": "600", "croped": false}, "woriginal": {"type": "", "url": "http://wx2.sinaimg.cn/woriginal/0075PIE1gy1hl5ejymxqzj30go0go3z8.jpg", "cut_type": 1, "width": "600", "height": "600", "croped": false}}}, "pic_ids": ["0075PIE1gy1hl5ejymxqzj30go0go3z8"], "h5_target_url": "https://photo.weibo.com/h5/repost/reppic_id/1022:230796e15c5e7367671157a282749b27f6a058?from=1FFFF96039&amp;weiboauthoruid=6499137849", "need_save_obj": 1}], "mblogtype": 0, "showFeedRepost": false, "showFeedComment": false, "pictureViewerSign": false, "showPictureViewer": false, "rcList": [], "text": "一些男导演嘴上说什么为了艺术献身，实则不过是为了满足自己的特殊癖好让女演员又脱又露的 &lt;a target=\"_blank\" data-pid=0075PIE1gy1hl5ejymxqzj30go0go3z8  href=\"https://wx2.sinaimg.cn/large/0075PIE1gy1hl5ejymxqzj30go0go3z8.jpg\"&gt;&lt;img class=\"icon-link\" src=\"https://h5.sinaimg.cn/upload/2015/01/21/20/timeline_card_small_photo_default.png\"/&gt;查看图片&lt;/a&gt;", "region_name": "发布于 辽宁", "customIcons": [], "retweeted_status": {"visible": {"type": 0, "list_id": 0}, "created_at": "Sun Dec 24 20:47:25 +0800 2023", "id": 4982575552004356, "idstr": "4982575552004356", "mid": "4982575552004356", "mblogid": "NyEan8pqk", "user": {"id": 7825856681, "idstr": "7825856681", "pc_new": 0, "screen_name": "寻花大赏", "profile_image_url": "https://tvax2.sinaimg.cn/crop.0.0.1080.1080.50/008xCuORly8hgo8g40lkdj30u00u076g.jpg?KID=imgbed,tva&amp;Expires=1704618383&amp;ssig=yUbPQU5dNX", "profile_url": "/u/7825856681", "verified": true, "verified_type": 0, "domain": "", "weihao": "", "verified_type_ext": 1, "avatar_large": "https://tvax2.sinaimg.cn/crop.0.0.1080.1080.180/008xCuORly8hgo8g40lkdj30u00u076g.jpg?KID=imgbed,tva&amp;Expires=1704618383&amp;ssig=OZpw1RSjDr", "avatar_hd": "https://tvax2.sinaimg.cn/crop.0.0.1080.1080.1024/008xCuORly8hgo8g40lkdj30u00u076g.jpg?KID=imgbed,tva&amp;Expires=1704618383&amp;ssig=boA%2BfVPAWO", "follow_me": false, "following": false, "mbrank": 2, "mbtype": 12, "v_plus": 0, "planet_video": false, "icon_list": [{"type": "vip", "data": {"mbrank": 2, "mbtype": 12, "svip": 1, "vvip": 1}}]}, "can_edit": false, "text_raw": "小宋佳的《风中有朵雨做的云》，完整版终于解禁了，没想到你是这样的强哥！[色] ​​​", "textLength": 74, "annotations": [{"photo_sub_type": "0,0,0,0,0,0"}, {"client_mblogid": "iPhone-741264CE-813D-4B24-A16C-3E7A1022137F"}, {"source_text": "", "phone_id": ""}, {"mapi_request": true}], "source": "iPhone 14 Pro Max", "favorited": false, "buttons": [{"type": "follow", "name": "加关注", "params": {"uid": 7825856681, "disable_group": 1, "extparams": {"followcardid": "1008080010_"}}, "actionlog": {"act_code": "92", "oid": "4982575552004356"}}], "rid": "5_0_50_162735443278508853_0_0_0", "pic_ids": ["008xCuORgy1hl560axeekg30dc07kqvn", "008xCuORgy1hl560bil5ej30zk0npq80", "008xCuORgy1hl560bvmjaj30zk0npwjh", "008xCuORgy1hl560civ2ij30zk0npaf0", "008xCuORgy1hl5603ve2dj30zk0np443", "008xCuORgy1hl560d0cynj30zk0npgpm"], "pic_focus_point": [{"focus_point": {"left": 0.51014495, "top": 0.11521739, "width": 0.069565214, "height": 0.14782609}, "pic_id": "008xCuORgy1hl560d0cynj30zk0npgpm"}, {"focus_point": {"left": 0.18520325, "top": 0.014248259, "width": 0.65716785, "height": 0.9857516}, "pic_id": "008xCuORgy1hl560bvmjaj30zk0npwjh"}, {"focus_point": {"left": 0.4710145, "top": 0.14347826, "width": 0.13623188, "height": 0.24782608}, "pic_id": "008xCuORgy1hl5603ve2dj30zk0np443"}, {"focus_point": {"left": 0.57391304, "top": 0.10869565, "width": 0.1173913, "height": 0.25}, "pic_id": "008xCuORgy1hl560civ2ij30zk0npaf0"}, {"focus_point": {"left": 0.57391304, "top": 0.4173913, "width": 0.08115942, "height": 0.19347826}, "pic_id": "008xCuORgy1hl560bil5ej30zk0npq80"}], "geo": "", "pic_num": 6, "pic_infos": {"008xCuORgy1hl560axeekg30dc07kqvn": {"thumbnail": {"url": "https://wx3.sinaimg.cn/wap180/008xCuORgy1hl560axeekg30dc07kqvn.gif", "width": 180, "height": 102, "cut_type": 1, "type": ""}, "bmiddle": {"url": "https://wx3.sinaimg.cn/wap360/008xCuORgy1hl560axeekg30dc07kqvn.gif", "width": 360, "height": 204, "cut_type": 1, "type": ""}, "large": {"url": "https://wx3.sinaimg.cn/sti960/008xCuORgy1hl560axeekg30dc07kqvn.gif", "width": 480, "height": 272, "cut_type": 1, "type": ""}, "original": {"url": "https://wx3.sinaimg.cn/orj1080/008xCuORgy1hl560axeekg30dc07kqvn.gif", "width": 480, "height": 272, "cut_type": 1, "type": ""}, "largest": {"url": "https://wx3.sinaimg.cn/large/008xCuORgy1hl560axeekg30dc07kqvn.gif", "width": 480, "height": 272, "cut_type": 1, "type": ""}, "mw2000": {"url": "https://wx3.sinaimg.cn/mw2000/008xCuORgy1hl560axeekg30dc07kqvn.gif", "width": 480, "height": 272, "cut_type": 1, "type": ""}, "object_id": "1042018:5b2ff842dd182a5858612bd06edf7974", "pic_id": "008xCuORgy1hl560axeekg30dc07kqvn", "photo_tag": 0, "type": "gif", "video_object_id": "1022:2311284982575551152142", "video": "https://g.us.sinaimg.cn/o0/bvc91miLlx08bctLRsic010412002Y4T0E010.mp4?ssig=BfDLNEDkG0&amp;Expires=1704611183&amp;KID=unistore,video", "pic_status": 1}, "008xCuORgy1hl560bil5ej30zk0npq80": {"thumbnail": {"url": "https://wx2.sinaimg.cn/wap180/008xCuORgy1hl560bil5ej30zk0npq80.jpg", "width": 180, "height": 119, "cut_type": 1, "type": ""}, "bmiddle": {"url": "https://wx2.sinaimg.cn/wap360/008xCuORgy1hl560bil5ej30zk0npq80.jpg", "width": 360, "height": 239, "cut_type": 1, "type": ""}, "large": {"url": "https://wx2.sinaimg.cn/orj960/008xCuORgy1hl560bil5ej30zk0npq80.jpg", "width": 1280, "height": 853, "cut_type": 1, "type": ""}, "original": {"url": "https://wx2.sinaimg.cn/orj1080/008xCuORgy1hl560bil5ej30zk0npq80.jpg", "width": 1280, "height": 853, "cut_type": 1, "type": ""}, "largest": {"url": "https://wx2.sinaimg.cn/large/008xCuORgy1hl560bil5ej30zk0npq80.jpg", "width": 1280, "height": 853, "cut_type": 1, "type": ""}, "mw2000": {"url": "https://wx2.sinaimg.cn/mw2000/008xCuORgy1hl560bil5ej30zk0npq80.jpg", "width": 1280, "height": 853, "cut_type": 1, "type": ""}, "focus_point": {"left": 0.57391304, "top": 0.4173913, "width": 0.08115942, "height": 0.19347826}, "object_id": "1042018:d27b63c9c9b83c8e4e96608b17394b1e", "pic_id": "008xCuORgy1hl560bil5ej30zk0npq80", "photo_tag": 0, "type": "pic", "pic_status": 1}, "008xCuORgy1hl560bvmjaj30zk0npwjh": {"thumbnail": {"url": "https://wx1.sinaimg.cn/wap180/008xCuORgy1hl560bvmjaj30zk0npwjh.jpg", "width": 180, "height": 119, "cut_type": 1, "type": ""}, "bmiddle": {"url": "https://wx1.sinaimg.cn/wap360/008xCuORgy1hl560bvmjaj30zk0npwjh.jpg", "width": 360, "height": 239, "cut_type": 1, "type": ""}, "large": {"url": "https://wx1.sinaimg.cn/orj960/008xCuORgy1hl560bvmjaj30zk0npwjh.jpg", "width": 1280, "height": 853, "cut_type": 1, "type": ""}, "original": {"url": "https://wx1.sinaimg.cn/orj1080/008xCuORgy1hl560bvmjaj30zk0npwjh.jpg", "width": 1280, "height": 853, "cut_type": 1, "type": ""}, "largest": {"url": "https://wx1.sinaimg.cn/large/008xCuORgy1hl560bvmjaj30zk0npwjh.jpg", "width": 1280, "height": 853, "cut_type": 1, "type": ""}, "mw2000": {"url": "https://wx1.sinaimg.cn/mw2000/008xCuORgy1hl560bvmjaj30zk0npwjh.jpg", "width": 1280, "height": 853, "cut_type": 1, "type": ""}, "focus_point": {"left": 0.18520325, "top": 0.014248259, "width": 0.65716785, "height": 0.9857516}, "object_id": "1042018:eaa8e77d73b4fa8e381dd711b168235d", "pic_id": "008xCuORgy1hl560bvmjaj30zk0npwjh", "photo_tag": 0, "type": "pic", "pic_status": 1}, "008xCuORgy1hl560civ2ij30zk0npaf0": {"thumbnail": {"url": "https://wx1.sinaimg.cn/wap180/008xCuORgy1hl560civ2ij30zk0npaf0.jpg", "width": 180, "height": 119, "cut_type": 1, "type": ""}, "bmiddle": {"url": "https://wx1.sinaimg.cn/wap360/008xCuORgy1hl560civ2ij30zk0npaf0.jpg", "width": 360, "height": 239, "cut_type": 1, "type": ""}, "large": {"url": "https://wx1.sinaimg.cn/orj960/008xCuORgy1hl560civ2ij30zk0npaf0.jpg", "width": 1280, "height": 853, "cut_type": 1, "type": ""}, "original": {"url": "https://wx1.sinaimg.cn/orj1080/008xCuORgy1hl560civ2ij30zk0npaf0.jpg", "width": 1280, "height": 853, "cut_type": 1, "type": ""}, "largest": {"url": "https://wx1.sinaimg.cn/large/008xCuORgy1hl560civ2ij30zk0npaf0.jpg", "width": 1280, "height": 853, "cut_type": 1, "type": ""}, "mw2000": {"url": "https://wx1.sinaimg.cn/mw2000/008xCuORgy1hl560civ2ij30zk0npaf0.jpg", "width": 1280, "height": 853, "cut_type": 1, "type": ""}, "focus_point": {"left": 0.57391304, "top": 0.10869565, "width": 0.1173913, "height": 0.25}, "object_id": "1042018:7492a0a4353e87546898c1d0bce22bbc", "pic_id": "008xCuORgy1hl560civ2ij30zk0npaf0", "photo_tag": 0, "type": "pic", "pic_status": 1}, "008xCuORgy1hl5603ve2dj30zk0np443": {"thumbnail": {"url": "https://wx1.sinaimg.cn/wap180/008xCuORgy1hl5603ve2dj30zk0np443.jpg", "width": 180, "height": 119, "cut_type": 1, "type": ""}, "bmiddle": {"url": "https://wx1.sinaimg.cn/wap360/008xCuORgy1hl5603ve2dj30zk0np443.jpg", "width": 360, "height": 239, "cut_type": 1, "type": ""}, "large": {"url": "https://wx1.sinaimg.cn/orj960/008xCuORgy1hl5603ve2dj30zk0np443.jpg", "width": 1280, "height": 853, "cut_type": 1, "type": ""}, "original": {"url": "https://wx1.sinaimg.cn/orj1080/008xCuORgy1hl5603ve2dj30zk0np443.jpg", "width": 1280, "height": 853, "cut_type": 1, "type": ""}, "largest": {"url": "https://wx1.sinaimg.cn/large/008xCuORgy1hl5603ve2dj30zk0np443.jpg", "width": 1280, "height": 853, "cut_type": 1, "type": ""}, "mw2000": {"url": "https://wx1.sinaimg.cn/mw2000/008xCuORgy1hl5603ve2dj30zk0np443.jpg", "width": 1280, "height": 853, "cut_type": 1, "type": ""}, "focus_point": {"left": 0.4710145, "top": 0.14347826, "width": 0.13623188, "height": 0.24782608}, "object_id": "1042018:6daef05843d8e469a25839bf16b17a1b", "pic_id": "008xCuORgy1hl5603ve2dj30zk0np443", "photo_tag": 0, "type": "pic", "pic_status": 1}, "008xCuORgy1hl560d0cynj30zk0npgpm": {"thumbnail": {"url": "https://wx3.sinaimg.cn/wap180/008xCuORgy1hl560d0cynj30zk0npgpm.jpg", "width": 180, "height": 119, "cut_type": 1, "type": ""}, "bmiddle": {"url": "https://wx3.sinaimg.cn/wap360/008xCuORgy1hl560d0cynj30zk0npgpm.jpg", "width": 360, "height": 239, "cut_type": 1, "type": ""}, "large": {"url": "https://wx3.sinaimg.cn/orj960/008xCuORgy1hl560d0cynj30zk0npgpm.jpg", "width": 1280, "height": 853, "cut_type": 1, "type": ""}, "original": {"url": "https://wx3.sinaimg.cn/orj1080/008xCuORgy1hl560d0cynj30zk0npgpm.jpg", "width": 1280, "height": 853, "cut_type": 1, "type": ""}, "largest": {"url": "https://wx3.sinaimg.cn/large/008xCuORgy1hl560d0cynj30zk0npgpm.jpg", "width": 1280, "height": 853, "cut_type": 1, "type": ""}, "mw2000": {"url": "https://wx3.sinaimg.cn/mw2000/008xCuORgy1hl560d0cynj30zk0npgpm.jpg", "width": 1280, "height": 853, "cut_type": 1, "type": ""}, "focus_point": {"left": 0.51014495, "top": 0.11521739, "width": 0.069565214, "height": 0.14782609}, "object_id": "1042018:396bc48fd25bf38f6d7dace19d6c46c9", "pic_id": "008xCuORgy1hl560d0cynj30zk0npgpm", "photo_tag": 0, "type": "pic", "pic_status": 1}}, "is_paid": false, "mblog_vip_type": 0, "number_display_strategy": {"apply_scenario_flag": 3, "display_text_min_number": 1000000, "display_text": "100万+"}, "reposts_count": 1192, "comments_count": 756, "attitudes_count": 27319, "attitudes_status": 0, "isLongText": false, "mlevel": 0, "content_auth": 0, "is_show_bulletin": 2, "comment_manage_info": {"comment_permission_type": -1, "approval_comment_type": 0, "comment_sort_type": 0, "ai_play_picture_type": 0}, "mblogtype": 0, "showFeedRepost": false, "showFeedComment": false, "pictureViewerSign": false, "showPictureViewer": false, "rcList": [], "text": "小宋佳的《风中有朵雨做的云》，完整版终于解禁了，没想到你是这样的强哥！&lt;img alt=\"[色]\" title=\"[色]\" src=\"https://face.t.sinajs.cn/t4/appstyle/expression/ext/normal/9d/2018new_huaxin_org.png\" /&gt; ​​​", "region_name": "发布于 广东", "customIcons": []}}