{"visible": {"type": 0, "list_id": 0}, "created_at": "Mon Dec 25 02:51:56 +0800 2023", "id": 4982667279862187, "idstr": "4982667279862187", "mid": "4982667279862187", "mblogid": "NyGyjFnBx", "user": {"id": 6499137849, "idstr": "6499137849", "pc_new": 7, "screen_name": "冻梨好吃", "profile_image_url": "https://tvax3.sinaimg.cn/crop.0.0.962.962.50/0075PIE1ly8hkxs7vsob4j30qq0qq76e.jpg?KID=imgbed,tva&amp;Expires=1704618383&amp;ssig=1gOtUw1rG3", "profile_url": "/u/6499137849", "verified": false, "verified_type": -1, "domain": "", "weihao": "", "avatar_large": "https://tvax3.sinaimg.cn/crop.0.0.962.962.180/0075PIE1ly8hkxs7vsob4j30qq0qq76e.jpg?KID=imgbed,tva&amp;Expires=1704618383&amp;ssig=YvH7A1adE7", "avatar_hd": "https://tvax3.sinaimg.cn/crop.0.0.962.962.1024/0075PIE1ly8hkxs7vsob4j30qq0qq76e.jpg?KID=imgbed,tva&amp;Expires=1704618383&amp;ssig=o8adKWZvd7", "follow_me": false, "following": false, "mbrank": 0, "mbtype": 0, "v_plus": 0, "planet_video": false, "icon_list": []}, "can_edit": false, "text_raw": "临近三点突然开播？ ​​​", "textLength": 18, "annotations": [{"photo_sub_type": "0"}, {"client_mblogid": "bc9a5236-abc5-419e-9f6f-884063bcccc8"}, {"source_text": "", "phone_id": "266"}, {"mapi_request": true}], "source": "Android", "favorited": false, "rid": "4_0_50_162735443278508853_0_0_0", "pic_ids": ["0075PIE1gy1hl5gjn1ljjj30qo0eyjwi"], "pic_focus_point": [{"focus_point": {"left": 0.24757951, "top": 0.03479532, "width": 0.54135394, "height": 0.9652046}, "pic_id": "0075PIE1gy1hl5gjn1ljjj30qo0eyjwi"}], "pic_num": 1, "pic_infos": {"0075PIE1gy1hl5gjn1ljjj30qo0eyjwi": {"thumbnail": {"url": "https://wx3.sinaimg.cn/wap180/0075PIE1gy1hl5gjn1ljjj30qo0eyjwi.jpg", "width": 180, "height": 100, "cut_type": 1, "type": ""}, "bmiddle": {"url": "https://wx3.sinaimg.cn/wap360/0075PIE1gy1hl5gjn1ljjj30qo0eyjwi.jpg", "width": 360, "height": 201, "cut_type": 1, "type": ""}, "large": {"url": "https://wx3.sinaimg.cn/orj960/0075PIE1gy1hl5gjn1ljjj30qo0eyjwi.jpg", "width": 960, "height": 538, "cut_type": 1, "type": ""}, "original": {"url": "https://wx3.sinaimg.cn/orj1080/0075PIE1gy1hl5gjn1ljjj30qo0eyjwi.jpg", "width": 960, "height": 538, "cut_type": 1, "type": ""}, "largest": {"url": "https://wx3.sinaimg.cn/large/0075PIE1gy1hl5gjn1ljjj30qo0eyjwi.jpg", "width": 960, "height": 538, "cut_type": 1, "type": ""}, "mw2000": {"url": "https://wx3.sinaimg.cn/mw2000/0075PIE1gy1hl5gjn1ljjj30qo0eyjwi.jpg", "width": 960, "height": 538, "cut_type": 1, "type": ""}, "focus_point": {"left": 0.24757951, "top": 0.03479532, "width": 0.54135394, "height": 0.9652046}, "object_id": "1042018:6637c28a1a32c8409b79a7a51041d42d", "pic_id": "0075PIE1gy1hl5gjn1ljjj30qo0eyjwi", "photo_tag": 0, "type": "pic", "pic_status": 1}}, "is_paid": false, "mblog_vip_type": 0, "number_display_strategy": {"apply_scenario_flag": 3, "display_text_min_number": 1000000, "display_text": "100万+"}, "reposts_count": 0, "comments_count": 0, "attitudes_count": 0, "attitudes_status": 0, "isLongText": false, "mlevel": 0, "content_auth": 0, "is_show_bulletin": 2, "comment_manage_info": {"comment_permission_type": -1, "approval_comment_type": 0, "comment_sort_type": 0}, "share_repost_type": 0, "mblogtype": 0, "showFeedRepost": false, "showFeedComment": false, "pictureViewerSign": false, "showPictureViewer": false, "rcList": [], "text": "临近三点突然开播？ ​​​", "region_name": "发布于 辽宁", "customIcons": []}