{"visible": {"type": 0, "list_id": 0}, "created_at": "Mon Dec 25 18:58:54 +0800 2023", "id": 4982910627614219, "idstr": "4982910627614219", "mid": "4982910627614219", "mblogid": "NyMSOvWNZ", "user": {"id": 6499137849, "idstr": "6499137849", "pc_new": 7, "screen_name": "冻梨好吃", "profile_image_url": "https://tvax3.sinaimg.cn/crop.0.0.962.962.50/0075PIE1ly8hkxs7vsob4j30qq0qq76e.jpg?KID=imgbed,tva&amp;Expires=1704618371&amp;ssig=15nCa59zhp", "profile_url": "/u/6499137849", "verified": false, "verified_type": -1, "domain": "", "weihao": "", "avatar_large": "https://tvax3.sinaimg.cn/crop.0.0.962.962.180/0075PIE1ly8hkxs7vsob4j30qq0qq76e.jpg?KID=imgbed,tva&amp;Expires=1704618371&amp;ssig=iias4vHzO2", "avatar_hd": "https://tvax3.sinaimg.cn/crop.0.0.962.962.1024/0075PIE1ly8hkxs7vsob4j30qq0qq76e.jpg?KID=imgbed,tva&amp;Expires=1704618371&amp;ssig=AfEbVI%2Belq", "follow_me": false, "following": false, "mbrank": 0, "mbtype": 0, "v_plus": 0, "planet_video": false, "icon_list": []}, "can_edit": false, "text_raw": "这首歌我大爱[汪洋海蓝比心][汪洋海蓝比心]", "annotations": [{"client_mblogid": "d983fe99-ab1f-43aa-8614-49f014e17f40"}, {"mapi_request": true}], "source": "Android", "favorited": false, "rid": "11_0_50_163994469991589240_0_0_0", "pic_ids": [], "pic_num": 0, "is_paid": false, "mblog_vip_type": 0, "number_display_strategy": {"apply_scenario_flag": 3, "display_text_min_number": 1000000, "display_text": "100万+"}, "reposts_count": 0, "comments_count": 0, "attitudes_count": 0, "attitudes_status": 0, "isLongText": false, "mlevel": 0, "content_auth": 0, "is_show_bulletin": 2, "comment_manage_info": {"comment_permission_type": -1, "approval_comment_type": 0, "comment_sort_type": 0}, "repost_type": 1, "share_repost_type": 0, "mblogtype": 0, "showFeedRepost": false, "showFeedComment": false, "pictureViewerSign": false, "showPictureViewer": false, "rcList": [], "text": "这首歌我大爱&lt;img alt=\"[汪洋海蓝比心]\" title=\"[汪洋海蓝比心]\" src=\"https://face.t.sinajs.cn/t4/appstyle/expression/ext/normal/93/2023_BlueSeaHeart_org.png\" /&gt;&lt;img alt=\"[汪洋海蓝比心]\" title=\"[汪洋海蓝比心]\" src=\"https://face.t.sinajs.cn/t4/appstyle/expression/ext/normal/93/2023_BlueSeaHeart_org.png\" /&gt;", "region_name": "发布于 辽宁", "customIcons": [], "retweeted_status": {"visible": {"type": 0, "list_id": 0}, "created_at": "Mon Dec 25 17:39:58 +0800 2023", "id": 4982890760766695, "idstr": "4982890760766695", "mid": "4982890760766695", "mblogid": "NyMmM3ds3", "user": {"id": 6134301639, "idstr": "6134301639", "pc_new": 7, "screen_name": "告白預行絵本", "profile_image_url": "https://tvax4.sinaimg.cn/crop.0.0.512.512.50/006H8U51ly8h9p1orw24xj30e80e80tt.jpg?KID=imgbed,tva&amp;Expires=1704618371&amp;ssig=oXhBb%2B%2BgYM", "profile_url": "/u/6134301639", "verified": true, "verified_type": 0, "domain": "", "weihao": "", "verified_type_ext": 1, "avatar_large": "https://tvax4.sinaimg.cn/crop.0.0.512.512.180/006H8U51ly8h9p1orw24xj30e80e80tt.jpg?KID=imgbed,tva&amp;Expires=1704618371&amp;ssig=lhZsGbRCbB", "avatar_hd": "https://tvax4.sinaimg.cn/crop.0.0.512.512.1024/006H8U51ly8h9p1orw24xj30e80e80tt.jpg?KID=imgbed,tva&amp;Expires=1704618371&amp;ssig=4nKfOUk3%2FU", "follow_me": false, "following": false, "mbrank": 2, "mbtype": 12, "v_plus": 0, "planet_video": false, "icon_list": [{"type": "vip", "data": {"mbrank": 2, "mbtype": 12, "svip": 1, "vvip": 1}}]}, "can_edit": false, "text_raw": "You &amp; Me 申有娜 🤍 ​​​", "textLength": 20, "annotations": [[], {"client_mblogid": "iPhone-960CF673-4540-47C4-870F-21E4C099F5F2"}, {"source_text": "", "phone_id": "-1"}, {"mapi_request": true}], "source": "&lt;a target=\"_blank\" href=\"https://t.sina.com.cn\" rel=\"nofollow\"&gt;微博视频号&lt;/a&gt;", "favorited": false, "buttons": [{"type": "follow", "name": "加关注", "params": {"uid": 6134301639, "disable_group": 1, "extparams": {"followcardid": "1008080010_"}}, "actionlog": {"act_code": "92", "oid": "4982890760766695"}}], "rid": "11_0_50_163994469991589240_0_0_0", "pic_ids": [], "geo": "", "pic_num": 0, "is_paid": false, "mblog_vip_type": 0, "number_display_strategy": {"apply_scenario_flag": 3, "display_text_min_number": 1000000, "display_text": "100万+"}, "reposts_count": 2239, "comments_count": 304, "attitudes_count": 12431, "attitudes_status": 0, "isLongText": false, "mlevel": 0, "content_auth": 0, "is_show_bulletin": 2, "comment_manage_info": {"comment_permission_type": -1, "approval_comment_type": 0, "comment_sort_type": 0, "ai_play_picture_type": 0}, "mblogtype": 0, "showFeedRepost": false, "showFeedComment": false, "pictureViewerSign": false, "showPictureViewer": false, "rcList": [], "mix_media_info": {"items": [{"type": "video", "id": "1034:4982889981345825", "data": {"type": "11", "page_id": "2304444982889981345825", "object_type": "video", "object_id": "1034:4982889981345825", "content1": "告白預行絵本的微博视频", "content2": "You &amp; Me 申有娜 🤍", "act_status": 1, "media_info": {"name": "告白預行絵本的微博视频", "stream_url": "http://f.video.weibocdn.com/u0/x8v2C3MCgx08bdRAfQog010412000Y8i0E010.mp4?label=mp4_720p&amp;template=720x720.24.0&amp;ori=0&amp;ps=1CwnkDw1GXwCQx&amp;Expires=1704611171&amp;ssig=4UpzH8WIM5&amp;KID=unistore,video", "stream_url_hd": "http://f.video.weibocdn.com/u0/x8v2C3MCgx08bdRAfQog010412000Y8i0E010.mp4?label=mp4_720p&amp;template=720x720.24.0&amp;ori=0&amp;ps=1CwnkDw1GXwCQx&amp;Expires=1704611171&amp;ssig=4UpzH8WIM5&amp;KID=unistore,video", "format": "mp4", "h5_url": "https://video.weibo.com/show?fid=1034:4982889981345825", "mp4_sd_url": "http://f.video.weibocdn.com/u0/x8v2C3MCgx08bdRAfQog010412000Y8i0E010.mp4?label=mp4_720p&amp;template=720x720.24.0&amp;ori=0&amp;ps=1CwnkDw1GXwCQx&amp;Expires=1704611171&amp;ssig=4UpzH8WIM5&amp;KID=unistore,video", "mp4_hd_url": "http://f.video.weibocdn.com/u0/x8v2C3MCgx08bdRAfQog010412000Y8i0E010.mp4?label=mp4_720p&amp;template=720x720.24.0&amp;ori=0&amp;ps=1CwnkDw1GXwCQx&amp;Expires=1704611171&amp;ssig=4UpzH8WIM5&amp;KID=unistore,video", "h265_mp4_hd": "http://f.video.weibocdn.com/u0/x8v2C3MCgx08bdRAfQog010412000Y8i0E010.mp4?label=mp4_720p&amp;template=720x720.24.0&amp;ori=0&amp;ps=1CwnkDw1GXwCQx&amp;Expires=1704611171&amp;ssig=4UpzH8WIM5&amp;KID=unistore,video", "h265_mp4_ld": "http://f.video.weibocdn.com/u0/x8v2C3MCgx08bdRAfQog010412000Y8i0E010.mp4?label=mp4_720p&amp;template=720x720.24.0&amp;ori=0&amp;ps=1CwnkDw1GXwCQx&amp;Expires=1704611171&amp;ssig=4UpzH8WIM5&amp;KID=unistore,video", "inch_4_mp4_hd": "http://f.video.weibocdn.com/u0/x8v2C3MCgx08bdRAfQog010412000Y8i0E010.mp4?label=mp4_720p&amp;template=720x720.24.0&amp;ori=0&amp;ps=1CwnkDw1GXwCQx&amp;Expires=1704611171&amp;ssig=4UpzH8WIM5&amp;KID=unistore,video", "inch_5_mp4_hd": "http://f.video.weibocdn.com/u0/x8v2C3MCgx08bdRAfQog010412000Y8i0E010.mp4?label=mp4_720p&amp;template=720x720.24.0&amp;ori=0&amp;ps=1CwnkDw1GXwCQx&amp;Expires=1704611171&amp;ssig=4UpzH8WIM5&amp;KID=unistore,video", "inch_5_5_mp4_hd": "http://f.video.weibocdn.com/u0/x8v2C3MCgx08bdRAfQog010412000Y8i0E010.mp4?label=mp4_720p&amp;template=720x720.24.0&amp;ori=0&amp;ps=1CwnkDw1GXwCQx&amp;Expires=1704611171&amp;ssig=4UpzH8WIM5&amp;KID=unistore,video", "mp4_720p_mp4": "http://f.video.weibocdn.com/u0/x8v2C3MCgx08bdRAfQog010412000Y8i0E010.mp4?label=mp4_720p&amp;template=720x720.24.0&amp;ori=0&amp;ps=1CwnkDw1GXwCQx&amp;Expires=1704611171&amp;ssig=4UpzH8WIM5&amp;KID=unistore,video", "hevc_mp4_720p": "", "prefetch_type": 1, "prefetch_size": 262144, "act_status": 1, "protocol": "general,dash", "media_id": "4982889981345825", "origin_total_bitrate": 7219684, "video_orientation": "vertical", "duration": 2, "forward_strategy": -1, "search_scheme": "sinaweibo://svssearch?containerid=232080", "is_short_video": 0, "vote_is_show": 0, "belong_collection": 0, "titles_display_time": "3", "show_progress_bar": 1, "show_mute_button": true, "ext_info": {"video_orientation": "vertical"}, "next_title": "You &amp; Me 申有娜 🤍", "kol_title": "You &amp; Me 申有娜 🤍", "play_completion_actions": [{"type": "1", "icon": "https://h5.sinaimg.cn/upload/100/1413/2021/12/22/feed_video_icon_replay.png", "text": "重播", "link": "", "btn_code": 1000, "show_position": 1, "actionlog": {"oid": "2304444982889981345825", "act_code": 1221, "act_type": 0, "source": "video"}}, {"type": 6, "icon": "https://tvax4.sinaimg.cn/crop.0.0.512.512.180/006H8U51ly8h9p1orw24xj30e80e80tt.jpg?KID=imgbed,tva&amp;Expires=1704618371&amp;ssig=lhZsGbRCbB", "text": "", "display_mode": 2, "display_starttime": 5, "display_endtime": 99999, "countdown_time": 5, "show_position": 48, "scheme": "", "link": "", "btn_code": 1009, "actionlog": {"oid": "2304444982889981345825", "act_code": 91, "act_type": 0, "source": "video", "ext": "mid:4982890760766695|oid:1034:4982889981345825|muid:6134301639|authorid:6134301639"}, "ext": {"uid": "6134301639", "user_name": "告白預行絵本", "followers_count": 907064, "verified": true, "verified_type": 0, "verified_type_ext": 1, "verified_reason": "娱乐博主", "level": 3}, "display_type": 0}], "video_publish_time": 1703497014, "play_loop_type": 0, "author_mid": "4982890760766695", "author_name": "告白預行絵本", "extra_info": {"sceneid": "profile_mb"}, "video_download_strategy": {"abandon_download": 0}, "jump_to": 6, "big_pic_info": {"pic_big": {"height": 1080, "url": "https://wx3.sinaimg.cn/orj1080/006H8U51gy1hl664gsjjwj30u00u0q6w.jpg", "width": 1080}, "pic_small": {"height": 180, "url": "https://wx3.sinaimg.cn/or180/006H8U51gy1hl664gsjjwj30u00u0q6w.jpg", "width": 180}, "pic_middle": {"height": 360, "url": "https://wx3.sinaimg.cn/or360/006H8U51gy1hl664gsjjwj30u00u0q6w.jpg", "width": 360}}, "online_users": "24.5万次观看", "online_users_number": 245436, "ttl": 3600, "storage_type": "unistore"}, "page_pic": "https://wx3.sinaimg.cn/orj480/006H8U51gy1hl664gsjjwj30u00u0q6w.jpg", "page_title": "告白預行絵本的微博视频", "page_url": "sinaweibo://infopage?containerid=2304444982889981345825&amp;containerid=2304444982889981345825&amp;url_type=39&amp;object_type=video&amp;pos=2", "pic_info": {"pic_big": {"height": "540", "url": "https://wx3.sinaimg.cn/orj480/006H8U51gy1hl664gsjjwj30u00u0q6w.jpg", "width": "540"}, "pic_small": {"height": "540", "url": "https://wx3.sinaimg.cn/orj480/006H8U51gy1hl664gsjjwj30u00u0q6w.jpg", "width": "540"}, "pic_middle": {"url": "https://wx3.sinaimg.cn/orj480/006H8U51gy1hl664gsjjwj30u00u0q6w.jpg", "height": "540", "width": "540"}}, "oid": "6134301639", "type_icon": "", "author_id": "6134301639", "authorid": "6134301639", "warn": "", "short_url": "http://t.cn/A6lOjdBI"}, "scheme": "", "actionlog": {"act_type": 1, "act_code": 799, "lcardid": "", "fid": "1076036499137849_-_WEIBO_SECOND_PROFILE_WEIBO", "mid": "4982890760766695", "oid": "1034:4982889981345825", "uuid": 4982889992159326, "source": "video", "ext": "uid:7774910775|mid:4982890760766695|objectid:1034%3A4982889981345825|from:1|object_duration:2.879|miduid:6134301639|rootuid:6134301639|rootmid:4982890760766695|authorid:6134301639|video_orientation:vertical|third_vid:|is_album:0|is_contribution:0|video_tags:|isfan:0|ua:Mozilla/5.0 (Windows NT 10.0; Win64; x64) AppleWebKit/537.36 (KHTML, like Gecko) Chrome/120.0.0.0 Safari/537.36 WeiboPro/1.0.0|sceneid:profile_mb|uuid:4982889992159326|detail:native|contribution:0|short_video:0|st_video:1|author_mid:4982890760766695|cluster_type_status:|is_ad_weibo:0|source_info:all_mix_1|analysis_card:page_info"}}, {"type": "video", "id": "1034:4982890488856580", "data": {"type": "11", "page_id": "2304444982890488856580", "object_type": "video", "object_id": "1034:4982890488856580", "content1": "告白預行絵本的微博视频", "content2": "You &amp; Me 申有娜 🤍", "act_status": 1, "media_info": {"name": "告白預行絵本的微博视频", "stream_url": "http://f.video.weibocdn.com/u0/YIx2Fatsgx08bdRJrPAA010412001CV50E010.mp4?label=mp4_720p&amp;template=720x720.24.0&amp;ori=0&amp;ps=1CwnkDw1GXwCQx&amp;Expires=1704611171&amp;ssig=3r5TVq5aHE&amp;KID=unistore,video", "stream_url_hd": "http://f.video.weibocdn.com/u0/YIx2Fatsgx08bdRJrPAA010412001CV50E010.mp4?label=mp4_720p&amp;template=720x720.24.0&amp;ori=0&amp;ps=1CwnkDw1GXwCQx&amp;Expires=1704611171&amp;ssig=3r5TVq5aHE&amp;KID=unistore,video", "format": "mp4", "h5_url": "https://video.weibo.com/show?fid=1034:4982890488856580", "mp4_sd_url": "http://f.video.weibocdn.com/u0/YIx2Fatsgx08bdRJrPAA010412001CV50E010.mp4?label=mp4_720p&amp;template=720x720.24.0&amp;ori=0&amp;ps=1CwnkDw1GXwCQx&amp;Expires=1704611171&amp;ssig=3r5TVq5aHE&amp;KID=unistore,video", "mp4_hd_url": "http://f.video.weibocdn.com/u0/YIx2Fatsgx08bdRJrPAA010412001CV50E010.mp4?label=mp4_720p&amp;template=720x720.24.0&amp;ori=0&amp;ps=1CwnkDw1GXwCQx&amp;Expires=1704611171&amp;ssig=3r5TVq5aHE&amp;KID=unistore,video", "h265_mp4_hd": "http://f.video.weibocdn.com/u0/YIx2Fatsgx08bdRJrPAA010412001CV50E010.mp4?label=mp4_720p&amp;template=720x720.24.0&amp;ori=0&amp;ps=1CwnkDw1GXwCQx&amp;Expires=1704611171&amp;ssig=3r5TVq5aHE&amp;KID=unistore,video", "h265_mp4_ld": "http://f.video.weibocdn.com/u0/YIx2Fatsgx08bdRJrPAA010412001CV50E010.mp4?label=mp4_720p&amp;template=720x720.24.0&amp;ori=0&amp;ps=1CwnkDw1GXwCQx&amp;Expires=1704611171&amp;ssig=3r5TVq5aHE&amp;KID=unistore,video", "inch_4_mp4_hd": "http://f.video.weibocdn.com/u0/YIx2Fatsgx08bdRJrPAA010412001CV50E010.mp4?label=mp4_720p&amp;template=720x720.24.0&amp;ori=0&amp;ps=1CwnkDw1GXwCQx&amp;Expires=1704611171&amp;ssig=3r5TVq5aHE&amp;KID=unistore,video", "inch_5_mp4_hd": "http://f.video.weibocdn.com/u0/YIx2Fatsgx08bdRJrPAA010412001CV50E010.mp4?label=mp4_720p&amp;template=720x720.24.0&amp;ori=0&amp;ps=1CwnkDw1GXwCQx&amp;Expires=1704611171&amp;ssig=3r5TVq5aHE&amp;KID=unistore,video", "inch_5_5_mp4_hd": "http://f.video.weibocdn.com/u0/YIx2Fatsgx08bdRJrPAA010412001CV50E010.mp4?label=mp4_720p&amp;template=720x720.24.0&amp;ori=0&amp;ps=1CwnkDw1GXwCQx&amp;Expires=1704611171&amp;ssig=3r5TVq5aHE&amp;KID=unistore,video", "mp4_720p_mp4": "http://f.video.weibocdn.com/u0/YIx2Fatsgx08bdRJrPAA010412001CV50E010.mp4?label=mp4_720p&amp;template=720x720.24.0&amp;ori=0&amp;ps=1CwnkDw1GXwCQx&amp;Expires=1704611171&amp;ssig=3r5TVq5aHE&amp;KID=unistore,video", "hevc_mp4_720p": "", "prefetch_type": 1, "prefetch_size": 262144, "act_status": 1, "protocol": "general,dash", "media_id": "4982890488856580", "origin_total_bitrate": 17103412, "video_orientation": "vertical", "duration": 3, "forward_strategy": -1, "search_scheme": "sinaweibo://svssearch?containerid=232080", "is_short_video": 0, "vote_is_show": 0, "belong_collection": 0, "titles_display_time": "3", "show_progress_bar": 1, "show_mute_button": true, "ext_info": {"video_orientation": "vertical"}, "next_title": "You &amp; Me 申有娜 🤍", "kol_title": "You &amp; Me 申有娜 🤍", "play_completion_actions": [{"type": "1", "icon": "https://h5.sinaimg.cn/upload/100/1413/2021/12/22/feed_video_icon_replay.png", "text": "重播", "link": "", "btn_code": 1000, "show_position": 1, "actionlog": {"oid": "2304444982890488856580", "act_code": 1221, "act_type": 0, "source": "video"}}, {"type": 6, "icon": "https://tvax4.sinaimg.cn/crop.0.0.512.512.180/006H8U51ly8h9p1orw24xj30e80e80tt.jpg?KID=imgbed,tva&amp;Expires=1704618371&amp;ssig=lhZsGbRCbB", "text": "", "display_mode": 2, "display_starttime": 5, "display_endtime": 99999, "countdown_time": 5, "show_position": 48, "scheme": "", "link": "", "btn_code": 1009, "actionlog": {"oid": "2304444982890488856580", "act_code": 91, "act_type": 0, "source": "video", "ext": "mid:4982890760766695|oid:1034:4982890488856580|muid:6134301639|authorid:6134301639"}, "ext": {"uid": "6134301639", "user_name": "告白預行絵本", "followers_count": 907064, "verified": true, "verified_type": 0, "verified_type_ext": 1, "verified_reason": "娱乐博主", "level": 3}, "display_type": 0}], "video_publish_time": 1703497137, "play_loop_type": 0, "author_mid": "4982890760766695", "author_name": "告白預行絵本", "extra_info": {"sceneid": "profile_mb"}, "video_download_strategy": {"abandon_download": 0}, "jump_to": 6, "big_pic_info": {"pic_big": {"height": 1080, "url": "https://wx3.sinaimg.cn/orj1080/006H8U51gy1hl666gwdh3j30u00u0gri.jpg", "width": 1080}, "pic_small": {"height": 180, "url": "https://wx3.sinaimg.cn/or180/006H8U51gy1hl666gwdh3j30u00u0gri.jpg", "width": 180}, "pic_middle": {"height": 360, "url": "https://wx3.sinaimg.cn/or360/006H8U51gy1hl666gwdh3j30u00u0gri.jpg", "width": 360}}, "online_users": "5.8万次观看", "online_users_number": 58688, "ttl": 3600, "storage_type": "unistore"}, "page_pic": "https://wx3.sinaimg.cn/orj480/006H8U51gy1hl666gwdh3j30u00u0gri.jpg", "page_title": "告白預行絵本的微博视频", "page_url": "sinaweibo://infopage?containerid=2304444982890488856580&amp;containerid=2304444982890488856580&amp;url_type=39&amp;object_type=video&amp;pos=2", "pic_info": {"pic_big": {"height": "540", "url": "https://wx3.sinaimg.cn/orj480/006H8U51gy1hl666gwdh3j30u00u0gri.jpg", "width": "540"}, "pic_small": {"height": "540", "url": "https://wx3.sinaimg.cn/orj480/006H8U51gy1hl666gwdh3j30u00u0gri.jpg", "width": "540"}, "pic_middle": {"url": "https://wx3.sinaimg.cn/orj480/006H8U51gy1hl666gwdh3j30u00u0gri.jpg", "height": "540", "width": "540"}}, "oid": "6134301639", "type_icon": "", "author_id": "6134301639", "authorid": "6134301639", "warn": "", "short_url": "http://t.cn/A6lOjdBX"}, "scheme": "", "actionlog": {"act_type": 1, "act_code": 799, "lcardid": "", "fid": "1076036499137849_-_WEIBO_SECOND_PROFILE_WEIBO", "mid": "4982890760766695", "oid": "1034:4982890488856580", "uuid": 4982890508058651, "source": "video", "ext": "uid:7774910775|mid:4982890760766695|objectid:1034%3A4982890488856580|from:1|object_duration:3.266|miduid:6134301639|rootuid:6134301639|rootmid:4982890760766695|authorid:6134301639|video_orientation:vertical|third_vid:|is_album:0|is_contribution:0|video_tags:|isfan:0|ua:Mozilla/5.0 (Windows NT 10.0; Win64; x64) AppleWebKit/537.36 (KHTML, like Gecko) Chrome/120.0.0.0 Safari/537.36 WeiboPro/1.0.0|sceneid:profile_mb|uuid:4982890508058651|detail:native|contribution:0|short_video:0|st_video:1|author_mid:4982890760766695|cluster_type_status:|is_ad_weibo:0|source_info:all_mix_1|analysis_card:page_info"}}, {"type": "video", "id": "1034:4982890002579472", "data": {"type": "11", "page_id": "2304444982890002579472", "object_type": "video", "object_id": "1034:4982890002579472", "content1": "告白預行絵本的微博视频", "content2": "You &amp; Me 申有娜 🤍", "act_status": 1, "media_info": {"name": "告白預行絵本的微博视频", "stream_url": "http://f.video.weibocdn.com/u0/CajdllcKgx08bdRAZSha010412000AoM0E010.mp4?label=mp4_ld&amp;template=500x360.25.0&amp;ori=0&amp;ps=1CwnkDw1GXwCQx&amp;Expires=1704611171&amp;ssig=H1%2BsaJ6GGe&amp;KID=unistore,video", "stream_url_hd": "http://f.video.weibocdn.com/u0/2ympVccUgx08bdRAYgKA010412000RVM0E010.mp4?label=mp4_hd&amp;template=664x480.25.0&amp;ori=0&amp;ps=1CwnkDw1GXwCQx&amp;Expires=1704611171&amp;ssig=ja4N7RqmQk&amp;KID=unistore,video", "format": "mp4", "h5_url": "https://video.weibo.com/show?fid=1034:4982890002579472", "mp4_sd_url": "http://f.video.weibocdn.com/u0/CajdllcKgx08bdRAZSha010412000AoM0E010.mp4?label=mp4_ld&amp;template=500x360.25.0&amp;ori=0&amp;ps=1CwnkDw1GXwCQx&amp;Expires=1704611171&amp;ssig=H1%2BsaJ6GGe&amp;KID=unistore,video", "mp4_hd_url": "http://f.video.weibocdn.com/u0/2ympVccUgx08bdRAYgKA010412000RVM0E010.mp4?label=mp4_hd&amp;template=664x480.25.0&amp;ori=0&amp;ps=1CwnkDw1GXwCQx&amp;Expires=1704611171&amp;ssig=ja4N7RqmQk&amp;KID=unistore,video", "h265_mp4_hd": "", "h265_mp4_ld": "", "inch_4_mp4_hd": "", "inch_5_mp4_hd": "", "inch_5_5_mp4_hd": "", "mp4_720p_mp4": "http://f.video.weibocdn.com/u0/w9Zybs4Mgx08bdRB7p7W010412001HkM0E010.mp4?label=mp4_720p&amp;template=1000x720.25.0&amp;ori=0&amp;ps=1CwnkDw1GXwCQx&amp;Expires=1704611171&amp;ssig=PQ1YSb%2BE7n&amp;KID=unistore,video", "hevc_mp4_720p": "", "prefetch_type": 1, "prefetch_size": 262144, "act_status": 1, "protocol": "general,dash", "media_id": "4982890002579472", "origin_total_bitrate": 3272956, "video_orientation": "horizontal", "duration": 3, "forward_strategy": -1, "search_scheme": "sinaweibo://svssearch?containerid=232080", "is_short_video": 0, "vote_is_show": 0, "belong_collection": 0, "titles_display_time": "3", "show_progress_bar": 1, "show_mute_button": true, "ext_info": {"video_orientation": "horizontal"}, "next_title": "You &amp; Me 申有娜 🤍", "kol_title": "You &amp; Me 申有娜 🤍", "play_completion_actions": [{"type": "1", "icon": "https://h5.sinaimg.cn/upload/100/1413/2021/12/22/feed_video_icon_replay.png", "text": "重播", "link": "", "btn_code": 1000, "show_position": 1, "actionlog": {"oid": "2304444982890002579472", "act_code": 1221, "act_type": 0, "source": "video"}}, {"type": 6, "icon": "https://tvax4.sinaimg.cn/crop.0.0.512.512.180/006H8U51ly8h9p1orw24xj30e80e80tt.jpg?KID=imgbed,tva&amp;Expires=1704618371&amp;ssig=lhZsGbRCbB", "text": "", "display_mode": 2, "display_starttime": 5, "display_endtime": 99999, "countdown_time": 5, "show_position": 48, "scheme": "", "link": "", "btn_code": 1009, "actionlog": {"oid": "2304444982890002579472", "act_code": 91, "act_type": 0, "source": "video", "ext": "mid:4982890760766695|oid:1034:4982890002579472|muid:6134301639|authorid:6134301639"}, "ext": {"uid": "6134301639", "user_name": "告白預行絵本", "followers_count": 907064, "verified": true, "verified_type": 0, "verified_type_ext": 1, "verified_reason": "娱乐博主", "level": 3}, "display_type": 0}], "video_publish_time": 1703497019, "play_loop_type": 0, "author_mid": "4982890760766695", "author_name": "告白預行絵本", "extra_info": {"sceneid": "profile_mb"}, "video_download_strategy": {"abandon_download": 0}, "jump_to": 6, "big_pic_info": {"pic_big": {"height": 1080, "url": "https://wx2.sinaimg.cn/orj1080/006H8U51gy1hl664kuq1yj315o0u0dn2.jpg", "width": 1500}, "pic_small": {"height": 150, "url": "https://wx2.sinaimg.cn/or180/006H8U51gy1hl664kuq1yj315o0u0dn2.jpg", "width": 208}, "pic_middle": {"height": 270, "url": "https://wx2.sinaimg.cn/or360/006H8U51gy1hl664kuq1yj315o0u0dn2.jpg", "width": 375}}, "online_users": "7.3万次观看", "online_users_number": 73547, "ttl": 3600, "storage_type": "unistore"}, "page_pic": "https://wx2.sinaimg.cn/orj480/006H8U51gy1hl664kuq1yj315o0u0dn2.jpg", "page_title": "告白預行絵本的微博视频", "page_url": "sinaweibo://infopage?containerid=2304444982890002579472&amp;containerid=2304444982890002579472&amp;url_type=39&amp;object_type=video&amp;pos=2", "pic_info": {"pic_big": {"height": "480", "url": "https://wx2.sinaimg.cn/orj480/006H8U51gy1hl664kuq1yj315o0u0dn2.jpg", "width": "664"}, "pic_small": {"height": "480", "url": "https://wx2.sinaimg.cn/orj480/006H8U51gy1hl664kuq1yj315o0u0dn2.jpg", "width": "664"}, "pic_middle": {"url": "https://wx2.sinaimg.cn/orj480/006H8U51gy1hl664kuq1yj315o0u0dn2.jpg", "height": "480", "width": "664"}}, "oid": "6134301639", "type_icon": "", "author_id": "6134301639", "authorid": "6134301639", "warn": "", "short_url": "http://t.cn/A6lOjdBN"}, "scheme": "", "actionlog": {"act_type": 1, "act_code": 799, "lcardid": "", "fid": "1076036499137849_-_WEIBO_SECOND_PROFILE_WEIBO", "mid": "4982890760766695", "oid": "1034:4982890002579472", "uuid": 4982890013130943, "source": "video", "ext": "uid:7774910775|mid:4982890760766695|objectid:1034%3A4982890002579472|from:1|object_duration:3.158|miduid:6134301639|rootuid:6134301639|rootmid:4982890760766695|authorid:6134301639|video_orientation:horizontal|third_vid:|is_album:0|is_contribution:0|video_tags:|isfan:0|ua:Mozilla/5.0 (Windows NT 10.0; Win64; x64) AppleWebKit/537.36 (KHTML, like Gecko) Chrome/120.0.0.0 Safari/537.36 WeiboPro/1.0.0|sceneid:profile_mb|uuid:4982890013130943|detail:native|contribution:0|short_video:0|st_video:1|author_mid:4982890760766695|cluster_type_status:|is_ad_weibo:0|source_info:all_mix_1|analysis_card:page_info"}}, {"type": "video", "id": "1034:4982889889333256", "data": {"type": "11", "page_id": "2304444982889889333256", "object_type": "video", "object_id": "1034:4982889889333256", "content1": "告白預行絵本的微博视频", "content2": "You &amp; Me 申有娜 🤍", "act_status": 1, "media_info": {"name": "告白預行絵本的微博视频", "stream_url": "http://f.video.weibocdn.com/u0/x6Yd1QMHgx08bdRznJPO010412000KEy0E010.mp4?label=mp4_ld&amp;template=500x360.25.0&amp;ori=0&amp;ps=1CwnkDw1GXwCQx&amp;Expires=1704611171&amp;ssig=xsTVYc1gvV&amp;KID=unistore,video", "stream_url_hd": "http://f.video.weibocdn.com/u0/zuAXvFAdgx08bdRzkpUs0104120019AC0E010.mp4?label=mp4_hd&amp;template=664x480.25.0&amp;ori=0&amp;ps=1CwnkDw1GXwCQx&amp;Expires=1704611171&amp;ssig=UjSNHn0wrc&amp;KID=unistore,video", "format": "mp4", "h5_url": "https://video.weibo.com/show?fid=1034:4982889889333256", "mp4_sd_url": "http://f.video.weibocdn.com/u0/x6Yd1QMHgx08bdRznJPO010412000KEy0E010.mp4?label=mp4_ld&amp;template=500x360.25.0&amp;ori=0&amp;ps=1CwnkDw1GXwCQx&amp;Expires=1704611171&amp;ssig=xsTVYc1gvV&amp;KID=unistore,video", "mp4_hd_url": "http://f.video.weibocdn.com/u0/zuAXvFAdgx08bdRzkpUs0104120019AC0E010.mp4?label=mp4_hd&amp;template=664x480.25.0&amp;ori=0&amp;ps=1CwnkDw1GXwCQx&amp;Expires=1704611171&amp;ssig=UjSNHn0wrc&amp;KID=unistore,video", "h265_mp4_hd": "", "h265_mp4_ld": "", "inch_4_mp4_hd": "", "inch_5_mp4_hd": "", "inch_5_5_mp4_hd": "", "mp4_720p_mp4": "http://f.video.weibocdn.com/u0/QXjfWUflgx08bdRzoamY010412002fsX0E010.mp4?label=mp4_720p&amp;template=1000x720.25.0&amp;ori=0&amp;ps=1CwnkDw1GXwCQx&amp;Expires=1704611171&amp;ssig=wk6E4qo7Ud&amp;KID=unistore,video", "hevc_mp4_720p": "", "prefetch_type": 1, "prefetch_size": 262144, "act_status": 1, "protocol": "general,dash", "media_id": "4982889889333256", "origin_total_bitrate": 2532101, "video_orientation": "horizontal", "duration": 4, "forward_strategy": -1, "search_scheme": "sinaweibo://svssearch?containerid=232080", "is_short_video": 0, "vote_is_show": 0, "belong_collection": 0, "titles_display_time": "3", "show_progress_bar": 1, "show_mute_button": true, "ext_info": {"video_orientation": "horizontal"}, "next_title": "You &amp; Me 申有娜 🤍", "kol_title": "You &amp; Me 申有娜 🤍", "play_completion_actions": [{"type": "1", "icon": "https://h5.sinaimg.cn/upload/100/1413/2021/12/22/feed_video_icon_replay.png", "text": "重播", "link": "", "btn_code": 1000, "show_position": 1, "actionlog": {"oid": "2304444982889889333256", "act_code": 1221, "act_type": 0, "source": "video"}}, {"type": 6, "icon": "https://tvax4.sinaimg.cn/crop.0.0.512.512.180/006H8U51ly8h9p1orw24xj30e80e80tt.jpg?KID=imgbed,tva&amp;Expires=1704618371&amp;ssig=lhZsGbRCbB", "text": "", "display_mode": 2, "display_starttime": 5, "display_endtime": 99999, "countdown_time": 5, "show_position": 48, "scheme": "", "link": "", "btn_code": 1009, "actionlog": {"oid": "2304444982889889333256", "act_code": 91, "act_type": 0, "source": "video", "ext": "mid:4982890760766695|oid:1034:4982889889333256|muid:6134301639|authorid:6134301639"}, "ext": {"uid": "6134301639", "user_name": "告白預行絵本", "followers_count": 907064, "verified": true, "verified_type": 0, "verified_type_ext": 1, "verified_reason": "娱乐博主", "level": 3}, "display_type": 0}], "video_publish_time": 1703496991, "play_loop_type": 0, "author_mid": "4982890760766695", "author_name": "告白預行絵本", "extra_info": {"sceneid": "profile_mb"}, "video_download_strategy": {"abandon_download": 0}, "jump_to": 6, "big_pic_info": {"pic_big": {"height": 1080, "url": "https://wx4.sinaimg.cn/orj1080/006H8U51gy1hl6643b8wyj315o0u0tfw.jpg", "width": 1500}, "pic_small": {"height": 150, "url": "https://wx4.sinaimg.cn/or180/006H8U51gy1hl6643b8wyj315o0u0tfw.jpg", "width": 208}, "pic_middle": {"height": 270, "url": "https://wx4.sinaimg.cn/or360/006H8U51gy1hl6643b8wyj315o0u0tfw.jpg", "width": 375}}, "online_users": "6.1万次观看", "online_users_number": 61427, "ttl": 3600, "storage_type": "unistore"}, "page_pic": "https://wx4.sinaimg.cn/orj480/006H8U51gy1hl6643b8wyj315o0u0tfw.jpg", "page_title": "告白預行絵本的微博视频", "page_url": "sinaweibo://infopage?containerid=2304444982889889333256&amp;containerid=2304444982889889333256&amp;url_type=39&amp;object_type=video&amp;pos=2", "pic_info": {"pic_big": {"height": "480", "url": "https://wx4.sinaimg.cn/orj480/006H8U51gy1hl6643b8wyj315o0u0tfw.jpg", "width": "664"}, "pic_small": {"height": "480", "url": "https://wx4.sinaimg.cn/orj480/006H8U51gy1hl6643b8wyj315o0u0tfw.jpg", "width": "664"}, "pic_middle": {"url": "https://wx4.sinaimg.cn/orj480/006H8U51gy1hl6643b8wyj315o0u0tfw.jpg", "height": "480", "width": "664"}}, "oid": "6134301639", "type_icon": "", "author_id": "6134301639", "authorid": "6134301639", "warn": "", "short_url": "http://t.cn/A6lOjdBl"}, "scheme": "", "actionlog": {"act_type": 1, "act_code": 799, "lcardid": "", "fid": "1076036499137849_-_WEIBO_SECOND_PROFILE_WEIBO", "mid": "4982890760766695", "oid": "1034:4982889889333256", "uuid": 4982889895690407, "source": "video", "ext": "uid:7774910775|mid:4982890760766695|objectid:1034%3A4982889889333256|from:1|object_duration:4.039|miduid:6134301639|rootuid:6134301639|rootmid:4982890760766695|authorid:6134301639|video_orientation:horizontal|third_vid:|is_album:0|is_contribution:0|video_tags:|isfan:0|ua:Mozilla/5.0 (Windows NT 10.0; Win64; x64) AppleWebKit/537.36 (KHTML, like Gecko) Chrome/120.0.0.0 Safari/537.36 WeiboPro/1.0.0|sceneid:profile_mb|uuid:4982889895690407|detail:native|contribution:0|short_video:0|st_video:1|author_mid:4982890760766695|cluster_type_status:|is_ad_weibo:0|source_info:all_mix_1|analysis_card:page_info"}}, {"type": "video", "id": "1034:4982890102980622", "data": {"type": "11", "page_id": "2304444982890102980622", "object_type": "video", "object_id": "1034:4982890102980622", "content1": "告白預行絵本的微博视频", "content2": "You &amp; Me 申有娜 🤍", "act_status": 1, "media_info": {"name": "告白預行絵本的微博视频", "stream_url": "http://f.video.weibocdn.com/u0/la4gMpqXgx08bdRDm65W010412003yK90E010.mp4?label=mp4_720p&amp;template=720x720.24.0&amp;ori=0&amp;ps=1CwnkDw1GXwCQx&amp;Expires=1704611171&amp;ssig=uuCC4IQYHC&amp;KID=unistore,video", "stream_url_hd": "http://f.video.weibocdn.com/u0/la4gMpqXgx08bdRDm65W010412003yK90E010.mp4?label=mp4_720p&amp;template=720x720.24.0&amp;ori=0&amp;ps=1CwnkDw1GXwCQx&amp;Expires=1704611171&amp;ssig=uuCC4IQYHC&amp;KID=unistore,video", "format": "mp4", "h5_url": "https://video.weibo.com/show?fid=1034:4982890102980622", "mp4_sd_url": "http://f.video.weibocdn.com/u0/la4gMpqXgx08bdRDm65W010412003yK90E010.mp4?label=mp4_720p&amp;template=720x720.24.0&amp;ori=0&amp;ps=1CwnkDw1GXwCQx&amp;Expires=1704611171&amp;ssig=uuCC4IQYHC&amp;KID=unistore,video", "mp4_hd_url": "http://f.video.weibocdn.com/u0/la4gMpqXgx08bdRDm65W010412003yK90E010.mp4?label=mp4_720p&amp;template=720x720.24.0&amp;ori=0&amp;ps=1CwnkDw1GXwCQx&amp;Expires=1704611171&amp;ssig=uuCC4IQYHC&amp;KID=unistore,video", "h265_mp4_hd": "http://f.video.weibocdn.com/u0/la4gMpqXgx08bdRDm65W010412003yK90E010.mp4?label=mp4_720p&amp;template=720x720.24.0&amp;ori=0&amp;ps=1CwnkDw1GXwCQx&amp;Expires=1704611171&amp;ssig=uuCC4IQYHC&amp;KID=unistore,video", "h265_mp4_ld": "http://f.video.weibocdn.com/u0/la4gMpqXgx08bdRDm65W010412003yK90E010.mp4?label=mp4_720p&amp;template=720x720.24.0&amp;ori=0&amp;ps=1CwnkDw1GXwCQx&amp;Expires=1704611171&amp;ssig=uuCC4IQYHC&amp;KID=unistore,video", "inch_4_mp4_hd": "http://f.video.weibocdn.com/u0/la4gMpqXgx08bdRDm65W010412003yK90E010.mp4?label=mp4_720p&amp;template=720x720.24.0&amp;ori=0&amp;ps=1CwnkDw1GXwCQx&amp;Expires=1704611171&amp;ssig=uuCC4IQYHC&amp;KID=unistore,video", "inch_5_mp4_hd": "http://f.video.weibocdn.com/u0/la4gMpqXgx08bdRDm65W010412003yK90E010.mp4?label=mp4_720p&amp;template=720x720.24.0&amp;ori=0&amp;ps=1CwnkDw1GXwCQx&amp;Expires=1704611171&amp;ssig=uuCC4IQYHC&amp;KID=unistore,video", "inch_5_5_mp4_hd": "http://f.video.weibocdn.com/u0/la4gMpqXgx08bdRDm65W010412003yK90E010.mp4?label=mp4_720p&amp;template=720x720.24.0&amp;ori=0&amp;ps=1CwnkDw1GXwCQx&amp;Expires=1704611171&amp;ssig=uuCC4IQYHC&amp;KID=unistore,video", "mp4_720p_mp4": "http://f.video.weibocdn.com/u0/la4gMpqXgx08bdRDm65W010412003yK90E010.mp4?label=mp4_720p&amp;template=720x720.24.0&amp;ori=0&amp;ps=1CwnkDw1GXwCQx&amp;Expires=1704611171&amp;ssig=uuCC4IQYHC&amp;KID=unistore,video", "hevc_mp4_720p": "", "prefetch_type": 1, "prefetch_size": 262144, "act_status": 1, "protocol": "general,dash", "media_id": "4982890102980622", "origin_total_bitrate": 16992594, "video_orientation": "vertical", "duration": 6, "forward_strategy": -1, "search_scheme": "sinaweibo://svssearch?containerid=232080", "is_short_video": 0, "vote_is_show": 0, "belong_collection": 0, "titles_display_time": "3", "show_progress_bar": 1, "show_mute_button": true, "ext_info": {"video_orientation": "vertical"}, "next_title": "You &amp; Me 申有娜 🤍", "kol_title": "You &amp; Me 申有娜 🤍", "play_completion_actions": [{"type": "1", "icon": "https://h5.sinaimg.cn/upload/100/1413/2021/12/22/feed_video_icon_replay.png", "text": "重播", "link": "", "btn_code": 1000, "show_position": 1, "actionlog": {"oid": "2304444982890102980622", "act_code": 1221, "act_type": 0, "source": "video"}}, {"type": 6, "icon": "https://tvax4.sinaimg.cn/crop.0.0.512.512.180/006H8U51ly8h9p1orw24xj30e80e80tt.jpg?KID=imgbed,tva&amp;Expires=1704618371&amp;ssig=lhZsGbRCbB", "text": "", "display_mode": 2, "display_starttime": 5, "display_endtime": 99999, "countdown_time": 5, "show_position": 48, "scheme": "", "link": "", "btn_code": 1009, "actionlog": {"oid": "2304444982890102980622", "act_code": 91, "act_type": 0, "source": "video", "ext": "mid:4982890760766695|oid:1034:4982890102980622|muid:6134301639|authorid:6134301639"}, "ext": {"uid": "6134301639", "user_name": "告白預行絵本", "followers_count": 907064, "verified": true, "verified_type": 0, "verified_type_ext": 1, "verified_reason": "娱乐博主", "level": 3}, "display_type": 0}], "video_publish_time": 1703497047, "play_loop_type": 0, "author_mid": "4982890760766695", "author_name": "告白預行絵本", "extra_info": {"sceneid": "profile_mb"}, "video_download_strategy": {"abandon_download": 0}, "jump_to": 6, "big_pic_info": {"pic_big": {"height": 1080, "url": "https://wx4.sinaimg.cn/orj1080/006H8U51gy1hl6653ieilj30u00u079p.jpg", "width": 1080}, "pic_small": {"height": 180, "url": "https://wx4.sinaimg.cn/or180/006H8U51gy1hl6653ieilj30u00u079p.jpg", "width": 180}, "pic_middle": {"height": 360, "url": "https://wx4.sinaimg.cn/or360/006H8U51gy1hl6653ieilj30u00u079p.jpg", "width": 360}}, "online_users": "1.9万次观看", "online_users_number": 19808, "ttl": 3600, "storage_type": "unistore"}, "page_pic": "https://wx4.sinaimg.cn/orj480/006H8U51gy1hl6653ieilj30u00u079p.jpg", "page_title": "告白預行絵本的微博视频", "page_url": "sinaweibo://infopage?containerid=2304444982890102980622&amp;containerid=2304444982890102980622&amp;url_type=39&amp;object_type=video&amp;pos=2", "pic_info": {"pic_big": {"height": "540", "url": "https://wx4.sinaimg.cn/orj480/006H8U51gy1hl6653ieilj30u00u079p.jpg", "width": "540"}, "pic_small": {"height": "540", "url": "https://wx4.sinaimg.cn/orj480/006H8U51gy1hl6653ieilj30u00u079p.jpg", "width": "540"}, "pic_middle": {"url": "https://wx4.sinaimg.cn/orj480/006H8U51gy1hl6653ieilj30u00u079p.jpg", "height": "540", "width": "540"}}, "oid": "6134301639", "type_icon": "", "author_id": "6134301639", "authorid": "6134301639", "warn": "", "short_url": "http://t.cn/A6lOjdBY"}, "scheme": "", "actionlog": {"act_type": 1, "act_code": 799, "lcardid": "", "fid": "1076036499137849_-_WEIBO_SECOND_PROFILE_WEIBO", "mid": "4982890760766695", "oid": "1034:4982890102980622", "uuid": 4982890130833473, "source": "video", "ext": "uid:7774910775|mid:4982890760766695|objectid:1034%3A4982890102980622|from:1|object_duration:6.933|miduid:6134301639|rootuid:6134301639|rootmid:4982890760766695|authorid:6134301639|video_orientation:vertical|third_vid:|is_album:0|is_contribution:0|video_tags:|isfan:0|ua:Mozilla/5.0 (Windows NT 10.0; Win64; x64) AppleWebKit/537.36 (KHTML, like Gecko) Chrome/120.0.0.0 Safari/537.36 WeiboPro/1.0.0|sceneid:profile_mb|uuid:4982890130833473|detail:native|contribution:0|short_video:0|st_video:1|author_mid:4982890760766695|cluster_type_status:|is_ad_weibo:0|source_info:all_mix_1|analysis_card:page_info"}}, {"type": "video", "id": "1034:4982890174545947", "data": {"type": "11", "page_id": "2304444982890174545947", "object_type": "video", "object_id": "1034:4982890174545947", "content1": "告白預行絵本的微博视频", "content2": "You &amp; Me 申有娜 🤍", "act_status": 1, "media_info": {"name": "告白預行絵本的微博视频", "stream_url": "http://f.video.weibocdn.com/u0/RXXjMAJEgx08bdRE6Lna010412000OAr0E010.mp4?label=mp4_ld&amp;template=460x360.25.0&amp;ori=0&amp;ps=1CwnkDw1GXwCQx&amp;Expires=1704611171&amp;ssig=o8WN2dSLEK&amp;KID=unistore,video", "stream_url_hd": "http://f.video.weibocdn.com/u0/yxlipldsgx08bdRDYeYE010412001gfV0E010.mp4?label=mp4_hd&amp;template=616x480.25.0&amp;ori=0&amp;ps=1CwnkDw1GXwCQx&amp;Expires=1704611171&amp;ssig=d61HqrECxw&amp;KID=unistore,video", "format": "mp4", "h5_url": "https://video.weibo.com/show?fid=1034:4982890174545947", "mp4_sd_url": "http://f.video.weibocdn.com/u0/RXXjMAJEgx08bdRE6Lna010412000OAr0E010.mp4?label=mp4_ld&amp;template=460x360.25.0&amp;ori=0&amp;ps=1CwnkDw1GXwCQx&amp;Expires=1704611171&amp;ssig=o8WN2dSLEK&amp;KID=unistore,video", "mp4_hd_url": "http://f.video.weibocdn.com/u0/yxlipldsgx08bdRDYeYE010412001gfV0E010.mp4?label=mp4_hd&amp;template=616x480.25.0&amp;ori=0&amp;ps=1CwnkDw1GXwCQx&amp;Expires=1704611171&amp;ssig=d61HqrECxw&amp;KID=unistore,video", "h265_mp4_hd": "", "h265_mp4_ld": "", "inch_4_mp4_hd": "", "inch_5_mp4_hd": "", "inch_5_5_mp4_hd": "", "mp4_720p_mp4": "http://f.video.weibocdn.com/u0/duFfvASGgx08bdREcne8010412002mdo0E010.mp4?label=mp4_720p&amp;template=926x720.25.0&amp;ori=0&amp;ps=1CwnkDw1GXwCQx&amp;Expires=1704611171&amp;ssig=SPv9Dg1ZAv&amp;KID=unistore,video", "hevc_mp4_720p": "", "prefetch_type": 1, "prefetch_size": 262144, "act_status": 1, "protocol": "general,dash", "media_id": "4982890174545947", "origin_total_bitrate": 18070104, "video_orientation": "horizontal", "duration": 3, "forward_strategy": -1, "search_scheme": "sinaweibo://svssearch?containerid=232080", "is_short_video": 0, "vote_is_show": 0, "belong_collection": 0, "titles_display_time": "3", "show_progress_bar": 1, "show_mute_button": true, "ext_info": {"video_orientation": "horizontal"}, "next_title": "You &amp; Me 申有娜 🤍", "kol_title": "You &amp; Me 申有娜 🤍", "play_completion_actions": [{"type": "1", "icon": "https://h5.sinaimg.cn/upload/100/1413/2021/12/22/feed_video_icon_replay.png", "text": "重播", "link": "", "btn_code": 1000, "show_position": 1, "actionlog": {"oid": "2304444982890174545947", "act_code": 1221, "act_type": 0, "source": "video"}}, {"type": 6, "icon": "https://tvax4.sinaimg.cn/crop.0.0.512.512.180/006H8U51ly8h9p1orw24xj30e80e80tt.jpg?KID=imgbed,tva&amp;Expires=1704618371&amp;ssig=lhZsGbRCbB", "text": "", "display_mode": 2, "display_starttime": 5, "display_endtime": 99999, "countdown_time": 5, "show_position": 48, "scheme": "", "link": "", "btn_code": 1009, "actionlog": {"oid": "2304444982890174545947", "act_code": 91, "act_type": 0, "source": "video", "ext": "mid:4982890760766695|oid:1034:4982890174545947|muid:6134301639|authorid:6134301639"}, "ext": {"uid": "6134301639", "user_name": "告白預行絵本", "followers_count": 907064, "verified": true, "verified_type": 0, "verified_type_ext": 1, "verified_reason": "娱乐博主", "level": 3}, "display_type": 0}], "video_publish_time": 1703497062, "play_loop_type": 0, "author_mid": "4982890760766695", "author_name": "告白預行絵本", "extra_info": {"sceneid": "profile_mb"}, "video_download_strategy": {"abandon_download": 0}, "jump_to": 6, "big_pic_info": {"pic_big": {"height": 1080, "url": "https://wx4.sinaimg.cn/orj1080/006H8U51gy1hl665c4bznj312o0u00yi.jpg", "width": 1392}, "pic_small": {"height": 150, "url": "https://wx4.sinaimg.cn/or180/006H8U51gy1hl665c4bznj312o0u00yi.jpg", "width": 193}, "pic_middle": {"height": 270, "url": "https://wx4.sinaimg.cn/or360/006H8U51gy1hl665c4bznj312o0u00yi.jpg", "width": 348}}, "online_users": "1.4万次观看", "online_users_number": 14152, "ttl": 3600, "storage_type": "unistore"}, "page_pic": "https://wx4.sinaimg.cn/orj480/006H8U51gy1hl665c4bznj312o0u00yi.jpg", "page_title": "告白預行絵本的微博视频", "page_url": "sinaweibo://infopage?containerid=2304444982890174545947&amp;containerid=2304444982890174545947&amp;url_type=39&amp;object_type=video&amp;pos=2", "pic_info": {"pic_big": {"height": "480", "url": "https://wx4.sinaimg.cn/orj480/006H8U51gy1hl665c4bznj312o0u00yi.jpg", "width": "616"}, "pic_small": {"height": "480", "url": "https://wx4.sinaimg.cn/orj480/006H8U51gy1hl665c4bznj312o0u00yi.jpg", "width": "616"}, "pic_middle": {"url": "https://wx4.sinaimg.cn/orj480/006H8U51gy1hl665c4bznj312o0u00yi.jpg", "height": "480", "width": "616"}}, "oid": "6134301639", "type_icon": "", "author_id": "6134301639", "authorid": "6134301639", "warn": "", "short_url": "http://t.cn/A6lOjdBE"}, "scheme": "", "actionlog": {"act_type": 1, "act_code": 799, "lcardid": "", "fid": "1076036499137849_-_WEIBO_SECOND_PROFILE_WEIBO", "mid": "4982890760766695", "oid": "1034:4982890174545947", "uuid": 4982890193748036, "source": "video", "ext": "uid:7774910775|mid:4982890760766695|objectid:1034%3A4982890174545947|from:1|object_duration:3.205|miduid:6134301639|rootuid:6134301639|rootmid:4982890760766695|authorid:6134301639|video_orientation:horizontal|third_vid:|is_album:0|is_contribution:0|video_tags:|isfan:0|ua:Mozilla/5.0 (Windows NT 10.0; Win64; x64) AppleWebKit/537.36 (KHTML, like Gecko) Chrome/120.0.0.0 Safari/537.36 WeiboPro/1.0.0|sceneid:profile_mb|uuid:4982890193748036|detail:native|contribution:0|short_video:0|st_video:1|author_mid:4982890760766695|cluster_type_status:|is_ad_weibo:0|source_info:all_mix_1|analysis_card:page_info"}}, {"type": "video", "id": "1034:4982889947791423", "data": {"type": "11", "page_id": "2304444982889947791423", "object_type": "video", "object_id": "1034:4982889947791423", "content1": "告白預行絵本的微博视频", "content2": "You &amp; Me 申有娜 🤍", "act_status": 1, "media_info": {"name": "告白預行絵本的微博视频", "stream_url": "http://f.video.weibocdn.com/u0/FgMRnVVpgx08bdRAk5y0010412002nWX0E010.mp4?label=mp4_ld&amp;template=500x360.25.0&amp;ori=0&amp;ps=1CwnkDw1GXwCQx&amp;Expires=1704611171&amp;ssig=6E5unz6O4t&amp;KID=unistore,video", "stream_url_hd": "http://f.video.weibocdn.com/u0/bobqKxVigx08bdRAipuo010412003xmj0E010.mp4?label=mp4_hd&amp;template=664x480.25.0&amp;ori=0&amp;ps=1CwnkDw1GXwCQx&amp;Expires=1704611171&amp;ssig=Bfi0LJIjoV&amp;KID=unistore,video", "format": "mp4", "h5_url": "https://video.weibo.com/show?fid=1034:4982889947791423", "mp4_sd_url": "http://f.video.weibocdn.com/u0/FgMRnVVpgx08bdRAk5y0010412002nWX0E010.mp4?label=mp4_ld&amp;template=500x360.25.0&amp;ori=0&amp;ps=1CwnkDw1GXwCQx&amp;Expires=1704611171&amp;ssig=6E5unz6O4t&amp;KID=unistore,video", "mp4_hd_url": "http://f.video.weibocdn.com/u0/bobqKxVigx08bdRAipuo010412003xmj0E010.mp4?label=mp4_hd&amp;template=664x480.25.0&amp;ori=0&amp;ps=1CwnkDw1GXwCQx&amp;Expires=1704611171&amp;ssig=Bfi0LJIjoV&amp;KID=unistore,video", "h265_mp4_hd": "", "h265_mp4_ld": "", "inch_4_mp4_hd": "", "inch_5_mp4_hd": "", "inch_5_5_mp4_hd": "", "mp4_720p_mp4": "http://f.video.weibocdn.com/u0/r1iKppdDgx08bdRAGyRa010412006yF70E010.mp4?label=mp4_720p&amp;template=1000x720.25.0&amp;ori=0&amp;ps=1CwnkDw1GXwCQx&amp;Expires=1704611171&amp;ssig=%2BXENdwTy45&amp;KID=unistore,video", "hevc_mp4_720p": "", "prefetch_type": 1, "prefetch_size": 262144, "act_status": 1, "protocol": "general,dash", "media_id": "4982889947791423", "origin_total_bitrate": 4423293, "video_orientation": "horizontal", "duration": 8, "forward_strategy": -1, "search_scheme": "sinaweibo://svssearch?containerid=232080", "is_short_video": 0, "vote_is_show": 0, "belong_collection": 0, "titles_display_time": "3", "show_progress_bar": 1, "show_mute_button": true, "ext_info": {"video_orientation": "horizontal"}, "next_title": "You &amp; Me 申有娜 🤍", "kol_title": "You &amp; Me 申有娜 🤍", "play_completion_actions": [{"type": "1", "icon": "https://h5.sinaimg.cn/upload/100/1413/2021/12/22/feed_video_icon_replay.png", "text": "重播", "link": "", "btn_code": 1000, "show_position": 1, "actionlog": {"oid": "2304444982889947791423", "act_code": 1221, "act_type": 0, "source": "video"}}, {"type": 6, "icon": "https://tvax4.sinaimg.cn/crop.0.0.512.512.180/006H8U51ly8h9p1orw24xj30e80e80tt.jpg?KID=imgbed,tva&amp;Expires=1704618371&amp;ssig=lhZsGbRCbB", "text": "", "display_mode": 2, "display_starttime": 5, "display_endtime": 99999, "countdown_time": 5, "show_position": 48, "scheme": "", "link": "", "btn_code": 1009, "actionlog": {"oid": "2304444982889947791423", "act_code": 91, "act_type": 0, "source": "video", "ext": "mid:4982890760766695|oid:1034:4982889947791423|muid:6134301639|authorid:6134301639"}, "ext": {"uid": "6134301639", "user_name": "告白預行絵本", "followers_count": 907064, "verified": true, "verified_type": 0, "verified_type_ext": 1, "verified_reason": "娱乐博主", "level": 3}, "display_type": 0}], "video_publish_time": 1703497007, "play_loop_type": 0, "author_mid": "4982890760766695", "author_name": "告白預行絵本", "extra_info": {"sceneid": "profile_mb"}, "video_download_strategy": {"abandon_download": 0}, "jump_to": 6, "big_pic_info": {"pic_big": {"height": 1080, "url": "https://wx4.sinaimg.cn/orj1080/006H8U51gy1hl664csq6oj315o0u0n4l.jpg", "width": 1500}, "pic_small": {"height": 150, "url": "https://wx4.sinaimg.cn/or180/006H8U51gy1hl664csq6oj315o0u0n4l.jpg", "width": 208}, "pic_middle": {"height": 270, "url": "https://wx4.sinaimg.cn/or360/006H8U51gy1hl664csq6oj315o0u0n4l.jpg", "width": 375}}, "online_users": "6.6万次观看", "online_users_number": 66366, "ttl": 3600, "storage_type": "unistore"}, "page_pic": "https://wx4.sinaimg.cn/orj480/006H8U51gy1hl664csq6oj315o0u0n4l.jpg", "page_title": "告白預行絵本的微博视频", "page_url": "sinaweibo://infopage?containerid=2304444982889947791423&amp;containerid=2304444982889947791423&amp;url_type=39&amp;object_type=video&amp;pos=2", "pic_info": {"pic_big": {"height": "480", "url": "https://wx4.sinaimg.cn/orj480/006H8U51gy1hl664csq6oj315o0u0n4l.jpg", "width": "664"}, "pic_small": {"height": "480", "url": "https://wx4.sinaimg.cn/orj480/006H8U51gy1hl664csq6oj315o0u0n4l.jpg", "width": "664"}, "pic_middle": {"url": "https://wx4.sinaimg.cn/orj480/006H8U51gy1hl664csq6oj315o0u0n4l.jpg", "height": "480", "width": "664"}}, "oid": "6134301639", "type_icon": "", "author_id": "6134301639", "authorid": "6134301639", "warn": "", "short_url": "http://t.cn/A6lOjdB3"}, "scheme": "", "actionlog": {"act_type": 1, "act_code": 799, "lcardid": "", "fid": "1076036499137849_-_WEIBO_SECOND_PROFILE_WEIBO", "mid": "4982890760766695", "oid": "1034:4982889947791423", "uuid": 4982889962799116, "source": "video", "ext": "uid:7774910775|mid:4982890760766695|objectid:1034%3A4982889947791423|from:1|object_duration:8.01|miduid:6134301639|rootuid:6134301639|rootmid:4982890760766695|authorid:6134301639|video_orientation:horizontal|third_vid:|is_album:0|is_contribution:0|video_tags:|isfan:0|ua:Mozilla/5.0 (Windows NT 10.0; Win64; x64) AppleWebKit/537.36 (KHTML, like Gecko) Chrome/120.0.0.0 Safari/537.36 WeiboPro/1.0.0|sceneid:profile_mb|uuid:4982889962799116|detail:native|contribution:0|short_video:0|st_video:1|author_mid:4982890760766695|cluster_type_status:|is_ad_weibo:0|source_info:all_mix_1|analysis_card:page_info"}}, {"type": "video", "id": "1034:4982890035871784", "data": {"type": "11", "page_id": "2304444982890035871784", "object_type": "video", "object_id": "1034:4982890035871784", "content1": "告白預行絵本的微博视频", "content2": "You &amp; Me 申有娜 🤍", "act_status": 1, "media_info": {"name": "告白預行絵本的微博视频", "stream_url": "http://f.video.weibocdn.com/u0/JQa9CMYPgx08bdRBwquI010412002XtX0E010.mp4?label=mp4_720p&amp;template=720x720.24.0&amp;ori=0&amp;ps=1CwnkDw1GXwCQx&amp;Expires=1704611171&amp;ssig=1NZIUWVqNz&amp;KID=unistore,video", "stream_url_hd": "http://f.video.weibocdn.com/u0/JQa9CMYPgx08bdRBwquI010412002XtX0E010.mp4?label=mp4_720p&amp;template=720x720.24.0&amp;ori=0&amp;ps=1CwnkDw1GXwCQx&amp;Expires=1704611171&amp;ssig=1NZIUWVqNz&amp;KID=unistore,video", "format": "mp4", "h5_url": "https://video.weibo.com/show?fid=1034:4982890035871784", "mp4_sd_url": "http://f.video.weibocdn.com/u0/JQa9CMYPgx08bdRBwquI010412002XtX0E010.mp4?label=mp4_720p&amp;template=720x720.24.0&amp;ori=0&amp;ps=1CwnkDw1GXwCQx&amp;Expires=1704611171&amp;ssig=1NZIUWVqNz&amp;KID=unistore,video", "mp4_hd_url": "http://f.video.weibocdn.com/u0/JQa9CMYPgx08bdRBwquI010412002XtX0E010.mp4?label=mp4_720p&amp;template=720x720.24.0&amp;ori=0&amp;ps=1CwnkDw1GXwCQx&amp;Expires=1704611171&amp;ssig=1NZIUWVqNz&amp;KID=unistore,video", "h265_mp4_hd": "http://f.video.weibocdn.com/u0/JQa9CMYPgx08bdRBwquI010412002XtX0E010.mp4?label=mp4_720p&amp;template=720x720.24.0&amp;ori=0&amp;ps=1CwnkDw1GXwCQx&amp;Expires=1704611171&amp;ssig=1NZIUWVqNz&amp;KID=unistore,video", "h265_mp4_ld": "http://f.video.weibocdn.com/u0/JQa9CMYPgx08bdRBwquI010412002XtX0E010.mp4?label=mp4_720p&amp;template=720x720.24.0&amp;ori=0&amp;ps=1CwnkDw1GXwCQx&amp;Expires=1704611171&amp;ssig=1NZIUWVqNz&amp;KID=unistore,video", "inch_4_mp4_hd": "http://f.video.weibocdn.com/u0/JQa9CMYPgx08bdRBwquI010412002XtX0E010.mp4?label=mp4_720p&amp;template=720x720.24.0&amp;ori=0&amp;ps=1CwnkDw1GXwCQx&amp;Expires=1704611171&amp;ssig=1NZIUWVqNz&amp;KID=unistore,video", "inch_5_mp4_hd": "http://f.video.weibocdn.com/u0/JQa9CMYPgx08bdRBwquI010412002XtX0E010.mp4?label=mp4_720p&amp;template=720x720.24.0&amp;ori=0&amp;ps=1CwnkDw1GXwCQx&amp;Expires=1704611171&amp;ssig=1NZIUWVqNz&amp;KID=unistore,video", "inch_5_5_mp4_hd": "http://f.video.weibocdn.com/u0/JQa9CMYPgx08bdRBwquI010412002XtX0E010.mp4?label=mp4_720p&amp;template=720x720.24.0&amp;ori=0&amp;ps=1CwnkDw1GXwCQx&amp;Expires=1704611171&amp;ssig=1NZIUWVqNz&amp;KID=unistore,video", "mp4_720p_mp4": "http://f.video.weibocdn.com/u0/JQa9CMYPgx08bdRBwquI010412002XtX0E010.mp4?label=mp4_720p&amp;template=720x720.24.0&amp;ori=0&amp;ps=1CwnkDw1GXwCQx&amp;Expires=1704611171&amp;ssig=1NZIUWVqNz&amp;KID=unistore,video", "hevc_mp4_720p": "", "prefetch_type": 1, "prefetch_size": 262144, "act_status": 1, "protocol": "general,dash", "media_id": "4982890035871784", "origin_total_bitrate": 1974235, "video_orientation": "vertical", "duration": 7, "forward_strategy": -1, "search_scheme": "sinaweibo://svssearch?containerid=232080", "is_short_video": 0, "vote_is_show": 0, "belong_collection": 0, "titles_display_time": "3", "show_progress_bar": 1, "show_mute_button": true, "ext_info": {"video_orientation": "vertical"}, "next_title": "You &amp; Me 申有娜 🤍", "kol_title": "You &amp; Me 申有娜 🤍", "play_completion_actions": [{"type": "1", "icon": "https://h5.sinaimg.cn/upload/100/1413/2021/12/22/feed_video_icon_replay.png", "text": "重播", "link": "", "btn_code": 1000, "show_position": 1, "actionlog": {"oid": "2304444982890035871784", "act_code": 1221, "act_type": 0, "source": "video"}}, {"type": 6, "icon": "https://tvax4.sinaimg.cn/crop.0.0.512.512.180/006H8U51ly8h9p1orw24xj30e80e80tt.jpg?KID=imgbed,tva&amp;Expires=1704618371&amp;ssig=lhZsGbRCbB", "text": "", "display_mode": 2, "display_starttime": 5, "display_endtime": 99999, "countdown_time": 5, "show_position": 48, "scheme": "", "link": "", "btn_code": 1009, "actionlog": {"oid": "2304444982890035871784", "act_code": 91, "act_type": 0, "source": "video", "ext": "mid:4982890760766695|oid:1034:4982890035871784|muid:6134301639|authorid:6134301639"}, "ext": {"uid": "6134301639", "user_name": "告白預行絵本", "followers_count": 907064, "verified": true, "verified_type": 0, "verified_type_ext": 1, "verified_reason": "娱乐博主", "level": 3}, "display_type": 0}], "video_publish_time": 1703497027, "play_loop_type": 0, "author_mid": "4982890760766695", "author_name": "告白預行絵本", "extra_info": {"sceneid": "profile_mb"}, "video_download_strategy": {"abandon_download": 0}, "jump_to": 6, "big_pic_info": {"pic_big": {"height": 1080, "url": "https://wx1.sinaimg.cn/orj1080/006H8U51gy1hl664p1f4hj30u00u00xg.jpg", "width": 1080}, "pic_small": {"height": 180, "url": "https://wx1.sinaimg.cn/or180/006H8U51gy1hl664p1f4hj30u00u00xg.jpg", "width": 180}, "pic_middle": {"height": 360, "url": "https://wx1.sinaimg.cn/or360/006H8U51gy1hl664p1f4hj30u00u00xg.jpg", "width": 360}}, "online_users": "1.3万次观看", "online_users_number": 13551, "ttl": 3600, "storage_type": "unistore"}, "page_pic": "https://wx1.sinaimg.cn/orj480/006H8U51gy1hl664p1f4hj30u00u00xg.jpg", "page_title": "告白預行絵本的微博视频", "page_url": "sinaweibo://infopage?containerid=2304444982890035871784&amp;containerid=2304444982890035871784&amp;url_type=39&amp;object_type=video&amp;pos=2", "pic_info": {"pic_big": {"height": "540", "url": "https://wx1.sinaimg.cn/orj480/006H8U51gy1hl664p1f4hj30u00u00xg.jpg", "width": "540"}, "pic_small": {"height": "540", "url": "https://wx1.sinaimg.cn/orj480/006H8U51gy1hl664p1f4hj30u00u00xg.jpg", "width": "540"}, "pic_middle": {"url": "https://wx1.sinaimg.cn/orj480/006H8U51gy1hl664p1f4hj30u00u00xg.jpg", "height": "540", "width": "540"}}, "oid": "6134301639", "type_icon": "", "author_id": "6134301639", "authorid": "6134301639", "warn": "", "short_url": "http://t.cn/A6lOjdBF"}, "scheme": "", "actionlog": {"act_type": 1, "act_code": 799, "lcardid": "", "fid": "1076036499137849_-_WEIBO_SECOND_PROFILE_WEIBO", "mid": "4982890760766695", "oid": "1034:4982890035871784", "uuid": 4982890046685353, "source": "video", "ext": "uid:7774910775|mid:4982890760766695|objectid:1034%3A4982890035871784|from:1|object_duration:7.477|miduid:6134301639|rootuid:6134301639|rootmid:4982890760766695|authorid:6134301639|video_orientation:vertical|third_vid:|is_album:0|is_contribution:0|video_tags:|isfan:0|ua:Mozilla/5.0 (Windows NT 10.0; Win64; x64) AppleWebKit/537.36 (KHTML, like Gecko) Chrome/120.0.0.0 Safari/537.36 WeiboPro/1.0.0|sceneid:profile_mb|uuid:4982890046685353|detail:native|contribution:0|short_video:0|st_video:1|author_mid:4982890760766695|cluster_type_status:|is_ad_weibo:0|source_info:all_mix_1|analysis_card:page_info"}}, {"type": "video", "id": "1034:4982889922625555", "data": {"type": "11", "page_id": "2304444982889922625555", "object_type": "video", "object_id": "1034:4982889922625555", "content1": "告白預行絵本的微博视频", "content2": "You &amp; Me 申有娜 🤍", "act_status": 1, "media_info": {"name": "告白預行絵本的微博视频", "stream_url": "http://f.video.weibocdn.com/u0/KrDSesv7gx08bdRA3AzK010412002cMH0E010.mp4?label=mp4_ld&amp;template=500x360.25.0&amp;ori=0&amp;ps=1CwnkDw1GXwCQx&amp;Expires=1704611171&amp;ssig=XB%2BHahTwaY&amp;KID=unistore,video", "stream_url_hd": "http://f.video.weibocdn.com/u0/EyyCFId9gx08bdRAbWPe010412003f5o0E010.mp4?label=mp4_hd&amp;template=664x480.25.0&amp;ori=0&amp;ps=1CwnkDw1GXwCQx&amp;Expires=1704611171&amp;ssig=QrnK%2F1jEsd&amp;KID=unistore,video", "format": "mp4", "h5_url": "https://video.weibo.com/show?fid=1034:4982889922625555", "mp4_sd_url": "http://f.video.weibocdn.com/u0/KrDSesv7gx08bdRA3AzK010412002cMH0E010.mp4?label=mp4_ld&amp;template=500x360.25.0&amp;ori=0&amp;ps=1CwnkDw1GXwCQx&amp;Expires=1704611171&amp;ssig=XB%2BHahTwaY&amp;KID=unistore,video", "mp4_hd_url": "http://f.video.weibocdn.com/u0/EyyCFId9gx08bdRAbWPe010412003f5o0E010.mp4?label=mp4_hd&amp;template=664x480.25.0&amp;ori=0&amp;ps=1CwnkDw1GXwCQx&amp;Expires=1704611171&amp;ssig=QrnK%2F1jEsd&amp;KID=unistore,video", "h265_mp4_hd": "", "h265_mp4_ld": "", "inch_4_mp4_hd": "", "inch_5_mp4_hd": "", "inch_5_5_mp4_hd": "", "mp4_720p_mp4": "http://f.video.weibocdn.com/u0/mIHvnRrKgx08bdRALkgU010412005Zua0E010.mp4?label=mp4_720p&amp;template=1000x720.25.0&amp;ori=0&amp;ps=1CwnkDw1GXwCQx&amp;Expires=1704611171&amp;ssig=Yb8QJlegTC&amp;KID=unistore,video", "hevc_mp4_720p": "", "prefetch_type": 1, "prefetch_size": 262144, "act_status": 1, "protocol": "general,dash", "media_id": "4982889922625555", "origin_total_bitrate": 4215186, "video_orientation": "horizontal", "duration": 7, "forward_strategy": -1, "search_scheme": "sinaweibo://svssearch?containerid=232080", "is_short_video": 0, "vote_is_show": 0, "belong_collection": 0, "titles_display_time": "3", "show_progress_bar": 1, "show_mute_button": true, "ext_info": {"video_orientation": "horizontal"}, "next_title": "You &amp; Me 申有娜 🤍", "kol_title": "You &amp; Me 申有娜 🤍", "play_completion_actions": [{"type": "1", "icon": "https://h5.sinaimg.cn/upload/100/1413/2021/12/22/feed_video_icon_replay.png", "text": "重播", "link": "", "btn_code": 1000, "show_position": 1, "actionlog": {"oid": "2304444982889922625555", "act_code": 1221, "act_type": 0, "source": "video"}}, {"type": 6, "icon": "https://tvax4.sinaimg.cn/crop.0.0.512.512.180/006H8U51ly8h9p1orw24xj30e80e80tt.jpg?KID=imgbed,tva&amp;Expires=1704618371&amp;ssig=lhZsGbRCbB", "text": "", "display_mode": 2, "display_starttime": 5, "display_endtime": 99999, "countdown_time": 5, "show_position": 48, "scheme": "", "link": "", "btn_code": 1009, "actionlog": {"oid": "2304444982889922625555", "act_code": 91, "act_type": 0, "source": "video", "ext": "mid:4982890760766695|oid:1034:4982889922625555|muid:6134301639|authorid:6134301639"}, "ext": {"uid": "6134301639", "user_name": "告白預行絵本", "followers_count": 907064, "verified": true, "verified_type": 0, "verified_type_ext": 1, "verified_reason": "娱乐博主", "level": 3}, "display_type": 0}], "video_publish_time": 1703497000, "play_loop_type": 0, "author_mid": "4982890760766695", "author_name": "告白預行絵本", "extra_info": {"sceneid": "profile_mb"}, "video_download_strategy": {"abandon_download": 0}, "jump_to": 6, "big_pic_info": {"pic_big": {"height": 1080, "url": "https://wx4.sinaimg.cn/orj1080/006H8U51gy1hl6648grs5j315o0u010m.jpg", "width": 1500}, "pic_small": {"height": 150, "url": "https://wx4.sinaimg.cn/or180/006H8U51gy1hl6648grs5j315o0u010m.jpg", "width": 208}, "pic_middle": {"height": 270, "url": "https://wx4.sinaimg.cn/or360/006H8U51gy1hl6648grs5j315o0u010m.jpg", "width": 375}}, "online_users": "3.4万次观看", "online_users_number": 34703, "ttl": 3600, "storage_type": "unistore"}, "page_pic": "https://wx4.sinaimg.cn/orj480/006H8U51gy1hl6648grs5j315o0u010m.jpg", "page_title": "告白預行絵本的微博视频", "page_url": "sinaweibo://infopage?containerid=2304444982889922625555&amp;containerid=2304444982889922625555&amp;url_type=39&amp;object_type=video&amp;pos=2", "pic_info": {"pic_big": {"height": "480", "url": "https://wx4.sinaimg.cn/orj480/006H8U51gy1hl6648grs5j315o0u010m.jpg", "width": "664"}, "pic_small": {"height": "480", "url": "https://wx4.sinaimg.cn/orj480/006H8U51gy1hl6648grs5j315o0u010m.jpg", "width": "664"}, "pic_middle": {"url": "https://wx4.sinaimg.cn/orj480/006H8U51gy1hl6648grs5j315o0u010m.jpg", "height": "480", "width": "664"}}, "oid": "6134301639", "type_icon": "", "author_id": "6134301639", "authorid": "6134301639", "warn": "", "short_url": "http://t.cn/A6lOjdrP"}, "scheme": "", "actionlog": {"act_type": 1, "act_code": 799, "lcardid": "", "fid": "1076036499137849_-_WEIBO_SECOND_PROFILE_WEIBO", "mid": "4982890760766695", "oid": "1034:4982889922625555", "uuid": 4982889933439044, "source": "video", "ext": "uid:7774910775|mid:4982890760766695|objectid:1034%3A4982889922625555|from:1|object_duration:7.522|miduid:6134301639|rootuid:6134301639|rootmid:4982890760766695|authorid:6134301639|video_orientation:horizontal|third_vid:|is_album:0|is_contribution:0|video_tags:|isfan:0|ua:Mozilla/5.0 (Windows NT 10.0; Win64; x64) AppleWebKit/537.36 (KHTML, like Gecko) Chrome/120.0.0.0 Safari/537.36 WeiboPro/1.0.0|sceneid:profile_mb|uuid:4982889933439044|detail:native|contribution:0|short_video:0|st_video:1|author_mid:4982890760766695|cluster_type_status:|is_ad_weibo:0|source_info:all_mix_1|analysis_card:page_info"}}]}, "text": "You &amp;amp; Me 申有娜 🤍 ​​​", "region_name": "发布于 海南", "customIcons": []}}