{"visible": {"type": 0, "list_id": 0}, "created_at": "Mon Dec 25 15:55:57 +0800 2023", "id": 4982864585950197, "idstr": "4982864585950197", "mid": "4982864585950197", "mblogid": "NyLGyoXUV", "user": {"id": 6499137849, "idstr": "6499137849", "pc_new": 7, "screen_name": "冻梨好吃", "profile_image_url": "https://tvax3.sinaimg.cn/crop.0.0.962.962.50/0075PIE1ly8hkxs7vsob4j30qq0qq76e.jpg?KID=imgbed,tva&amp;Expires=1704618371&amp;ssig=15nCa59zhp", "profile_url": "/u/6499137849", "verified": false, "verified_type": -1, "domain": "", "weihao": "", "avatar_large": "https://tvax3.sinaimg.cn/crop.0.0.962.962.180/0075PIE1ly8hkxs7vsob4j30qq0qq76e.jpg?KID=imgbed,tva&amp;Expires=1704618371&amp;ssig=iias4vHzO2", "avatar_hd": "https://tvax3.sinaimg.cn/crop.0.0.962.962.1024/0075PIE1ly8hkxs7vsob4j30qq0qq76e.jpg?KID=imgbed,tva&amp;Expires=1704618371&amp;ssig=AfEbVI%2Belq", "follow_me": false, "following": false, "mbrank": 0, "mbtype": 0, "v_plus": 0, "planet_video": false, "icon_list": []}, "can_edit": false, "text_raw": "好久不赛了，陶波哥，可以相信一下的吧[丰收了] ​​​", "textLength": 51, "annotations": [{"photo_sub_type": "0"}, {"client_mblogid": "5d4b5c72-908e-4b11-ab4f-dd0f109cf8d7"}, {"source_text": "", "phone_id": "266"}, {"mapi_request": true}], "source": "Android", "favorited": false, "rid": "15_0_50_163994469991589240_0_0_0", "pic_ids": ["0075PIE1gy1hl637dymvkj30qo0g5gnl"], "pic_num": 1, "pic_infos": {"0075PIE1gy1hl637dymvkj30qo0g5gnl": {"thumbnail": {"url": "https://wx2.sinaimg.cn/wap180/0075PIE1gy1hl637dymvkj30qo0g5gnl.jpg", "width": 180, "height": 108, "cut_type": 1, "type": ""}, "bmiddle": {"url": "https://wx2.sinaimg.cn/wap360/0075PIE1gy1hl637dymvkj30qo0g5gnl.jpg", "width": 360, "height": 217, "cut_type": 1, "type": ""}, "large": {"url": "https://wx2.sinaimg.cn/orj960/0075PIE1gy1hl637dymvkj30qo0g5gnl.jpg", "width": 960, "height": 581, "cut_type": 1, "type": ""}, "original": {"url": "https://wx2.sinaimg.cn/orj1080/0075PIE1gy1hl637dymvkj30qo0g5gnl.jpg", "width": 960, "height": 581, "cut_type": 1, "type": ""}, "largest": {"url": "https://wx2.sinaimg.cn/large/0075PIE1gy1hl637dymvkj30qo0g5gnl.jpg", "width": 960, "height": 581, "cut_type": 1, "type": ""}, "mw2000": {"url": "https://wx2.sinaimg.cn/mw2000/0075PIE1gy1hl637dymvkj30qo0g5gnl.jpg", "width": 960, "height": 581, "cut_type": 1, "type": ""}, "object_id": "1042018:c7eaa07d339b37c5f409f1ccbff7f0cd", "pic_id": "0075PIE1gy1hl637dymvkj30qo0g5gnl", "photo_tag": 0, "type": "pic", "pic_status": 1}}, "is_paid": false, "mblog_vip_type": 0, "number_display_strategy": {"apply_scenario_flag": 3, "display_text_min_number": 1000000, "display_text": "100万+"}, "reposts_count": 0, "comments_count": 0, "attitudes_count": 0, "attitudes_status": 0, "isLongText": false, "mlevel": 0, "content_auth": 0, "is_show_bulletin": 2, "comment_manage_info": {"comment_permission_type": -1, "approval_comment_type": 0, "comment_sort_type": 0}, "share_repost_type": 0, "mblogtype": 0, "showFeedRepost": false, "showFeedComment": false, "pictureViewerSign": false, "showPictureViewer": false, "rcList": [], "text": "好久不赛了，陶波哥，可以相信一下的吧[丰收了] ​​​", "region_name": "发布于 辽宁", "customIcons": []}