{"visible": {"type": 0, "list_id": 0}, "created_at": "Sun Dec 24 11:06:00 +0800 2023", "id": 4982429230040606, "idstr": "4982429230040606", "mid": "4982429230040606", "mblogid": "NyAmn0ayW", "user": {"id": 6499137849, "idstr": "6499137849", "pc_new": 7, "screen_name": "冻梨好吃", "profile_image_url": "https://tvax3.sinaimg.cn/crop.0.0.962.962.50/0075PIE1ly8hkxs7vsob4j30qq0qq76e.jpg?KID=imgbed,tva&amp;Expires=1704618383&amp;ssig=1gOtUw1rG3", "profile_url": "/u/6499137849", "verified": false, "verified_type": -1, "domain": "", "weihao": "", "avatar_large": "https://tvax3.sinaimg.cn/crop.0.0.962.962.180/0075PIE1ly8hkxs7vsob4j30qq0qq76e.jpg?KID=imgbed,tva&amp;Expires=1704618383&amp;ssig=YvH7A1adE7", "avatar_hd": "https://tvax3.sinaimg.cn/crop.0.0.962.962.1024/0075PIE1ly8hkxs7vsob4j30qq0qq76e.jpg?KID=imgbed,tva&amp;Expires=1704618383&amp;ssig=o8adKWZvd7", "follow_me": false, "following": false, "mbrank": 0, "mbtype": 0, "v_plus": 0, "planet_video": false, "icon_list": []}, "can_edit": false, "text_raw": "哎哟，小兲也是看牙批[二哈] http://t.cn/A6lp7p0q", "annotations": [{"client_mblogid": "fcc0aa20-877f-4471-89c5-6ebc42cf717f"}, {"mapi_request": true}], "source": "Android", "favorited": false, "rid": "20_0_50_162735443278508853_0_0_0", "pic_ids": [], "pic_num": 0, "is_paid": false, "mblog_vip_type": 0, "number_display_strategy": {"apply_scenario_flag": 3, "display_text_min_number": 1000000, "display_text": "100万+"}, "reposts_count": 0, "comments_count": 0, "attitudes_count": 1, "attitudes_status": 0, "isLongText": false, "mlevel": 0, "content_auth": 0, "is_show_bulletin": 2, "comment_manage_info": {"comment_permission_type": -1, "approval_comment_type": 0, "comment_sort_type": 0}, "repost_type": 1, "share_repost_type": 0, "url_struct": [{"url_title": "查看图片", "url_type_pic": "https://h5.sinaimg.cn/upload/2015/01/21/20/timeline_card_small_photo.png", "ori_url": "https://photo.weibo.com/h5/repost/reppic_id/1022:230796cbd8eaae2a57c31421ea84f812840cde", "short_url": "http://t.cn/A6lp7p0q", "long_url": "https://photo.weibo.com/h5/repost/reppic_id/1022:230796cbd8eaae2a57c31421ea84f812840cde", "url_type": 39, "result": false, "actionlog": {"act_type": 1, "act_code": 300, "oid": "1022:230796cbd8eaae2a57c31421ea84f812840cde", "uuid": 4982429231087729, "cardid": "", "lcardid": "", "uicode": "", "luicode": "", "fid": "1076036499137849_-_WEIBO_SECOND_PROFILE_WEIBO", "lfid": "", "ext": "mid:4982429230040606|rid:20_0_50_162735443278508853_0_0_0|short_url:http://t.cn/A6lp7p0q|long_url:https://photo.weibo.com/h5/repost/reppic_id/1022:230796cbd8eaae2a57c31421ea84f812840cde|comment_id:|miduid:6499137849|rootmid:4982429230040606|rootuid:6499137849|authorid:|uuid:4982429231087729|is_ad_weibo:0|analysis_card:url_struct"}, "storage_type": "", "hide": 0, "object_type": "", "position": 2, "pic_infos": {"0075PIE1gy1hl4p7e6oecj30u00vl0z7": {"thumbnail": {"type": "", "url": "http://wx3.sinaimg.cn/thumbnail/0075PIE1gy1hl4p7e6oecj30u00vl0z7.jpg", "cut_type": 1, "width": 113, "height": 120, "croped": false}, "bmiddle": {"type": "", "url": "http://wx3.sinaimg.cn/bmiddle/0075PIE1gy1hl4p7e6oecj30u00vl0z7.jpg", "cut_type": 1, "width": 440, "height": 463, "croped": false}, "large": {"type": "", "url": "http://wx3.sinaimg.cn/large/0075PIE1gy1hl4p7e6oecj30u00vl0z7.jpg", "cut_type": 1, "width": "1080", "height": "1137", "croped": false}, "woriginal": {"type": "", "url": "http://wx3.sinaimg.cn/woriginal/0075PIE1gy1hl4p7e6oecj30u00vl0z7.jpg", "cut_type": 1, "width": "1080", "height": "1137", "croped": false}}}, "pic_ids": ["0075PIE1gy1hl4p7e6oecj30u00vl0z7"], "h5_target_url": "https://photo.weibo.com/h5/repost/reppic_id/1022:230796cbd8eaae2a57c31421ea84f812840cde?from=1FFFF96039&amp;weiboauthoruid=6499137849", "need_save_obj": 1}], "mblogtype": 0, "showFeedRepost": false, "showFeedComment": false, "pictureViewerSign": false, "showPictureViewer": false, "rcList": [], "text": "哎哟，小兲也是看牙批&lt;img alt=\"[二哈]\" title=\"[二哈]\" src=\"https://face.t.sinajs.cn/t4/appstyle/expression/ext/normal/22/2018new_erha_org.png\" /&gt; &lt;a target=\"_blank\" data-pid=0075PIE1gy1hl4p7e6oecj30u00vl0z7  href=\"https://wx3.sinaimg.cn/large/0075PIE1gy1hl4p7e6oecj30u00vl0z7.jpg\"&gt;&lt;img class=\"icon-link\" src=\"https://h5.sinaimg.cn/upload/2015/01/21/20/timeline_card_small_photo_default.png\"/&gt;查看图片&lt;/a&gt;", "region_name": "发布于 辽宁", "customIcons": [], "retweeted_status": {"visible": {"type": 0, "list_id": 0}, "created_at": "Sat Dec 23 04:01:34 +0800 2023", "id": 4981960030814812, "idstr": "4981960030814812", "mid": "4981960030814812", "mblogid": "Nyo9B3pY8", "user": {"id": 6991361961, "idstr": "6991361961", "pc_new": 7, "screen_name": "-i甜日记", "profile_image_url": "https://tvax3.sinaimg.cn/crop.0.0.1068.1068.50/007D92CBly8h6fjpu5uxtj30to0toab8.jpg?KID=imgbed,tva&amp;Expires=1704618383&amp;ssig=2dpRfMFcdo", "profile_url": "/u/6991361961", "verified": false, "verified_type": -1, "domain": "", "weihao": "", "avatar_large": "https://tvax3.sinaimg.cn/crop.0.0.1068.1068.180/007D92CBly8h6fjpu5uxtj30to0toab8.jpg?KID=imgbed,tva&amp;Expires=1704618383&amp;ssig=VSVMmeGRBI", "avatar_hd": "https://tvax3.sinaimg.cn/crop.0.0.1068.1068.1024/007D92CBly8h6fjpu5uxtj30to0toab8.jpg?KID=imgbed,tva&amp;Expires=1704618383&amp;ssig=jgQFSqjfkO", "follow_me": false, "following": false, "mbrank": 6, "mbtype": 12, "v_plus": 0, "planet_video": false, "icon_list": [{"type": "vip", "data": {"mbrank": 6, "mbtype": 12, "svip": 0, "vvip": 0}}]}, "can_edit": false, "text_raw": "和牙膏的聊天——\n（游戏中 3-8打野波比骂天亮5-6剑魔 打完天亮加牙膏好友吐槽）\nyagao：6\ntian：能别6吗 怎么玩呢\nyagao：能别送吗\ntian：我没送啊 我一共死6次\nyagao：oo 比赛也死6次\ntian：打野像个弱智 上路一直单杀 一来就带我送\nyagao：0 o\ntian：能别冷暴力了吗 □□□（这句看不到） 他骂我\n\n ​​​", "textLength": 475, "annotations": [{"photo_sub_type": "0,0,0,0,0,0"}, {"client_mblogid": "b8c41ef2-ea64-447e-82e4-4c02a0f7ed78"}, {"source_text": "", "phone_id": "-1"}, {"mapi_request": true}], "source": "", "favorited": false, "buttons": [{"type": "follow", "name": "加关注", "params": {"uid": 6991361961, "disable_group": 1, "extparams": {"followcardid": "1008080010_"}}, "actionlog": {"act_code": "92", "oid": "4981960030814812"}}], "rid": "20_0_50_162735443278508853_0_0_0", "pic_ids": ["007D92CBly1hl375thubtj30900m8n0n", "007D92CBly1hl375tpb75j30gl0bht9u", "007D92CBly1hl375ubu57j30n12fhqdy", "007D92CBly1hl375unl3xj308k04vdgb", "007D92CBly1hl375uyi9oj311x0lc44e", "007D92CBly1hl375v9x7gj30ez0uw0w1"], "pic_focus_point": [{"focus_point": {"left": 0.23505156, "top": 0.007313522, "width": 0.5582063, "height": 0.9926864}, "pic_id": "007D92CBly1hl375uyi9oj311x0lc44e"}, {"focus_point": {"left": 0.23202106, "top": 0, "width": 0.5681818, "height": 0.9999999}, "pic_id": "007D92CBly1hl375unl3xj308k04vdgb"}, {"focus_point": {"left": 0.22510225, "top": 0.011241581, "width": 0.621214, "height": 0.8979776}, "pic_id": "007D92CBly1hl375tpb75j30gl0bht9u"}, {"focus_point": {"left": 0, "top": 0.25141534, "width": 0.97852355, "height": 0.39630204}, "pic_id": "007D92CBly1hl375thubtj30900m8n0n"}, {"focus_point": {"left": 0.6307978, "top": 0.9307554, "width": 0.13914657, "height": 0.067446046}, "pic_id": "007D92CBly1hl375v9x7gj30ez0uw0w1"}], "geo": "", "pic_num": 6, "pic_infos": {"007D92CBly1hl375thubtj30900m8n0n": {"thumbnail": {"url": "https://wx4.sinaimg.cn/wap180/007D92CBly1hl375thubtj30900m8n0n.jpg", "width": 72, "height": 180, "cut_type": 1, "type": ""}, "bmiddle": {"url": "https://wx4.sinaimg.cn/wap360/007D92CBly1hl375thubtj30900m8n0n.jpg", "width": 145, "height": 360, "cut_type": 1, "type": ""}, "large": {"url": "https://wx4.sinaimg.cn/orj960/007D92CBly1hl375thubtj30900m8n0n.jpg", "width": 324, "height": 800, "cut_type": 1, "type": ""}, "original": {"url": "https://wx4.sinaimg.cn/orj1080/007D92CBly1hl375thubtj30900m8n0n.jpg", "width": 324, "height": 800, "cut_type": 1, "type": ""}, "largest": {"url": "https://wx4.sinaimg.cn/large/007D92CBly1hl375thubtj30900m8n0n.jpg", "width": 324, "height": 800, "cut_type": 1, "type": ""}, "mw2000": {"url": "https://wx4.sinaimg.cn/mw2000/007D92CBly1hl375thubtj30900m8n0n.jpg", "width": 324, "height": 800, "cut_type": 1, "type": ""}, "focus_point": {"left": 0, "top": 0.25141534, "width": 0.97852355, "height": 0.39630204}, "object_id": "1042018:d8a395237f9b0ec50c7ed8aaac6644f3", "pic_id": "007D92CBly1hl375thubtj30900m8n0n", "photo_tag": 0, "type": "pic", "pic_status": 1}, "007D92CBly1hl375tpb75j30gl0bht9u": {"thumbnail": {"url": "https://wx2.sinaimg.cn/wap180/007D92CBly1hl375tpb75j30gl0bht9u.jpg", "width": 180, "height": 124, "cut_type": 1, "type": ""}, "bmiddle": {"url": "https://wx2.sinaimg.cn/wap360/007D92CBly1hl375tpb75j30gl0bht9u.jpg", "width": 360, "height": 249, "cut_type": 1, "type": ""}, "large": {"url": "https://wx2.sinaimg.cn/orj960/007D92CBly1hl375tpb75j30gl0bht9u.jpg", "width": 597, "height": 413, "cut_type": 1, "type": ""}, "original": {"url": "https://wx2.sinaimg.cn/orj1080/007D92CBly1hl375tpb75j30gl0bht9u.jpg", "width": 597, "height": 413, "cut_type": 1, "type": ""}, "largest": {"url": "https://wx2.sinaimg.cn/large/007D92CBly1hl375tpb75j30gl0bht9u.jpg", "width": 597, "height": 413, "cut_type": 1, "type": ""}, "mw2000": {"url": "https://wx2.sinaimg.cn/mw2000/007D92CBly1hl375tpb75j30gl0bht9u.jpg", "width": 597, "height": 413, "cut_type": 1, "type": ""}, "focus_point": {"left": 0.22510225, "top": 0.011241581, "width": 0.621214, "height": 0.8979776}, "object_id": "1042018:fd0c8ae332d7d1382fe653727af4fa09", "pic_id": "007D92CBly1hl375tpb75j30gl0bht9u", "photo_tag": 0, "type": "pic", "pic_status": 1}, "007D92CBly1hl375ubu57j30n12fhqdy": {"thumbnail": {"url": "https://wx1.sinaimg.cn/wap180/007D92CBly1hl375ubu57j30n12fhqdy.jpg", "width": 54, "height": 180, "cut_type": 1, "type": ""}, "bmiddle": {"url": "https://wx1.sinaimg.cn/wap360/007D92CBly1hl375ubu57j30n12fhqdy.jpg", "width": 108, "height": 360, "cut_type": 1, "type": ""}, "large": {"url": "https://wx1.sinaimg.cn/orj960/007D92CBly1hl375ubu57j30n12fhqdy.jpg", "width": 829, "height": 3149, "cut_type": 1, "type": ""}, "original": {"url": "https://wx1.sinaimg.cn/orj1080/007D92CBly1hl375ubu57j30n12fhqdy.jpg", "width": 829, "height": 3149, "cut_type": 1, "type": ""}, "largest": {"url": "https://wx1.sinaimg.cn/large/007D92CBly1hl375ubu57j30n12fhqdy.jpg", "width": 829, "height": 3149, "cut_type": 1, "type": ""}, "mw2000": {"url": "https://wx1.sinaimg.cn/mw2000/007D92CBly1hl375ubu57j30n12fhqdy.jpg", "width": 829, "height": 3149, "cut_type": 1, "type": ""}, "object_id": "1042018:40a990f4bf0f55e16925fa2327d67e75", "pic_id": "007D92CBly1hl375ubu57j30n12fhqdy", "photo_tag": 0, "type": "pic", "pic_status": 1}, "007D92CBly1hl375unl3xj308k04vdgb": {"thumbnail": {"url": "https://wx1.sinaimg.cn/wap180/007D92CBly1hl375unl3xj308k04vdgb.jpg", "width": 180, "height": 102, "cut_type": 1, "type": ""}, "bmiddle": {"url": "https://wx1.sinaimg.cn/wap360/007D92CBly1hl375unl3xj308k04vdgb.jpg", "width": 308, "height": 175, "cut_type": 1, "type": ""}, "large": {"url": "https://wx1.sinaimg.cn/orj960/007D92CBly1hl375unl3xj308k04vdgb.jpg", "width": 308, "height": 175, "cut_type": 1, "type": ""}, "original": {"url": "https://wx1.sinaimg.cn/orj1080/007D92CBly1hl375unl3xj308k04vdgb.jpg", "width": 308, "height": 175, "cut_type": 1, "type": ""}, "largest": {"url": "https://wx1.sinaimg.cn/large/007D92CBly1hl375unl3xj308k04vdgb.jpg", "width": 308, "height": 175, "cut_type": 1, "type": ""}, "mw2000": {"url": "https://wx1.sinaimg.cn/mw2000/007D92CBly1hl375unl3xj308k04vdgb.jpg", "width": 308, "height": 175, "cut_type": 1, "type": ""}, "focus_point": {"left": 0.23202106, "top": 0, "width": 0.5681818, "height": 0.9999999}, "object_id": "1042018:5388b62317ab032d1f1139249431c71e", "pic_id": "007D92CBly1hl375unl3xj308k04vdgb", "photo_tag": 0, "type": "pic", "pic_status": 1}, "007D92CBly1hl375uyi9oj311x0lc44e": {"thumbnail": {"url": "https://wx2.sinaimg.cn/wap180/007D92CBly1hl375uyi9oj311x0lc44e.jpg", "width": 180, "height": 101, "cut_type": 1, "type": ""}, "bmiddle": {"url": "https://wx2.sinaimg.cn/wap360/007D92CBly1hl375uyi9oj311x0lc44e.jpg", "width": 360, "height": 202, "cut_type": 1, "type": ""}, "large": {"url": "https://wx2.sinaimg.cn/orj960/007D92CBly1hl375uyi9oj311x0lc44e.jpg", "width": 1365, "height": 768, "cut_type": 1, "type": ""}, "original": {"url": "https://wx2.sinaimg.cn/orj1080/007D92CBly1hl375uyi9oj311x0lc44e.jpg", "width": 1365, "height": 768, "cut_type": 1, "type": ""}, "largest": {"url": "https://wx2.sinaimg.cn/large/007D92CBly1hl375uyi9oj311x0lc44e.jpg", "width": 1365, "height": 768, "cut_type": 1, "type": ""}, "mw2000": {"url": "https://wx2.sinaimg.cn/mw2000/007D92CBly1hl375uyi9oj311x0lc44e.jpg", "width": 1365, "height": 768, "cut_type": 1, "type": ""}, "focus_point": {"left": 0.23505156, "top": 0.007313522, "width": 0.5582063, "height": 0.9926864}, "object_id": "1042018:1328ed07d09e1fb4ee81ab1daa8e6bc7", "pic_id": "007D92CBly1hl375uyi9oj311x0lc44e", "photo_tag": 0, "type": "pic", "pic_status": 1}, "007D92CBly1hl375v9x7gj30ez0uw0w1": {"thumbnail": {"url": "https://wx1.sinaimg.cn/wap180/007D92CBly1hl375v9x7gj30ez0uw0w1.jpg", "width": 87, "height": 180, "cut_type": 1, "type": ""}, "bmiddle": {"url": "https://wx1.sinaimg.cn/wap360/007D92CBly1hl375v9x7gj30ez0uw0w1.jpg", "width": 174, "height": 360, "cut_type": 1, "type": ""}, "large": {"url": "https://wx1.sinaimg.cn/orj960/007D92CBly1hl375v9x7gj30ez0uw0w1.jpg", "width": 539, "height": 1112, "cut_type": 1, "type": ""}, "original": {"url": "https://wx1.sinaimg.cn/orj1080/007D92CBly1hl375v9x7gj30ez0uw0w1.jpg", "width": 539, "height": 1112, "cut_type": 1, "type": ""}, "largest": {"url": "https://wx1.sinaimg.cn/large/007D92CBly1hl375v9x7gj30ez0uw0w1.jpg", "width": 539, "height": 1112, "cut_type": 1, "type": ""}, "mw2000": {"url": "https://wx1.sinaimg.cn/mw2000/007D92CBly1hl375v9x7gj30ez0uw0w1.jpg", "width": 539, "height": 1112, "cut_type": 1, "type": ""}, "focus_point": {"left": 0.6307978, "top": 0.9307554, "width": 0.13914657, "height": 0.067446046}, "object_id": "1042018:8bb94770f366fd88904905794a864de2", "pic_id": "007D92CBly1hl375v9x7gj30ez0uw0w1", "photo_tag": 0, "type": "pic", "pic_status": 1}}, "is_paid": false, "mblog_vip_type": 0, "number_display_strategy": {"apply_scenario_flag": 3, "display_text_min_number": 1000000, "display_text": "100万+"}, "reposts_count": 207, "comments_count": 17, "attitudes_count": 384, "attitudes_status": 0, "continue_tag": {"title": "全文", "pic": "http://h5.sinaimg.cn/upload/2015/09/25/3/timeline_card_small_article.png", "scheme": "sinaweibo://detail?mblogid=4981960030814812&amp;id=4981960030814812&amp;next_fid=232532_mblog&amp;feed_detail_type=0", "cleaned": true}, "isLongText": true, "mlevel": 0, "content_auth": 0, "is_show_bulletin": 2, "comment_manage_info": {"comment_permission_type": -1, "approval_comment_type": 0, "comment_sort_type": 0, "ai_play_picture_type": 0}, "mblogtype": 0, "showFeedRepost": false, "showFeedComment": false, "pictureViewerSign": false, "showPictureViewer": false, "rcList": [], "text": "和牙膏的聊天——&lt;br /&gt;（游戏中 3-8打野波比骂天亮5-6剑魔 打完天亮加牙膏好友吐槽）&lt;br /&gt;yagao：6&lt;br /&gt;tian：能别6吗 怎么玩呢&lt;br /&gt;yagao：能别送吗&lt;br /&gt;tian：我没送啊 我一共死6次&lt;br /&gt;yagao：oo 比赛也死6次&lt;br /&gt;tian：打野像个弱智 上路一直单杀 一来就带我送&lt;br /&gt;yagao：0 o&lt;br /&gt;tian：能别冷暴力了吗 □□□（这句看不到） 他骂我&lt;br /&gt;&lt;br /&gt; ​​​ ...&lt;span class=\"expand\"&gt;展开&lt;/span&gt;", "region_name": "发布于 湖北", "customIcons": []}}