{"visible": {"type": 0, "list_id": 0}, "created_at": "Sat Dec 23 13:28:41 +0800 2023", "id": 4982102750135299, "idstr": "4982102750135299", "mid": "4982102750135299", "mblogid": "NyrRN0zcf", "user": {"id": 6499137849, "idstr": "6499137849", "pc_new": 7, "screen_name": "冻梨好吃", "profile_image_url": "https://tvax3.sinaimg.cn/crop.0.0.962.962.50/0075PIE1ly8hkxs7vsob4j30qq0qq76e.jpg?KID=imgbed,tva&amp;Expires=1704618395&amp;ssig=sncxrMk8%2B5", "profile_url": "/u/6499137849", "verified": false, "verified_type": -1, "domain": "", "weihao": "", "avatar_large": "https://tvax3.sinaimg.cn/crop.0.0.962.962.180/0075PIE1ly8hkxs7vsob4j30qq0qq76e.jpg?KID=imgbed,tva&amp;Expires=1704618395&amp;ssig=ZlcRC6X3FP", "avatar_hd": "https://tvax3.sinaimg.cn/crop.0.0.962.962.1024/0075PIE1ly8hkxs7vsob4j30qq0qq76e.jpg?KID=imgbed,tva&amp;Expires=1704618395&amp;ssig=HTwOmXdrCp", "follow_me": false, "following": false, "mbrank": 0, "mbtype": 0, "v_plus": 0, "planet_video": false, "icon_list": []}, "can_edit": false, "text_raw": "水瓶座就是和金牛座犯冲，这辈子和我妈讲不到一起去，说东你扯西，自己有问题从来不肯承认的，嘴比门口的石头还硬，面子就这么重要[汗][汗] ​​​", "textLength": 130, "annotations": [{"shooting": 1, "client_mblogid": "e94007c4-d10d-4944-82e1-5806aad2d3b0"}, {"source_text": "", "phone_id": "266"}, {"mapi_request": true}], "source": "Android", "favorited": false, "rid": "2_0_50_164604930873474872_0_0_0", "pic_ids": [], "pic_num": 0, "is_paid": false, "mblog_vip_type": 0, "number_display_strategy": {"apply_scenario_flag": 3, "display_text_min_number": 1000000, "display_text": "100万+"}, "reposts_count": 0, "comments_count": 1, "attitudes_count": 1, "attitudes_status": 0, "isLongText": false, "mlevel": 0, "content_auth": 0, "is_show_bulletin": 2, "comment_manage_info": {"comment_permission_type": -1, "approval_comment_type": 0, "comment_sort_type": 0}, "share_repost_type": 0, "mblogtype": 0, "showFeedRepost": false, "showFeedComment": false, "pictureViewerSign": false, "showPictureViewer": false, "rcList": [], "text": "水瓶座就是和金牛座犯冲，这辈子和我妈讲不到一起去，说东你扯西，自己有问题从来不肯承认的，嘴比门口的石头还硬，面子就这么重要&lt;img alt=\"[汗]\" title=\"[汗]\" src=\"https://face.t.sinajs.cn/t4/appstyle/expression/ext/normal/28/2018new_han_org.png\" /&gt;&lt;img alt=\"[汗]\" title=\"[汗]\" src=\"https://face.t.sinajs.cn/t4/appstyle/expression/ext/normal/28/2018new_han_org.png\" /&gt; ​​​", "region_name": "发布于 辽宁", "customIcons": []}