{"visible": {"type": 0, "list_id": 0}, "created_at": "Mon Dec 25 20:46:02 +0800 2023", "id": 4982937588073327, "idstr": "4982937588073327", "mid": "4982937588073327", "mblogid": "NyNAixSeX", "user": {"id": 6499137849, "idstr": "6499137849", "pc_new": 7, "screen_name": "冻梨好吃", "profile_image_url": "https://tvax3.sinaimg.cn/crop.0.0.962.962.50/0075PIE1ly8hkxs7vsob4j30qq0qq76e.jpg?KID=imgbed,tva&amp;Expires=1704618371&amp;ssig=15nCa59zhp", "profile_url": "/u/6499137849", "verified": false, "verified_type": -1, "domain": "", "weihao": "", "avatar_large": "https://tvax3.sinaimg.cn/crop.0.0.962.962.180/0075PIE1ly8hkxs7vsob4j30qq0qq76e.jpg?KID=imgbed,tva&amp;Expires=1704618371&amp;ssig=iias4vHzO2", "avatar_hd": "https://tvax3.sinaimg.cn/crop.0.0.962.962.1024/0075PIE1ly8hkxs7vsob4j30qq0qq76e.jpg?KID=imgbed,tva&amp;Expires=1704618371&amp;ssig=AfEbVI%2Belq", "follow_me": false, "following": false, "mbrank": 0, "mbtype": 0, "v_plus": 0, "planet_video": false, "icon_list": []}, "can_edit": false, "text_raw": "好一个螺蛳粉中单[看书][看书][看书] ​​​", "textLength": 34, "annotations": [{"shooting": 1, "client_mblogid": "c8a6cca4-a2c9-44f9-bc54-1b2403fa8932"}, {"source_text": "", "phone_id": "266"}, {"mapi_request": true}], "source": "Android", "favorited": false, "rid": "8_0_50_163994469991589240_0_0_0", "pic_ids": [], "pic_num": 0, "is_paid": false, "mblog_vip_type": 0, "number_display_strategy": {"apply_scenario_flag": 3, "display_text_min_number": 1000000, "display_text": "100万+"}, "reposts_count": 0, "comments_count": 0, "attitudes_count": 0, "attitudes_status": 0, "isLongText": false, "mlevel": 0, "content_auth": 0, "is_show_bulletin": 2, "comment_manage_info": {"comment_permission_type": -1, "approval_comment_type": 0, "comment_sort_type": 0}, "share_repost_type": 0, "mblogtype": 0, "showFeedRepost": false, "showFeedComment": false, "pictureViewerSign": false, "showPictureViewer": false, "rcList": [], "text": "好一个螺蛳粉中单&lt;img alt=\"[看书]\" title=\"[看书]\" src=\"https://face.t.sinajs.cn/t4/appstyle/expression/ext/normal/83/2023_read_org.png\" /&gt;&lt;img alt=\"[看书]\" title=\"[看书]\" src=\"https://face.t.sinajs.cn/t4/appstyle/expression/ext/normal/83/2023_read_org.png\" /&gt;&lt;img alt=\"[看书]\" title=\"[看书]\" src=\"https://face.t.sinajs.cn/t4/appstyle/expression/ext/normal/83/2023_read_org.png\" /&gt; ​​​", "region_name": "发布于 辽宁", "customIcons": []}