{"visible": {"type": 0, "list_id": 0}, "created_at": "Sat Dec 23 16:26:36 +0800 2023", "id": 4982147523809728, "idstr": "4982147523809728", "mid": "4982147523809728", "mblogid": "Nyt20fZ5e", "user": {"id": 6499137849, "idstr": "6499137849", "pc_new": 7, "screen_name": "冻梨好吃", "profile_image_url": "https://tvax3.sinaimg.cn/crop.0.0.962.962.50/0075PIE1ly8hkxs7vsob4j30qq0qq76e.jpg?KID=imgbed,tva&amp;Expires=1704618395&amp;ssig=sncxrMk8%2B5", "profile_url": "/u/6499137849", "verified": false, "verified_type": -1, "domain": "", "weihao": "", "avatar_large": "https://tvax3.sinaimg.cn/crop.0.0.962.962.180/0075PIE1ly8hkxs7vsob4j30qq0qq76e.jpg?KID=imgbed,tva&amp;Expires=1704618395&amp;ssig=ZlcRC6X3FP", "avatar_hd": "https://tvax3.sinaimg.cn/crop.0.0.962.962.1024/0075PIE1ly8hkxs7vsob4j30qq0qq76e.jpg?KID=imgbed,tva&amp;Expires=1704618395&amp;ssig=HTwOmXdrCp", "follow_me": false, "following": false, "mbrank": 0, "mbtype": 0, "v_plus": 0, "planet_video": false, "icon_list": []}, "can_edit": false, "text_raw": "老登们胜率都还可以[吹风车][吹风车] ​​​", "textLength": 34, "annotations": [{"photo_sub_type": "0,0"}, {"client_mblogid": "0da3b3d8-6d42-4369-b843-ec3a88eb5eac"}, {"source_text": "", "phone_id": "266"}, {"mapi_request": true}], "source": "Android", "favorited": false, "rid": "1_0_50_164604930873474872_0_0_0", "pic_ids": ["0075PIE1gy1hl3sud1eeuj30go06qdi3", "0075PIE1gy1hl3sudbu36j30go06zjtm"], "pic_focus_point": [{"focus_point": {"left": 0.30898547, "top": 0, "width": 0.41833332, "height": 0.9999999}, "pic_id": "0075PIE1gy1hl3sudbu36j30go06zjtm"}, {"focus_point": {"left": 0.33407822, "top": 0, "width": 0.38593343, "height": 0.95685977}, "pic_id": "0075PIE1gy1hl3sud1eeuj30go06qdi3"}], "pic_num": 2, "pic_infos": {"0075PIE1gy1hl3sud1eeuj30go06qdi3": {"thumbnail": {"url": "https://wx1.sinaimg.cn/wap180/0075PIE1gy1hl3sud1eeuj30go06qdi3.jpg", "width": 180, "height": 72, "cut_type": 1, "type": ""}, "bmiddle": {"url": "https://wx1.sinaimg.cn/wap360/0075PIE1gy1hl3sud1eeuj30go06qdi3.jpg", "width": 360, "height": 145, "cut_type": 1, "type": ""}, "large": {"url": "https://wx1.sinaimg.cn/orj960/0075PIE1gy1hl3sud1eeuj30go06qdi3.jpg", "width": 600, "height": 242, "cut_type": 1, "type": ""}, "original": {"url": "https://wx1.sinaimg.cn/orj1080/0075PIE1gy1hl3sud1eeuj30go06qdi3.jpg", "width": 600, "height": 242, "cut_type": 1, "type": ""}, "largest": {"url": "https://wx1.sinaimg.cn/large/0075PIE1gy1hl3sud1eeuj30go06qdi3.jpg", "width": 600, "height": 242, "cut_type": 1, "type": ""}, "mw2000": {"url": "https://wx1.sinaimg.cn/mw2000/0075PIE1gy1hl3sud1eeuj30go06qdi3.jpg", "width": 600, "height": 242, "cut_type": 1, "type": ""}, "focus_point": {"left": 0.33407822, "top": 0, "width": 0.38593343, "height": 0.95685977}, "object_id": "1042018:cb03a79d6f9dcca730e5595e6b09c0f5", "pic_id": "0075PIE1gy1hl3sud1eeuj30go06qdi3", "photo_tag": 0, "type": "pic", "pic_status": 1}, "0075PIE1gy1hl3sudbu36j30go06zjtm": {"thumbnail": {"url": "https://wx4.sinaimg.cn/wap180/0075PIE1gy1hl3sudbu36j30go06zjtm.jpg", "width": 180, "height": 75, "cut_type": 1, "type": ""}, "bmiddle": {"url": "https://wx4.sinaimg.cn/wap360/0075PIE1gy1hl3sudbu36j30go06zjtm.jpg", "width": 360, "height": 150, "cut_type": 1, "type": ""}, "large": {"url": "https://wx4.sinaimg.cn/orj960/0075PIE1gy1hl3sudbu36j30go06zjtm.jpg", "width": 600, "height": 251, "cut_type": 1, "type": ""}, "original": {"url": "https://wx4.sinaimg.cn/orj1080/0075PIE1gy1hl3sudbu36j30go06zjtm.jpg", "width": 600, "height": 251, "cut_type": 1, "type": ""}, "largest": {"url": "https://wx4.sinaimg.cn/large/0075PIE1gy1hl3sudbu36j30go06zjtm.jpg", "width": 600, "height": 251, "cut_type": 1, "type": ""}, "mw2000": {"url": "https://wx4.sinaimg.cn/mw2000/0075PIE1gy1hl3sudbu36j30go06zjtm.jpg", "width": 600, "height": 251, "cut_type": 1, "type": ""}, "focus_point": {"left": 0.30898547, "top": 0, "width": 0.41833332, "height": 0.9999999}, "object_id": "1042018:dc24f46eec1ac3a01c6e071bbf9b2762", "pic_id": "0075PIE1gy1hl3sudbu36j30go06zjtm", "photo_tag": 0, "type": "pic", "pic_status": 1}}, "is_paid": false, "mblog_vip_type": 0, "number_display_strategy": {"apply_scenario_flag": 3, "display_text_min_number": 1000000, "display_text": "100万+"}, "reposts_count": 0, "comments_count": 0, "attitudes_count": 0, "attitudes_status": 0, "isLongText": false, "mlevel": 0, "content_auth": 0, "is_show_bulletin": 2, "comment_manage_info": {"comment_permission_type": -1, "approval_comment_type": 0, "comment_sort_type": 0}, "share_repost_type": 0, "mblogtype": 0, "showFeedRepost": false, "showFeedComment": false, "pictureViewerSign": false, "showPictureViewer": false, "rcList": [], "text": "老登们胜率都还可以&lt;img alt=\"[吹风车]\" title=\"[吹风车]\" src=\"https://face.t.sinajs.cn/t4/appstyle/expression/ext/normal/da/2023_Windmill_org.png\" /&gt;&lt;img alt=\"[吹风车]\" title=\"[吹风车]\" src=\"https://face.t.sinajs.cn/t4/appstyle/expression/ext/normal/da/2023_Windmill_org.png\" /&gt; ​​​", "region_name": "发布于 辽宁", "customIcons": []}