{"visible": {"type": 0, "list_id": 0}, "created_at": "Sun Dec 24 23:24:38 +0800 2023", "id": 4982615117136563, "idstr": "4982615117136563", "mid": "4982615117136563", "mblogid": "NyFcbtWxR", "user": {"id": 6499137849, "idstr": "6499137849", "pc_new": 7, "screen_name": "冻梨好吃", "profile_image_url": "https://tvax3.sinaimg.cn/crop.0.0.962.962.50/0075PIE1ly8hkxs7vsob4j30qq0qq76e.jpg?KID=imgbed,tva&amp;Expires=1704618383&amp;ssig=1gOtUw1rG3", "profile_url": "/u/6499137849", "verified": false, "verified_type": -1, "domain": "", "weihao": "", "avatar_large": "https://tvax3.sinaimg.cn/crop.0.0.962.962.180/0075PIE1ly8hkxs7vsob4j30qq0qq76e.jpg?KID=imgbed,tva&amp;Expires=1704618383&amp;ssig=YvH7A1adE7", "avatar_hd": "https://tvax3.sinaimg.cn/crop.0.0.962.962.1024/0075PIE1ly8hkxs7vsob4j30qq0qq76e.jpg?KID=imgbed,tva&amp;Expires=1704618383&amp;ssig=o8adKWZvd7", "follow_me": false, "following": false, "mbrank": 0, "mbtype": 0, "v_plus": 0, "planet_video": false, "icon_list": []}, "can_edit": false, "text_raw": "老哥哥们加油，小哥哥也是，海报别再ai作图了拜托 http://t.cn/A6l0ZKs1", "annotations": [{"client_mblogid": "23af7e0c-cdad-4d3a-bba0-9d1900de4138"}, {"mapi_request": true}], "source": "Android", "favorited": false, "rid": "9_0_50_162735443278508853_0_0_0", "pic_ids": [], "pic_num": 0, "is_paid": false, "mblog_vip_type": 0, "number_display_strategy": {"apply_scenario_flag": 3, "display_text_min_number": 1000000, "display_text": "100万+"}, "reposts_count": 0, "comments_count": 0, "attitudes_count": 0, "attitudes_status": 0, "isLongText": false, "mlevel": 0, "content_auth": 0, "is_show_bulletin": 2, "comment_manage_info": {"comment_permission_type": -1, "approval_comment_type": 0, "comment_sort_type": 0}, "repost_type": 1, "share_repost_type": 0, "topic_struct": [{"title": "", "topic_url": "sinaweibo://searchall?containerid=231522&amp;q=%232023%E5%BE%B7%E7%8E%9B%E8%A5%BF%E4%BA%9A%E6%9D%AF%23&amp;extparam=%232023%E5%BE%B7%E7%8E%9B%E8%A5%BF%E4%BA%9A%E6%9D%AF%23", "topic_title": "2023德玛西亚杯", "actionlog": {"act_type": 1, "act_code": 300, "oid": "1022:23152290e9164590e353e9f98b9781285f266d", "uuid": 4971571197509958, "cardid": "", "lcardid": "", "uicode": "", "luicode": "", "fid": "1076036499137849_-_WEIBO_SECOND_PROFILE_WEIBO", "lfid": "", "ext": "mid:4982565188141697|rid:9_0_50_162735443278508853_0_0_0|short_url:|long_url:|comment_id:|miduid:6499137849|rootmid:4982565188141697|rootuid:5449734852|authorid:|uuid:4971571197509958|is_ad_weibo:0"}}, {"title": "", "topic_url": "sinaweibo://searchall?containerid=231522&amp;q=%23%E6%90%8F%E8%87%B3%E6%97%A0%E6%86%BE%23&amp;extparam=%23%E6%90%8F%E8%87%B3%E6%97%A0%E6%86%BE%23", "topic_title": "搏至无憾", "actionlog": {"act_type": 1, "act_code": 300, "oid": "1022:231522a838eb5c97a34cf94e89bf131c885fc0", "uuid": 4450478694858831, "cardid": "", "lcardid": "", "uicode": "", "luicode": "", "fid": "1076036499137849_-_WEIBO_SECOND_PROFILE_WEIBO", "lfid": "", "ext": "mid:4982565188141697|rid:9_0_50_162735443278508853_0_0_0|short_url:|long_url:|comment_id:|miduid:6499137849|rootmid:4982565188141697|rootuid:5449734852|authorid:|uuid:4450478694858831|is_ad_weibo:0"}}], "url_struct": [{"url_title": "TOP_ESPORTS超话", "url_type_pic": "https://h5.sinaimg.cn/upload/100/959/2020/05/09/timeline_card_small_super.png", "ori_url": "sinaweibo://pageinfo?containerid=1008081afd05d61fb83c05070bcece702450e7&amp;extparam=TOP_ESPORTS&amp;extension=%7B%22mblog_object_ref%22%3A%22content%22%7D", "page_id": "1008081afd05d61fb83c05070bcece702450e7", "short_url": "#TOP_ESPORTS[超话]#", "long_url": "", "url_type": "", "result": false, "actionlog": {"act_type": 1, "act_code": 300, "oid": "1022:1008081afd05d61fb83c05070bcece702450e7", "uuid": 4372659382030984, "cardid": "", "lcardid": "", "uicode": "", "luicode": "", "fid": "1076036499137849_-_WEIBO_SECOND_PROFILE_WEIBO", "lfid": "", "ext": "mid:4982565188141697|rid:9_0_50_162735443278508853_0_0_0|short_url:|long_url:|comment_id:|miduid:6499137849|rootmid:4982565188141697|rootuid:5449734852|authorid:|uuid:4372659382030984|is_ad_weibo:0|analysis_card:url_struct"}, "storage_type": "", "hide": 0, "object_type": "", "h5_target_url": "https://huati.weibo.com/k/TOP_ESPORTS?from=1FFFF96039&amp;weiboauthoruid=5449734852", "need_save_obj": 0}, {"url_title": "查看图片", "url_type_pic": "https://h5.sinaimg.cn/upload/2015/01/21/20/timeline_card_small_photo.png", "ori_url": "https://photo.weibo.com/h5/repost/reppic_id/1022:230796059b0da9e84b75e4a2625edd795f83c5", "short_url": "http://t.cn/A6l0ZKs1", "long_url": "https://photo.weibo.com/h5/repost/reppic_id/1022:230796059b0da9e84b75e4a2625edd795f83c5", "url_type": 39, "result": false, "actionlog": {"act_type": 1, "act_code": 300, "oid": "1022:230796059b0da9e84b75e4a2625edd795f83c5", "uuid": 4982615118708770, "cardid": "", "lcardid": "", "uicode": "", "luicode": "", "fid": "1076036499137849_-_WEIBO_SECOND_PROFILE_WEIBO", "lfid": "", "ext": "mid:4982615117136563|rid:9_0_50_162735443278508853_0_0_0|short_url:http://t.cn/A6l0ZKs1|long_url:https://photo.weibo.com/h5/repost/reppic_id/1022:230796059b0da9e84b75e4a2625edd795f83c5|comment_id:|miduid:6499137849|rootmid:4982615117136563|rootuid:6499137849|authorid:|uuid:4982615118708770|is_ad_weibo:0|analysis_card:url_struct"}, "storage_type": "", "hide": 0, "object_type": "", "position": 2, "pic_infos": {"0075PIE1gy1hl5ajy1vtej30e70e7tat": {"thumbnail": {"type": "", "url": "http://wx4.sinaimg.cn/thumbnail/0075PIE1gy1hl5ajy1vtej30e70e7tat.jpg", "cut_type": 1, "width": 120, "height": 120, "croped": false}, "bmiddle": {"type": "", "url": "http://wx4.sinaimg.cn/bmiddle/0075PIE1gy1hl5ajy1vtej30e70e7tat.jpg", "cut_type": 1, "width": 440, "height": 440, "croped": false}, "large": {"type": "", "url": "http://wx4.sinaimg.cn/large/0075PIE1gy1hl5ajy1vtej30e70e7tat.jpg", "cut_type": 1, "width": "511", "height": "511", "croped": false}, "woriginal": {"type": "", "url": "http://wx4.sinaimg.cn/woriginal/0075PIE1gy1hl5ajy1vtej30e70e7tat.jpg", "cut_type": 1, "width": "511", "height": "511", "croped": false}}}, "pic_ids": ["0075PIE1gy1hl5ajy1vtej30e70e7tat"], "h5_target_url": "https://photo.weibo.com/h5/repost/reppic_id/1022:230796059b0da9e84b75e4a2625edd795f83c5?from=1FFFF96039&amp;weiboauthoruid=6499137849", "need_save_obj": 1}], "mblogtype": 0, "showFeedRepost": false, "showFeedComment": false, "pictureViewerSign": false, "showPictureViewer": false, "rcList": [], "text": "老哥哥们加油，小哥哥也是，海报别再ai作图了拜托 &lt;a target=\"_blank\" data-pid=0075PIE1gy1hl5ajy1vtej30e70e7tat  href=\"https://wx4.sinaimg.cn/large/0075PIE1gy1hl5ajy1vtej30e70e7tat.jpg\"&gt;&lt;img class=\"icon-link\" src=\"https://h5.sinaimg.cn/upload/2015/01/21/20/timeline_card_small_photo_default.png\"/&gt;查看图片&lt;/a&gt;", "region_name": "发布于 辽宁", "customIcons": [], "retweeted_status": {"visible": {"type": 0, "list_id": 0}, "created_at": "Sun Dec 24 20:06:15 +0800 2023", "id": 4982565188141697, "idstr": "4982565188141697", "mid": "4982565188141697", "mblogid": "NyDTEya1H", "user": {"id": 5449734852, "idstr": "5449734852", "pc_new": 7, "screen_name": "滔搏电子竞技俱乐部", "profile_image_url": "https://tvax3.sinaimg.cn/crop.0.0.1080.1080.50/005WOwZely8heahvtzr4dj30u00u0di7.jpg?KID=imgbed,tva&amp;Expires=1704618383&amp;ssig=M1HFmNd%2FPl", "profile_url": "/u/5449734852", "verified": true, "verified_type": 7, "domain": "2144gaming", "weihao": "", "verified_type_ext": 50, "avatar_large": "https://tvax3.sinaimg.cn/crop.0.0.1080.1080.180/005WOwZely8heahvtzr4dj30u00u0di7.jpg?KID=imgbed,tva&amp;Expires=1704618383&amp;ssig=PIfQKZI9%2FB", "avatar_hd": "https://tvax3.sinaimg.cn/crop.0.0.1080.1080.1024/005WOwZely8heahvtzr4dj30u00u0di7.jpg?KID=imgbed,tva&amp;Expires=1704618383&amp;ssig=jhSW4CRFAU", "follow_me": false, "following": false, "mbrank": 1, "mbtype": 12, "v_plus": 0, "planet_video": false, "icon_list": [{"type": "vip", "data": {"mbrank": 1, "mbtype": 12, "svip": 1, "vvip": 1}}]}, "can_edit": false, "edit_count": 1, "text_raw": "【#2023德玛西亚杯#滔搏赛事预告】\n\nTES&nbsp;vs&nbsp;UP/EQX/WE\n开场\n\n#搏至无憾#&nbsp;​​​", "textLength": 74, "annotations": [{"photo_sub_type": "0"}, {"client_mblogid": "iPhone-BBE0CB3D-ABCD-41C7-B4A6-552F288105EF"}, {"source_text": "", "phone_id": "-1"}, {"mapi_request": true}], "source": "", "favorited": false, "buttons": [{"type": "follow", "name": "加关注", "params": {"uid": 5449734852, "disable_group": 1, "extparams": {"followcardid": "1008080010_"}}, "actionlog": {"act_code": "92", "oid": "4982565188141697"}}], "rid": "9_0_50_162735443278508853_0_0_0", "cardid": "star_1545", "pic_ids": ["005WOwZegy1hl5xhp0k28j30u01e6wvs"], "pic_focus_point": [{"focus_point": {"left": 0.0060634445, "top": 0.20223753, "width": 0.9939365, "height": 0.59429485}, "pic_id": "005WOwZegy1hl5xhp0k28j30u01e6wvs"}], "geo": "", "pic_num": 1, "pic_infos": {"005WOwZegy1hl5xhp0k28j30u01e6wvs": {"thumbnail": {"url": "https://wx3.sinaimg.cn/wap180/005WOwZegy1hl5xhp0k28j30u01e6wvs.jpg", "width": 107, "height": 180, "cut_type": 1, "type": ""}, "bmiddle": {"url": "https://wx3.sinaimg.cn/wap360/005WOwZegy1hl5xhp0k28j30u01e6wvs.jpg", "width": 215, "height": 360, "cut_type": 1, "type": ""}, "large": {"url": "https://wx3.sinaimg.cn/orj960/005WOwZegy1hl5xhp0k28j30u01e6wvs.jpg", "width": 960, "height": 1605, "cut_type": 1, "type": ""}, "original": {"url": "https://wx3.sinaimg.cn/orj1080/005WOwZegy1hl5xhp0k28j30u01e6wvs.jpg", "width": 1080, "height": 1806, "cut_type": 1, "type": ""}, "largest": {"url": "https://wx3.sinaimg.cn/large/005WOwZegy1hl5xhp0k28j30u01e6wvs.jpg", "width": 1080, "height": 1806, "cut_type": 1, "type": ""}, "mw2000": {"url": "https://wx3.sinaimg.cn/mw2000/005WOwZegy1hl5xhp0k28j30u01e6wvs.jpg", "width": 1080, "height": 1806, "cut_type": 1, "type": ""}, "focus_point": {"left": 0.0060634445, "top": 0.20223753, "width": 0.9939365, "height": 0.59429485}, "object_id": "1042018:6a1ba8db2c0cc71d631c6d2280f88bb8", "pic_id": "005WOwZegy1hl5xhp0k28j30u01e6wvs", "photo_tag": 0, "type": "pic", "pic_status": 1}}, "is_paid": false, "mblog_vip_type": 0, "number_display_strategy": {"apply_scenario_flag": 3, "display_text_min_number": 1000000, "display_text": "100万+"}, "title_source": {"name": "TOP_ESPORTS超话", "url": "sinaweibo://pageinfo?pageid=1008081afd05d61fb83c05070bcece702450e7&amp;extparam=TOP_ESPORTS", "image": "http://wx1.sinaimg.cn/thumbnail/005WOwZely8h8vhjsggn3j30u00u0ted.jpg"}, "reposts_count": 553, "comments_count": 760, "attitudes_count": 3232, "attitudes_status": 0, "isLongText": false, "mlevel": 0, "content_auth": 0, "is_show_bulletin": 3, "comment_manage_info": {"comment_permission_type": -1, "approval_comment_type": 0, "comment_sort_type": 0, "ai_play_picture_type": 0}, "mblogtype": 0, "showFeedRepost": false, "showFeedComment": false, "pictureViewerSign": false, "showPictureViewer": false, "rcList": [], "text": "【&lt;a href=\"//s.weibo.com/weibo?q=%232023%E5%BE%B7%E7%8E%9B%E8%A5%BF%E4%BA%9A%E6%9D%AF%23\" target=\"_blank\"&gt;#2023德玛西亚杯#&lt;/a&gt;滔搏赛事预告】&lt;br /&gt;&lt;br /&gt;TES&nbsp;vs&nbsp;UP/EQX/WE&lt;br /&gt;开场&lt;br /&gt;&lt;br /&gt;&lt;a href=\"//s.weibo.com/weibo?q=%23%E6%90%8F%E8%87%B3%E6%97%A0%E6%86%BE%23\" target=\"_blank\"&gt;#搏至无憾#&lt;/a&gt;&nbsp;​​​", "region_name": "发布于 上海", "customIcons": []}}