{"visible": {"type": 0, "list_id": 0}, "created_at": "Mon Dec 25 11:05:57 +0800 2023", "id": 4982791608992467, "idstr": "4982791608992467", "mid": "4982791608992467", "mblogid": "NyJMQBJlN", "user": {"id": 6499137849, "idstr": "6499137849", "pc_new": 7, "screen_name": "冻梨好吃", "profile_image_url": "https://tvax3.sinaimg.cn/crop.0.0.962.962.50/0075PIE1ly8hkxs7vsob4j30qq0qq76e.jpg?KID=imgbed,tva&amp;Expires=1704618383&amp;ssig=1gOtUw1rG3", "profile_url": "/u/6499137849", "verified": false, "verified_type": -1, "domain": "", "weihao": "", "avatar_large": "https://tvax3.sinaimg.cn/crop.0.0.962.962.180/0075PIE1ly8hkxs7vsob4j30qq0qq76e.jpg?KID=imgbed,tva&amp;Expires=1704618383&amp;ssig=YvH7A1adE7", "avatar_hd": "https://tvax3.sinaimg.cn/crop.0.0.962.962.1024/0075PIE1ly8hkxs7vsob4j30qq0qq76e.jpg?KID=imgbed,tva&amp;Expires=1704618383&amp;ssig=o8adKWZvd7", "follow_me": false, "following": false, "mbrank": 0, "mbtype": 0, "v_plus": 0, "planet_video": false, "icon_list": []}, "can_edit": false, "text_raw": "小小乳鸽一部戏，服饰横跨好几个朝代，还分天上地上的[丰收了][丰收了]虽然我看剧的时候压根不会看衣服，但是很油麦，比敷衍还糊弄，编剧你最好是能把一些争议点给我改掉了，否则否则我只能一怒之下又一怒了[流浪地球2][流浪地球2] ​​​", "textLength": 214, "annotations": [{"shooting": 1, "client_mblogid": "7cfaca6c-2148-418e-ab35-b160afa15836"}, {"source_text": "", "phone_id": "266"}, {"mapi_request": true}], "source": "Android", "favorited": false, "rid": "0_0_50_162735443278508853_0_0_0", "pic_ids": [], "pic_num": 0, "is_paid": false, "mblog_vip_type": 0, "number_display_strategy": {"apply_scenario_flag": 3, "display_text_min_number": 1000000, "display_text": "100万+"}, "reposts_count": 0, "comments_count": 1, "attitudes_count": 0, "attitudes_status": 0, "isLongText": false, "mlevel": 0, "content_auth": 0, "is_show_bulletin": 2, "comment_manage_info": {"comment_permission_type": -1, "approval_comment_type": 0, "comment_sort_type": 0}, "share_repost_type": 0, "mblogtype": 0, "showFeedRepost": false, "showFeedComment": false, "pictureViewerSign": false, "showPictureViewer": false, "rcList": [], "text": "小小乳鸽一部戏，服饰横跨好几个朝代，还分天上地上的[丰收了][丰收了]虽然我看剧的时候压根不会看衣服，但是很油麦，比敷衍还糊弄，编剧你最好是能把一些争议点给我改掉了，否则否则我只能一怒之下又一怒了&lt;img alt=\"[流浪地球2]\" title=\"[流浪地球2]\" src=\"https://face.t.sinajs.cn/t4/appstyle/expression/ext/normal/17/2023_TheWanderingEarthⅡ_org.png\" /&gt;&lt;img alt=\"[流浪地球2]\" title=\"[流浪地球2]\" src=\"https://face.t.sinajs.cn/t4/appstyle/expression/ext/normal/17/2023_TheWanderingEarthⅡ_org.png\" /&gt; ​​​", "region_name": "发布于 辽宁", "customIcons": []}