{"visible": {"type": 0, "list_id": 0}, "created_at": "Mon Dec 25 14:46:12 +0800 2023", "id": 4982847033050743, "idstr": "4982847033050743", "mid": "4982847033050743", "mblogid": "NyLefcNDx", "user": {"id": 6499137849, "idstr": "6499137849", "pc_new": 7, "screen_name": "冻梨好吃", "profile_image_url": "https://tvax3.sinaimg.cn/crop.0.0.962.962.50/0075PIE1ly8hkxs7vsob4j30qq0qq76e.jpg?KID=imgbed,tva&amp;Expires=1704618371&amp;ssig=15nCa59zhp", "profile_url": "/u/6499137849", "verified": false, "verified_type": -1, "domain": "", "weihao": "", "avatar_large": "https://tvax3.sinaimg.cn/crop.0.0.962.962.180/0075PIE1ly8hkxs7vsob4j30qq0qq76e.jpg?KID=imgbed,tva&amp;Expires=1704618371&amp;ssig=iias4vHzO2", "avatar_hd": "https://tvax3.sinaimg.cn/crop.0.0.962.962.1024/0075PIE1ly8hkxs7vsob4j30qq0qq76e.jpg?KID=imgbed,tva&amp;Expires=1704618371&amp;ssig=AfEbVI%2Belq", "follow_me": false, "following": false, "mbrank": 0, "mbtype": 0, "v_plus": 0, "planet_video": false, "icon_list": []}, "can_edit": false, "text_raw": "我的沉默◔̯◔ ​​​", "textLength": 14, "annotations": [{"photo_sub_type": "0,0"}, {"client_mblogid": "0dde797a-6f90-4004-a7aa-115189bf02da"}, {"source_text": "", "phone_id": "266"}, {"mapi_request": true}], "source": "Android", "favorited": false, "rid": "17_0_50_163994469991589240_0_0_0", "pic_ids": ["0075PIE1gy1hl6163ptgoj30pf1dgjwo", "0075PIE1gy1hl616463mjj30qn19yq6v"], "pic_focus_point": [{"focus_point": {"left": 0.442029, "top": 0.39243698, "width": 0.22608696, "height": 0.13865547}, "pic_id": "0075PIE1gy1hl616463mjj30qn19yq6v"}, {"focus_point": {"left": 0.25652173, "top": 0.42921013, "width": 0.584058, "height": 0.5119225}, "pic_id": "0075PIE1gy1hl6163ptgoj30pf1dgjwo"}], "pic_num": 2, "pic_infos": {"0075PIE1gy1hl6163ptgoj30pf1dgjwo": {"thumbnail": {"url": "https://wx4.sinaimg.cn/wap180/0075PIE1gy1hl6163ptgoj30pf1dgjwo.jpg", "width": 92, "height": 180, "cut_type": 1, "type": ""}, "bmiddle": {"url": "https://wx4.sinaimg.cn/wap360/0075PIE1gy1hl6163ptgoj30pf1dgjwo.jpg", "width": 185, "height": 360, "cut_type": 1, "type": ""}, "large": {"url": "https://wx4.sinaimg.cn/orj960/0075PIE1gy1hl6163ptgoj30pf1dgjwo.jpg", "width": 915, "height": 1780, "cut_type": 1, "type": ""}, "original": {"url": "https://wx4.sinaimg.cn/orj1080/0075PIE1gy1hl6163ptgoj30pf1dgjwo.jpg", "width": 915, "height": 1780, "cut_type": 1, "type": ""}, "largest": {"url": "https://wx4.sinaimg.cn/large/0075PIE1gy1hl6163ptgoj30pf1dgjwo.jpg", "width": 915, "height": 1780, "cut_type": 1, "type": ""}, "mw2000": {"url": "https://wx4.sinaimg.cn/mw2000/0075PIE1gy1hl6163ptgoj30pf1dgjwo.jpg", "width": 915, "height": 1780, "cut_type": 1, "type": ""}, "focus_point": {"left": 0.25652173, "top": 0.42921013, "width": 0.584058, "height": 0.5119225}, "object_id": "1042018:7b337e232171859dcca68c303dc1963f", "pic_id": "0075PIE1gy1hl6163ptgoj30pf1dgjwo", "photo_tag": 0, "type": "pic", "pic_status": 1}, "0075PIE1gy1hl616463mjj30qn19yq6v": {"thumbnail": {"url": "https://wx1.sinaimg.cn/wap180/0075PIE1gy1hl616463mjj30qn19yq6v.jpg", "width": 104, "height": 180, "cut_type": 1, "type": ""}, "bmiddle": {"url": "https://wx1.sinaimg.cn/wap360/0075PIE1gy1hl616463mjj30qn19yq6v.jpg", "width": 208, "height": 360, "cut_type": 1, "type": ""}, "large": {"url": "https://wx1.sinaimg.cn/orj960/0075PIE1gy1hl616463mjj30qn19yq6v.jpg", "width": 959, "height": 1654, "cut_type": 1, "type": ""}, "original": {"url": "https://wx1.sinaimg.cn/orj1080/0075PIE1gy1hl616463mjj30qn19yq6v.jpg", "width": 959, "height": 1654, "cut_type": 1, "type": ""}, "largest": {"url": "https://wx1.sinaimg.cn/large/0075PIE1gy1hl616463mjj30qn19yq6v.jpg", "width": 959, "height": 1654, "cut_type": 1, "type": ""}, "mw2000": {"url": "https://wx1.sinaimg.cn/mw2000/0075PIE1gy1hl616463mjj30qn19yq6v.jpg", "width": 959, "height": 1654, "cut_type": 1, "type": ""}, "focus_point": {"left": 0.442029, "top": 0.39243698, "width": 0.22608696, "height": 0.13865547}, "object_id": "1042018:da992a3f61935152b62881c83da5a040", "pic_id": "0075PIE1gy1hl616463mjj30qn19yq6v", "photo_tag": 0, "type": "pic", "pic_status": 1}}, "is_paid": false, "mblog_vip_type": 0, "number_display_strategy": {"apply_scenario_flag": 3, "display_text_min_number": 1000000, "display_text": "100万+"}, "reposts_count": 2, "comments_count": 1, "attitudes_count": 0, "attitudes_status": 0, "isLongText": false, "mlevel": 0, "content_auth": 0, "is_show_bulletin": 2, "comment_manage_info": {"comment_permission_type": -1, "approval_comment_type": 0, "comment_sort_type": 0}, "share_repost_type": 0, "mblogtype": 0, "showFeedRepost": false, "showFeedComment": false, "pictureViewerSign": false, "showPictureViewer": false, "rcList": [], "text": "我的沉默◔̯◔ ​​​", "region_name": "发布于 辽宁", "customIcons": []}