{"visible": {"type": 0, "list_id": 0}, "created_at": "Sun Dec 24 19:02:51 +0800 2023", "id": 4982549237203375, "idstr": "4982549237203375", "mid": "4982549237203375", "mblogid": "NyDtVudVt", "user": {"id": 6499137849, "idstr": "6499137849", "pc_new": 7, "screen_name": "冻梨好吃", "profile_image_url": "https://tvax3.sinaimg.cn/crop.0.0.962.962.50/0075PIE1ly8hkxs7vsob4j30qq0qq76e.jpg?KID=imgbed,tva&amp;Expires=1704618383&amp;ssig=1gOtUw1rG3", "profile_url": "/u/6499137849", "verified": false, "verified_type": -1, "domain": "", "weihao": "", "avatar_large": "https://tvax3.sinaimg.cn/crop.0.0.962.962.180/0075PIE1ly8hkxs7vsob4j30qq0qq76e.jpg?KID=imgbed,tva&amp;Expires=1704618383&amp;ssig=YvH7A1adE7", "avatar_hd": "https://tvax3.sinaimg.cn/crop.0.0.962.962.1024/0075PIE1ly8hkxs7vsob4j30qq0qq76e.jpg?KID=imgbed,tva&amp;Expires=1704618383&amp;ssig=o8adKWZvd7", "follow_me": false, "following": false, "mbrank": 0, "mbtype": 0, "v_plus": 0, "planet_video": false, "icon_list": []}, "can_edit": false, "text_raw": "别整什么老钟人不过🐏节那一套，学起来@锦月如歌官方微博 ​​​", "textLength": 55, "annotations": [{"photo_sub_type": "0,0,0"}, {"client_mblogid": "aeb4aa7b-8473-4a1e-9aa4-be342c81adb9"}, {"source_text": "", "phone_id": "266"}, {"mapi_request": true}], "source": "Android", "favorited": false, "rid": "15_0_50_162735443278508853_0_0_0", "pic_ids": ["0075PIE1ly1hl52yqt1zjj31jk0uj7lh", "0075PIE1ly1hl52yr3l3hj31jk0wkwu9", "0075PIE1ly1hl52yybay5j30qo0j4gof"], "pic_focus_point": [{"focus_point": {"left": 0.17325741, "top": 0, "width": 0.67590445, "height": 0.9421698}, "pic_id": "0075PIE1ly1hl52yybay5j30qo0j4gof"}, {"focus_point": {"left": 0.25883076, "top": 0.04220673, "width": 0.4911598, "height": 0.83886206}, "pic_id": "0075PIE1ly1hl52yr3l3hj31jk0wkwu9"}, {"focus_point": {"left": 0.26653993, "top": 0.042062588, "width": 0.49418613, "height": 0.89970565}, "pic_id": "0075PIE1ly1hl52yqt1zjj31jk0uj7lh"}], "pic_num": 3, "pic_infos": {"0075PIE1ly1hl52yqt1zjj31jk0uj7lh": {"thumbnail": {"url": "https://wx2.sinaimg.cn/wap180/0075PIE1ly1hl52yqt1zjj31jk0uj7lh.jpg", "width": 180, "height": 98, "cut_type": 1, "type": ""}, "bmiddle": {"url": "https://wx2.sinaimg.cn/wap360/0075PIE1ly1hl52yqt1zjj31jk0uj7lh.jpg", "width": 360, "height": 197, "cut_type": 1, "type": ""}, "large": {"url": "https://wx2.sinaimg.cn/orj960/0075PIE1ly1hl52yqt1zjj31jk0uj7lh.jpg", "width": 1747, "height": 960, "cut_type": 1, "type": ""}, "original": {"url": "https://wx2.sinaimg.cn/orj1080/0075PIE1ly1hl52yqt1zjj31jk0uj7lh.jpg", "width": 1965, "height": 1080, "cut_type": 1, "type": ""}, "largest": {"url": "https://wx2.sinaimg.cn/large/0075PIE1ly1hl52yqt1zjj31jk0uj7lh.jpg", "width": 2000, "height": 1099, "cut_type": 1, "type": ""}, "mw2000": {"url": "https://wx2.sinaimg.cn/mw2000/0075PIE1ly1hl52yqt1zjj31jk0uj7lh.jpg", "width": 2000, "height": 1099, "cut_type": 1, "type": ""}, "focus_point": {"left": 0.26653993, "top": 0.042062588, "width": 0.49418613, "height": 0.89970565}, "object_id": "1042018:1d2578efbed6d08be2450678ec6b4f6b", "pic_id": "0075PIE1ly1hl52yqt1zjj31jk0uj7lh", "photo_tag": 0, "type": "pic", "pic_status": 1}, "0075PIE1ly1hl52yr3l3hj31jk0wkwu9": {"thumbnail": {"url": "https://wx2.sinaimg.cn/wap180/0075PIE1ly1hl52yr3l3hj31jk0wkwu9.jpg", "width": 180, "height": 105, "cut_type": 1, "type": ""}, "bmiddle": {"url": "https://wx2.sinaimg.cn/wap360/0075PIE1ly1hl52yr3l3hj31jk0wkwu9.jpg", "width": 360, "height": 210, "cut_type": 1, "type": ""}, "large": {"url": "https://wx2.sinaimg.cn/orj960/0075PIE1ly1hl52yr3l3hj31jk0wkwu9.jpg", "width": 1638, "height": 960, "cut_type": 1, "type": ""}, "original": {"url": "https://wx2.sinaimg.cn/orj1080/0075PIE1ly1hl52yr3l3hj31jk0wkwu9.jpg", "width": 1843, "height": 1080, "cut_type": 1, "type": ""}, "largest": {"url": "https://wx2.sinaimg.cn/large/0075PIE1ly1hl52yr3l3hj31jk0wkwu9.jpg", "width": 2000, "height": 1172, "cut_type": 1, "type": ""}, "mw2000": {"url": "https://wx2.sinaimg.cn/mw2000/0075PIE1ly1hl52yr3l3hj31jk0wkwu9.jpg", "width": 2000, "height": 1172, "cut_type": 1, "type": ""}, "focus_point": {"left": 0.25883076, "top": 0.04220673, "width": 0.4911598, "height": 0.83886206}, "object_id": "1042018:472fd4679bc174cc81235516c3911fe6", "pic_id": "0075PIE1ly1hl52yr3l3hj31jk0wkwu9", "photo_tag": 0, "type": "pic", "pic_status": 1}, "0075PIE1ly1hl52yybay5j30qo0j4gof": {"thumbnail": {"url": "https://wx3.sinaimg.cn/wap180/0075PIE1ly1hl52yybay5j30qo0j4gof.jpg", "width": 180, "height": 128, "cut_type": 1, "type": ""}, "bmiddle": {"url": "https://wx3.sinaimg.cn/wap360/0075PIE1ly1hl52yybay5j30qo0j4gof.jpg", "width": 360, "height": 257, "cut_type": 1, "type": ""}, "large": {"url": "https://wx3.sinaimg.cn/orj960/0075PIE1ly1hl52yybay5j30qo0j4gof.jpg", "width": 960, "height": 688, "cut_type": 1, "type": ""}, "original": {"url": "https://wx3.sinaimg.cn/orj1080/0075PIE1ly1hl52yybay5j30qo0j4gof.jpg", "width": 960, "height": 688, "cut_type": 1, "type": ""}, "largest": {"url": "https://wx3.sinaimg.cn/large/0075PIE1ly1hl52yybay5j30qo0j4gof.jpg", "width": 960, "height": 688, "cut_type": 1, "type": ""}, "mw2000": {"url": "https://wx3.sinaimg.cn/mw2000/0075PIE1ly1hl52yybay5j30qo0j4gof.jpg", "width": 960, "height": 688, "cut_type": 1, "type": ""}, "focus_point": {"left": 0.17325741, "top": 0, "width": 0.67590445, "height": 0.9421698}, "object_id": "1042018:ba69f2ea56dd290c77a624e24b0ddcab", "pic_id": "0075PIE1ly1hl52yybay5j30qo0j4gof", "photo_tag": 0, "type": "pic", "pic_status": 1}}, "is_paid": false, "mblog_vip_type": 0, "number_display_strategy": {"apply_scenario_flag": 3, "display_text_min_number": 1000000, "display_text": "100万+"}, "reposts_count": 0, "comments_count": 0, "attitudes_count": 0, "attitudes_status": 0, "isLongText": false, "mlevel": 0, "content_auth": 0, "is_show_bulletin": 2, "comment_manage_info": {"comment_permission_type": -1, "approval_comment_type": 0, "comment_sort_type": 0}, "share_repost_type": 0, "mblogtype": 0, "showFeedRepost": false, "showFeedComment": false, "pictureViewerSign": false, "showPictureViewer": false, "rcList": [], "text": "别整什么老钟人不过🐏节那一套，学起来&lt;a href=/n/锦月如歌官方微博 usercard=\"name=@锦月如歌官方微博\"&gt;@锦月如歌官方微博&lt;/a&gt; ​​​", "region_name": "发布于 辽宁", "customIcons": []}