{"visible": {"type": 0, "list_id": 0}, "created_at": "Sun Dec 24 13:55:49 +0800 2023", "id": 4982471966066947, "idstr": "4982471966066947", "mid": "4982471966066947", "mblogid": "NyBtipshZ", "user": {"id": 6499137849, "idstr": "6499137849", "pc_new": 7, "screen_name": "冻梨好吃", "profile_image_url": "https://tvax3.sinaimg.cn/crop.0.0.962.962.50/0075PIE1ly8hkxs7vsob4j30qq0qq76e.jpg?KID=imgbed,tva&amp;Expires=1704618383&amp;ssig=1gOtUw1rG3", "profile_url": "/u/6499137849", "verified": false, "verified_type": -1, "domain": "", "weihao": "", "avatar_large": "https://tvax3.sinaimg.cn/crop.0.0.962.962.180/0075PIE1ly8hkxs7vsob4j30qq0qq76e.jpg?KID=imgbed,tva&amp;Expires=1704618383&amp;ssig=YvH7A1adE7", "avatar_hd": "https://tvax3.sinaimg.cn/crop.0.0.962.962.1024/0075PIE1ly8hkxs7vsob4j30qq0qq76e.jpg?KID=imgbed,tva&amp;Expires=1704618383&amp;ssig=o8adKWZvd7", "follow_me": false, "following": false, "mbrank": 0, "mbtype": 0, "v_plus": 0, "planet_video": false, "icon_list": []}, "can_edit": false, "text_raw": "捏妈终于等来，小四加油，大o在播 ​​​", "textLength": 31, "annotations": [{"photo_sub_type": "0"}, {"client_mblogid": "30ba2e89-f030-4304-b553-59958031a07f"}, {"source_text": "", "phone_id": "266"}, {"mapi_request": true}], "source": "Android", "favorited": false, "rid": "18_0_50_162735443278508853_0_0_0", "pic_ids": ["0075PIE1gy1hl4u15hc1mj30qd1d8afz"], "pic_focus_point": [{"focus_point": {"left": 0.24347825, "top": 0.062111802, "width": 0.17681159, "height": 0.0947205}, "pic_id": "0075PIE1gy1hl4u15hc1mj30qd1d8afz"}], "pic_num": 1, "pic_infos": {"0075PIE1gy1hl4u15hc1mj30qd1d8afz": {"thumbnail": {"url": "https://wx2.sinaimg.cn/wap180/0075PIE1gy1hl4u15hc1mj30qd1d8afz.jpg", "width": 96, "height": 180, "cut_type": 1, "type": ""}, "bmiddle": {"url": "https://wx2.sinaimg.cn/wap360/0075PIE1gy1hl4u15hc1mj30qd1d8afz.jpg", "width": 192, "height": 360, "cut_type": 1, "type": ""}, "large": {"url": "https://wx2.sinaimg.cn/orj960/0075PIE1gy1hl4u15hc1mj30qd1d8afz.jpg", "width": 949, "height": 1772, "cut_type": 1, "type": ""}, "original": {"url": "https://wx2.sinaimg.cn/orj1080/0075PIE1gy1hl4u15hc1mj30qd1d8afz.jpg", "width": 949, "height": 1772, "cut_type": 1, "type": ""}, "largest": {"url": "https://wx2.sinaimg.cn/large/0075PIE1gy1hl4u15hc1mj30qd1d8afz.jpg", "width": 949, "height": 1772, "cut_type": 1, "type": ""}, "mw2000": {"url": "https://wx2.sinaimg.cn/mw2000/0075PIE1gy1hl4u15hc1mj30qd1d8afz.jpg", "width": 949, "height": 1772, "cut_type": 1, "type": ""}, "focus_point": {"left": 0.24347825, "top": 0.062111802, "width": 0.17681159, "height": 0.0947205}, "object_id": "1042018:d1922fb06e76081d6166f553135a8fa0", "pic_id": "0075PIE1gy1hl4u15hc1mj30qd1d8afz", "photo_tag": 0, "type": "pic", "pic_status": 1}}, "is_paid": false, "mblog_vip_type": 0, "number_display_strategy": {"apply_scenario_flag": 3, "display_text_min_number": 1000000, "display_text": "100万+"}, "reposts_count": 0, "comments_count": 2, "attitudes_count": 0, "attitudes_status": 0, "isLongText": false, "mlevel": 0, "content_auth": 0, "is_show_bulletin": 2, "comment_manage_info": {"comment_permission_type": -1, "approval_comment_type": 0, "comment_sort_type": 0}, "share_repost_type": 0, "mblogtype": 0, "showFeedRepost": false, "showFeedComment": false, "pictureViewerSign": false, "showPictureViewer": false, "rcList": [], "text": "捏妈终于等来，小四加油，大o在播 ​​​", "region_name": "发布于 辽宁", "customIcons": []}