{"visible": {"type": 0, "list_id": 0}, "created_at": "Mon Dec 25 21:52:35 +0800 2023", "id": 4982954333834118, "idstr": "4982954333834118", "mid": "4982954333834118", "mblogid": "NyO1jg5qC", "user": {"id": 6499137849, "idstr": "6499137849", "pc_new": 7, "screen_name": "冻梨好吃", "profile_image_url": "https://tvax3.sinaimg.cn/crop.0.0.962.962.50/0075PIE1ly8hkxs7vsob4j30qq0qq76e.jpg?KID=imgbed,tva&amp;Expires=1704618371&amp;ssig=15nCa59zhp", "profile_url": "/u/6499137849", "verified": false, "verified_type": -1, "domain": "", "weihao": "", "avatar_large": "https://tvax3.sinaimg.cn/crop.0.0.962.962.180/0075PIE1ly8hkxs7vsob4j30qq0qq76e.jpg?KID=imgbed,tva&amp;Expires=1704618371&amp;ssig=iias4vHzO2", "avatar_hd": "https://tvax3.sinaimg.cn/crop.0.0.962.962.1024/0075PIE1ly8hkxs7vsob4j30qq0qq76e.jpg?KID=imgbed,tva&amp;Expires=1704618371&amp;ssig=AfEbVI%2Belq", "follow_me": false, "following": false, "mbrank": 0, "mbtype": 0, "v_plus": 0, "planet_video": false, "icon_list": []}, "can_edit": false, "text_raw": "大b短期内回不来，你不用那么慌张哈[丰收了][丰收了] http://t.cn/A6lOs2Ra", "annotations": [{"client_mblogid": "c57cf114-a370-447a-ae3c-e6beec728c07"}, {"mapi_request": true}], "source": "Android", "favorited": false, "rid": "7_0_50_163994469991589240_0_0_0", "pic_ids": [], "pic_num": 0, "is_paid": false, "mblog_vip_type": 0, "number_display_strategy": {"apply_scenario_flag": 3, "display_text_min_number": 1000000, "display_text": "100万+"}, "reposts_count": 0, "comments_count": 0, "attitudes_count": 0, "attitudes_status": 0, "isLongText": false, "mlevel": 0, "content_auth": 0, "is_show_bulletin": 2, "comment_manage_info": {"comment_permission_type": -1, "approval_comment_type": 0, "comment_sort_type": 0}, "repost_type": 1, "share_repost_type": 0, "url_struct": [{"url_title": "查看图片", "url_type_pic": "https://h5.sinaimg.cn/upload/2015/01/21/20/timeline_card_small_photo.png", "ori_url": "https://photo.weibo.com/h5/repost/reppic_id/1022:230796a62677991771ef3ff10b43eec448458b", "short_url": "http://t.cn/A6lOs2Ra", "long_url": "https://photo.weibo.com/h5/repost/reppic_id/1022:230796a62677991771ef3ff10b43eec448458b", "url_type": 39, "result": false, "actionlog": {"act_type": 1, "act_code": 300, "oid": "1022:230796a62677991771ef3ff10b43eec448458b", "uuid": 4982954336977028, "cardid": "", "lcardid": "", "uicode": "", "luicode": "", "fid": "1076036499137849_-_WEIBO_SECOND_PROFILE_WEIBO", "lfid": "", "ext": "mid:4982954333834118|rid:7_0_50_163994469991589240_0_0_0|short_url:http://t.cn/A6lOs2Ra|long_url:https://photo.weibo.com/h5/repost/reppic_id/1022:230796a62677991771ef3ff10b43eec448458b|comment_id:|miduid:6499137849|rootmid:4982954333834118|rootuid:6499137849|authorid:|uuid:4982954336977028|is_ad_weibo:0|analysis_card:url_struct"}, "storage_type": "", "hide": 0, "object_type": "", "position": 2, "pic_infos": {"0075PIE1ly1hl6dighpv2j30mz0mzgn0": {"thumbnail": {"type": "", "url": "http://wx4.sinaimg.cn/thumbnail/0075PIE1ly1hl6dighpv2j30mz0mzgn0.jpg", "cut_type": 1, "width": 120, "height": 120, "croped": false}, "bmiddle": {"type": "", "url": "http://wx4.sinaimg.cn/bmiddle/0075PIE1ly1hl6dighpv2j30mz0mzgn0.jpg", "cut_type": 1, "width": 440, "height": 440, "croped": false}, "large": {"type": "", "url": "http://wx4.sinaimg.cn/large/0075PIE1ly1hl6dighpv2j30mz0mzgn0.jpg", "cut_type": 1, "width": "827", "height": "827", "croped": false}, "woriginal": {"type": "", "url": "http://wx4.sinaimg.cn/woriginal/0075PIE1ly1hl6dighpv2j30mz0mzgn0.jpg", "cut_type": 1, "width": "827", "height": "827", "croped": false}}}, "pic_ids": ["0075PIE1ly1hl6dighpv2j30mz0mzgn0"], "h5_target_url": "https://photo.weibo.com/h5/repost/reppic_id/1022:230796a62677991771ef3ff10b43eec448458b?from=1FFFF96039&amp;weiboauthoruid=6499137849", "need_save_obj": 1}], "mblogtype": 0, "showFeedRepost": false, "showFeedComment": false, "pictureViewerSign": false, "showPictureViewer": false, "rcList": [], "text": "大b短期内回不来，你不用那么慌张哈[丰收了][丰收了] &lt;a target=\"_blank\" data-pid=0075PIE1ly1hl6dighpv2j30mz0mzgn0  href=\"https://wx4.sinaimg.cn/large/0075PIE1ly1hl6dighpv2j30mz0mzgn0.jpg\"&gt;&lt;img class=\"icon-link\" src=\"https://h5.sinaimg.cn/upload/2015/01/21/20/timeline_card_small_photo_default.png\"/&gt;查看图片&lt;/a&gt;", "region_name": "发布于 辽宁", "customIcons": [], "retweeted_status": {"visible": {"type": 0, "list_id": 0}, "created_at": "Mon Dec 25 21:26:24 +0800 2023", "id": 4982947751133445, "idstr": "4982947751133445", "mid": "4982947751133445", "mblogid": "NyNQH4KRn", "user": {"id": 6907244758, "idstr": "6907244758", "pc_new": 7, "screen_name": "TTTianII", "profile_image_url": "https://tvax1.sinaimg.cn/crop.0.0.1080.1080.50/007xs5Twly8h9sbvjyojbj30u00u0t9h.jpg?KID=imgbed,tva&amp;Expires=1704618371&amp;ssig=nquOg28JmF", "profile_url": "/u/6907244758", "verified": true, "verified_type": 0, "domain": "", "weihao": "", "verified_type_ext": 2, "avatar_large": "https://tvax1.sinaimg.cn/crop.0.0.1080.1080.180/007xs5Twly8h9sbvjyojbj30u00u0t9h.jpg?KID=imgbed,tva&amp;Expires=1704618371&amp;ssig=1I3zYbIDW3", "avatar_hd": "https://tvax1.sinaimg.cn/crop.0.0.1080.1080.1024/007xs5Twly8h9sbvjyojbj30u00u0t9h.jpg?KID=imgbed,tva&amp;Expires=1704618371&amp;ssig=eWVeBTJUj6", "follow_me": false, "following": false, "mbrank": 1, "mbtype": 12, "v_plus": 0, "planet_video": false, "icon_list": [{"type": "vip", "data": {"mbrank": 1, "mbtype": 12, "svip": 1, "vvip": 1}}]}, "can_edit": false, "text_raw": "圣诞快乐🧑‍🎄，元旦见[哆啦A梦微笑] ​​​", "textLength": 39, "annotations": [{"shooting": 1, "client_mblogid": "iPhone-D178583B-8837-4F55-9FB2-64179573594B"}, {"source_text": "", "phone_id": "-1"}, {"mapi_request": true}], "source": "", "favorited": false, "buttons": [{"type": "follow", "name": "加关注", "params": {"uid": 6907244758, "disable_group": 1, "extparams": {"followcardid": "1008080010_"}}, "actionlog": {"act_code": "92", "oid": "4982947751133445"}}], "rid": "7_0_50_163994469991589240_0_0_0", "pic_ids": [], "geo": "", "pic_num": 0, "is_paid": false, "mblog_vip_type": 0, "number_display_strategy": {"apply_scenario_flag": 3, "display_text_min_number": 1000000, "display_text": "100万+"}, "reposts_count": 560, "comments_count": 1178, "attitudes_count": 7240, "attitudes_status": 0, "isLongText": false, "mlevel": 0, "content_auth": 0, "is_show_bulletin": 2, "comment_manage_info": {"comment_permission_type": -1, "approval_comment_type": 0, "comment_sort_type": 0, "ai_play_picture_type": 0}, "mblogtype": 0, "showFeedRepost": false, "showFeedComment": false, "pictureViewerSign": false, "showPictureViewer": false, "rcList": [], "text": "圣诞快乐🧑‍🎄，元旦见&lt;img alt=\"[哆啦A梦微笑]\" title=\"[哆啦A梦微笑]\" src=\"https://face.t.sinajs.cn/t4/appstyle/expression/ext/normal/5a/2022_dorasmile_org.png\" /&gt; ​​​", "region_name": "发布于 上海", "customIcons": []}}