{"visible": {"type": 0, "list_id": 0}, "created_at": "Mon Dec 25 10:03:58 +0800 2023", "id": 4982776004614585, "idstr": "4982776004614585", "mid": "4982776004614585", "mblogid": "NyJnGjmsN", "user": {"id": 6499137849, "idstr": "6499137849", "pc_new": 7, "screen_name": "冻梨好吃", "profile_image_url": "https://tvax3.sinaimg.cn/crop.0.0.962.962.50/0075PIE1ly8hkxs7vsob4j30qq0qq76e.jpg?KID=imgbed,tva&amp;Expires=1704618383&amp;ssig=1gOtUw1rG3", "profile_url": "/u/6499137849", "verified": false, "verified_type": -1, "domain": "", "weihao": "", "avatar_large": "https://tvax3.sinaimg.cn/crop.0.0.962.962.180/0075PIE1ly8hkxs7vsob4j30qq0qq76e.jpg?KID=imgbed,tva&amp;Expires=1704618383&amp;ssig=YvH7A1adE7", "avatar_hd": "https://tvax3.sinaimg.cn/crop.0.0.962.962.1024/0075PIE1ly8hkxs7vsob4j30qq0qq76e.jpg?KID=imgbed,tva&amp;Expires=1704618383&amp;ssig=o8adKWZvd7", "follow_me": false, "following": false, "mbrank": 0, "mbtype": 0, "v_plus": 0, "planet_video": false, "icon_list": []}, "can_edit": false, "text_raw": "竞丝每日一敏感[丰收了][丰收了] http://t.cn/A6l0862w //@唳暮云千层:比赛还没开打，陶波哥的乐子就来了//@烈焰ovo:369才刚回来tes还没打呢，就开喷了？", "annotations": [{"client_mblogid": "2e71ab25-d13a-4e4b-9cb7-e84b939579d6"}, {"mapi_request": true}], "source": "Android", "favorited": false, "rid": "2_0_50_162735443278508853_0_0_0", "pic_ids": [], "pic_num": 0, "is_paid": false, "mblog_vip_type": 0, "number_display_strategy": {"apply_scenario_flag": 3, "display_text_min_number": 1000000, "display_text": "100万+"}, "reposts_count": 0, "comments_count": 0, "attitudes_count": 0, "attitudes_status": 0, "isLongText": false, "mlevel": 0, "content_auth": 0, "is_show_bulletin": 2, "comment_manage_info": {"comment_permission_type": -1, "approval_comment_type": 0, "comment_sort_type": 0}, "repost_type": 5, "share_repost_type": 0, "url_struct": [{"url_title": "查看图片", "url_type_pic": "https://h5.sinaimg.cn/upload/2015/01/21/20/timeline_card_small_photo.png", "ori_url": "https://photo.weibo.com/h5/repost/reppic_id/1022:230796335d67af4262bfc1644ff88ce8975b3d", "short_url": "http://t.cn/A6l0862w", "long_url": "https://photo.weibo.com/h5/repost/reppic_id/1022:230796335d67af4262bfc1644ff88ce8975b3d", "url_type": 39, "result": false, "actionlog": {"act_type": 1, "act_code": 300, "oid": "1022:230796335d67af4262bfc1644ff88ce8975b3d", "uuid": 4982776007754017, "cardid": "", "lcardid": "", "uicode": "", "luicode": "", "fid": "1076036499137849_-_WEIBO_SECOND_PROFILE_WEIBO", "lfid": "", "ext": "mid:4982776004614585|rid:2_0_50_162735443278508853_0_0_0|short_url:http://t.cn/A6l0862w|long_url:https://photo.weibo.com/h5/repost/reppic_id/1022:230796335d67af4262bfc1644ff88ce8975b3d|comment_id:|miduid:6499137849|rootmid:4982776004614585|rootuid:6499137849|authorid:|uuid:4982776007754017|is_ad_weibo:0|analysis_card:url_struct"}, "storage_type": "", "hide": 0, "object_type": "", "position": 2, "pic_infos": {"0075PIE1gy1hl5t15yhnoj30r70uh101": {"thumbnail": {"type": "", "url": "http://wx4.sinaimg.cn/thumbnail/0075PIE1gy1hl5t15yhnoj30r70uh101.jpg", "cut_type": 1, "width": 107, "height": 120, "croped": false}, "bmiddle": {"type": "", "url": "http://wx4.sinaimg.cn/bmiddle/0075PIE1gy1hl5t15yhnoj30r70uh101.jpg", "cut_type": 1, "width": 440, "height": 493, "croped": false}, "large": {"type": "", "url": "http://wx4.sinaimg.cn/large/0075PIE1gy1hl5t15yhnoj30r70uh101.jpg", "cut_type": 1, "width": "979", "height": "1097", "croped": false}, "woriginal": {"type": "", "url": "http://wx4.sinaimg.cn/woriginal/0075PIE1gy1hl5t15yhnoj30r70uh101.jpg", "cut_type": 1, "width": "979", "height": "1097", "croped": false}}}, "pic_ids": ["0075PIE1gy1hl5t15yhnoj30r70uh101"], "h5_target_url": "https://photo.weibo.com/h5/repost/reppic_id/1022:230796335d67af4262bfc1644ff88ce8975b3d?from=1FFFF96039&amp;weiboauthoruid=6499137849", "need_save_obj": 1}], "mblogtype": 0, "showFeedRepost": false, "showFeedComment": false, "pictureViewerSign": false, "showPictureViewer": false, "rcList": [], "text": "竞丝每日一敏感[丰收了][丰收了] &lt;a target=\"_blank\" data-pid=0075PIE1gy1hl5t15yhnoj30r70uh101  href=\"https://wx4.sinaimg.cn/large/0075PIE1gy1hl5t15yhnoj30r70uh101.jpg\"&gt;&lt;img class=\"icon-link\" src=\"https://h5.sinaimg.cn/upload/2015/01/21/20/timeline_card_small_photo_default.png\"/&gt;查看图片&lt;/a&gt; //&lt;a href=/n/唳暮云千层 usercard=\"name=@唳暮云千层\"&gt;@唳暮云千层&lt;/a&gt;:比赛还没开打，陶波哥的乐子就来了//&lt;a href=/n/烈焰ovo usercard=\"name=@烈焰ovo\"&gt;@烈焰ovo&lt;/a&gt;:369才刚回来tes还没打呢，就开喷了？", "region_name": "发布于 辽宁", "customIcons": [], "retweeted_status": {"visible": {"type": 0, "list_id": 0}, "created_at": "Sun Dec 24 17:34:32 +0800 2023", "id": 4982527007655081, "idstr": "4982527007655081", "mid": "4982527007655081", "mblogid": "NyCU4w7r3", "user": {"id": 3253808164, "idstr": "3253808164", "pc_new": 6, "screen_name": "某亚洲不知名巨星_", "profile_image_url": "https://tvax2.sinaimg.cn/crop.0.0.1080.1080.50/c1f12c24ly8hkip78ls5cj20u00u0taw.jpg?KID=imgbed,tva&amp;Expires=1704618383&amp;ssig=CzFG2KtCen", "profile_url": "/u/3253808164", "verified": true, "verified_type": 0, "domain": "", "weihao": "", "verified_type_ext": 0, "avatar_large": "https://tvax2.sinaimg.cn/crop.0.0.1080.1080.180/c1f12c24ly8hkip78ls5cj20u00u0taw.jpg?KID=imgbed,tva&amp;Expires=1704618383&amp;ssig=OS8tlVngZ6", "avatar_hd": "https://tvax2.sinaimg.cn/crop.0.0.1080.1080.1024/c1f12c24ly8hkip78ls5cj20u00u0taw.jpg?KID=imgbed,tva&amp;Expires=1704618383&amp;ssig=zKZ16vqIre", "follow_me": false, "following": false, "mbrank": 5, "mbtype": 2, "v_plus": 0, "planet_video": false, "icon_list": []}, "can_edit": false, "text_raw": "天杀的396 你敢耍老子 ​​​", "textLength": 20, "annotations": [{"shooting": 1, "client_mblogid": "iPhone-7F46FFF9-6036-404A-87A5-62FA34177194"}, {"source_text": "", "phone_id": "1399"}, {"mapi_request": true}], "source": "iPhone客户端", "favorited": false, "buttons": [{"type": "follow", "name": "加关注", "params": {"uid": 3253808164, "disable_group": 1, "extparams": {"followcardid": "1008080010_"}}, "actionlog": {"act_code": "92", "oid": "4982527007655081"}}], "rid": "2_0_50_162735443278508853_0_0_0", "pic_ids": [], "geo": "", "pic_num": 0, "is_paid": false, "mblog_vip_type": 0, "number_display_strategy": {"apply_scenario_flag": 3, "display_text_min_number": 1000000, "display_text": "100万+"}, "reposts_count": 284, "comments_count": 203, "attitudes_count": 2295, "attitudes_status": 0, "isLongText": false, "mlevel": 0, "content_auth": 0, "is_show_bulletin": 2, "comment_manage_info": {"comment_permission_type": -1, "approval_comment_type": 0, "comment_sort_type": 0, "ai_play_picture_type": 0}, "mblogtype": 0, "showFeedRepost": false, "showFeedComment": false, "pictureViewerSign": false, "showPictureViewer": false, "rcList": [], "text": "天杀的396 你敢耍老子 ​​​", "region_name": "发布于 江苏", "customIcons": []}}