{"visible": {"type": 0, "list_id": 0}, "created_at": "Sun Dec 24 20:43:37 +0800 2023", "id": 4982574592559136, "idstr": "4982574592559136", "mid": "4982574592559136", "mblogid": "NyE8PaJKo", "user": {"id": 2610876564, "idstr": "2610876564", "pc_new": 7, "screen_name": "我的追星大号", "profile_image_url": "https://tvax4.sinaimg.cn/crop.0.0.996.996.50/9b9ed094ly8gdiqev3lz3j20ro0romzb.jpg?KID=imgbed,tva&amp;Expires=1704618383&amp;ssig=hL1fgOZZU0", "profile_url": "/u/2610876564", "verified": true, "verified_type": 0, "domain": "", "weihao": "", "verified_type_ext": 1, "avatar_large": "https://tvax4.sinaimg.cn/crop.0.0.996.996.180/9b9ed094ly8gdiqev3lz3j20ro0romzb.jpg?KID=imgbed,tva&amp;Expires=1704618383&amp;ssig=qWcL8BgUcA", "avatar_hd": "https://tvax4.sinaimg.cn/crop.0.0.996.996.1024/9b9ed094ly8gdiqev3lz3j20ro0romzb.jpg?KID=imgbed,tva&amp;Expires=1704618383&amp;ssig=s%2Bn%2BCNcCrS", "follow_me": false, "following": false, "mbrank": 2, "mbtype": 12, "v_plus": 0, "planet_video": false, "icon_list": [{"type": "vip", "data": {"mbrank": 2, "mbtype": 12, "svip": 1, "vvip": 1}}]}, "can_edit": false, "text_raw": "#每个人都有自己的圣诞仪式感# \n每年圣诞都要拿出A妹的这场《Last Christmas》舞台来看看~\n\n#ip风向标##微博综艺大赏# http://t.cn/A6lpBjTp ​​​", "textLength": 131, "annotations": [[], {"super_exparams": "{\"system_pic_only\":0}"}, {"client_mblogid": "c012c606-7799-4eff-8a98-7569fc13046d"}, {"source_text": "", "phone_id": "-1"}, {"mapi_request": true}], "source": "", "favorited": false, "buttons": [{"type": "follow", "name": "加关注", "pic": "http://u1.sinaimg.cn/upload/2013/06/14/timeline_card_small_button_icon_add.png", "params": {"uid": 2610876564}, "actionlog": {"act_code": 92, "uicode": "10000100", "oid": "4982574592559136", "cardid": "1076030002_2610876564"}}], "rid": "6_0_50_162735443278508853_0_0_0", "cardid": "star_1573", "pic_ids": [], "pic_num": 0, "is_paid": false, "pic_bg_new": "http://vip.storage.weibo.com/feed_cover/star_1573_mobile_new.png?version=2021091501", "mblog_vip_type": 0, "number_display_strategy": {"apply_scenario_flag": 3, "display_text_min_number": 1000000, "display_text": "100万+"}, "title_source": {"name": "我的追星大号超话", "url": "sinaweibo://pageinfo?pageid=100808ac68598679cd05b25dc06d6b1ef224ad&amp;extparam=我的追星大号", "image": "http://wx3.sinaimg.cn/thumbnail/9b9ed094ly1go5px0qge8j20rn0rn0uv.jpg"}, "reposts_count": 1674, "comments_count": 606, "attitudes_count": 6070, "attitudes_status": 0, "isLongText": false, "mlevel": 0, "content_auth": 0, "is_show_bulletin": 3, "comment_manage_info": {"comment_permission_type": -1, "approval_comment_type": 0, "comment_sort_type": 0}, "screen_name_suffix_new": [{"content": "我的追星大号", "remark": "", "color": "FF333333", "dark_color": "FFD3D3D3", "type": 1, "truncation": {"mode": 1}}, {"content": "我的追星大号超话", "color": "FF507DAF", "dark_color": "FF7691b9", "type": 2, "scheme": "sinaweibo://pageinfo?pageid=100808ac68598679cd05b25dc06d6b1ef224ad&amp;extparam=我的追星大号&amp;extension=%7B%22mblog_object_ref%22%3A%22topic%22%7D", "icons": [{"url": "https://h5.sinaimg.cn/upload/1000/808/2020/02/17/andriod_chaohua_header.png", "scheme": "sinaweibo://pageinfo?pageid=100808ac68598679cd05b25dc06d6b1ef224ad&amp;extparam=我的追星大号", "cleaned": true}], "icons_location": 0, "truncation": {"mode": 1, "keep_end_size": 2}, "actionlog": {"act_code": 1404, "oid": "1022:100808ac68598679cd05b25dc06d6b1ef224ad", "uicode": "", "luicode": "", "fid": "1076036499137849_-_WEIBO_SECOND_PROFILE_WEIBO", "ext": "mid:4982574592559136|source_type:3|uid:7774910775|analysis_extra:follow:0|new_style:1"}, "cleaned": true}], "share_repost_type": 0, "topic_struct": [{"title": "", "topic_url": "sinaweibo://searchall?containerid=231522&amp;q=%23%E6%AF%8F%E4%B8%AA%E4%BA%BA%E9%83%BD%E6%9C%89%E8%87%AA%E5%B7%B1%E7%9A%84%E5%9C%A3%E8%AF%9E%E4%BB%AA%E5%BC%8F%E6%84%9F%23&amp;extparam=%23%E6%AF%8F%E4%B8%AA%E4%BA%BA%E9%83%BD%E6%9C%89%E8%87%AA%E5%B7%B1%E7%9A%84%E5%9C%A3%E8%AF%9E%E4%BB%AA%E5%BC%8F%E6%84%9F%23", "topic_title": "每个人都有自己的圣诞仪式感", "actionlog": {"act_type": 1, "act_code": 300, "oid": "1022:231522387fe3ae6aacb49d11bfaf2dd0eb0c79", "uuid": 4982574593344019, "cardid": "", "lcardid": "", "uicode": "", "luicode": "", "fid": "1076036499137849_-_WEIBO_SECOND_PROFILE_WEIBO", "lfid": "", "ext": "mid:4982574592559136|rid:6_0_50_162735443278508853_0_0_0|short_url:|long_url:|comment_id:|miduid:2610876564|rootmid:4982574592559136|rootuid:2610876564|authorid:|uuid:4982574593344019|is_ad_weibo:0"}}, {"title": "", "topic_url": "sinaweibo://searchall?containerid=231522&amp;q=%23ip%E9%A3%8E%E5%90%91%E6%A0%87%23", "topic_title": "ip风向标", "actionlog": {"act_type": 1, "act_code": 300, "oid": "1022:231522087aa4ce3fd0c8e8d8927eaf54099621", "uuid": 4213382197600482, "cardid": "", "lcardid": "", "uicode": "", "luicode": "", "fid": "1076036499137849_-_WEIBO_SECOND_PROFILE_WEIBO", "lfid": "", "ext": "mid:4982574592559136|rid:6_0_50_162735443278508853_0_0_0|short_url:|long_url:|comment_id:|miduid:2610876564|rootmid:4982574592559136|rootuid:2610876564|authorid:|uuid:4213382197600482|is_ad_weibo:0"}}, {"title": "", "topic_url": "sinaweibo://searchall?containerid=231522&amp;q=%23%E5%BE%AE%E5%8D%9A%E7%BB%BC%E8%89%BA%E5%A4%A7%E8%B5%8F%23&amp;extparam=%23%E5%BE%AE%E5%8D%9A%E7%BB%BC%E8%89%BA%E5%A4%A7%E8%B5%8F%23", "topic_title": "微博综艺大赏", "actionlog": {"act_type": 1, "act_code": 300, "oid": "1022:231522c98491d66b455d917f079f86ffb3f0b9", "uuid": 4213159362580059, "cardid": "", "lcardid": "", "uicode": "", "luicode": "", "fid": "1076036499137849_-_WEIBO_SECOND_PROFILE_WEIBO", "lfid": "", "ext": "mid:4982574592559136|rid:6_0_50_162735443278508853_0_0_0|short_url:|long_url:|comment_id:|miduid:2610876564|rootmid:4982574592559136|rootuid:2610876564|authorid:|uuid:4213159362580059|is_ad_weibo:0"}}], "url_struct": [{"url_title": "我的追星大号的微博视频", "url_type_pic": "https://h5.sinaimg.cn/upload/2015/09/25/3/timeline_card_small_video.png", "ori_url": "sinaweibo://video/vvs?mid=4982574592559136&amp;object_id=1034:4982573798195224&amp;url_type=39&amp;object_type=video&amp;pos=1", "page_id": "2304444982573798195224", "short_url": "http://t.cn/A6lpBjTp", "long_url": "https://video.weibo.com/show?fid=1034:4982573798195224", "url_type": 39, "result": false, "actionlog": {"act_type": 1, "act_code": 300, "oid": "1034:4982573798195224", "uuid": 4982573867729379, "cardid": "", "lcardid": "", "uicode": "", "luicode": "", "fid": "1076036499137849_-_WEIBO_SECOND_PROFILE_WEIBO", "lfid": "", "ext": "mid:4982574592559136|rid:6_0_50_162735443278508853_0_0_0|short_url:http://t.cn/A6lpBjTp|long_url:https://video.weibo.com/show?fid=1034:4982573798195224|comment_id:|miduid:2610876564|rootmid:4982574592559136|rootuid:2610876564|authorid:2610876564|uuid:4982573867729379|is_ad_weibo:0|analysis_card:url_struct"}, "storage_type": "unistore", "hide": 0, "object_type": "", "ttl": 3600, "h5_target_url": "https://video.weibo.com/show?fid=1034:4982573798195224&amp;from=1FFFF96039&amp;weiboauthoruid=2610876564", "need_save_obj": 0}, {"url_title": "我的追星大号超话", "url_type_pic": "https://h5.sinaimg.cn/upload/100/959/2020/05/09/timeline_card_small_super.png", "ori_url": "sinaweibo://pageinfo?containerid=100808ac68598679cd05b25dc06d6b1ef224ad&amp;extparam=我的追星大号&amp;extension=%7B%22mblog_object_ref%22%3A%22content%22%7D", "page_id": "100808ac68598679cd05b25dc06d6b1ef224ad", "short_url": "#我的追星大号[超话]#", "long_url": "", "url_type": "", "result": false, "actionlog": {"act_type": 1, "act_code": 300, "oid": "1022:100808ac68598679cd05b25dc06d6b1ef224ad", "uuid": 4564656093135068, "cardid": "", "lcardid": "", "uicode": "", "luicode": "", "fid": "1076036499137849_-_WEIBO_SECOND_PROFILE_WEIBO", "lfid": "", "ext": "mid:4982574592559136|rid:6_0_50_162735443278508853_0_0_0|short_url:|long_url:|comment_id:|miduid:2610876564|rootmid:4982574592559136|rootuid:2610876564|authorid:|uuid:4564656093135068|is_ad_weibo:0|analysis_card:url_struct"}, "storage_type": "", "hide": 0, "object_type": "", "h5_target_url": "https://huati.weibo.com/k/%E6%88%91%E7%9A%84%E8%BF%BD%E6%98%9F%E5%A4%A7%E5%8F%B7?from=1FFFF96039&amp;weiboauthoruid=2610876564", "need_save_obj": 0}], "title": {"text": "她2023-12-25赞过的微博", "structs": [{"name": "她2023-12-25赞过的微博", "scheme": "sinaweibo://cardlist?containerid=2308696499137849_-_mix", "cleaned": true}]}, "mblogtype": 0, "showFeedRepost": false, "showFeedComment": false, "pictureViewerSign": false, "showPictureViewer": false, "rcList": [], "text": "&lt;a href=\"//s.weibo.com/weibo?q=%23%E6%AF%8F%E4%B8%AA%E4%BA%BA%E9%83%BD%E6%9C%89%E8%87%AA%E5%B7%B1%E7%9A%84%E5%9C%A3%E8%AF%9E%E4%BB%AA%E5%BC%8F%E6%84%9F%23\" target=\"_blank\"&gt;#每个人都有自己的圣诞仪式感#&lt;/a&gt; &lt;br /&gt;每年圣诞都要拿出A妹的这场《Last Christmas》舞台来看看~&lt;br /&gt;&lt;br /&gt;&lt;a href=\"//s.weibo.com/weibo?q=%23ip%E9%A3%8E%E5%90%91%E6%A0%87%23\" target=\"_blank\"&gt;#ip风向标#&lt;/a&gt;&lt;a href=\"//s.weibo.com/weibo?q=%23%E5%BE%AE%E5%8D%9A%E7%BB%BC%E8%89%BA%E5%A4%A7%E8%B5%8F%23\" target=\"_blank\"&gt;#微博综艺大赏#&lt;/a&gt; &lt;a target=\"_blank\" href=\"https://video.weibo.com/show?fid=1034:4982573798195224\"&gt;&lt;img class=\"icon-link\" src=\"https://h5.sinaimg.cn/upload/2015/09/25/3/timeline_card_small_video_default.png\"/&gt;我的追星大号的微博视频&lt;/a&gt; ​​​", "region_name": "发布于 福建", "customIcons": [], "page_info": {"type": 5, "page_id": "2304444982573798195224", "object_type": "video", "oid": "2610876564", "page_title": "我的追星大号的微博视频", "page_pic": "https://wx1.sinaimg.cn/orj480/9b9ed094gy1hl55t3lhjej20u00gv0u3.jpg", "type_icon": "", "page_url": "sinaweibo://infopage?containerid=2304444982573798195224&amp;containerid=2304444982573798195224&amp;url_type=39&amp;object_type=video&amp;pos=2", "object_id": "1034:4982573798195224", "media_info": {"name": "我的追星大号的微博视频", "stream_url": "http://f.video.weibocdn.com/u0/uLUlXdxJgx08bctsRTC001041200HocM0E010.mp4?label=mp4_ld&amp;template=640x360.25.0&amp;ori=0&amp;ps=1CwnkDw1GXwCQx&amp;Expires=1704611183&amp;ssig=BDBZUDIpim&amp;KID=unistore,video", "stream_url_hd": "http://f.video.weibocdn.com/u0/sk0WJufNgx08bcttgUsw010412013lpV0E010.mp4?label=mp4_hd&amp;template=852x480.25.0&amp;ori=0&amp;ps=1CwnkDw1GXwCQx&amp;Expires=1704611183&amp;ssig=%2B4fVZEnAxb&amp;KID=unistore,video", "format": "mp4", "h5_url": "https://video.weibo.com/show?fid=1034:4982573798195224", "mp4_sd_url": "http://f.video.weibocdn.com/u0/uLUlXdxJgx08bctsRTC001041200HocM0E010.mp4?label=mp4_ld&amp;template=640x360.25.0&amp;ori=0&amp;ps=1CwnkDw1GXwCQx&amp;Expires=1704611183&amp;ssig=BDBZUDIpim&amp;KID=unistore,video", "mp4_hd_url": "http://f.video.weibocdn.com/u0/sk0WJufNgx08bcttgUsw010412013lpV0E010.mp4?label=mp4_hd&amp;template=852x480.25.0&amp;ori=0&amp;ps=1CwnkDw1GXwCQx&amp;Expires=1704611183&amp;ssig=%2B4fVZEnAxb&amp;KID=unistore,video", "h265_mp4_hd": "", "h265_mp4_ld": "", "inch_4_mp4_hd": "", "inch_5_mp4_hd": "", "inch_5_5_mp4_hd": "", "mp4_720p_mp4": "http://f.video.weibocdn.com/u0/9G10bRhRgx08bctuNnyo01041201S0Zl0E010.mp4?label=mp4_720p&amp;template=1280x720.25.0&amp;ori=0&amp;ps=1CwnkDw1GXwCQx&amp;Expires=1704611183&amp;ssig=jL6LN%2FZhQe&amp;KID=unistore,video", "hevc_mp4_720p": "", "prefetch_type": 1, "prefetch_size": 262144, "act_status": 1, "protocol": "general,dash", "media_id": "4982573798195224", "origin_total_bitrate": 2759743, "video_orientation": "horizontal", "duration": 195, "forward_strategy": -1, "search_scheme": "sinaweibo://svssearch?containerid=232080", "is_short_video": 1, "vote_is_show": 0, "belong_collection": 0, "titles_display_time": "3", "show_progress_bar": 1, "show_mute_button": true, "ext_info": {"video_orientation": "horizontal"}, "next_title": "#每个人都有自己的圣诞仪式感# \n每年圣诞都要拿出A妹的这场《Last Christmas》舞台来看看~\n\n#ip风向标##微博综艺大赏#", "kol_title": "每个人都有自己的圣诞仪式感", "play_completion_actions": [{"type": "1", "icon": "https://h5.sinaimg.cn/upload/100/1413/2021/12/22/feed_video_icon_replay.png", "text": "重播", "link": "", "btn_code": 1000, "show_position": 1, "actionlog": {"oid": "2304444982573798195224", "act_code": 1221, "act_type": 0, "source": "video"}}, {"type": 6, "icon": "https://tvax4.sinaimg.cn/crop.0.0.996.996.180/9b9ed094ly8gdiqev3lz3j20ro0romzb.jpg?KID=imgbed,tva&amp;Expires=1704618383&amp;ssig=qWcL8BgUcA", "text": "", "display_mode": 2, "display_starttime": 5, "display_endtime": 99999, "countdown_time": 5, "show_position": 48, "scheme": "", "link": "", "btn_code": 1009, "actionlog": {"oid": "2304444982573798195224", "act_code": 91, "act_type": 0, "source": "video", "ext": "mid:4982574592559136|oid:1034:4982573798195224|muid:2610876564|authorid:2610876564"}, "ext": {"uid": "2610876564", "user_name": "我的追星大号", "followers_count": 10103344, "verified": true, "verified_type": 0, "verified_type_ext": 1, "verified_reason": "娱乐博主", "level": 3}, "display_type": 0}], "video_publish_time": 1703421644, "play_loop_type": 0, "video_title": "每个人都有自己的圣诞仪式感", "author_mid": "4982574592559136", "author_name": "我的追星大号", "extra_info": {"sceneid": "profile_mb"}, "video_download_strategy": {"abandon_download": 0}, "jump_to": 6, "big_pic_info": {"pic_big": {"height": 607, "url": "https://wx1.sinaimg.cn/orj1080/9b9ed094gy1hl55t3lhjej20u00gv0u3.jpg", "width": 1080}, "pic_small": {"height": 150, "url": "https://wx1.sinaimg.cn/or180/9b9ed094gy1hl55t3lhjej20u00gv0u3.jpg", "width": 266}, "pic_middle": {"height": 270, "url": "https://wx1.sinaimg.cn/or360/9b9ed094gy1hl55t3lhjej20u00gv0u3.jpg", "width": 480}}, "online_users": "40.3万次观看", "online_users_number": 403445, "ttl": 3600, "storage_type": "unistore", "is_keep_current_mblog": 0, "playback_list": [{"meta": {"label": "mp4_1080p", "quality_index": 1080, "quality_desc": "高清", "quality_label": "1080p", "quality_class": "HD", "type": 1, "quality_group": 1080, "is_hidden": false}, "play_info": {"type": 1, "mime": "video/mp4", "protocol": "general", "label": "mp4_1080p", "url": "https://f.video.weibocdn.com/u0/0JgKbu1Ugx08bcty23Ms01041203oBOf0E020.mp4?label=mp4_1080p&amp;template=1920x1080.25.0&amp;media_id=4982573798195224&amp;tp=8x8A3El:YTkl0eM8&amp;us=0&amp;ori=1&amp;bf=2&amp;ot=h&amp;lp=00003MndIw&amp;ps=mZ6WB&amp;uid=8uaJsH&amp;ab=,8012-g2,8013-g0,3601-g32,3601-g31,3601-g19,12739-g0&amp;Expires=1704611183&amp;ssig=AaV%2FMC2UCP&amp;KID=unistore,video", "bitrate": 2052639, "prefetch_range": "0-1076226", "video_codecs": "avc1.640032", "fps": 30, "width": 1920, "height": 1080, "size": 50194223, "duration": 195.628, "sar": "0.0", "audio_codecs": "mp4a.40.5", "audio_sample_rate": 44100, "quality_label": "1080p", "quality_class": "HD", "quality_desc": "高清", "audio_channels": 2, "audio_sample_fmt": "fltp", "audio_bits_per_sample": 0, "watermark": "original", "extension": {"transcode_info": {"pcdn_rule_id": 0, "pcdn_jank": 0, "origin_video_dr": "SDR", "ab_strategies": ",8012-g2,8013-g0,3601-g32,3601-g31,3601-g19,12739-g0"}}, "video_decoder": "hard", "prefetch_enabled": true, "tcp_receive_buffer": 262144, "dolby_atmos": false, "color_transfer": "bt709", "first_pkt_end_pos": 247052}}, {"meta": {"label": "mp4_720p", "quality_index": 720, "quality_desc": "高清", "quality_label": "720p", "quality_class": "HD", "type": 1, "quality_group": 720, "is_hidden": false}, "play_info": {"type": 1, "mime": "video/mp4", "protocol": "general", "label": "mp4_720p", "url": "https://f.video.weibocdn.com/u0/9G10bRhRgx08bctuNnyo01041201S0Zl0E010.mp4?label=mp4_720p&amp;template=1280x720.25.0&amp;media_id=4982573798195224&amp;tp=8x8A3El:YTkl0eM8&amp;us=0&amp;ori=1&amp;bf=2&amp;ot=h&amp;lp=00003MndIw&amp;ps=mZ6WB&amp;uid=8uaJsH&amp;ab=,8012-g2,8013-g0,3601-g32,3601-g31,3601-g19,12739-g0&amp;Expires=1704611183&amp;ssig=jL6LN%2FZhQe&amp;KID=unistore,video", "bitrate": 1130711, "prefetch_range": "0-678308", "video_codecs": "avc1.64001f", "fps": 30, "width": 1280, "height": 720, "size": 27649851, "duration": 195.628, "sar": "0.0", "audio_codecs": "mp4a.40.5", "audio_sample_rate": 44100, "quality_label": "720p", "quality_class": "HD", "quality_desc": "高清", "audio_channels": 2, "audio_sample_fmt": "fltp", "audio_bits_per_sample": 0, "watermark": "original", "extension": {"transcode_info": {"pcdn_rule_id": 0, "pcdn_jank": 0, "origin_video_dr": "SDR", "ab_strategies": ",8012-g2,8013-g0,3601-g32,3601-g31,3601-g19,12739-g0"}}, "video_decoder": "hard", "prefetch_enabled": true, "tcp_receive_buffer": 262144, "dolby_atmos": false, "color_transfer": "bt709", "first_pkt_end_pos": 205579}}, {"meta": {"label": "mp4_hd", "quality_index": 480, "quality_desc": "标清", "quality_label": "480p", "quality_class": "SD", "type": 1, "quality_group": 480, "is_hidden": false}, "play_info": {"type": 1, "mime": "video/mp4", "protocol": "general", "label": "mp4_hd", "url": "https://f.video.weibocdn.com/u0/sk0WJufNgx08bcttgUsw010412013lpV0E010.mp4?label=mp4_hd&amp;template=852x480.25.0&amp;media_id=4982573798195224&amp;tp=8x8A3El:YTkl0eM8&amp;us=0&amp;ori=1&amp;bf=2&amp;ot=h&amp;lp=00003MndIw&amp;ps=mZ6WB&amp;uid=8uaJsH&amp;ab=,8012-g2,8013-g0,3601-g32,3601-g31,3601-g19,12739-g0&amp;Expires=1704611183&amp;ssig=%2B4fVZEnAxb&amp;KID=unistore,video", "bitrate": 636867, "prefetch_range": "0-465096", "video_codecs": "avc1.64001f", "fps": 30, "width": 852, "height": 480, "size": 15573651, "duration": 195.628, "sar": "0.0", "audio_codecs": "mp4a.40.5", "audio_sample_rate": 44100, "quality_label": "480p", "quality_class": "SD", "quality_desc": "标清", "audio_channels": 2, "audio_sample_fmt": "fltp", "audio_bits_per_sample": 0, "watermark": "original", "extension": {"transcode_info": {"pcdn_rule_id": 0, "pcdn_jank": 0, "origin_video_dr": "SDR", "ab_strategies": ",8012-g2,8013-g0,3601-g32,3601-g31,3601-g19,12739-g0"}}, "video_decoder": "hard", "prefetch_enabled": true, "tcp_receive_buffer": 262144, "dolby_atmos": false, "color_transfer": "bt709", "first_pkt_end_pos": 188590}}, {"meta": {"label": "scrubber_hd", "quality_index": 480, "quality_desc": "标清", "quality_label": "480p", "quality_class": "SD", "type": 3, "quality_group": 480, "is_hidden": false}, "play_info": {"type": 3, "mime": "image/jpeg", "protocol": "general", "label": "scrubber_hd", "url": "https://wx4.sinaimg.cn/large/9b9ed094gy1hl55tqjqivj20qo460gyd.jpg?media_id=4982573798195224&amp;tp=8x8A3El:YTkl0eM8&amp;us=0&amp;ori=1&amp;bf=2&amp;ot=h&amp;lp=00003MndIw&amp;ps=mZ6WB&amp;uid=8uaJsH&amp;ab=,8012-g2,8013-g0,3601-g32,3601-g31,3601-g19,12739-g0&amp;Expires=1704611183&amp;ssig=NHbEuZ6ePW&amp;KID=unistore,video", "prefetch_range": "0-512000", "width": 320, "height": 180, "quality_label": "480p", "quality_class": "SD", "quality_desc": "标清", "extension": {"transcode_info": {"pcdn_rule_id": 0, "pcdn_jank": 0, "origin_video_dr": "SDR", "ab_strategies": ",8012-g2,8013-g0,3601-g32,3601-g31,3601-g19,12739-g0"}}, "video_decoder": "hard", "prefetch_enabled": true, "tcp_receive_buffer": 262144, "col": 3, "row": 30, "interval": 2, "offset": 1, "urls": ["http://wx4.sinaimg.cn/large/9b9ed094gy1hl55tqjqivj20qo460gyd.jpg", "http://wx4.sinaimg.cn/large/9b9ed094gy1hl55tqrgy2j20qo460go6.jpg"]}}, {"meta": {"label": "mp4_ld", "quality_index": 360, "quality_desc": "流畅", "quality_label": "360p", "quality_class": "SD", "type": 1, "quality_group": 360, "is_hidden": false}, "play_info": {"type": 1, "mime": "video/mp4", "protocol": "general", "label": "mp4_ld", "url": "https://f.video.weibocdn.com/u0/uLUlXdxJgx08bctsRTC001041200HocM0E010.mp4?label=mp4_ld&amp;template=640x360.25.0&amp;media_id=4982573798195224&amp;tp=8x8A3El:YTkl0eM8&amp;us=0&amp;ori=1&amp;bf=2&amp;ot=h&amp;lp=00003MndIw&amp;ps=mZ6WB&amp;uid=8uaJsH&amp;ab=,8012-g2,8013-g0,3601-g32,3601-g31,3601-g19,12739-g0&amp;Expires=1704611183&amp;ssig=BDBZUDIpim&amp;KID=unistore,video", "bitrate": 422890, "prefetch_range": "0-362612", "video_codecs": "avc1.64001e", "fps": 30, "width": 640, "height": 360, "size": 10341152, "duration": 195.628, "sar": "0.0", "audio_codecs": "mp4a.40.5", "audio_sample_rate": 44100, "quality_label": "360p", "quality_class": "SD", "quality_desc": "流畅", "audio_channels": 2, "audio_sample_fmt": "fltp", "audio_bits_per_sample": 0, "watermark": "original", "extension": {"transcode_info": {"pcdn_rule_id": 0, "pcdn_jank": 0, "origin_video_dr": "SDR", "ab_strategies": ",8012-g2,8013-g0,3601-g32,3601-g31,3601-g19,12739-g0"}}, "video_decoder": "hard", "prefetch_enabled": true, "tcp_receive_buffer": 262144, "dolby_atmos": false, "color_transfer": "bt709", "first_pkt_end_pos": 179825}}], "author_info": {"id": 2610876564, "idstr": "2610876564", "pc_new": 7, "screen_name": "我的追星大号", "profile_image_url": "https://tvax4.sinaimg.cn/crop.0.0.996.996.50/9b9ed094ly8gdiqev3lz3j20ro0romzb.jpg?KID=imgbed,tva&amp;Expires=1704618383&amp;ssig=hL1fgOZZU0", "profile_url": "/u/2610876564", "verified": true, "verified_type": 0, "domain": "", "weihao": "", "verified_type_ext": 1, "avatar_large": "https://tvax4.sinaimg.cn/crop.0.0.996.996.180/9b9ed094ly8gdiqev3lz3j20ro0romzb.jpg?KID=imgbed,tva&amp;Expires=1704618383&amp;ssig=qWcL8BgUcA", "avatar_hd": "https://tvax4.sinaimg.cn/crop.0.0.996.996.1024/9b9ed094ly8gdiqev3lz3j20ro0romzb.jpg?KID=imgbed,tva&amp;Expires=1704618383&amp;ssig=s%2Bn%2BCNcCrS", "follow_me": false, "following": false, "mbrank": 2, "mbtype": 12, "v_plus": 0, "planet_video": false, "verified_reason": "娱乐博主", "description": "追星崽必备快乐宝藏，再不关注就亏啦！", "location": "福建 厦门", "gender": "f", "followers_count": 10103339, "followers_count_str": "1010.3万", "friends_count": 340, "statuses_count": 4521, "url": "", "svip": 1, "vvip": 1, "cover_image_phone": "https://ww1.sinaimg.cn/crop.0.0.640.640.640/9d44112bjw1f1xl1c10tuj20hs0hs0tw.jpg"}}, "author_id": "2610876564", "authorid": "2610876564", "cards": [{"type": "11", "page_id": "2304444982573798195224", "object_type": "video", "object_id": "1034:4982573798195224", "content1": "我的追星大号的微博视频", "content2": "#每个人都有自己的圣诞仪式感# \n每年圣诞都要拿出A妹的这场《Last Christmas》舞台来看看~\n\n#ip风向标##微博综艺大赏#", "act_status": 1, "media_info": {"name": "我的追星大号的微博视频", "stream_url": "http://f.video.weibocdn.com/u0/uLUlXdxJgx08bctsRTC001041200HocM0E010.mp4?label=mp4_ld&amp;template=640x360.25.0&amp;ori=0&amp;ps=1CwnkDw1GXwCQx&amp;Expires=1704611183&amp;ssig=BDBZUDIpim&amp;KID=unistore,video", "stream_url_hd": "http://f.video.weibocdn.com/u0/sk0WJufNgx08bcttgUsw010412013lpV0E010.mp4?label=mp4_hd&amp;template=852x480.25.0&amp;ori=0&amp;ps=1CwnkDw1GXwCQx&amp;Expires=1704611183&amp;ssig=%2B4fVZEnAxb&amp;KID=unistore,video", "format": "mp4", "h5_url": "https://video.weibo.com/show?fid=1034:4982573798195224", "mp4_sd_url": "http://f.video.weibocdn.com/u0/uLUlXdxJgx08bctsRTC001041200HocM0E010.mp4?label=mp4_ld&amp;template=640x360.25.0&amp;ori=0&amp;ps=1CwnkDw1GXwCQx&amp;Expires=1704611183&amp;ssig=BDBZUDIpim&amp;KID=unistore,video", "mp4_hd_url": "http://f.video.weibocdn.com/u0/sk0WJufNgx08bcttgUsw010412013lpV0E010.mp4?label=mp4_hd&amp;template=852x480.25.0&amp;ori=0&amp;ps=1CwnkDw1GXwCQx&amp;Expires=1704611183&amp;ssig=%2B4fVZEnAxb&amp;KID=unistore,video", "h265_mp4_hd": "", "h265_mp4_ld": "", "inch_4_mp4_hd": "", "inch_5_mp4_hd": "", "inch_5_5_mp4_hd": "", "mp4_720p_mp4": "http://f.video.weibocdn.com/u0/9G10bRhRgx08bctuNnyo01041201S0Zl0E010.mp4?label=mp4_720p&amp;template=1280x720.25.0&amp;ori=0&amp;ps=1CwnkDw1GXwCQx&amp;Expires=1704611183&amp;ssig=jL6LN%2FZhQe&amp;KID=unistore,video", "hevc_mp4_720p": "", "prefetch_type": 1, "prefetch_size": 262144, "act_status": 1, "protocol": "general,dash", "media_id": "4982573798195224", "origin_total_bitrate": 2759743, "video_orientation": "horizontal", "duration": 195, "forward_strategy": -1, "search_scheme": "sinaweibo://svssearch?containerid=232080", "is_short_video": 1, "vote_is_show": 0, "belong_collection": 0, "titles_display_time": "3", "show_progress_bar": 1, "show_mute_button": true, "ext_info": {"video_orientation": "horizontal"}, "next_title": "#每个人都有自己的圣诞仪式感# \n每年圣诞都要拿出A妹的这场《Last Christmas》舞台来看看~\n\n#ip风向标##微博综艺大赏#", "kol_title": "每个人都有自己的圣诞仪式感", "play_completion_actions": [{"type": "1", "icon": "https://h5.sinaimg.cn/upload/100/1413/2021/12/22/feed_video_icon_replay.png", "text": "重播", "link": "", "btn_code": 1000, "show_position": 1, "actionlog": {"oid": "2304444982573798195224", "act_code": 1221, "act_type": 0, "source": "video"}}, {"type": 6, "icon": "https://tvax4.sinaimg.cn/crop.0.0.996.996.180/9b9ed094ly8gdiqev3lz3j20ro0romzb.jpg?KID=imgbed,tva&amp;Expires=1704618383&amp;ssig=qWcL8BgUcA", "text": "", "display_mode": 2, "display_starttime": 5, "display_endtime": 99999, "countdown_time": 5, "show_position": 48, "scheme": "", "link": "", "btn_code": 1009, "actionlog": {"oid": "2304444982573798195224", "act_code": 91, "act_type": 0, "source": "video", "ext": "mid:4982574592559136|oid:1034:4982573798195224|muid:2610876564|authorid:2610876564"}, "ext": {"uid": "2610876564", "user_name": "我的追星大号", "followers_count": 10103344, "verified": true, "verified_type": 0, "verified_type_ext": 1, "verified_reason": "娱乐博主", "level": 3}, "display_type": 0}], "video_publish_time": 1703421644, "play_loop_type": 0, "video_title": "每个人都有自己的圣诞仪式感", "author_mid": "4982574592559136", "author_name": "我的追星大号", "extra_info": {"sceneid": "profile_mb"}, "video_download_strategy": {"abandon_download": 0}, "jump_to": 6, "big_pic_info": {"pic_big": {"height": 607, "url": "https://wx1.sinaimg.cn/orj1080/9b9ed094gy1hl55t3lhjej20u00gv0u3.jpg", "width": 1080}, "pic_small": {"height": 150, "url": "https://wx1.sinaimg.cn/or180/9b9ed094gy1hl55t3lhjej20u00gv0u3.jpg", "width": 266}, "pic_middle": {"height": 270, "url": "https://wx1.sinaimg.cn/or360/9b9ed094gy1hl55t3lhjej20u00gv0u3.jpg", "width": 480}}, "online_users": "40.3万次观看", "online_users_number": 403445, "ttl": 3600, "storage_type": "unistore"}, "page_pic": "https://wx1.sinaimg.cn/orj480/9b9ed094gy1hl55t3lhjej20u00gv0u3.jpg", "page_title": "我的追星大号的微博视频", "page_url": "sinaweibo://infopage?containerid=2304444982573798195224&amp;containerid=2304444982573798195224&amp;url_type=39&amp;object_type=video&amp;pos=2", "pic_info": {"pic_big": {"height": "480", "url": "https://wx1.sinaimg.cn/orj480/9b9ed094gy1hl55t3lhjej20u00gv0u3.jpg", "width": "852"}, "pic_small": {"height": "480", "url": "https://wx1.sinaimg.cn/orj480/9b9ed094gy1hl55t3lhjej20u00gv0u3.jpg", "width": "852"}, "pic_middle": {"url": "https://wx1.sinaimg.cn/orj480/9b9ed094gy1hl55t3lhjej20u00gv0u3.jpg", "height": "480", "width": "852"}}, "oid": "2610876564", "type_icon": "", "author_id": "2610876564", "authorid": "2610876564", "warn": "", "actionlog": {"act_type": 1, "act_code": 799, "lcardid": "", "fid": "1076036499137849_-_WEIBO_SECOND_PROFILE_WEIBO", "mid": "4982574592559136", "oid": "1034:4982573798195224", "uuid": 4982573867729379, "source": "video", "ext": "uid:7774910775|mid:4982574592559136|objectid:1034%3A4982573798195224|from:1|object_duration:195.628|miduid:2610876564|rootuid:2610876564|rootmid:4982574592559136|authorid:2610876564|video_orientation:horizontal|third_vid:|is_album:1|is_contribution:0|video_tags:|isfan:0|ua:Mozilla/5.0 (Windows NT 10.0; Win64; x64) AppleWebKit/537.36 (KHTML, like Gecko) Chrome/120.0.0.0 Safari/537.36 WeiboPro/1.0.0|sceneid:profile_mb|uuid:4982573867729379|detail:native|contribution:0|short_video:1|st_video:0|author_mid:4982574592559136|cluster_type_status:|is_ad_weibo:0|type:52_2,52_1,52_7_10|analysis_card:page_info"}}, {"type": 34, "page_id": "2304444982573798195224", "object_type": "video", "page_desc": "娱乐明星 娱乐综合 · 40.3万次观看", "oid": "2610876564", "page_title": "娱乐明星 娱乐综合 · 40.3万次观看", "page_pic": "https://wx1.sinaimg.cn/orj480/9b9ed094gy1hl55t3lhjej20u00gv0u3.jpg", "type_icon": "", "page_url": "sinaweibo://video/vvs?sceneid=profile_mb&amp;object_id=1034:4982573798195224&amp;mid=4982574592559136&amp;log_ext=is_contribution%3A%7Cfirst_level_channel_id%3A%7Csecond_level_channel_id%3A&amp;url_type=39&amp;object_type=video&amp;pos=2", "object_id": "1034:4982573798195224", "author_id": "2610876564", "authorid": "2610876564", "is_broadcast": 1, "icon_url": "https://h5.sinaimg.cn/upload/1000/1327/2021/01/20/videofeed_album_icon.png", "withPlayCount": true, "ext": "is_contribution:|first_level_channel_id:|second_level_channel_id:", "actionlog": {"act_type": 1, "act_code": "3457", "oid": "1034:4982573798195224", "uuid": 4982573867729379, "cardid": "", "lcardid": "", "uicode": "", "luicode": "", "fid": "1076036499137849_-_WEIBO_SECOND_PROFILE_WEIBO", "lfid": "", "ext": "mid:4982574592559136|rid:6_0_50_162735443278508853_0_0_0|short_url:http://t.cn/A6lpBjTp|long_url:https://video.weibo.com/show?fid=1034:4982573798195224|comment_id:|miduid:2610876564|rootmid:4982574592559136|rootuid:2610876564|authorid:2610876564|uuid:4982573867729379|is_ad_weibo:0|is_contribution:|first_level_channel_id:|second_level_channel_id:|play_page:playlist|analysis_card:page_info"}}], "actionlog": {"act_type": 1, "act_code": 799, "lcardid": "", "fid": "1076036499137849_-_WEIBO_SECOND_PROFILE_WEIBO", "mid": "4982574592559136", "oid": "1034:4982573798195224", "uuid": 4982573867729379, "source": "video", "ext": "uid:7774910775|mid:4982574592559136|objectid:1034%3A4982573798195224|from:1|object_duration:195.628|miduid:2610876564|rootuid:2610876564|rootmid:4982574592559136|authorid:2610876564|video_orientation:horizontal|third_vid:|is_album:1|is_contribution:0|video_tags:|isfan:0|ua:Mozilla/5.0 (Windows NT 10.0; Win64; x64) AppleWebKit/537.36 (KHTML, like Gecko) Chrome/120.0.0.0 Safari/537.36 WeiboPro/1.0.0|sceneid:profile_mb|uuid:4982573867729379|detail:native|contribution:0|short_video:1|st_video:0|author_mid:4982574592559136|cluster_type_status:|is_ad_weibo:0|type:52_2,52_1,52_7_10|analysis_card:page_info"}, "short_url": "http://t.cn/A6lpBjTp"}, "followBtnCode": {"uid": 2610876564}}