{"visible": {"type": 0, "list_id": 0}, "created_at": "Sun Dec 24 11:02:23 +0800 2023", "id": 4982428319354097, "idstr": "4982428319354097", "mid": "4982428319354097", "mblogid": "NyAkTDfqx", "user": {"id": 6499137849, "idstr": "6499137849", "pc_new": 7, "screen_name": "冻梨好吃", "profile_image_url": "https://tvax3.sinaimg.cn/crop.0.0.962.962.50/0075PIE1ly8hkxs7vsob4j30qq0qq76e.jpg?KID=imgbed,tva&amp;Expires=1704618383&amp;ssig=1gOtUw1rG3", "profile_url": "/u/6499137849", "verified": false, "verified_type": -1, "domain": "", "weihao": "", "avatar_large": "https://tvax3.sinaimg.cn/crop.0.0.962.962.180/0075PIE1ly8hkxs7vsob4j30qq0qq76e.jpg?KID=imgbed,tva&amp;Expires=1704618383&amp;ssig=YvH7A1adE7", "avatar_hd": "https://tvax3.sinaimg.cn/crop.0.0.962.962.1024/0075PIE1ly8hkxs7vsob4j30qq0qq76e.jpg?KID=imgbed,tva&amp;Expires=1704618383&amp;ssig=o8adKWZvd7", "follow_me": false, "following": false, "mbrank": 0, "mbtype": 0, "v_plus": 0, "planet_video": false, "icon_list": []}, "can_edit": false, "text_raw": "粉丝能舔到🫓这种笑话也就粉丝能信了[吹风车][吹风车] http://t.cn/A6lp7t8d", "annotations": [{"client_mblogid": "ab501d02-450e-4920-a165-011b8fa101bd"}, {"mapi_request": true}], "source": "Android", "favorited": false, "rid": "21_0_50_162735443278508853_0_0_0", "pic_ids": [], "pic_num": 0, "is_paid": false, "mblog_vip_type": 0, "number_display_strategy": {"apply_scenario_flag": 3, "display_text_min_number": 1000000, "display_text": "100万+"}, "reposts_count": 0, "comments_count": 3, "attitudes_count": 0, "attitudes_status": 0, "isLongText": false, "mlevel": 0, "content_auth": 0, "is_show_bulletin": 2, "comment_manage_info": {"comment_permission_type": -1, "approval_comment_type": 0, "comment_sort_type": 0}, "repost_type": 1, "share_repost_type": 0, "url_struct": [{"url_title": "查看图片", "url_type_pic": "https://h5.sinaimg.cn/upload/2015/01/21/20/timeline_card_small_photo.png", "ori_url": "https://photo.weibo.com/h5/repost/reppic_id/1022:230796ee2c36fc6e9d706255293f49c2fb4cd2", "short_url": "http://t.cn/A6lp7t8d", "long_url": "https://photo.weibo.com/h5/repost/reppic_id/1022:230796ee2c36fc6e9d706255293f49c2fb4cd2", "url_type": 39, "result": false, "actionlog": {"act_type": 1, "act_code": 300, "oid": "1022:230796ee2c36fc6e9d706255293f49c2fb4cd2", "uuid": 4982428320923809, "cardid": "", "lcardid": "", "uicode": "", "luicode": "", "fid": "1076036499137849_-_WEIBO_SECOND_PROFILE_WEIBO", "lfid": "", "ext": "mid:4982428319354097|rid:21_0_50_162735443278508853_0_0_0|short_url:http://t.cn/A6lp7t8d|long_url:https://photo.weibo.com/h5/repost/reppic_id/1022:230796ee2c36fc6e9d706255293f49c2fb4cd2|comment_id:|miduid:6499137849|rootmid:4982428319354097|rootuid:6499137849|authorid:|uuid:4982428320923809|is_ad_weibo:0|analysis_card:url_struct"}, "storage_type": "", "hide": 0, "object_type": "", "position": 2, "pic_infos": {"0075PIE1gy1hl4p3mmh2tj31401e01ao": {"thumbnail": {"type": "", "url": "http://wx3.sinaimg.cn/thumbnail/0075PIE1gy1hl4p3mmh2tj31401e01ao.jpg", "cut_type": 1, "width": 96, "height": 120, "croped": false}, "bmiddle": {"type": "", "url": "http://wx3.sinaimg.cn/bmiddle/0075PIE1gy1hl4p3mmh2tj31401e01ao.jpg", "cut_type": 1, "width": 440, "height": 550, "croped": false}, "large": {"type": "", "url": "http://wx3.sinaimg.cn/large/0075PIE1gy1hl4p3mmh2tj31401e01ao.jpg", "cut_type": 1, "width": "1440", "height": "1800", "croped": false}, "woriginal": {"type": "", "url": "http://wx3.sinaimg.cn/woriginal/0075PIE1gy1hl4p3mmh2tj31401e01ao.jpg", "cut_type": 1, "width": "1440", "height": "1800", "croped": false}}}, "pic_ids": ["0075PIE1gy1hl4p3mmh2tj31401e01ao"], "h5_target_url": "https://photo.weibo.com/h5/repost/reppic_id/1022:230796ee2c36fc6e9d706255293f49c2fb4cd2?from=1FFFF96039&amp;weiboauthoruid=6499137849", "need_save_obj": 1}], "mblogtype": 0, "showFeedRepost": false, "showFeedComment": false, "pictureViewerSign": false, "showPictureViewer": false, "rcList": [], "text": "粉丝能舔到🫓这种笑话也就粉丝能信了&lt;img alt=\"[吹风车]\" title=\"[吹风车]\" src=\"https://face.t.sinajs.cn/t4/appstyle/expression/ext/normal/da/2023_Windmill_org.png\" /&gt;&lt;img alt=\"[吹风车]\" title=\"[吹风车]\" src=\"https://face.t.sinajs.cn/t4/appstyle/expression/ext/normal/da/2023_Windmill_org.png\" /&gt; &lt;a target=\"_blank\" data-pid=0075PIE1gy1hl4p3mmh2tj31401e01ao  href=\"https://wx3.sinaimg.cn/large/0075PIE1gy1hl4p3mmh2tj31401e01ao.jpg\"&gt;&lt;img class=\"icon-link\" src=\"https://h5.sinaimg.cn/upload/2015/01/21/20/timeline_card_small_photo_default.png\"/&gt;查看图片&lt;/a&gt;", "region_name": "发布于 辽宁", "customIcons": [], "retweeted_status": {"visible": {"type": 0, "list_id": 0}, "created_at": "Sat Dec 23 20:15:29 +0800 2023", "id": 4982205124183975, "idstr": "4982205124183975", "mid": "4982205124183975", "mblogid": "NyuwUhyrt", "user": {"id": 1917267225, "idstr": "1917267225", "pc_new": 0, "screen_name": "随便看看吧啦啦", "profile_image_url": "https://tvax3.sinaimg.cn/crop.0.0.400.400.50/72472d19ly8hbdm2dpa8xj20b40b4mx7.jpg?KID=imgbed,tva&amp;Expires=1704618383&amp;ssig=HTps85GxOT", "profile_url": "/u/1917267225", "verified": false, "verified_type": -1, "domain": "shenyunjia", "weihao": "", "avatar_large": "https://tvax3.sinaimg.cn/crop.0.0.400.400.180/72472d19ly8hbdm2dpa8xj20b40b4mx7.jpg?KID=imgbed,tva&amp;Expires=1704618383&amp;ssig=LwZJvH5r8M", "avatar_hd": "https://tvax3.sinaimg.cn/crop.0.0.400.400.1024/72472d19ly8hbdm2dpa8xj20b40b4mx7.jpg?KID=imgbed,tva&amp;Expires=1704618383&amp;ssig=gku4dgoSyz", "follow_me": false, "following": false, "mbrank": 1, "mbtype": 12, "v_plus": 0, "planet_video": false, "icon_list": [{"type": "vip", "data": {"mbrank": 1, "mbtype": 12, "svip": 1, "vvip": 1}}]}, "can_edit": false, "text_raw": "入青云我听说是爱奇艺的🫓，陈星旭、卢昱晓主演，快开机了。\ncpf还是有用的，当初夜色尚浅cpf一直舔这个🫓，虽然最后只有卢昱晓演了，也算是一种成功。\n上次成功的还是皓嫣cpf舔的折腰，不过是只有男方刘宇宁接了 ​​​", "textLength": 201, "annotations": [{"shooting": 1, "client_mblogid": "9d026b5e-0813-4284-9607-a0561d859f25"}, {"source_text": "", "phone_id": "-1"}, {"mapi_request": true}], "source": "", "favorited": false, "buttons": [{"type": "follow", "name": "加关注", "params": {"uid": 1917267225, "disable_group": 1, "extparams": {"followcardid": "1008080010_"}}, "actionlog": {"act_code": "92", "oid": "4982205124183975"}}], "rid": "21_0_50_162735443278508853_0_0_0", "pic_ids": [], "geo": "", "pic_num": 0, "is_paid": false, "mblog_vip_type": 0, "number_display_strategy": {"apply_scenario_flag": 3, "display_text_min_number": 1000000, "display_text": "100万+"}, "reposts_count": 101, "comments_count": 101, "attitudes_count": 1548, "attitudes_status": 0, "isLongText": false, "mlevel": 0, "content_auth": 0, "is_show_bulletin": 2, "comment_manage_info": {"comment_permission_type": -1, "approval_comment_type": 0, "comment_sort_type": 0, "ai_play_picture_type": 0}, "mblogtype": 0, "showFeedRepost": false, "showFeedComment": false, "pictureViewerSign": false, "showPictureViewer": false, "rcList": [], "text": "入青云我听说是爱奇艺的🫓，陈星旭、卢昱晓主演，快开机了。&lt;br /&gt;cpf还是有用的，当初夜色尚浅cpf一直舔这个🫓，虽然最后只有卢昱晓演了，也算是一种成功。&lt;br /&gt;上次成功的还是皓嫣cpf舔的折腰，不过是只有男方刘宇宁接了 ​​​", "region_name": "发布于 北京", "customIcons": []}}