{"visible": {"type": 0, "list_id": 0}, "created_at": "Mon Dec 25 22:44:45 +0800 2023", "id": 4982967463577796, "idstr": "4982967463577796", "mid": "4982967463577796", "mblogid": "NyOmuf0Ko", "user": {"id": 1617566333, "idstr": "1617566333", "pc_new": 7, "screen_name": "黑光乍泄", "profile_image_url": "https://tvax4.sinaimg.cn/crop.0.0.1080.1080.50/606a1a7dly8hinduc0nvxj20u00u0tez.jpg?KID=imgbed,tva&amp;Expires=1704618371&amp;ssig=VpMs2jc9CN", "profile_url": "/u/1617566333", "verified": true, "verified_type": 0, "domain": "", "weihao": "", "verified_type_ext": 1, "avatar_large": "https://tvax4.sinaimg.cn/crop.0.0.1080.1080.180/606a1a7dly8hinduc0nvxj20u00u0tez.jpg?KID=imgbed,tva&amp;Expires=1704618371&amp;ssig=Rx%2FUxhLipr", "avatar_hd": "https://tvax4.sinaimg.cn/crop.0.0.1080.1080.1024/606a1a7dly8hinduc0nvxj20u00u0tez.jpg?KID=imgbed,tva&amp;Expires=1704618371&amp;ssig=aNP7kIJH5C", "follow_me": false, "following": false, "mbrank": 2, "mbtype": 12, "v_plus": 0, "planet_video": false, "icon_list": [{"type": "vip", "data": {"mbrank": 2, "mbtype": 12, "svip": 1, "vvip": 1}}]}, "can_edit": false, "text_raw": "Merry Christmas 🎄 http://t.cn/A6lW7tPP ​​​", "textLength": 41, "annotations": [[], {"source_text": "", "phone_id": ""}, {"mapi_request": true}], "source": "&lt;a target=\"_blank\" href=\"https://t.sina.com.cn\" rel=\"nofollow\"&gt;微博视频号&lt;/a&gt;", "favorited": false, "buttons": [{"type": "follow", "name": "加关注", "pic": "http://u1.sinaimg.cn/upload/2013/06/14/timeline_card_small_button_icon_add.png", "params": {"uid": 1617566333}, "actionlog": {"act_code": 92, "uicode": "10000100", "oid": "4982967463577796", "cardid": "1076030002_1617566333"}}], "rid": "2_0_50_163994469991589240_0_0_0", "cardid": "star_197", "pic_ids": [], "pic_num": 0, "is_paid": false, "pic_bg_new": "https://img.t.sinajs.cn/t6/skin/public/feed_cover/star_197_mobile_new.png?version=2021091501", "mblog_vip_type": 0, "number_display_strategy": {"apply_scenario_flag": 3, "display_text_min_number": 1000000, "display_text": "100万+"}, "reposts_count": 750, "comments_count": 75, "attitudes_count": 2333, "attitudes_status": 0, "isLongText": false, "mlevel": 0, "content_auth": 0, "is_show_bulletin": 2, "comment_manage_info": {"comment_permission_type": -1, "approval_comment_type": 0, "comment_sort_type": 0}, "share_repost_type": 0, "url_struct": [{"url_title": "黑光乍泄的微博视频", "url_type_pic": "https://h5.sinaimg.cn/upload/2015/09/25/3/timeline_card_small_video.png", "ori_url": "sinaweibo://video/vvs?mid=4982967463577796&amp;object_id=1034:4982963700695141&amp;url_type=39&amp;object_type=video&amp;pos=1", "page_id": "2304444982963700695141", "short_url": "http://t.cn/A6lW7tPP", "long_url": "https://video.weibo.com/show?fid=1034:4982963700695141", "url_type": 39, "result": false, "actionlog": {"act_type": 1, "act_code": 300, "oid": "1034:4982963700695141", "uuid": 4982964726530555, "cardid": "", "lcardid": "", "uicode": "", "luicode": "", "fid": "1076036499137849_-_WEIBO_SECOND_PROFILE_WEIBO", "lfid": "", "ext": "mid:4982967463577796|rid:2_0_50_163994469991589240_0_0_0|short_url:http://t.cn/A6lW7tPP|long_url:https://video.weibo.com/show?fid=1034:4982963700695141|comment_id:|miduid:1617566333|rootmid:4982967463577796|rootuid:1617566333|authorid:1617566333|uuid:4982964726530555|is_ad_weibo:0|analysis_card:url_struct"}, "storage_type": "oss", "hide": 0, "object_type": "", "ttl": 3600, "h5_target_url": "https://video.weibo.com/show?fid=1034:4982963700695141&amp;from=1FFFF96039&amp;weiboauthoruid=1617566333", "need_save_obj": 0}], "title": {"text": "她2023-12-26赞过的微博(3)", "structs": [{"name": "她2023-12-26赞过的微博(3)", "scheme": "sinaweibo://cardlist?containerid=2308696499137849_-_mix", "cleaned": true}]}, "mblogtype": 0, "showFeedRepost": false, "showFeedComment": false, "pictureViewerSign": false, "showPictureViewer": false, "rcList": [], "text": "Merry Christmas 🎄 &lt;a target=\"_blank\" href=\"https://video.weibo.com/show?fid=1034:4982963700695141\"&gt;&lt;img class=\"icon-link\" src=\"https://h5.sinaimg.cn/upload/2015/09/25/3/timeline_card_small_video_default.png\"/&gt;黑光乍泄的微博视频&lt;/a&gt; ​​​", "region_name": "发布于 北京", "customIcons": [], "page_info": {"type": 5, "page_id": "2304444982963700695141", "object_type": "video", "oid": "1617566333", "page_title": "黑光乍泄的微博视频", "page_pic": "https://wx1.sinaimg.cn/orj480/606a1a7dly1hl6euf87oaj22dc1c01ky.jpg", "type_icon": "", "page_url": "sinaweibo://infopage?containerid=2304444982963700695141&amp;containerid=2304444982963700695141&amp;url_type=39&amp;object_type=video&amp;pos=2", "object_id": "1034:4982963700695141", "media_info": {"name": "黑光乍泄的微博视频", "stream_url": "http://f.video.weibocdn.com/o0/E6XGOZfKlx08becERafS01041201bbNQ0E010.mp4?label=mp4_ld&amp;template=640x360.25.0&amp;ori=0&amp;ps=1CwnkDw1GXwCQx&amp;Expires=1704611171&amp;ssig=oJPkST9pUr&amp;KID=unistore,video", "stream_url_hd": "http://f.video.weibocdn.com/o0/SXD6SV2Ylx08becFw8M801041201ONSp0E010.mp4?label=mp4_hd&amp;template=856x480.25.0&amp;ori=0&amp;ps=1CwnkDw1GXwCQx&amp;Expires=1704611171&amp;ssig=5nf5dVJaIy&amp;KID=unistore,video", "format": "mp4", "h5_url": "https://video.weibo.com/show?fid=1034:4982963700695141", "mp4_sd_url": "http://f.video.weibocdn.com/o0/E6XGOZfKlx08becERafS01041201bbNQ0E010.mp4?label=mp4_ld&amp;template=640x360.25.0&amp;ori=0&amp;ps=1CwnkDw1GXwCQx&amp;Expires=1704611171&amp;ssig=oJPkST9pUr&amp;KID=unistore,video", "mp4_hd_url": "http://f.video.weibocdn.com/o0/SXD6SV2Ylx08becFw8M801041201ONSp0E010.mp4?label=mp4_hd&amp;template=856x480.25.0&amp;ori=0&amp;ps=1CwnkDw1GXwCQx&amp;Expires=1704611171&amp;ssig=5nf5dVJaIy&amp;KID=unistore,video", "h265_mp4_hd": "", "h265_mp4_ld": "", "inch_4_mp4_hd": "", "inch_5_mp4_hd": "", "inch_5_5_mp4_hd": "", "mp4_720p_mp4": "http://f.video.weibocdn.com/o0/XAFuUiZclx08becHIgU801041203hJRQ0E020.mp4?label=mp4_720p&amp;template=1284x720.25.0&amp;ori=0&amp;ps=1CwnkDw1GXwCQx&amp;Expires=1704611171&amp;ssig=vAYrgFV7UW&amp;KID=unistore,video", "hevc_mp4_720p": "", "prefetch_type": 1, "prefetch_size": 262144, "act_status": 1, "protocol": "general,dash", "media_id": "4982963700695141", "origin_total_bitrate": 0, "video_orientation": "horizontal", "duration": 348, "forward_strategy": -1, "search_scheme": "sinaweibo://svssearch?containerid=232080", "is_short_video": 1, "vote_is_show": 0, "belong_collection": 0, "titles_display_time": "3", "show_progress_bar": 1, "show_mute_button": true, "ext_info": {"video_orientation": "horizontal"}, "next_title": "Merry Christmas 🎄", "kol_title": "坂本龙一 Merry Christmas Mr.Lawrence", "play_completion_actions": [{"type": "1", "icon": "https://h5.sinaimg.cn/upload/100/1413/2021/12/22/feed_video_icon_replay.png", "text": "重播", "link": "", "btn_code": 1000, "show_position": 1, "actionlog": {"oid": "2304444982963700695141", "act_code": 1221, "act_type": 0, "source": "video"}}, {"type": 6, "icon": "https://tvax4.sinaimg.cn/crop.0.0.1080.1080.180/606a1a7dly8hinduc0nvxj20u00u0tez.jpg?KID=imgbed,tva&amp;Expires=1704618371&amp;ssig=Rx%2FUxhLipr", "text": "", "display_mode": 2, "display_starttime": 5, "display_endtime": 99999, "countdown_time": 5, "show_position": 48, "scheme": "", "link": "", "btn_code": 1009, "actionlog": {"oid": "2304444982963700695141", "act_code": 91, "act_type": 0, "source": "video", "ext": "mid:4982967463577796|oid:1034:4982963700695141|muid:1617566333|authorid:1617566333"}, "ext": {"uid": "1617566333", "user_name": "黑光乍泄", "followers_count": 4100443, "verified": true, "verified_type": 0, "verified_type_ext": 1, "verified_reason": "电影博主", "level": 3}, "display_type": 0}], "video_publish_time": 1703514832, "play_loop_type": 0, "video_title": "坂本龙一 Merry Christmas Mr.Lawrence", "author_mid": "4982967463577796", "author_name": "黑光乍泄", "extra_info": {"sceneid": "profile_mb"}, "video_download_strategy": {"abandon_download": 0}, "jump_to": 6, "big_pic_info": {"pic_big": {"height": 1080, "url": "https://wx1.sinaimg.cn/orj1080/606a1a7dly1hl6euf87oaj22dc1c01ky.jpg", "width": 1920}, "pic_small": {"height": 150, "url": "https://wx1.sinaimg.cn/or180/606a1a7dly1hl6euf87oaj22dc1c01ky.jpg", "width": 266}, "pic_middle": {"height": 270, "url": "https://wx1.sinaimg.cn/or360/606a1a7dly1hl6euf87oaj22dc1c01ky.jpg", "width": 480}}, "online_users": "27.9万次观看", "online_users_number": 279849, "ttl": 3600, "storage_type": "oss", "is_keep_current_mblog": 0, "playback_list": [{"meta": {"label": "mp4_1440p60", "quality_index": 1500, "quality_desc": "超清", "quality_label": "2K60", "quality_class": "HD", "type": 1, "quality_group": 1500, "is_hidden": false}, "play_info": {"type": 1, "mime": "video/mp4", "protocol": "general", "label": "mp4_1440p60", "url": "https://f.video.weibocdn.com/o0/u19VOkAZlx08becW42I00104120aIEGd0E040.mp4?label=mp4_1440p60&amp;template=2540x1420.23.0&amp;media_id=4982963700695141&amp;tp=8x8A3El:YTkl0eM8&amp;us=0&amp;ori=1&amp;bf=2&amp;ot=h&amp;lp=00003MndIw&amp;ps=mZ6WB&amp;uid=8uaJsH&amp;ab=,3601-g19,3601-g36,8013-g0,3601-g19,12739-g1&amp;Expires=1704611171&amp;ssig=kb9AM4AHvi&amp;KID=unistore,video", "bitrate": 3632096, "prefetch_range": "0-1261652", "video_codecs": "avc1.640033", "fps": 60, "width": 2540, "height": 1420, "size": 158406169, "duration": 348.902, "sar": "0.0", "audio_codecs": "mp4a.40.5", "audio_sample_rate": 44100, "quality_label": "2K60", "quality_class": "HD", "quality_desc": "超清", "audio_channels": 2, "audio_sample_fmt": "fltp", "audio_bits_per_sample": 0, "watermark": "original", "extension": {"transcode_info": {"pcdn_rule_id": 0, "pcdn_jank": 0, "origin_video_dr": "SDR", "ab_strategies": ",3601-g19,3601-g36,8013-g0,3601-g19,12739-g1"}}, "video_decoder": "hard", "prefetch_enabled": true, "tcp_receive_buffer": 262144, "dolby_atmos": false, "color_transfer": "bt709", "first_pkt_end_pos": 415537}}, {"meta": {"label": "mp4_1080p", "quality_index": 1080, "quality_desc": "高清", "quality_label": "1080p", "quality_class": "HD", "type": 1, "quality_group": 1080, "is_hidden": false}, "play_info": {"type": 1, "mime": "video/mp4", "protocol": "general", "label": "mp4_1080p", "url": "https://f.video.weibocdn.com/o0/Bh7dC6pPlx08becK36m401041205ugzU0E020.mp4?label=mp4_1080p&amp;template=1928x1080.25.0&amp;media_id=4982963700695141&amp;tp=8x8A3El:YTkl0eM8&amp;us=0&amp;ori=1&amp;bf=2&amp;ot=h&amp;lp=00003MndIw&amp;ps=mZ6WB&amp;uid=8uaJsH&amp;ab=,3601-g19,3601-g36,8013-g0,3601-g19,12739-g1&amp;Expires=1704611171&amp;ssig=NufDZPAMv8&amp;KID=unistore,video", "bitrate": 1859433, "prefetch_range": "0-737513", "video_codecs": "avc1.640032", "fps": 30, "width": 1928, "height": 1080, "size": 81095250, "duration": 348.902, "sar": "0.0", "audio_codecs": "mp4a.40.5", "audio_sample_rate": 44100, "quality_label": "1080p", "quality_class": "HD", "quality_desc": "高清", "audio_channels": 2, "audio_sample_fmt": "fltp", "audio_bits_per_sample": 0, "watermark": "original", "extension": {"transcode_info": {"pcdn_rule_id": 0, "pcdn_jank": 0, "origin_video_dr": "SDR", "ab_strategies": ",3601-g19,3601-g36,8013-g0,3601-g19,12739-g1"}}, "video_decoder": "hard", "prefetch_enabled": true, "tcp_receive_buffer": 262144, "dolby_atmos": false, "color_transfer": "bt709", "first_pkt_end_pos": 320876}}, {"meta": {"label": "mp4_720p", "quality_index": 720, "quality_desc": "高清", "quality_label": "720p", "quality_class": "HD", "type": 1, "quality_group": 720, "is_hidden": false}, "play_info": {"type": 1, "mime": "video/mp4", "protocol": "general", "label": "mp4_720p", "url": "https://f.video.weibocdn.com/o0/XAFuUiZclx08becHIgU801041203hJRQ0E020.mp4?label=mp4_720p&amp;template=1284x720.25.0&amp;media_id=4982963700695141&amp;tp=8x8A3El:YTkl0eM8&amp;us=0&amp;ori=1&amp;bf=2&amp;ot=h&amp;lp=00003MndIw&amp;ps=mZ6WB&amp;uid=8uaJsH&amp;ab=,3601-g19,3601-g36,8013-g0,3601-g19,12739-g1&amp;Expires=1704611171&amp;ssig=vAYrgFV7UW&amp;KID=unistore,video", "bitrate": 1113361, "prefetch_range": "0-542805", "video_codecs": "avc1.640020", "fps": 30, "width": 1284, "height": 720, "size": 48556902, "duration": 348.902, "sar": "0.0", "audio_codecs": "mp4a.40.5", "audio_sample_rate": 44100, "quality_label": "720p", "quality_class": "HD", "quality_desc": "高清", "audio_channels": 2, "audio_sample_fmt": "fltp", "audio_bits_per_sample": 0, "watermark": "original", "extension": {"transcode_info": {"pcdn_rule_id": 0, "pcdn_jank": 0, "origin_video_dr": "SDR", "ab_strategies": ",3601-g19,3601-g36,8013-g0,3601-g19,12739-g1"}}, "video_decoder": "hard", "prefetch_enabled": true, "tcp_receive_buffer": 262144, "dolby_atmos": false, "color_transfer": "bt709", "first_pkt_end_pos": 299441}}, {"meta": {"label": "mp4_hd", "quality_index": 480, "quality_desc": "标清", "quality_label": "480p", "quality_class": "SD", "type": 1, "quality_group": 480, "is_hidden": false}, "play_info": {"type": 1, "mime": "video/mp4", "protocol": "general", "label": "mp4_hd", "url": "https://f.video.weibocdn.com/o0/SXD6SV2Ylx08becFw8M801041201ONSp0E010.mp4?label=mp4_hd&amp;template=856x480.25.0&amp;media_id=4982963700695141&amp;tp=8x8A3El:YTkl0eM8&amp;us=0&amp;ori=1&amp;bf=2&amp;ot=h&amp;lp=00003MndIw&amp;ps=mZ6WB&amp;uid=8uaJsH&amp;ab=,3601-g19,3601-g36,8013-g0,3601-g19,12739-g1&amp;Expires=1704611171&amp;ssig=5nf5dVJaIy&amp;KID=unistore,video", "bitrate": 616434, "prefetch_range": "0-385095", "video_codecs": "avc1.64001f", "fps": 30, "width": 856, "height": 480, "size": 26884465, "duration": 348.902, "sar": "0.0", "audio_codecs": "mp4a.40.5", "audio_sample_rate": 44100, "quality_label": "480p", "quality_class": "SD", "quality_desc": "标清", "audio_channels": 2, "audio_sample_fmt": "fltp", "audio_bits_per_sample": 0, "watermark": "original", "extension": {"transcode_info": {"pcdn_rule_id": 0, "pcdn_jank": 0, "origin_video_dr": "SDR", "ab_strategies": ",3601-g19,3601-g36,8013-g0,3601-g19,12739-g1"}}, "video_decoder": "hard", "prefetch_enabled": true, "tcp_receive_buffer": 262144, "dolby_atmos": false, "color_transfer": "bt709", "first_pkt_end_pos": 281969}}, {"meta": {"label": "scrubber_hd", "quality_index": 480, "quality_desc": "标清", "quality_label": "480p", "quality_class": "SD", "type": 3, "quality_group": 480, "is_hidden": false}, "play_info": {"type": 3, "mime": "image/jpeg", "protocol": "general", "label": "scrubber_hd", "url": "https://wx3.sinaimg.cn/large/606a1a7dly1hl6ewh9r2jj20qo4607g0.jpg?media_id=4982963700695141&amp;tp=8x8A3El:YTkl0eM8&amp;us=0&amp;ori=1&amp;bf=2&amp;ot=h&amp;lp=00003MndIw&amp;ps=mZ6WB&amp;uid=8uaJsH&amp;ab=,3601-g19,3601-g36,8013-g0,3601-g19,12739-g1&amp;Expires=1704611171&amp;ssig=t00Of6V9Rn&amp;KID=unistore,video", "prefetch_range": "0-512000", "width": 320, "height": 180, "quality_label": "480p", "quality_class": "SD", "quality_desc": "标清", "extension": {"transcode_info": {"pcdn_rule_id": 0, "pcdn_jank": 0, "origin_video_dr": "SDR", "ab_strategies": ",3601-g19,3601-g36,8013-g0,3601-g19,12739-g1"}}, "video_decoder": "hard", "prefetch_enabled": true, "tcp_receive_buffer": 262144, "col": 3, "row": 30, "interval": 2, "offset": 1, "urls": ["http://wx4.sinaimg.cn/large/606a1a7dly1hl6ewh9r2jj20qo4607g0.jpg", "http://wx4.sinaimg.cn/large/606a1a7dly1hl6ewhh1p6j20qo460qh9.jpg"]}}, {"meta": {"label": "mp4_ld", "quality_index": 360, "quality_desc": "流畅", "quality_label": "360p", "quality_class": "SD", "type": 1, "quality_group": 360, "is_hidden": false}, "play_info": {"type": 1, "mime": "video/mp4", "protocol": "general", "label": "mp4_ld", "url": "https://f.video.weibocdn.com/o0/E6XGOZfKlx08becERafS01041201bbNQ0E010.mp4?label=mp4_ld&amp;template=640x360.25.0&amp;media_id=4982963700695141&amp;tp=8x8A3El:YTkl0eM8&amp;us=0&amp;ori=1&amp;bf=2&amp;ot=h&amp;lp=00003MndIw&amp;ps=mZ6WB&amp;uid=8uaJsH&amp;ab=,3601-g19,3601-g36,8013-g0,3601-g19,12739-g1&amp;Expires=1704611171&amp;ssig=oJPkST9pUr&amp;KID=unistore,video", "bitrate": 399958, "prefetch_range": "0-340839", "video_codecs": "avc1.64001e", "fps": 30, "width": 640, "height": 360, "size": 17443318, "duration": 348.902, "sar": "0.0", "audio_codecs": "mp4a.40.5", "audio_sample_rate": 44100, "quality_label": "360p", "quality_class": "SD", "quality_desc": "流畅", "audio_channels": 2, "audio_sample_fmt": "fltp", "audio_bits_per_sample": 0, "watermark": "original", "extension": {"transcode_info": {"pcdn_rule_id": 0, "pcdn_jank": 0, "origin_video_dr": "SDR", "ab_strategies": ",3601-g19,3601-g36,8013-g0,3601-g19,12739-g1"}}, "video_decoder": "hard", "prefetch_enabled": true, "tcp_receive_buffer": 262144, "dolby_atmos": false, "color_transfer": "bt709", "first_pkt_end_pos": 275795}}], "author_info": {"id": 1617566333, "idstr": "1617566333", "pc_new": 7, "screen_name": "黑光乍泄", "profile_image_url": "https://tvax4.sinaimg.cn/crop.0.0.1080.1080.50/606a1a7dly8hinduc0nvxj20u00u0tez.jpg?KID=imgbed,tva&amp;Expires=1704618371&amp;ssig=VpMs2jc9CN", "profile_url": "/u/1617566333", "verified": true, "verified_type": 0, "domain": "", "weihao": "", "verified_type_ext": 1, "avatar_large": "https://tvax4.sinaimg.cn/crop.0.0.1080.1080.180/606a1a7dly8hinduc0nvxj20u00u0tez.jpg?KID=imgbed,tva&amp;Expires=1704618371&amp;ssig=Rx%2FUxhLipr", "avatar_hd": "https://tvax4.sinaimg.cn/crop.0.0.1080.1080.1024/606a1a7dly8hinduc0nvxj20u00u0tez.jpg?KID=imgbed,tva&amp;Expires=1704618371&amp;ssig=aNP7kIJH5C", "follow_me": false, "following": false, "mbrank": 2, "mbtype": 12, "v_plus": 0, "planet_video": false, "verified_reason": "电影博主", "description": "理解自己所受的限制，就是自由的开端。", "location": "北京 海淀区", "gender": "m", "followers_count": 4100442, "followers_count_str": "410万", "friends_count": 83, "statuses_count": 20834, "url": "", "svip": 1, "vvip": 1, "cover_image_phone": "https://wx2.sinaimg.cn/crop.0.0.640.640.640/606a1a7dly1hhsiev7wywj20u00u0wlu.jpg;https://wx4.sinaimg.cn/crop.0.0.640.640.640/606a1a7dly1h5dnzs735ej20u00u0tav.jpg"}}, "author_id": "1617566333", "authorid": "1617566333", "cards": [{"type": "11", "page_id": "2304444982963700695141", "object_type": "video", "object_id": "1034:4982963700695141", "content1": "黑光乍泄的微博视频", "content2": "Merry Christmas 🎄", "act_status": 1, "media_info": {"name": "黑光乍泄的微博视频", "stream_url": "http://f.video.weibocdn.com/o0/E6XGOZfKlx08becERafS01041201bbNQ0E010.mp4?label=mp4_ld&amp;template=640x360.25.0&amp;ori=0&amp;ps=1CwnkDw1GXwCQx&amp;Expires=1704611171&amp;ssig=oJPkST9pUr&amp;KID=unistore,video", "stream_url_hd": "http://f.video.weibocdn.com/o0/SXD6SV2Ylx08becFw8M801041201ONSp0E010.mp4?label=mp4_hd&amp;template=856x480.25.0&amp;ori=0&amp;ps=1CwnkDw1GXwCQx&amp;Expires=1704611171&amp;ssig=5nf5dVJaIy&amp;KID=unistore,video", "format": "mp4", "h5_url": "https://video.weibo.com/show?fid=1034:4982963700695141", "mp4_sd_url": "http://f.video.weibocdn.com/o0/E6XGOZfKlx08becERafS01041201bbNQ0E010.mp4?label=mp4_ld&amp;template=640x360.25.0&amp;ori=0&amp;ps=1CwnkDw1GXwCQx&amp;Expires=1704611171&amp;ssig=oJPkST9pUr&amp;KID=unistore,video", "mp4_hd_url": "http://f.video.weibocdn.com/o0/SXD6SV2Ylx08becFw8M801041201ONSp0E010.mp4?label=mp4_hd&amp;template=856x480.25.0&amp;ori=0&amp;ps=1CwnkDw1GXwCQx&amp;Expires=1704611171&amp;ssig=5nf5dVJaIy&amp;KID=unistore,video", "h265_mp4_hd": "", "h265_mp4_ld": "", "inch_4_mp4_hd": "", "inch_5_mp4_hd": "", "inch_5_5_mp4_hd": "", "mp4_720p_mp4": "http://f.video.weibocdn.com/o0/XAFuUiZclx08becHIgU801041203hJRQ0E020.mp4?label=mp4_720p&amp;template=1284x720.25.0&amp;ori=0&amp;ps=1CwnkDw1GXwCQx&amp;Expires=1704611171&amp;ssig=vAYrgFV7UW&amp;KID=unistore,video", "hevc_mp4_720p": "", "prefetch_type": 1, "prefetch_size": 262144, "act_status": 1, "protocol": "general,dash", "media_id": "4982963700695141", "origin_total_bitrate": 0, "video_orientation": "horizontal", "duration": 348, "forward_strategy": -1, "search_scheme": "sinaweibo://svssearch?containerid=232080", "is_short_video": 1, "vote_is_show": 0, "belong_collection": 0, "titles_display_time": "3", "show_progress_bar": 1, "show_mute_button": true, "ext_info": {"video_orientation": "horizontal"}, "next_title": "Merry Christmas 🎄", "kol_title": "坂本龙一 Merry Christmas Mr.Lawrence", "play_completion_actions": [{"type": "1", "icon": "https://h5.sinaimg.cn/upload/100/1413/2021/12/22/feed_video_icon_replay.png", "text": "重播", "link": "", "btn_code": 1000, "show_position": 1, "actionlog": {"oid": "2304444982963700695141", "act_code": 1221, "act_type": 0, "source": "video"}}, {"type": 6, "icon": "https://tvax4.sinaimg.cn/crop.0.0.1080.1080.180/606a1a7dly8hinduc0nvxj20u00u0tez.jpg?KID=imgbed,tva&amp;Expires=1704618371&amp;ssig=Rx%2FUxhLipr", "text": "", "display_mode": 2, "display_starttime": 5, "display_endtime": 99999, "countdown_time": 5, "show_position": 48, "scheme": "", "link": "", "btn_code": 1009, "actionlog": {"oid": "2304444982963700695141", "act_code": 91, "act_type": 0, "source": "video", "ext": "mid:4982967463577796|oid:1034:4982963700695141|muid:1617566333|authorid:1617566333"}, "ext": {"uid": "1617566333", "user_name": "黑光乍泄", "followers_count": 4100443, "verified": true, "verified_type": 0, "verified_type_ext": 1, "verified_reason": "电影博主", "level": 3}, "display_type": 0}], "video_publish_time": 1703514832, "play_loop_type": 0, "video_title": "坂本龙一 Merry Christmas Mr.Lawrence", "author_mid": "4982967463577796", "author_name": "黑光乍泄", "extra_info": {"sceneid": "profile_mb"}, "video_download_strategy": {"abandon_download": 0}, "jump_to": 6, "big_pic_info": {"pic_big": {"height": 1080, "url": "https://wx1.sinaimg.cn/orj1080/606a1a7dly1hl6euf87oaj22dc1c01ky.jpg", "width": 1920}, "pic_small": {"height": 150, "url": "https://wx1.sinaimg.cn/or180/606a1a7dly1hl6euf87oaj22dc1c01ky.jpg", "width": 266}, "pic_middle": {"height": 270, "url": "https://wx1.sinaimg.cn/or360/606a1a7dly1hl6euf87oaj22dc1c01ky.jpg", "width": 480}}, "online_users": "27.9万次观看", "online_users_number": 279849, "ttl": 3600, "storage_type": "oss"}, "page_pic": "https://wx1.sinaimg.cn/orj480/606a1a7dly1hl6euf87oaj22dc1c01ky.jpg", "page_title": "黑光乍泄的微博视频", "page_url": "sinaweibo://infopage?containerid=2304444982963700695141&amp;containerid=2304444982963700695141&amp;url_type=39&amp;object_type=video&amp;pos=2", "pic_info": {"pic_big": {"height": "480", "url": "https://wx1.sinaimg.cn/orj480/606a1a7dly1hl6euf87oaj22dc1c01ky.jpg", "width": "856"}, "pic_small": {"height": "480", "url": "https://wx1.sinaimg.cn/orj480/606a1a7dly1hl6euf87oaj22dc1c01ky.jpg", "width": "856"}, "pic_middle": {"url": "https://wx1.sinaimg.cn/orj480/606a1a7dly1hl6euf87oaj22dc1c01ky.jpg", "height": "480", "width": "856"}}, "oid": "1617566333", "type_icon": "", "author_id": "1617566333", "authorid": "1617566333", "warn": "", "actionlog": {"act_type": 1, "act_code": 799, "lcardid": "", "fid": "1076036499137849_-_WEIBO_SECOND_PROFILE_WEIBO", "mid": "4982967463577796", "oid": "1034:4982963700695141", "uuid": 4982964726530555, "source": "video", "ext": "uid:7774910775|mid:4982967463577796|objectid:1034%3A4982963700695141|from:1|object_duration:348.902|miduid:1617566333|rootuid:1617566333|rootmid:4982967463577796|authorid:1617566333|video_orientation:horizontal|third_vid:|is_album:1|is_contribution:0|video_tags:|isfan:0|ua:Mozilla/5.0 (Windows NT 10.0; Win64; x64) AppleWebKit/537.36 (KHTML, like Gecko) Chrome/120.0.0.0 Safari/537.36 WeiboPro/1.0.0|sceneid:profile_mb|uuid:4982964726530555|detail:native|contribution:0|short_video:1|st_video:0|author_mid:4982967463577796|cluster_type_status:|is_ad_weibo:0|analysis_card:page_info"}}, {"type": 34, "page_id": "2304444982963700695141", "object_type": "video", "page_desc": "影视 影视资讯 · 27.9万次观看", "oid": "1617566333", "page_title": "影视 影视资讯 · 27.9万次观看", "page_pic": "https://wx1.sinaimg.cn/orj480/606a1a7dly1hl6euf87oaj22dc1c01ky.jpg", "type_icon": "", "page_url": "sinaweibo://video/vvs?sceneid=profile_mb&amp;object_id=1034:4982963700695141&amp;mid=4982967463577796&amp;log_ext=is_contribution%3A%7Cfirst_level_channel_id%3A%7Csecond_level_channel_id%3A&amp;url_type=39&amp;object_type=video&amp;pos=2", "object_id": "1034:4982963700695141", "author_id": "1617566333", "authorid": "1617566333", "is_broadcast": 1, "icon_url": "https://h5.sinaimg.cn/upload/1000/1327/2021/01/20/videofeed_album_icon.png", "withPlayCount": true, "ext": "is_contribution:|first_level_channel_id:|second_level_channel_id:", "actionlog": {"act_type": 1, "act_code": "3457", "oid": "1034:4982963700695141", "uuid": 4982964726530555, "cardid": "", "lcardid": "", "uicode": "", "luicode": "", "fid": "1076036499137849_-_WEIBO_SECOND_PROFILE_WEIBO", "lfid": "", "ext": "mid:4982967463577796|rid:2_0_50_163994469991589240_0_0_0|short_url:http://t.cn/A6lW7tPP|long_url:https://video.weibo.com/show?fid=1034:4982963700695141|comment_id:|miduid:1617566333|rootmid:4982967463577796|rootuid:1617566333|authorid:1617566333|uuid:4982964726530555|is_ad_weibo:0|is_contribution:|first_level_channel_id:|second_level_channel_id:|play_page:playlist|analysis_card:page_info"}}], "actionlog": {"act_type": 1, "act_code": 799, "lcardid": "", "fid": "1076036499137849_-_WEIBO_SECOND_PROFILE_WEIBO", "mid": "4982967463577796", "oid": "1034:4982963700695141", "uuid": 4982964726530555, "source": "video", "ext": "uid:7774910775|mid:4982967463577796|objectid:1034%3A4982963700695141|from:1|object_duration:348.902|miduid:1617566333|rootuid:1617566333|rootmid:4982967463577796|authorid:1617566333|video_orientation:horizontal|third_vid:|is_album:1|is_contribution:0|video_tags:|isfan:0|ua:Mozilla/5.0 (Windows NT 10.0; Win64; x64) AppleWebKit/537.36 (KHTML, like Gecko) Chrome/120.0.0.0 Safari/537.36 WeiboPro/1.0.0|sceneid:profile_mb|uuid:4982964726530555|detail:native|contribution:0|short_video:1|st_video:0|author_mid:4982967463577796|cluster_type_status:|is_ad_weibo:0|analysis_card:page_info"}, "short_url": "http://t.cn/A6lW7tPP"}, "followBtnCode": {"uid": 1617566333}}