{"visible": {"type": 0, "list_id": 0}, "created_at": "Sun Dec 24 21:10:31 +0800 2023", "id": 4982581361378417, "idstr": "4982581361378417", "mid": "4982581361378417", "mblogid": "NyEjK5MAx", "user": {"id": 6499137849, "idstr": "6499137849", "pc_new": 7, "screen_name": "冻梨好吃", "profile_image_url": "https://tvax3.sinaimg.cn/crop.0.0.962.962.50/0075PIE1ly8hkxs7vsob4j30qq0qq76e.jpg?KID=imgbed,tva&amp;Expires=1704618383&amp;ssig=1gOtUw1rG3", "profile_url": "/u/6499137849", "verified": false, "verified_type": -1, "domain": "", "weihao": "", "avatar_large": "https://tvax3.sinaimg.cn/crop.0.0.962.962.180/0075PIE1ly8hkxs7vsob4j30qq0qq76e.jpg?KID=imgbed,tva&amp;Expires=1704618383&amp;ssig=YvH7A1adE7", "avatar_hd": "https://tvax3.sinaimg.cn/crop.0.0.962.962.1024/0075PIE1ly8hkxs7vsob4j30qq0qq76e.jpg?KID=imgbed,tva&amp;Expires=1704618383&amp;ssig=o8adKWZvd7", "follow_me": false, "following": false, "mbrank": 0, "mbtype": 0, "v_plus": 0, "planet_video": false, "icon_list": []}, "can_edit": false, "text_raw": "虽然你bp又臭又烂，但是这话说得一点毛病没有啊，换成看尺一儿了真看不到一点赢的希望[看书][看书] ​​​", "textLength": 92, "annotations": [{"photo_sub_type": "0,0"}, {"client_mblogid": "5e805e70-570a-4bf9-a922-2cc08d380019"}, {"source_text": "", "phone_id": "266"}, {"mapi_request": true}], "source": "Android", "favorited": false, "rid": "11_0_50_162735443278508853_0_0_0", "pic_ids": ["0075PIE1gy1hl56mkmtiaj30qo0jt3z4", "0075PIE1gy1hl56mqs9m3j30qo0lgt9g"], "pic_focus_point": [{"focus_point": {"left": 0.23600619, "top": 0.004314977, "width": 0.5279876, "height": 0.6564171}, "pic_id": "0075PIE1gy1hl56mqs9m3j30qo0lgt9g"}, {"focus_point": {"left": 0.2548089, "top": 0, "width": 0.4903822, "height": 0.6608666}, "pic_id": "0075PIE1gy1hl56mkmtiaj30qo0jt3z4"}], "pic_num": 2, "pic_infos": {"0075PIE1gy1hl56mkmtiaj30qo0jt3z4": {"thumbnail": {"url": "https://wx2.sinaimg.cn/wap180/0075PIE1gy1hl56mkmtiaj30qo0jt3z4.jpg", "width": 180, "height": 133, "cut_type": 1, "type": ""}, "bmiddle": {"url": "https://wx2.sinaimg.cn/wap360/0075PIE1gy1hl56mkmtiaj30qo0jt3z4.jpg", "width": 360, "height": 267, "cut_type": 1, "type": ""}, "large": {"url": "https://wx2.sinaimg.cn/orj960/0075PIE1gy1hl56mkmtiaj30qo0jt3z4.jpg", "width": 960, "height": 713, "cut_type": 1, "type": ""}, "original": {"url": "https://wx2.sinaimg.cn/orj1080/0075PIE1gy1hl56mkmtiaj30qo0jt3z4.jpg", "width": 960, "height": 713, "cut_type": 1, "type": ""}, "largest": {"url": "https://wx2.sinaimg.cn/large/0075PIE1gy1hl56mkmtiaj30qo0jt3z4.jpg", "width": 960, "height": 713, "cut_type": 1, "type": ""}, "mw2000": {"url": "https://wx2.sinaimg.cn/mw2000/0075PIE1gy1hl56mkmtiaj30qo0jt3z4.jpg", "width": 960, "height": 713, "cut_type": 1, "type": ""}, "focus_point": {"left": 0.2548089, "top": 0, "width": 0.4903822, "height": 0.6608666}, "object_id": "1042018:df306f1e95b67dfd6bf000584c51745c", "pic_id": "0075PIE1gy1hl56mkmtiaj30qo0jt3z4", "photo_tag": 0, "type": "pic", "pic_status": 1}, "0075PIE1gy1hl56mqs9m3j30qo0lgt9g": {"thumbnail": {"url": "https://wx3.sinaimg.cn/wap180/0075PIE1gy1hl56mqs9m3j30qo0lgt9g.jpg", "width": 180, "height": 144, "cut_type": 1, "type": ""}, "bmiddle": {"url": "https://wx3.sinaimg.cn/wap360/0075PIE1gy1hl56mqs9m3j30qo0lgt9g.jpg", "width": 360, "height": 289, "cut_type": 1, "type": ""}, "large": {"url": "https://wx3.sinaimg.cn/orj960/0075PIE1gy1hl56mqs9m3j30qo0lgt9g.jpg", "width": 960, "height": 772, "cut_type": 1, "type": ""}, "original": {"url": "https://wx3.sinaimg.cn/orj1080/0075PIE1gy1hl56mqs9m3j30qo0lgt9g.jpg", "width": 960, "height": 772, "cut_type": 1, "type": ""}, "largest": {"url": "https://wx3.sinaimg.cn/large/0075PIE1gy1hl56mqs9m3j30qo0lgt9g.jpg", "width": 960, "height": 772, "cut_type": 1, "type": ""}, "mw2000": {"url": "https://wx3.sinaimg.cn/mw2000/0075PIE1gy1hl56mqs9m3j30qo0lgt9g.jpg", "width": 960, "height": 772, "cut_type": 1, "type": ""}, "focus_point": {"left": 0.23600619, "top": 0.004314977, "width": 0.5279876, "height": 0.6564171}, "object_id": "1042018:5fcdffee4b314e253c08f081f6fa8df9", "pic_id": "0075PIE1gy1hl56mqs9m3j30qo0lgt9g", "photo_tag": 0, "type": "pic", "pic_status": 1}}, "is_paid": false, "mblog_vip_type": 0, "number_display_strategy": {"apply_scenario_flag": 3, "display_text_min_number": 1000000, "display_text": "100万+"}, "reposts_count": 0, "comments_count": 0, "attitudes_count": 0, "attitudes_status": 0, "isLongText": false, "mlevel": 0, "content_auth": 0, "is_show_bulletin": 2, "comment_manage_info": {"comment_permission_type": -1, "approval_comment_type": 0, "comment_sort_type": 0}, "share_repost_type": 0, "mblogtype": 0, "showFeedRepost": false, "showFeedComment": false, "pictureViewerSign": false, "showPictureViewer": false, "rcList": [], "text": "虽然你bp又臭又烂，但是这话说得一点毛病没有啊，换成看尺一儿了真看不到一点赢的希望&lt;img alt=\"[看书]\" title=\"[看书]\" src=\"https://face.t.sinajs.cn/t4/appstyle/expression/ext/normal/83/2023_read_org.png\" /&gt;&lt;img alt=\"[看书]\" title=\"[看书]\" src=\"https://face.t.sinajs.cn/t4/appstyle/expression/ext/normal/83/2023_read_org.png\" /&gt; ​​​", "region_name": "发布于 辽宁", "customIcons": []}