{"visible": {"type": 0, "list_id": 0}, "created_at": "Sat Dec 23 19:12:24 +0800 2023", "id": 4982189252935808, "idstr": "4982189252935808", "mid": "4982189252935808", "mblogid": "Nyu7jcjJK", "user": {"id": 6423651199, "idstr": "6423651199", "pc_new": 7, "screen_name": "小狗斯特", "profile_image_url": "https://tvax4.sinaimg.cn/crop.0.0.1080.1080.50/0070IZ7ply8gm0kj0j18rj30u00u0gmu.jpg?KID=imgbed,tva&amp;Expires=1704618383&amp;ssig=X1ZQ6YDf9J", "profile_url": "/u/6423651199", "verified": true, "verified_type": 0, "domain": "", "weihao": "", "verified_type_ext": 1, "avatar_large": "https://tvax4.sinaimg.cn/crop.0.0.1080.1080.180/0070IZ7ply8gm0kj0j18rj30u00u0gmu.jpg?KID=imgbed,tva&amp;Expires=1704618383&amp;ssig=QxDWO3FSv1", "avatar_hd": "https://tvax4.sinaimg.cn/crop.0.0.1080.1080.1024/0070IZ7ply8gm0kj0j18rj30u00u0gmu.jpg?KID=imgbed,tva&amp;Expires=1704618383&amp;ssig=TU7YG9%2BG%2BB", "follow_me": false, "following": false, "mbrank": 2, "mbtype": 12, "v_plus": 0, "planet_video": false, "icon_list": [{"type": "vip", "data": {"mbrank": 2, "mbtype": 12, "svip": 1, "vvip": 1}}]}, "can_edit": false, "text_raw": "周也请好好用脸哈哈哈哈哈哈哈哈！！！\n\n笑鼠我了。。滤镜三连拍打开了新世界大门是吧！在搞笑分类里翻出来的特效一个赛一个好笑啊啊啊！开头的小揪揪特效也子甚至还有配音笑得、、还有史瑞克和马喽，一点进直播以为进动物园了（x\n\n不服气特效还演起来了，怎么这么短就拜拜了啊！周也关掉丑颜特效！给 ​​​", "textLength": 324, "annotations": [[], {"client_mblogid": "iPhone-2B276E5E-58D0-41C8-B63C-FEF6BB2AF2E3"}, {"source_text": "", "phone_id": "-1"}, {"mapi_request": true}], "source": "&lt;a target=\"_blank\" href=\"https://t.sina.com.cn\" rel=\"nofollow\"&gt;微博视频号&lt;/a&gt;", "favorited": false, "buttons": [{"type": "follow", "name": "加关注", "pic": "http://u1.sinaimg.cn/upload/2013/06/14/timeline_card_small_button_icon_add.png", "params": {"uid": 6423651199}, "actionlog": {"act_code": 92, "uicode": "10000100", "oid": "4982189252935808", "cardid": "1076030002_6423651199"}}], "rid": "19_0_50_162735443278508853_0_0_0", "cardid": "star_1722", "pic_ids": [], "pic_num": 0, "is_paid": false, "pic_bg_new": "http://vip.storage.weibo.com/feed_cover/star_1722_mobile_new.png?version=2021091501", "mblog_vip_type": 0, "number_display_strategy": {"apply_scenario_flag": 3, "display_text_min_number": 1000000, "display_text": "100万+"}, "reposts_count": 1141, "comments_count": 360, "attitudes_count": 3843, "attitudes_status": 0, "continue_tag": {"title": "全文", "pic": "http://h5.sinaimg.cn/upload/2015/09/25/3/timeline_card_small_article.png", "scheme": "sinaweibo://detail?mblogid=4982189252935808&amp;id=4982189252935808&amp;next_fid=232532_mblog&amp;feed_detail_type=0", "cleaned": true}, "isLongText": true, "mlevel": 0, "content_auth": 0, "is_show_bulletin": 2, "comment_manage_info": {"comment_permission_type": -1, "approval_comment_type": 0, "comment_sort_type": 0}, "share_repost_type": 0, "url_struct": [{"url_title": "小狗斯特的微博视频", "url_type_pic": "https://h5.sinaimg.cn/upload/2015/09/25/3/timeline_card_small_video.png", "ori_url": "sinaweibo://video/vvs?mid=4982189252935808&amp;object_id=1034:4982188093931578&amp;url_type=39&amp;object_type=video&amp;pos=1", "page_id": "2304444982188093931578", "short_url": "http://t.cn/A6lNPeGp", "long_url": "https://video.weibo.com/show?fid=1034:4982188093931578", "url_type": 39, "result": false, "actionlog": {"act_type": 1, "act_code": 300, "oid": "1034:4982188093931578", "uuid": 4982188272517201, "cardid": "", "lcardid": "", "uicode": "", "luicode": "", "fid": "1076036499137849_-_WEIBO_SECOND_PROFILE_WEIBO", "lfid": "", "ext": "mid:4982189252935808|rid:19_0_50_162735443278508853_0_0_0|short_url:http://t.cn/A6lNPeGp|long_url:https://video.weibo.com/show?fid=1034:4982188093931578|comment_id:|miduid:6423651199|rootmid:4982189252935808|rootuid:6423651199|authorid:6423651199|uuid:4982188272517201|is_ad_weibo:0|analysis_card:url_struct"}, "storage_type": "oss", "hide": 0, "object_type": "", "ttl": 3600, "h5_target_url": "https://video.weibo.com/show?fid=1034:4982188093931578&amp;from=1FFFF96039&amp;weiboauthoruid=6423651199", "need_save_obj": 0}], "title": {"text": "她2023-12-24赞过的微博(2)", "structs": [{"name": "她2023-12-24赞过的微博(2)", "scheme": "sinaweibo://cardlist?containerid=2308696499137849_-_mix", "cleaned": true}]}, "mblogtype": 0, "showFeedRepost": false, "showFeedComment": false, "pictureViewerSign": false, "showPictureViewer": false, "rcList": [], "text": "周也请好好用脸哈哈哈哈哈哈哈哈！！！&lt;br /&gt;&lt;br /&gt;笑鼠我了。。滤镜三连拍打开了新世界大门是吧！在搞笑分类里翻出来的特效一个赛一个好笑啊啊啊！开头的小揪揪特效也子甚至还有配音笑得、、还有史瑞克和马喽，一点进直播以为进动物园了（x&lt;br /&gt;&lt;br /&gt;不服气特效还演起来了，怎么这么短就拜拜了啊！周也关掉丑颜特效！给 ​​​ ...&lt;span class=\"expand\"&gt;展开&lt;/span&gt;", "region_name": "发布于 浙江", "customIcons": [], "page_info": {"type": "11", "page_id": "2304444982188093931578", "object_type": "video", "object_id": "1034:4982188093931578", "content1": "小狗斯特的微博视频", "content2": "周也请好好用脸哈哈哈哈哈哈哈哈！！！\n\n笑鼠我了。。滤镜三连拍打开了新世界大门是吧！在搞笑分类里翻出来的特效一个赛一个好笑啊啊啊！开头的小揪揪特效也子甚至还有配音笑得、、还有史瑞克和马喽，一点进直播以为进动物园了（x\n\n不服气特效还演起来了，怎么这么短就拜拜了啊！周也关掉丑颜特效", "act_status": 1, "media_info": {"name": "小狗斯特的微博视频", "stream_url": "http://f.video.weibocdn.com/o0/8RKCwnUSlx08baM93v8I01041200t9vl0E010.mp4?label=mp4_720p&amp;template=720x960.24.0&amp;ori=0&amp;ps=1CwnkDw1GXwCQx&amp;Expires=1704611183&amp;ssig=bJThAGi%2B2c&amp;KID=unistore,video", "stream_url_hd": "http://f.video.weibocdn.com/o0/8RKCwnUSlx08baM93v8I01041200t9vl0E010.mp4?label=mp4_720p&amp;template=720x960.24.0&amp;ori=0&amp;ps=1CwnkDw1GXwCQx&amp;Expires=1704611183&amp;ssig=bJThAGi%2B2c&amp;KID=unistore,video", "format": "mp4", "h5_url": "https://video.weibo.com/show?fid=1034:4982188093931578", "mp4_sd_url": "http://f.video.weibocdn.com/o0/8RKCwnUSlx08baM93v8I01041200t9vl0E010.mp4?label=mp4_720p&amp;template=720x960.24.0&amp;ori=0&amp;ps=1CwnkDw1GXwCQx&amp;Expires=1704611183&amp;ssig=bJThAGi%2B2c&amp;KID=unistore,video", "mp4_hd_url": "http://f.video.weibocdn.com/o0/8RKCwnUSlx08baM93v8I01041200t9vl0E010.mp4?label=mp4_720p&amp;template=720x960.24.0&amp;ori=0&amp;ps=1CwnkDw1GXwCQx&amp;Expires=1704611183&amp;ssig=bJThAGi%2B2c&amp;KID=unistore,video", "h265_mp4_hd": "http://f.video.weibocdn.com/o0/8RKCwnUSlx08baM93v8I01041200t9vl0E010.mp4?label=mp4_720p&amp;template=720x960.24.0&amp;ori=0&amp;ps=1CwnkDw1GXwCQx&amp;Expires=1704611183&amp;ssig=bJThAGi%2B2c&amp;KID=unistore,video", "h265_mp4_ld": "http://f.video.weibocdn.com/o0/8RKCwnUSlx08baM93v8I01041200t9vl0E010.mp4?label=mp4_720p&amp;template=720x960.24.0&amp;ori=0&amp;ps=1CwnkDw1GXwCQx&amp;Expires=1704611183&amp;ssig=bJThAGi%2B2c&amp;KID=unistore,video", "inch_4_mp4_hd": "http://f.video.weibocdn.com/o0/8RKCwnUSlx08baM93v8I01041200t9vl0E010.mp4?label=mp4_720p&amp;template=720x960.24.0&amp;ori=0&amp;ps=1CwnkDw1GXwCQx&amp;Expires=1704611183&amp;ssig=bJThAGi%2B2c&amp;KID=unistore,video", "inch_5_mp4_hd": "http://f.video.weibocdn.com/o0/8RKCwnUSlx08baM93v8I01041200t9vl0E010.mp4?label=mp4_720p&amp;template=720x960.24.0&amp;ori=0&amp;ps=1CwnkDw1GXwCQx&amp;Expires=1704611183&amp;ssig=bJThAGi%2B2c&amp;KID=unistore,video", "inch_5_5_mp4_hd": "http://f.video.weibocdn.com/o0/8RKCwnUSlx08baM93v8I01041200t9vl0E010.mp4?label=mp4_720p&amp;template=720x960.24.0&amp;ori=0&amp;ps=1CwnkDw1GXwCQx&amp;Expires=1704611183&amp;ssig=bJThAGi%2B2c&amp;KID=unistore,video", "mp4_720p_mp4": "http://f.video.weibocdn.com/o0/8RKCwnUSlx08baM93v8I01041200t9vl0E010.mp4?label=mp4_720p&amp;template=720x960.24.0&amp;ori=0&amp;ps=1CwnkDw1GXwCQx&amp;Expires=1704611183&amp;ssig=bJThAGi%2B2c&amp;KID=unistore,video", "hevc_mp4_720p": "", "prefetch_type": 1, "prefetch_size": 262144, "act_status": 1, "protocol": "general,dash", "media_id": "4982188093931578", "origin_total_bitrate": 12533286, "video_orientation": "vertical", "duration": 68, "forward_strategy": -1, "search_scheme": "sinaweibo://svssearch?containerid=232080", "is_short_video": 0, "vote_is_show": 0, "belong_collection": 0, "titles_display_time": "3", "show_progress_bar": 1, "show_mute_button": true, "ext_info": {"video_orientation": "vertical"}, "next_title": "周也请好好用脸哈哈哈哈哈哈哈哈！！！\n\n笑鼠我了。。滤镜三连拍打开了新世界大门是吧！在搞笑分类里翻出来的特效一个赛一个好笑啊啊啊！开头的小揪揪特效也子甚至还有配音笑得、、还有史瑞克和马喽，一点进直播以为进动物园了（x\n\n不服气特效还演起来了，怎么这么短就拜拜了啊！周也关掉丑颜特效！给", "kol_title": "周也请好好用脸哈哈哈哈哈哈哈哈！！！\n\n笑鼠我了。。滤镜三连拍打开了新世界大门是吧！在搞笑分类里翻出来的特效一个赛一个好笑啊啊啊！开头的小揪揪特效也子甚至还有配音笑得、、还有史瑞克和马喽，一点进直播以为进动物园了（x\n\n不服气特效还演起来了，怎么这么短就拜拜了啊！周也关掉丑颜特效！给", "play_completion_actions": [{"type": "1", "icon": "https://h5.sinaimg.cn/upload/100/1413/2021/12/22/feed_video_icon_replay.png", "text": "重播", "link": "", "btn_code": 1000, "show_position": 1, "actionlog": {"oid": "2304444982188093931578", "act_code": 1221, "act_type": 0, "source": "video"}}, {"type": 6, "icon": "https://tvax4.sinaimg.cn/crop.0.0.1080.1080.180/0070IZ7ply8gm0kj0j18rj30u00u0gmu.jpg?KID=imgbed,tva&amp;Expires=1704618383&amp;ssig=QxDWO3FSv1", "text": "", "display_mode": 2, "display_starttime": 5, "display_endtime": 99999, "countdown_time": 5, "show_position": 48, "scheme": "", "link": "", "btn_code": 1009, "actionlog": {"oid": "2304444982188093931578", "act_code": 91, "act_type": 0, "source": "video", "ext": "mid:4982189252935808|oid:1034:4982188093931578|muid:6423651199|authorid:6423651199"}, "ext": {"uid": "6423651199", "user_name": "小狗斯特", "followers_count": 1018190, "verified": true, "verified_type": 0, "verified_type_ext": 1, "verified_reason": "电视剧博主", "level": 3}, "display_type": 0}], "video_publish_time": 1703329711, "play_loop_type": 0, "author_mid": "4982189252935808", "author_name": "小狗斯特", "extra_info": {"sceneid": "profile_mb"}, "video_download_strategy": {"abandon_download": 0}, "jump_to": 6, "big_pic_info": {"pic_big": {"height": 1440, "url": "https://wx1.sinaimg.cn/orj1080/0070IZ7pgy1hl3xn5u3j9j30u0140jz8.jpg", "width": 1080}, "pic_small": {"height": 240, "url": "https://wx1.sinaimg.cn/or180/0070IZ7pgy1hl3xn5u3j9j30u0140jz8.jpg", "width": 180}, "pic_middle": {"height": 480, "url": "https://wx1.sinaimg.cn/or360/0070IZ7pgy1hl3xn5u3j9j30u0140jz8.jpg", "width": 360}}, "online_users": "20.1万次观看", "online_users_number": 201544, "ttl": 3600, "storage_type": "oss", "is_keep_current_mblog": 0, "playback_list": [{"meta": {"label": "mp4_1080p", "quality_index": 1080, "quality_desc": "高清", "quality_label": "1080p", "quality_class": "HD", "type": 1, "quality_group": 1080, "is_hidden": false}, "play_info": {"type": 1, "mime": "video/mp4", "protocol": "general", "label": "mp4_1080p", "url": "https://f.video.weibocdn.com/o0/DZzcYpKGlx08baMjHVUI01041200PVz40E010.mp4?label=mp4_1080p&amp;template=1080x1440.24.0&amp;media_id=4982188093931578&amp;tp=8x8A3El:YTkl0eM8&amp;us=0&amp;ori=1&amp;bf=4&amp;ot=v&amp;lp=00003MndIw&amp;ps=mZ6WB&amp;uid=8uaJsH&amp;ab=,8012-g2,8013-g0,3601-g19,12739-g1&amp;Expires=1704611183&amp;ssig=C1%2BH48hEq0&amp;KID=unistore,video", "bitrate": 1448192, "prefetch_range": "0-489306", "video_codecs": "avc1.640028", "fps": 30, "width": 1080, "height": 1440, "size": 12376010, "duration": 68.366, "sar": "0.0", "audio_codecs": "mp4a.40.5", "audio_sample_rate": 44100, "quality_label": "1080p", "quality_class": "HD", "quality_desc": "高清", "audio_channels": 2, "audio_sample_fmt": "fltp", "audio_bits_per_sample": 0, "watermark": "original", "extension": {"transcode_info": {"pcdn_rule_id": 0, "pcdn_jank": 0, "origin_video_dr": "SDR", "ab_strategies": ",8012-g2,8013-g0,3601-g19,12739-g1"}}, "video_decoder": "hard", "prefetch_enabled": true, "tcp_receive_buffer": 262144, "dolby_atmos": false, "color_transfer": "bt709", "first_pkt_end_pos": 117040}}, {"meta": {"label": "mp4_720p", "quality_index": 720, "quality_desc": "高清", "quality_label": "720p", "quality_class": "HD", "type": 1, "quality_group": 720, "is_hidden": false}, "play_info": {"type": 1, "mime": "video/mp4", "protocol": "general", "label": "mp4_720p", "url": "https://f.video.weibocdn.com/o0/8RKCwnUSlx08baM93v8I01041200t9vl0E010.mp4?label=mp4_720p&amp;template=720x960.24.0&amp;media_id=4982188093931578&amp;tp=8x8A3El:YTkl0eM8&amp;us=0&amp;ori=1&amp;bf=4&amp;ot=v&amp;lp=00003MndIw&amp;ps=mZ6WB&amp;uid=8uaJsH&amp;ab=,8012-g2,8013-g0,3601-g19,12739-g1&amp;Expires=1704611183&amp;ssig=bJThAGi%2B2c&amp;KID=unistore,video", "bitrate": 813033, "prefetch_range": "0-295860", "video_codecs": "avc1.64001f", "fps": 30, "width": 720, "height": 960, "size": 6948051, "duration": 68.366, "sar": "0.0", "audio_codecs": "mp4a.40.5", "audio_sample_rate": 44100, "quality_label": "720p", "quality_class": "HD", "quality_desc": "高清", "audio_channels": 2, "audio_sample_fmt": "fltp", "audio_bits_per_sample": 0, "watermark": "original", "extension": {"transcode_info": {"pcdn_rule_id": 0, "pcdn_jank": 0, "origin_video_dr": "SDR", "ab_strategies": ",8012-g2,8013-g0,3601-g19,12739-g1"}}, "video_decoder": "hard", "prefetch_enabled": true, "tcp_receive_buffer": 262144, "dolby_atmos": false, "color_transfer": "bt709", "first_pkt_end_pos": 91967}}, {"meta": {"label": "mp4_hd", "quality_index": 480, "quality_desc": "标清", "quality_label": "480p", "quality_class": "SD", "type": 1, "quality_group": 480, "is_hidden": false}, "play_info": {"type": 1, "mime": "video/mp4", "protocol": "general", "label": "mp4_hd", "url": "https://f.video.weibocdn.com/o0/XlKTy8NSlx08baM8BopO01041200idmB0E010.mp4?label=mp4_hd&amp;template=540x720.24.0&amp;media_id=4982188093931578&amp;tp=8x8A3El:YTkl0eM8&amp;us=0&amp;ori=1&amp;bf=4&amp;ot=v&amp;lp=00003MndIw&amp;ps=mZ6WB&amp;uid=8uaJsH&amp;ab=,8012-g2,8013-g0,3601-g19,12739-g1&amp;Expires=1704611183&amp;ssig=LP9vJ3c1%2Fk&amp;KID=unistore,video", "bitrate": 507999, "prefetch_range": "0-199388", "video_codecs": "avc1.64001f", "fps": 30, "width": 540, "height": 720, "size": 4341277, "duration": 68.366, "sar": "0.0", "audio_codecs": "mp4a.40.5", "audio_sample_rate": 44100, "quality_label": "480p", "quality_class": "SD", "quality_desc": "标清", "audio_channels": 2, "audio_sample_fmt": "fltp", "audio_bits_per_sample": 0, "watermark": "original", "extension": {"transcode_info": {"pcdn_rule_id": 0, "pcdn_jank": 0, "origin_video_dr": "SDR", "ab_strategies": ",8012-g2,8013-g0,3601-g19,12739-g1"}}, "video_decoder": "hard", "prefetch_enabled": true, "tcp_receive_buffer": 262144, "dolby_atmos": false, "color_transfer": "bt709", "first_pkt_end_pos": 80621}}, {"meta": {"label": "scrubber_hd", "quality_index": 480, "quality_desc": "标清", "quality_label": "480p", "quality_class": "SD", "type": 3, "quality_group": 480, "is_hidden": false}, "play_info": {"type": 3, "mime": "image/jpeg", "protocol": "general", "label": "scrubber_hd", "url": "https://wx2.sinaimg.cn/large/0070IZ7ply1hl3xjf1oqij30f07eo46c.jpg?media_id=4982188093931578&amp;tp=8x8A3El:YTkl0eM8&amp;us=0&amp;ori=1&amp;bf=4&amp;ot=v&amp;lp=00003MndIw&amp;ps=mZ6WB&amp;uid=8uaJsH&amp;ab=,8012-g2,8013-g0,3601-g19,12739-g1&amp;Expires=1704611183&amp;ssig=Af3WLIgHBP&amp;KID=unistore,video", "prefetch_range": "0-512000", "width": 180, "height": 320, "quality_label": "480p", "quality_class": "SD", "quality_desc": "标清", "extension": {"transcode_info": {"pcdn_rule_id": 0, "pcdn_jank": 0, "origin_video_dr": "SDR", "ab_strategies": ",8012-g2,8013-g0,3601-g19,12739-g1"}}, "video_decoder": "hard", "prefetch_enabled": true, "tcp_receive_buffer": 262144, "col": 3, "row": 30, "interval": 1, "offset": 0.5, "urls": ["http://wx4.sinaimg.cn/large/0070IZ7ply1hl3xjf1oqij30f07eo46c.jpg"]}}, {"meta": {"label": "mp4_ld", "quality_index": 360, "quality_desc": "流畅", "quality_label": "360p", "quality_class": "SD", "type": 1, "quality_group": 360, "is_hidden": false}, "play_info": {"type": 1, "mime": "video/mp4", "protocol": "general", "label": "mp4_ld", "url": "https://f.video.weibocdn.com/o0/vgHiDI7xlx08baM8RXy801041200afqb0E010.mp4?label=mp4_ld&amp;template=360x480.24.0&amp;media_id=4982188093931578&amp;tp=8x8A3El:YTkl0eM8&amp;us=0&amp;ori=1&amp;bf=4&amp;ot=v&amp;lp=00003MndIw&amp;ps=mZ6WB&amp;uid=8uaJsH&amp;ab=,8012-g2,8013-g0,3601-g19,12739-g1&amp;Expires=1704611183&amp;ssig=0RlAmmDI6I&amp;KID=unistore,video", "bitrate": 285819, "prefetch_range": "0-132254", "video_codecs": "avc1.64001e", "fps": 30, "width": 360, "height": 480, "size": 2442563, "duration": 68.366, "sar": "0.0", "audio_codecs": "mp4a.40.5", "audio_sample_rate": 44100, "quality_label": "360p", "quality_class": "SD", "quality_desc": "流畅", "audio_channels": 2, "audio_sample_fmt": "fltp", "audio_bits_per_sample": 0, "watermark": "original", "extension": {"transcode_info": {"pcdn_rule_id": 0, "pcdn_jank": 0, "origin_video_dr": "SDR", "ab_strategies": ",8012-g2,8013-g0,3601-g19,12739-g1"}}, "video_decoder": "hard", "prefetch_enabled": true, "tcp_receive_buffer": 262144, "dolby_atmos": false, "color_transfer": "bt709", "first_pkt_end_pos": 70277}}], "author_info": {"id": 6423651199, "idstr": "6423651199", "pc_new": 7, "screen_name": "小狗斯特", "profile_image_url": "https://tvax4.sinaimg.cn/crop.0.0.1080.1080.50/0070IZ7ply8gm0kj0j18rj30u00u0gmu.jpg?KID=imgbed,tva&amp;Expires=1704618383&amp;ssig=X1ZQ6YDf9J", "profile_url": "/u/6423651199", "verified": true, "verified_type": 0, "domain": "", "weihao": "", "verified_type_ext": 1, "avatar_large": "https://tvax4.sinaimg.cn/crop.0.0.1080.1080.180/0070IZ7ply8gm0kj0j18rj30u00u0gmu.jpg?KID=imgbed,tva&amp;Expires=1704618383&amp;ssig=QxDWO3FSv1", "avatar_hd": "https://tvax4.sinaimg.cn/crop.0.0.1080.1080.1024/0070IZ7ply8gm0kj0j18rj30u00u0gmu.jpg?KID=imgbed,tva&amp;Expires=1704618383&amp;ssig=TU7YG9%2BG%2BB", "follow_me": false, "following": false, "mbrank": 2, "mbtype": 12, "v_plus": 0, "planet_video": false, "verified_reason": "电视剧博主", "description": "反派", "location": "海外", "gender": "m", "followers_count": 1018348, "followers_count_str": "101.8万", "friends_count": 698, "statuses_count": 23434, "url": "", "svip": 1, "vvip": 1, "cover_image_phone": "https://wx4.sinaimg.cn/crop.0.0.640.640.640/0070IZ7ply1gjspb2wu0nj30yi0yi43s.jpg"}}, "page_pic": "https://wx1.sinaimg.cn/orj480/0070IZ7pgy1hl3xn5u3j9j30u0140jz8.jpg", "page_title": "小狗斯特的微博视频", "page_url": "sinaweibo://infopage?containerid=2304444982188093931578&amp;containerid=2304444982188093931578&amp;url_type=39&amp;object_type=video&amp;pos=2", "pic_info": {"pic_big": {"height": "720", "url": "https://wx1.sinaimg.cn/orj480/0070IZ7pgy1hl3xn5u3j9j30u0140jz8.jpg", "width": "540"}, "pic_small": {"height": "720", "url": "https://wx1.sinaimg.cn/orj480/0070IZ7pgy1hl3xn5u3j9j30u0140jz8.jpg", "width": "540"}, "pic_middle": {"url": "https://wx1.sinaimg.cn/orj480/0070IZ7pgy1hl3xn5u3j9j30u0140jz8.jpg", "height": "720", "width": "540"}}, "oid": "6423651199", "type_icon": "", "author_id": "6423651199", "authorid": "6423651199", "warn": "", "actionlog": {"act_type": 1, "act_code": 799, "lcardid": "", "fid": "1076036499137849_-_WEIBO_SECOND_PROFILE_WEIBO", "mid": "4982189252935808", "oid": "1034:4982188093931578", "uuid": 4982188272517201, "source": "video", "ext": "uid:7774910775|mid:4982189252935808|objectid:1034%3A4982188093931578|from:1|object_duration:68.366|miduid:6423651199|rootuid:6423651199|rootmid:4982189252935808|authorid:6423651199|video_orientation:vertical|third_vid:|is_album:0|is_contribution:0|video_tags:|isfan:0|ua:Mozilla/5.0 (Windows NT 10.0; Win64; x64) AppleWebKit/537.36 (KHTML, like Gecko) Chrome/120.0.0.0 Safari/537.36 WeiboPro/1.0.0|sceneid:profile_mb|uuid:4982188272517201|detail:native|contribution:0|short_video:0|st_video:1|author_mid:4982189252935808|cluster_type_status:|is_ad_weibo:0|analysis_card:page_info"}, "short_url": "http://t.cn/A6lNPeGp"}, "followBtnCode": {"uid": 6423651199}}