{"visible": {"type": 0, "list_id": 0}, "created_at": "Thu Dec 28 14:14:20 +0800 2023", "id": 4983926176613712, "idstr": "4983926176613712", "mid": "4983926176613712", "mblogid": "NzdiNrKwM", "user": {"id": 6499137849, "idstr": "6499137849", "pc_new": 7, "screen_name": "冻梨好吃", "profile_image_url": "https://tvax3.sinaimg.cn/crop.0.0.962.962.50/0075PIE1ly8hkxs7vsob4j30qq0qq76e.jpg?KID=imgbed,tva&amp;Expires=1704618343&amp;ssig=gdyrtJbHr8", "profile_url": "/u/6499137849", "verified": false, "verified_type": -1, "domain": "", "weihao": "", "avatar_large": "https://tvax3.sinaimg.cn/crop.0.0.962.962.180/0075PIE1ly8hkxs7vsob4j30qq0qq76e.jpg?KID=imgbed,tva&amp;Expires=1704618343&amp;ssig=y6HeYFb4ja", "avatar_hd": "https://tvax3.sinaimg.cn/crop.0.0.962.962.1024/0075PIE1ly8hkxs7vsob4j30qq0qq76e.jpg?KID=imgbed,tva&amp;Expires=1704618343&amp;ssig=RTh5vPXe3%2B", "follow_me": false, "following": false, "mbrank": 0, "mbtype": 0, "v_plus": 0, "planet_video": false, "icon_list": []}, "can_edit": false, "text_raw": "居然备案了[看书][看书] ​​​", "textLength": 22, "annotations": [{"photo_sub_type": "0,0"}, {"client_mblogid": "884715e9-e39e-4179-b9b2-8dae1844631b"}, {"source_text": "", "phone_id": "266"}, {"mapi_request": true}], "source": "Android", "favorited": false, "rid": "10_0_50_5118214532681387449_0_0_0", "pic_ids": ["0075PIE1ly1hl9h49phh4j30nl1gu7a0", "0075PIE1ly1hl9h49z3o2j30mn0an77e"], "pic_focus_point": [{"focus_point": {"left": 0.2856928, "top": 0, "width": 0.4695652, "height": 0.9999999}, "pic_id": "0075PIE1ly1hl9h49z3o2j30mn0an77e"}, {"focus_point": {"left": 0, "top": 0.16169089, "width": 0.9999999, "height": 0.44631305}, "pic_id": "0075PIE1ly1hl9h49phh4j30nl1gu7a0"}], "pic_num": 2, "pic_infos": {"0075PIE1ly1hl9h49phh4j30nl1gu7a0": {"thumbnail": {"url": "https://wx2.sinaimg.cn/wap180/0075PIE1ly1hl9h49phh4j30nl1gu7a0.jpg", "width": 80, "height": 180, "cut_type": 1, "type": ""}, "bmiddle": {"url": "https://wx2.sinaimg.cn/wap360/0075PIE1ly1hl9h49phh4j30nl1gu7a0.jpg", "width": 160, "height": 360, "cut_type": 1, "type": ""}, "large": {"url": "https://wx2.sinaimg.cn/orj960/0075PIE1ly1hl9h49phh4j30nl1gu7a0.jpg", "width": 849, "height": 1902, "cut_type": 1, "type": ""}, "original": {"url": "https://wx2.sinaimg.cn/orj1080/0075PIE1ly1hl9h49phh4j30nl1gu7a0.jpg", "width": 849, "height": 1902, "cut_type": 1, "type": ""}, "largest": {"url": "https://wx2.sinaimg.cn/large/0075PIE1ly1hl9h49phh4j30nl1gu7a0.jpg", "width": 849, "height": 1902, "cut_type": 1, "type": ""}, "mw2000": {"url": "https://wx2.sinaimg.cn/mw2000/0075PIE1ly1hl9h49phh4j30nl1gu7a0.jpg", "width": 849, "height": 1902, "cut_type": 1, "type": ""}, "focus_point": {"left": 0, "top": 0.16169089, "width": 0.9999999, "height": 0.44631305}, "object_id": "1042018:60f549e3b0b8237a21978e1c20a559e9", "pic_id": "0075PIE1ly1hl9h49phh4j30nl1gu7a0", "photo_tag": 0, "type": "pic", "pic_status": 1}, "0075PIE1ly1hl9h49z3o2j30mn0an77e": {"thumbnail": {"url": "https://wx4.sinaimg.cn/wap180/0075PIE1ly1hl9h49z3o2j30mn0an77e.jpg", "width": 180, "height": 84, "cut_type": 1, "type": ""}, "bmiddle": {"url": "https://wx4.sinaimg.cn/wap360/0075PIE1ly1hl9h49z3o2j30mn0an77e.jpg", "width": 360, "height": 169, "cut_type": 1, "type": ""}, "large": {"url": "https://wx4.sinaimg.cn/orj960/0075PIE1ly1hl9h49z3o2j30mn0an77e.jpg", "width": 815, "height": 383, "cut_type": 1, "type": ""}, "original": {"url": "https://wx4.sinaimg.cn/orj1080/0075PIE1ly1hl9h49z3o2j30mn0an77e.jpg", "width": 815, "height": 383, "cut_type": 1, "type": ""}, "largest": {"url": "https://wx4.sinaimg.cn/large/0075PIE1ly1hl9h49z3o2j30mn0an77e.jpg", "width": 815, "height": 383, "cut_type": 1, "type": ""}, "mw2000": {"url": "https://wx4.sinaimg.cn/mw2000/0075PIE1ly1hl9h49z3o2j30mn0an77e.jpg", "width": 815, "height": 383, "cut_type": 1, "type": ""}, "focus_point": {"left": 0.2856928, "top": 0, "width": 0.4695652, "height": 0.9999999}, "object_id": "1042018:e450c74fa3c70610899417f8a16896d0", "pic_id": "0075PIE1ly1hl9h49z3o2j30mn0an77e", "photo_tag": 0, "type": "pic", "pic_status": 1}}, "is_paid": false, "mblog_vip_type": 0, "number_display_strategy": {"apply_scenario_flag": 3, "display_text_min_number": 1000000, "display_text": "100万+"}, "reposts_count": 0, "comments_count": 0, "attitudes_count": 0, "attitudes_status": 0, "isLongText": false, "mlevel": 0, "content_auth": 0, "is_show_bulletin": 2, "comment_manage_info": {"comment_permission_type": -1, "approval_comment_type": 0, "comment_sort_type": 0}, "share_repost_type": 0, "mblogtype": 0, "showFeedRepost": false, "showFeedComment": false, "pictureViewerSign": false, "showPictureViewer": false, "rcList": [], "text": "居然备案了&lt;img alt=\"[看书]\" title=\"[看书]\" src=\"https://face.t.sinajs.cn/t4/appstyle/expression/ext/normal/83/2023_read_org.png\" /&gt;&lt;img alt=\"[看书]\" title=\"[看书]\" src=\"https://face.t.sinajs.cn/t4/appstyle/expression/ext/normal/83/2023_read_org.png\" /&gt; ​​​", "region_name": "发布于 辽宁", "customIcons": []}