{"visible": {"type": 0, "list_id": 0}, "created_at": "Wed Dec 27 22:09:43 +0800 2023", "id": 4983683422882557, "idstr": "4983683422882557", "mid": "4983683422882557", "mblogid": "Nz6Zgc5SR", "user": {"id": 6499137849, "idstr": "6499137849", "pc_new": 7, "screen_name": "冻梨好吃", "profile_image_url": "https://tvax3.sinaimg.cn/crop.0.0.962.962.50/0075PIE1ly8hkxs7vsob4j30qq0qq76e.jpg?KID=imgbed,tva&amp;Expires=1704618343&amp;ssig=gdyrtJbHr8", "profile_url": "/u/6499137849", "verified": false, "verified_type": -1, "domain": "", "weihao": "", "avatar_large": "https://tvax3.sinaimg.cn/crop.0.0.962.962.180/0075PIE1ly8hkxs7vsob4j30qq0qq76e.jpg?KID=imgbed,tva&amp;Expires=1704618343&amp;ssig=y6HeYFb4ja", "avatar_hd": "https://tvax3.sinaimg.cn/crop.0.0.962.962.1024/0075PIE1ly8hkxs7vsob4j30qq0qq76e.jpg?KID=imgbed,tva&amp;Expires=1704618343&amp;ssig=RTh5vPXe3%2B", "follow_me": false, "following": false, "mbrank": 0, "mbtype": 0, "v_plus": 0, "planet_video": false, "icon_list": []}, "can_edit": false, "text_raw": "#繁花开播#看完第一集，感觉演技最好的是辛芷蕾和经理，还有马伊琍，至于剧情嘛鉴于题材问题的确有点难看进去，bgm也有点乱入，画面倒是一如既往的精致，很王家卫。 ​​​", "textLength": 160, "annotations": [{"ann_ext": "ann_ext:search|t:31|q:繁花开播|creator_source:bottomsendweibo|super_exparams=&gt;{\"system_pic_only\":0}"}, {"shooting": 1, "client_mblogid": "60474340-0aa3-45a5-ba01-754b9b2b345e"}, {"source_text": "", "phone_id": "266"}, {"mapi_request": true}], "source": "Android", "favorited": false, "rid": "17_0_50_5118214532681387449_0_0_0", "pic_ids": [], "pic_num": 0, "is_paid": false, "mblog_vip_type": 0, "number_display_strategy": {"apply_scenario_flag": 3, "display_text_min_number": 1000000, "display_text": "100万+"}, "reposts_count": 0, "comments_count": 0, "attitudes_count": 2, "attitudes_status": 0, "isLongText": false, "mlevel": 0, "content_auth": 0, "is_show_bulletin": 2, "comment_manage_info": {"comment_permission_type": -1, "approval_comment_type": 0, "comment_sort_type": 0}, "share_repost_type": 0, "topic_struct": [{"title": "", "topic_url": "sinaweibo://searchall?containerid=231522&amp;q=%23%E7%B9%81%E8%8A%B1%E5%BC%80%E6%92%AD%23&amp;extparam=%23%E7%B9%81%E8%8A%B1%E5%BC%80%E6%92%AD%23", "topic_title": "繁花开播", "actionlog": {"act_type": 1, "act_code": 300, "oid": "1022:2315224230b6f445198441f3c0479461e0ab91", "uuid": 4645469816094765, "cardid": "", "lcardid": "", "uicode": "", "luicode": "", "fid": "1076036499137849_-_WEIBO_SECOND_PROFILE_WEIBO", "lfid": "", "ext": "mid:4983683422882557|rid:17_0_50_5118214532681387449_0_0_0|short_url:|long_url:|comment_id:|miduid:6499137849|rootmid:4983683422882557|rootuid:6499137849|authorid:|uuid:4645469816094765|is_ad_weibo:0"}}], "mblogtype": 0, "showFeedRepost": false, "showFeedComment": false, "pictureViewerSign": false, "showPictureViewer": false, "rcList": [], "text": "&lt;a href=\"//s.weibo.com/weibo?q=%23%E7%B9%81%E8%8A%B1%E5%BC%80%E6%92%AD%23\" target=\"_blank\"&gt;#繁花开播#&lt;/a&gt;看完第一集，感觉演技最好的是辛芷蕾和经理，还有马伊琍，至于剧情嘛鉴于题材问题的确有点难看进去，bgm也有点乱入，画面倒是一如既往的精致，很王家卫。 ​​​", "region_name": "发布于 辽宁", "customIcons": []}