{"visible": {"type": 0, "list_id": 0}, "created_at": "Tue Dec 26 11:53:19 +0800 2023", "id": 4983165911308284, "idstr": "4983165911308284", "mid": "4983165911308284", "mblogid": "NyTwz5ulm", "user": {"id": 6499137849, "idstr": "6499137849", "pc_new": 7, "screen_name": "冻梨好吃", "profile_image_url": "https://tvax3.sinaimg.cn/crop.0.0.962.962.50/0075PIE1ly8hkxs7vsob4j30qq0qq76e.jpg?KID=imgbed,tva&amp;Expires=1704618371&amp;ssig=15nCa59zhp", "profile_url": "/u/6499137849", "verified": false, "verified_type": -1, "domain": "", "weihao": "", "avatar_large": "https://tvax3.sinaimg.cn/crop.0.0.962.962.180/0075PIE1ly8hkxs7vsob4j30qq0qq76e.jpg?KID=imgbed,tva&amp;Expires=1704618371&amp;ssig=iias4vHzO2", "avatar_hd": "https://tvax3.sinaimg.cn/crop.0.0.962.962.1024/0075PIE1ly8hkxs7vsob4j30qq0qq76e.jpg?KID=imgbed,tva&amp;Expires=1704618371&amp;ssig=AfEbVI%2Belq", "follow_me": false, "following": false, "mbrank": 0, "mbtype": 0, "v_plus": 0, "planet_video": false, "icon_list": []}, "can_edit": false, "text_raw": "也不是很担心魔改的问题，人设ooc的话淑芬会无差别aoe所有人，谁也别想摘干净，还好闷泪会对角色做阅读理解，还看了小说，有能说会道的嘴给角色反黑甚至润色，就是苦了我想看一部真正剧情说得过去，不那么俗套，能坚持看到最后一集不弃剧的心罢了，说实话雄竞雌竞都挺无聊，改成这种烂大街的争风吃醋设 ​​​", "textLength": 330, "annotations": [{"shooting": 1, "client_mblogid": "84b66fd4-7e24-4cae-a08a-a0d92e8f7bf0"}, {"source_text": "", "phone_id": "266"}, {"mapi_request": true}], "source": "Android", "favorited": false, "rid": "0_0_50_163994469991589240_0_0_0", "pic_ids": [], "pic_num": 0, "is_paid": false, "mblog_vip_type": 0, "number_display_strategy": {"apply_scenario_flag": 3, "display_text_min_number": 1000000, "display_text": "100万+"}, "reposts_count": 0, "comments_count": 3, "attitudes_count": 0, "attitudes_status": 0, "continue_tag": {"title": "全文", "pic": "http://h5.sinaimg.cn/upload/2015/09/25/3/timeline_card_small_article.png", "scheme": "sinaweibo://detail?mblogid=4983165911308284&amp;id=4983165911308284&amp;next_fid=232532_mblog&amp;feed_detail_type=0", "cleaned": true}, "isLongText": true, "mlevel": 0, "content_auth": 0, "is_show_bulletin": 2, "comment_manage_info": {"comment_permission_type": -1, "approval_comment_type": 0, "comment_sort_type": 0}, "share_repost_type": 0, "mblogtype": 0, "showFeedRepost": false, "showFeedComment": false, "pictureViewerSign": false, "showPictureViewer": false, "rcList": [], "text": "也不是很担心魔改的问题，人设ooc的话淑芬会无差别aoe所有人，谁也别想摘干净，还好闷泪会对角色做阅读理解，还看了小说，有能说会道的嘴给角色反黑甚至润色，就是苦了我想看一部真正剧情说得过去，不那么俗套，能坚持看到最后一集不弃剧的心罢了，说实话雄竞雌竞都挺无聊，改成这种烂大街的争风吃醋设 ​​​ ...&lt;span class=\"expand\"&gt;展开&lt;/span&gt;", "region_name": "发布于 辽宁", "customIcons": []}