{"visible": {"type": 0, "list_id": 0}, "created_at": "Wed Dec 27 18:17:00 +0800 2023", "id": 4983624859125433, "idstr": "4983624859125433", "mid": "4983624859125433", "mblogid": "Nz5sNChWp", "user": {"id": 5449734852, "idstr": "5449734852", "pc_new": 7, "screen_name": "滔搏电子竞技俱乐部", "profile_image_url": "https://tvax3.sinaimg.cn/crop.0.0.1080.1080.50/005WOwZely8heahvtzr4dj30u00u0di7.jpg?KID=imgbed,tva&amp;Expires=1704618360&amp;ssig=DoVBZqUjld", "profile_url": "/u/5449734852", "verified": true, "verified_type": 7, "domain": "2144gaming", "weihao": "", "verified_type_ext": 50, "avatar_large": "https://tvax3.sinaimg.cn/crop.0.0.1080.1080.180/005WOwZely8heahvtzr4dj30u00u0di7.jpg?KID=imgbed,tva&amp;Expires=1704618360&amp;ssig=hXqaDZUaUQ", "avatar_hd": "https://tvax3.sinaimg.cn/crop.0.0.1080.1080.1024/005WOwZely8heahvtzr4dj30u00u0di7.jpg?KID=imgbed,tva&amp;Expires=1704618360&amp;ssig=Jm896HaV2y", "follow_me": false, "following": false, "mbrank": 1, "mbtype": 12, "v_plus": 0, "planet_video": false, "icon_list": [{"type": "vip", "data": {"mbrank": 1, "mbtype": 12, "svip": 1, "vvip": 1}}]}, "can_edit": false, "edit_count": 1, "text_raw": "#2023德玛西亚杯# \n\n滔搏赛事语音节目《滔滔不绝》——能别嘛？\n\n能别摸这么早吗？能别杀这么快吗？\n\n#搏至无憾# http://t.cn/A6lYaGzU ​​​", "textLength": 133, "annotations": [{"mode": "m", "origin": "pc_publisher"}, {"mapi_request": true}], "source": "超话", "favorited": false, "buttons": [{"type": "follow", "name": "加关注", "pic": "http://u1.sinaimg.cn/upload/2013/06/14/timeline_card_small_button_icon_add.png", "params": {"uid": 5449734852}, "actionlog": {"act_code": 92, "uicode": "10000100", "oid": "4983624859125433", "cardid": "1076030002_5449734852"}}], "rid": "2_0_50_163965659351130279_0_0_0", "cardid": "star_1545", "pic_ids": [], "pic_num": 0, "is_paid": false, "pic_bg_new": "http://vip.storage.weibo.com/feed_cover/star_1545_mobile_new.png?version=2021091501", "mblog_vip_type": 0, "number_display_strategy": {"apply_scenario_flag": 3, "display_text_min_number": 1000000, "display_text": "100万+"}, "title_source": {"name": "TOP_ESPORTS超话", "url": "sinaweibo://pageinfo?pageid=1008081afd05d61fb83c05070bcece702450e7&amp;extparam=TOP_ESPORTS", "image": "http://wx1.sinaimg.cn/thumbnail/005WOwZely8h8vhjsggn3j30u00u0ted.jpg"}, "reposts_count": 986, "comments_count": 739, "attitudes_count": 8395, "attitudes_status": 0, "isLongText": false, "mlevel": 0, "content_auth": 0, "is_show_bulletin": 3, "comment_manage_info": {"comment_permission_type": -1, "approval_comment_type": 0, "comment_sort_type": 0}, "screen_name_suffix_new": [{"content": "滔搏电子竞技俱乐部", "remark": "", "color": "FF333333", "dark_color": "FFD3D3D3", "type": 1, "truncation": {"mode": 1}}, {"content": "TOP_ESPORTS超话", "color": "FF507DAF", "dark_color": "FF7691b9", "type": 2, "scheme": "sinaweibo://pageinfo?pageid=1008081afd05d61fb83c05070bcece702450e7&amp;extparam=TOP_ESPORTS&amp;extension=%7B%22mblog_object_ref%22%3A%22topic%22%7D", "icons": [{"url": "https://h5.sinaimg.cn/upload/1000/808/2020/02/17/andriod_chaohua_header.png", "scheme": "sinaweibo://pageinfo?pageid=1008081afd05d61fb83c05070bcece702450e7&amp;extparam=TOP_ESPORTS", "cleaned": true}], "icons_location": 0, "truncation": {"mode": 1, "keep_end_size": 2}, "actionlog": {"act_code": 1404, "oid": "1022:1008081afd05d61fb83c05070bcece702450e7", "uicode": "", "luicode": "", "fid": "1076036499137849_-_WEIBO_SECOND_PROFILE_WEIBO", "ext": "mid:4983624859125433|source_type:3|uid:7774910775|analysis_extra:follow:0|new_style:1"}, "cleaned": true}], "share_repost_type": 0, "topic_struct": [{"title": "", "topic_url": "sinaweibo://searchall?containerid=231522&amp;q=%232023%E5%BE%B7%E7%8E%9B%E8%A5%BF%E4%BA%9A%E6%9D%AF%23&amp;extparam=%232023%E5%BE%B7%E7%8E%9B%E8%A5%BF%E4%BA%9A%E6%9D%AF%23", "topic_title": "2023德玛西亚杯", "actionlog": {"act_type": 1, "act_code": 300, "oid": "1022:23152290e9164590e353e9f98b9781285f266d", "uuid": 4971571197509958, "cardid": "", "lcardid": "", "uicode": "", "luicode": "", "fid": "1076036499137849_-_WEIBO_SECOND_PROFILE_WEIBO", "lfid": "", "ext": "mid:4983624859125433|rid:2_0_50_163965659351130279_0_0_0|short_url:|long_url:|comment_id:|miduid:5449734852|rootmid:4983624859125433|rootuid:5449734852|authorid:|uuid:4971571197509958|is_ad_weibo:0"}}, {"title": "", "topic_url": "sinaweibo://searchall?containerid=231522&amp;q=%23%E6%90%8F%E8%87%B3%E6%97%A0%E6%86%BE%23&amp;extparam=%23%E6%90%8F%E8%87%B3%E6%97%A0%E6%86%BE%23", "topic_title": "搏至无憾", "actionlog": {"act_type": 1, "act_code": 300, "oid": "1022:231522a838eb5c97a34cf94e89bf131c885fc0", "uuid": 4450478694858831, "cardid": "", "lcardid": "", "uicode": "", "luicode": "", "fid": "1076036499137849_-_WEIBO_SECOND_PROFILE_WEIBO", "lfid": "", "ext": "mid:4983624859125433|rid:2_0_50_163965659351130279_0_0_0|short_url:|long_url:|comment_id:|miduid:5449734852|rootmid:4983624859125433|rootuid:5449734852|authorid:|uuid:4450478694858831|is_ad_weibo:0"}}], "url_struct": [{"url_title": "滔搏电子竞技俱乐部的微博视频", "url_type_pic": "https://h5.sinaimg.cn/upload/2015/09/25/3/timeline_card_small_video.png", "ori_url": "sinaweibo://video/vvs?mid=4983624859125433&amp;object_id=1034:4983618838134822&amp;url_type=39&amp;object_type=video&amp;pos=1", "page_id": "2304444983618838134822", "short_url": "http://t.cn/A6lYaGzU", "long_url": "https://video.weibo.com/show?fid=1034:4983618838134822", "url_type": 39, "result": false, "actionlog": {"act_type": 1, "act_code": 300, "oid": "1034:4983618838134822", "uuid": 4983619687809194, "cardid": "", "lcardid": "", "uicode": "", "luicode": "", "fid": "1076036499137849_-_WEIBO_SECOND_PROFILE_WEIBO", "lfid": "", "ext": "mid:4983624859125433|rid:2_0_50_163965659351130279_0_0_0|short_url:http://t.cn/A6lYaGzU|long_url:https://video.weibo.com/show?fid=1034:4983618838134822|comment_id:|miduid:5449734852|rootmid:4983624859125433|rootuid:5449734852|authorid:5449734852|uuid:4983619687809194|is_ad_weibo:0|analysis_card:url_struct"}, "storage_type": "oss", "hide": 0, "object_type": "", "ttl": 3600, "h5_target_url": "https://video.weibo.com/show?fid=1034:4983618838134822&amp;from=1FFFF96039&amp;weiboauthoruid=5449734852", "need_save_obj": 0}, {"url_title": "TOP_ESPORTS超话", "url_type_pic": "https://h5.sinaimg.cn/upload/100/959/2020/05/09/timeline_card_small_super.png", "ori_url": "sinaweibo://pageinfo?containerid=1008081afd05d61fb83c05070bcece702450e7&amp;extparam=TOP_ESPORTS&amp;extension=%7B%22mblog_object_ref%22%3A%22content%22%7D", "page_id": "1008081afd05d61fb83c05070bcece702450e7", "short_url": "#TOP_ESPORTS[超话]#", "long_url": "", "url_type": "", "result": false, "actionlog": {"act_type": 1, "act_code": 300, "oid": "1022:1008081afd05d61fb83c05070bcece702450e7", "uuid": 4372659382030984, "cardid": "", "lcardid": "", "uicode": "", "luicode": "", "fid": "1076036499137849_-_WEIBO_SECOND_PROFILE_WEIBO", "lfid": "", "ext": "mid:4983624859125433|rid:2_0_50_163965659351130279_0_0_0|short_url:|long_url:|comment_id:|miduid:5449734852|rootmid:4983624859125433|rootuid:5449734852|authorid:|uuid:4372659382030984|is_ad_weibo:0|analysis_card:url_struct"}, "storage_type": "", "hide": 0, "object_type": "", "h5_target_url": "https://huati.weibo.com/k/TOP_ESPORTS?from=1FFFF96039&amp;weiboauthoruid=5449734852", "need_save_obj": 0}], "title": {"text": "她2023-12-27赞过的微博", "structs": [{"name": "她2023-12-27赞过的微博", "scheme": "sinaweibo://cardlist?containerid=2308696499137849_-_mix", "cleaned": true}]}, "mblogtype": 0, "showFeedRepost": false, "showFeedComment": false, "pictureViewerSign": false, "showPictureViewer": false, "rcList": [], "text": "&lt;a href=\"//s.weibo.com/weibo?q=%232023%E5%BE%B7%E7%8E%9B%E8%A5%BF%E4%BA%9A%E6%9D%AF%23\" target=\"_blank\"&gt;#2023德玛西亚杯#&lt;/a&gt; &lt;br /&gt;&lt;br /&gt;滔搏赛事语音节目《滔滔不绝》——能别嘛？&lt;br /&gt;&lt;br /&gt;能别摸这么早吗？能别杀这么快吗？&lt;br /&gt;&lt;br /&gt;&lt;a href=\"//s.weibo.com/weibo?q=%23%E6%90%8F%E8%87%B3%E6%97%A0%E6%86%BE%23\" target=\"_blank\"&gt;#搏至无憾#&lt;/a&gt; &lt;a target=\"_blank\" href=\"https://video.weibo.com/show?fid=1034:4983618838134822\"&gt;&lt;img class=\"icon-link\" src=\"https://h5.sinaimg.cn/upload/2015/09/25/3/timeline_card_small_video_default.png\"/&gt;滔搏电子竞技俱乐部的微博视频&lt;/a&gt; ​​​", "region_name": "发布于 上海", "customIcons": [], "page_info": {"type": 5, "page_id": "2304444983618838134822", "object_type": "video", "oid": "5449734852", "page_title": "滔搏电子竞技俱乐部的微博视频", "page_pic": "https://wx4.sinaimg.cn/crop.0.6.1920.1067/005WOwZegy1hl8huoukkqj31hc0u0gux.jpg", "type_icon": "", "page_url": "sinaweibo://infopage?containerid=2304444983618838134822&amp;containerid=2304444983618838134822&amp;url_type=39&amp;object_type=video&amp;pos=2", "object_id": "1034:4983618838134822", "media_info": {"name": "滔搏电子竞技俱乐部的微博视频", "stream_url": "http://f.video.weibocdn.com/o0/N0a1kHV7lx08bh63U1te01041202UlE70E020.mp4?label=mp4_ld&amp;template=640x360.25.0&amp;ori=0&amp;ps=1CwnkDw1GXwCQx&amp;Expires=1704611160&amp;ssig=gKgC3oAwqA&amp;KID=unistore,video", "stream_url_hd": "http://f.video.weibocdn.com/o0/TDegHOq0lx08bh64AXdC01041204DHDe0E020.mp4?label=mp4_hd&amp;template=852x480.25.0&amp;ori=0&amp;ps=1CwnkDw1GXwCQx&amp;Expires=1704611160&amp;ssig=U4a8aw%2BG3a&amp;KID=unistore,video", "format": "mp4", "h5_url": "https://video.weibo.com/show?fid=1034:4983618838134822", "mp4_sd_url": "http://f.video.weibocdn.com/o0/N0a1kHV7lx08bh63U1te01041202UlE70E020.mp4?label=mp4_ld&amp;template=640x360.25.0&amp;ori=0&amp;ps=1CwnkDw1GXwCQx&amp;Expires=1704611160&amp;ssig=gKgC3oAwqA&amp;KID=unistore,video", "mp4_hd_url": "http://f.video.weibocdn.com/o0/TDegHOq0lx08bh64AXdC01041204DHDe0E020.mp4?label=mp4_hd&amp;template=852x480.25.0&amp;ori=0&amp;ps=1CwnkDw1GXwCQx&amp;Expires=1704611160&amp;ssig=U4a8aw%2BG3a&amp;KID=unistore,video", "h265_mp4_hd": "", "h265_mp4_ld": "", "inch_4_mp4_hd": "", "inch_5_mp4_hd": "", "inch_5_5_mp4_hd": "", "mp4_720p_mp4": "http://f.video.weibocdn.com/o0/jgDiUTrSlx08bh65zwb601041208iXkM0E030.mp4?label=mp4_720p&amp;template=1280x720.25.0&amp;ori=0&amp;ps=1CwnkDw1GXwCQx&amp;Expires=1704611160&amp;ssig=JEmvTTXYpq&amp;KID=unistore,video", "hevc_mp4_720p": "", "prefetch_type": 1, "prefetch_size": 262144, "act_status": 1, "protocol": "general,dash", "media_id": "4983618838134822", "origin_total_bitrate": 0, "video_orientation": "horizontal", "duration": 621, "forward_strategy": -1, "search_scheme": "sinaweibo://svssearch?containerid=232080", "is_short_video": 1, "vote_is_show": 0, "belong_collection": 1, "titles_display_time": "3", "show_progress_bar": 1, "show_mute_button": true, "ext_info": {"video_orientation": "horizontal"}, "next_title": "#2023德玛西亚杯# \n\n滔搏赛事语音节目《滔滔不绝》——能别嘛？\n\n能别摸这么早吗？能别杀这么快吗？\n\n#搏至无憾#", "kol_title": "【滔滔不绝】能别嘛？", "play_completion_actions": [{"type": "1", "icon": "https://h5.sinaimg.cn/upload/100/1413/2021/12/22/feed_video_icon_replay.png", "text": "重播", "link": "", "btn_code": 1000, "show_position": 1, "actionlog": {"oid": "2304444983618838134822", "act_code": 1221, "act_type": 0, "source": "video"}}, {"type": 6, "icon": "https://tvax3.sinaimg.cn/crop.0.0.1080.1080.180/005WOwZely8heahvtzr4dj30u00u0di7.jpg?KID=imgbed,tva&amp;Expires=1704618360&amp;ssig=hXqaDZUaUQ", "text": "", "display_mode": 2, "display_starttime": 5, "display_endtime": 99999, "countdown_time": 5, "show_position": 48, "scheme": "", "link": "", "btn_code": 1009, "actionlog": {"oid": "2304444983618838134822", "act_code": 91, "act_type": 0, "source": "video", "ext": "mid:4983624859125433|oid:1034:4983618838134822|muid:5449734852|authorid:5449734852"}, "ext": {"uid": "5449734852", "user_name": "滔搏电子竞技俱乐部", "followers_count": 5363852, "verified": true, "verified_type": 7, "verified_type_ext": 50, "verified_reason": "滔搏电子竞技俱乐部官方微博", "level": 3}, "display_type": 0}], "video_publish_time": 1703670987, "play_loop_type": 0, "video_title": "【滔滔不绝】能别嘛？", "author_mid": "4983624859125433", "author_name": "滔搏电子竞技俱乐部", "extra_info": {"sceneid": "profile_mb"}, "video_download_strategy": {"abandon_download": 0}, "jump_to": 6, "big_pic_info": {"pic_big": {"height": 1080, "url": "https://wx4.sinaimg.cn/orj1080/005WOwZegy1hl8huoukkqj31hc0u0gux.jpg", "width": 1920}, "pic_small": {"height": 150, "url": "https://wx4.sinaimg.cn/or180/005WOwZegy1hl8huoukkqj31hc0u0gux.jpg", "width": 266}, "pic_middle": {"height": 270, "url": "https://wx4.sinaimg.cn/or360/005WOwZegy1hl8huoukkqj31hc0u0gux.jpg", "width": 480}}, "online_users": "34.4万次观看", "online_users_number": 344360, "ttl": 3600, "storage_type": "oss", "is_keep_current_mblog": 0, "playback_list": [{"meta": {"label": "mp4_1080p", "quality_index": 1080, "quality_desc": "高清", "quality_label": "1080p", "quality_class": "HD", "type": 1, "quality_group": 1080, "is_hidden": false}, "play_info": {"type": 1, "mime": "video/mp4", "protocol": "general", "label": "mp4_1080p", "url": "https://f.video.weibocdn.com/o0/wHXb5Siwlx08bh687ffi0104120f55hF0E060.mp4?label=mp4_1080p&amp;template=1920x1080.25.0&amp;media_id=4983618838134822&amp;tp=8x8A3El:YTkl0eM8&amp;us=0&amp;ori=1&amp;bf=2&amp;ot=h&amp;lp=00003MndIw&amp;ps=mZ6WB&amp;uid=8uaJsH&amp;ab=,8013-g0,3601-g31,3601-g36,3601-g19,12739-g1&amp;Expires=1704611160&amp;ssig=7zIrz%2BIRDE&amp;KID=unistore,video", "bitrate": 2867217, "prefetch_range": "0-926589", "video_codecs": "avc1.640032", "fps": 25, "width": 1920, "height": 1080, "size": 222856995, "duration": 621.807, "sar": "0.0", "audio_codecs": "mp4a.40.5", "audio_sample_rate": 44100, "quality_label": "1080p", "quality_class": "HD", "quality_desc": "高清", "audio_channels": 2, "audio_sample_fmt": "fltp", "audio_bits_per_sample": 0, "watermark": "original", "extension": {"transcode_info": {"pcdn_rule_id": 0, "pcdn_jank": 0, "origin_video_dr": "SDR", "ab_strategies": ",8013-g0,3601-g31,3601-g36,3601-g19,12739-g1"}}, "video_decoder": "hard", "prefetch_enabled": true, "tcp_receive_buffer": 262144, "dolby_atmos": false, "color_transfer": "bt709", "first_pkt_end_pos": 416360}}, {"meta": {"label": "mp4_720p", "quality_index": 720, "quality_desc": "高清", "quality_label": "720p", "quality_class": "HD", "type": 1, "quality_group": 720, "is_hidden": false}, "play_info": {"type": 1, "mime": "video/mp4", "protocol": "general", "label": "mp4_720p", "url": "https://f.video.weibocdn.com/o0/jgDiUTrSlx08bh65zwb601041208iXkM0E030.mp4?label=mp4_720p&amp;template=1280x720.25.0&amp;media_id=4983618838134822&amp;tp=8x8A3El:YTkl0eM8&amp;us=0&amp;ori=1&amp;bf=2&amp;ot=h&amp;lp=00003MndIw&amp;ps=mZ6WB&amp;uid=8uaJsH&amp;ab=,8013-g0,3601-g31,3601-g36,3601-g19,12739-g1&amp;Expires=1704611160&amp;ssig=JEmvTTXYpq&amp;KID=unistore,video", "bitrate": 1578993, "prefetch_range": "0-727268", "video_codecs": "avc1.64001f", "fps": 25, "width": 1280, "height": 720, "size": 122728676, "duration": 621.807, "sar": "0.0", "audio_codecs": "mp4a.40.5", "audio_sample_rate": 44100, "quality_label": "720p", "quality_class": "HD", "quality_desc": "高清", "audio_channels": 2, "audio_sample_fmt": "fltp", "audio_bits_per_sample": 0, "watermark": "original", "extension": {"transcode_info": {"pcdn_rule_id": 0, "pcdn_jank": 0, "origin_video_dr": "SDR", "ab_strategies": ",8013-g0,3601-g31,3601-g36,3601-g19,12739-g1"}}, "video_decoder": "hard", "prefetch_enabled": true, "tcp_receive_buffer": 262144, "dolby_atmos": false, "color_transfer": "bt709", "first_pkt_end_pos": 399652}}, {"meta": {"label": "mp4_hd", "quality_index": 480, "quality_desc": "标清", "quality_label": "480p", "quality_class": "SD", "type": 1, "quality_group": 480, "is_hidden": false}, "play_info": {"type": 1, "mime": "video/mp4", "protocol": "general", "label": "mp4_hd", "url": "https://f.video.weibocdn.com/o0/TDegHOq0lx08bh64AXdC01041204DHDe0E020.mp4?label=mp4_hd&amp;template=852x480.25.0&amp;media_id=4983618838134822&amp;tp=8x8A3El:YTkl0eM8&amp;us=0&amp;ori=1&amp;bf=2&amp;ot=h&amp;lp=00003MndIw&amp;ps=mZ6WB&amp;uid=8uaJsH&amp;ab=,8013-g0,3601-g31,3601-g36,3601-g19,12739-g1&amp;Expires=1704611160&amp;ssig=U4a8aw%2BG3a&amp;KID=unistore,video", "bitrate": 882175, "prefetch_range": "0-580742", "video_codecs": "avc1.64001e", "fps": 25, "width": 852, "height": 480, "size": 68567860, "duration": 621.807, "sar": "0.0", "audio_codecs": "mp4a.40.5", "audio_sample_rate": 44100, "quality_label": "480p", "quality_class": "SD", "quality_desc": "标清", "audio_channels": 2, "audio_sample_fmt": "fltp", "audio_bits_per_sample": 0, "watermark": "original", "extension": {"transcode_info": {"pcdn_rule_id": 0, "pcdn_jank": 0, "origin_video_dr": "SDR", "ab_strategies": ",8013-g0,3601-g31,3601-g36,3601-g19,12739-g1"}}, "video_decoder": "hard", "prefetch_enabled": true, "tcp_receive_buffer": 262144, "dolby_atmos": false, "color_transfer": "bt709", "first_pkt_end_pos": 392864}}, {"meta": {"label": "scrubber_hd", "quality_index": 480, "quality_desc": "标清", "quality_label": "480p", "quality_class": "SD", "type": 3, "quality_group": 480, "is_hidden": false}, "play_info": {"type": 3, "mime": "image/jpeg", "protocol": "general", "label": "scrubber_hd", "url": "https://wx3.sinaimg.cn/large/005WOwZely1hl8igge28vj30qo460k4l.jpg?media_id=4983618838134822&amp;tp=8x8A3El:YTkl0eM8&amp;us=0&amp;ori=1&amp;bf=2&amp;ot=h&amp;lp=00003MndIw&amp;ps=mZ6WB&amp;uid=8uaJsH&amp;ab=,8013-g0,3601-g31,3601-g36,3601-g19,12739-g1&amp;Expires=1704611160&amp;ssig=m4gGhxNWHh&amp;KID=unistore,video", "prefetch_range": "0-512000", "width": 320, "height": 180, "quality_label": "480p", "quality_class": "SD", "quality_desc": "标清", "extension": {"transcode_info": {"pcdn_rule_id": 0, "pcdn_jank": 0, "origin_video_dr": "SDR", "ab_strategies": ",8013-g0,3601-g31,3601-g36,3601-g19,12739-g1"}}, "video_decoder": "hard", "prefetch_enabled": true, "tcp_receive_buffer": 262144, "col": 3, "row": 30, "interval": 5, "offset": 2.5, "urls": ["http://wx4.sinaimg.cn/large/005WOwZely1hl8igge28vj30qo460k4l.jpg", "http://wx4.sinaimg.cn/large/005WOwZely1hl8iggkcgyj30qo460n3o.jpg"]}}, {"meta": {"label": "mp4_ld", "quality_index": 360, "quality_desc": "流畅", "quality_label": "360p", "quality_class": "SD", "type": 1, "quality_group": 360, "is_hidden": false}, "play_info": {"type": 1, "mime": "video/mp4", "protocol": "general", "label": "mp4_ld", "url": "https://f.video.weibocdn.com/o0/N0a1kHV7lx08bh63U1te01041202UlE70E020.mp4?label=mp4_ld&amp;template=640x360.25.0&amp;media_id=4983618838134822&amp;tp=8x8A3El:YTkl0eM8&amp;us=0&amp;ori=1&amp;bf=2&amp;ot=h&amp;lp=00003MndIw&amp;ps=mZ6WB&amp;uid=8uaJsH&amp;ab=,8013-g0,3601-g31,3601-g36,3601-g19,12739-g1&amp;Expires=1704611160&amp;ssig=gKgC3oAwqA&amp;KID=unistore,video", "bitrate": 552997, "prefetch_range": "0-514349", "video_codecs": "avc1.64001e", "fps": 25, "width": 640, "height": 360, "size": 42982251, "duration": 621.807, "sar": "0.0", "audio_codecs": "mp4a.40.5", "audio_sample_rate": 44100, "quality_label": "360p", "quality_class": "SD", "quality_desc": "流畅", "audio_channels": 2, "audio_sample_fmt": "fltp", "audio_bits_per_sample": 0, "watermark": "original", "extension": {"transcode_info": {"pcdn_rule_id": 0, "pcdn_jank": 0, "origin_video_dr": "SDR", "ab_strategies": ",8013-g0,3601-g31,3601-g36,3601-g19,12739-g1"}}, "video_decoder": "hard", "prefetch_enabled": true, "tcp_receive_buffer": 262144, "dolby_atmos": false, "color_transfer": "bt709", "first_pkt_end_pos": 386113}}], "author_info": {"id": 5449734852, "idstr": "5449734852", "pc_new": 7, "screen_name": "滔搏电子竞技俱乐部", "profile_image_url": "https://tvax3.sinaimg.cn/crop.0.0.1080.1080.50/005WOwZely8heahvtzr4dj30u00u0di7.jpg?KID=imgbed,tva&amp;Expires=1704618360&amp;ssig=DoVBZqUjld", "profile_url": "/u/5449734852", "verified": true, "verified_type": 7, "domain": "2144gaming", "weihao": "", "verified_type_ext": 50, "avatar_large": "https://tvax3.sinaimg.cn/crop.0.0.1080.1080.180/005WOwZely8heahvtzr4dj30u00u0di7.jpg?KID=imgbed,tva&amp;Expires=1704618360&amp;ssig=hXqaDZUaUQ", "avatar_hd": "https://tvax3.sinaimg.cn/crop.0.0.1080.1080.1024/005WOwZely8heahvtzr4dj30u00u0di7.jpg?KID=imgbed,tva&amp;Expires=1704618360&amp;ssig=Jm896HaV2y", "follow_me": false, "following": false, "mbrank": 1, "mbtype": 12, "v_plus": 0, "planet_video": false, "verified_reason": "滔搏电子竞技俱乐部官方微博", "description": "滔搏电子竞技俱乐部官方微博。商务合作、赞助合作、活动通告请联系TES.BD@topsports.com.cn。简历投递邮箱gui.sy@topsports.com.cn 。", "location": "上海", "gender": "f", "followers_count": 5363853, "followers_count_str": "536.4万", "friends_count": 301, "statuses_count": 6855, "url": "http://club.2144.cn", "svip": 1, "vvip": 1, "cover_image_phone": "https://wx3.sinaimg.cn/crop.0.0.640.640.640/005WOwZely1heizfgxmraj30e80e8myj.jpg"}}, "author_id": "5449734852", "authorid": "5449734852", "cards": [{"type": "11", "page_id": "2304444983618838134822", "object_type": "video", "object_id": "1034:4983618838134822", "content1": "滔搏电子竞技俱乐部的微博视频", "content2": "#2023德玛西亚杯# \n\n滔搏赛事语音节目《滔滔不绝》——能别嘛？\n\n（盾）能别给这么快吗？能别杀这么快吗？\n\n#搏至无憾#", "act_status": 1, "media_info": {"name": "滔搏电子竞技俱乐部的微博视频", "stream_url": "http://f.video.weibocdn.com/o0/N0a1kHV7lx08bh63U1te01041202UlE70E020.mp4?label=mp4_ld&amp;template=640x360.25.0&amp;ori=0&amp;ps=1CwnkDw1GXwCQx&amp;Expires=1704611160&amp;ssig=gKgC3oAwqA&amp;KID=unistore,video", "stream_url_hd": "http://f.video.weibocdn.com/o0/TDegHOq0lx08bh64AXdC01041204DHDe0E020.mp4?label=mp4_hd&amp;template=852x480.25.0&amp;ori=0&amp;ps=1CwnkDw1GXwCQx&amp;Expires=1704611160&amp;ssig=U4a8aw%2BG3a&amp;KID=unistore,video", "format": "mp4", "h5_url": "https://video.weibo.com/show?fid=1034:4983618838134822", "mp4_sd_url": "http://f.video.weibocdn.com/o0/N0a1kHV7lx08bh63U1te01041202UlE70E020.mp4?label=mp4_ld&amp;template=640x360.25.0&amp;ori=0&amp;ps=1CwnkDw1GXwCQx&amp;Expires=1704611160&amp;ssig=gKgC3oAwqA&amp;KID=unistore,video", "mp4_hd_url": "http://f.video.weibocdn.com/o0/TDegHOq0lx08bh64AXdC01041204DHDe0E020.mp4?label=mp4_hd&amp;template=852x480.25.0&amp;ori=0&amp;ps=1CwnkDw1GXwCQx&amp;Expires=1704611160&amp;ssig=U4a8aw%2BG3a&amp;KID=unistore,video", "h265_mp4_hd": "", "h265_mp4_ld": "", "inch_4_mp4_hd": "", "inch_5_mp4_hd": "", "inch_5_5_mp4_hd": "", "mp4_720p_mp4": "http://f.video.weibocdn.com/o0/jgDiUTrSlx08bh65zwb601041208iXkM0E030.mp4?label=mp4_720p&amp;template=1280x720.25.0&amp;ori=0&amp;ps=1CwnkDw1GXwCQx&amp;Expires=1704611160&amp;ssig=JEmvTTXYpq&amp;KID=unistore,video", "hevc_mp4_720p": "", "prefetch_type": 1, "prefetch_size": 262144, "act_status": 1, "protocol": "general,dash", "media_id": "4983618838134822", "origin_total_bitrate": 0, "video_orientation": "horizontal", "duration": 621, "forward_strategy": -1, "search_scheme": "sinaweibo://svssearch?containerid=232080", "is_short_video": 1, "vote_is_show": 0, "belong_collection": 1, "titles_display_time": "3", "show_progress_bar": 1, "show_mute_button": true, "ext_info": {"video_orientation": "horizontal"}, "next_title": "#2023德玛西亚杯# \n\n滔搏赛事语音节目《滔滔不绝》——能别嘛？\n\n能别摸这么早吗？能别杀这么快吗？\n\n#搏至无憾#", "kol_title": "【滔滔不绝】能别嘛？", "play_completion_actions": [{"type": "1", "icon": "https://h5.sinaimg.cn/upload/100/1413/2021/12/22/feed_video_icon_replay.png", "text": "重播", "link": "", "btn_code": 1000, "show_position": 1, "actionlog": {"oid": "2304444983618838134822", "act_code": 1221, "act_type": 0, "source": "video"}}, {"type": 6, "icon": "https://tvax3.sinaimg.cn/crop.0.0.1080.1080.180/005WOwZely8heahvtzr4dj30u00u0di7.jpg?KID=imgbed,tva&amp;Expires=1704618360&amp;ssig=hXqaDZUaUQ", "text": "", "display_mode": 2, "display_starttime": 5, "display_endtime": 99999, "countdown_time": 5, "show_position": 48, "scheme": "", "link": "", "btn_code": 1009, "actionlog": {"oid": "2304444983618838134822", "act_code": 91, "act_type": 0, "source": "video", "ext": "mid:4983624859125433|oid:1034:4983618838134822|muid:5449734852|authorid:5449734852"}, "ext": {"uid": "5449734852", "user_name": "滔搏电子竞技俱乐部", "followers_count": 5363852, "verified": true, "verified_type": 7, "verified_type_ext": 50, "verified_reason": "滔搏电子竞技俱乐部官方微博", "level": 3}, "display_type": 0}], "video_publish_time": 1703670987, "play_loop_type": 0, "video_title": "【滔滔不绝】能别嘛？", "author_mid": "4983624859125433", "author_name": "滔搏电子竞技俱乐部", "extra_info": {"sceneid": "profile_mb"}, "video_download_strategy": {"abandon_download": 0}, "jump_to": 6, "big_pic_info": {"pic_big": {"height": 1080, "url": "https://wx4.sinaimg.cn/orj1080/005WOwZegy1hl8huoukkqj31hc0u0gux.jpg", "width": 1920}, "pic_small": {"height": 150, "url": "https://wx4.sinaimg.cn/or180/005WOwZegy1hl8huoukkqj31hc0u0gux.jpg", "width": 266}, "pic_middle": {"height": 270, "url": "https://wx4.sinaimg.cn/or360/005WOwZegy1hl8huoukkqj31hc0u0gux.jpg", "width": 480}}, "online_users": "34.4万次观看", "online_users_number": 344360, "ttl": 3600, "storage_type": "oss"}, "page_pic": "https://wx4.sinaimg.cn/crop.0.6.1920.1067/005WOwZegy1hl8huoukkqj31hc0u0gux.jpg", "page_title": "滔搏电子竞技俱乐部的微博视频", "page_url": "sinaweibo://infopage?containerid=2304444983618838134822&amp;containerid=2304444983618838134822&amp;url_type=39&amp;object_type=video&amp;pos=2", "pic_info": {"pic_big": {"height": "480", "url": "https://wx4.sinaimg.cn/crop.0.6.1920.1067/005WOwZegy1hl8huoukkqj31hc0u0gux.jpg", "width": "852"}, "pic_small": {"height": "480", "url": "https://wx4.sinaimg.cn/crop.0.6.1920.1067/005WOwZegy1hl8huoukkqj31hc0u0gux.jpg", "width": "852"}, "pic_middle": {"url": "https://wx4.sinaimg.cn/crop.0.6.1920.1067/005WOwZegy1hl8huoukkqj31hc0u0gux.jpg", "height": "480", "width": "852"}}, "oid": "5449734852", "type_icon": "", "author_id": "5449734852", "authorid": "5449734852", "warn": "", "actionlog": {"act_type": 1, "act_code": 799, "lcardid": "", "fid": "1076036499137849_-_WEIBO_SECOND_PROFILE_WEIBO", "mid": "4983624859125433", "oid": "1034:4983618838134822", "uuid": 4983619687809194, "source": "video", "ext": "uid:7774910775|mid:4983624859125433|objectid:1034%3A4983618838134822|from:1|object_duration:621.807|miduid:5449734852|rootuid:5449734852|rootmid:4983624859125433|authorid:5449734852|video_orientation:horizontal|third_vid:|is_album:1|is_contribution:0|video_tags:|isfan:0|ua:Mozilla/5.0 (Windows NT 10.0; Win64; x64) AppleWebKit/537.36 (KHTML, like Gecko) Chrome/120.0.0.0 Safari/537.36 WeiboPro/1.0.0|sceneid:profile_mb|uuid:4983619687809194|detail:native|contribution:0|short_video:1|st_video:0|author_mid:4983624859125433|cluster_type_status:|is_ad_weibo:0|t_id:4521963037851666|t_name:%E5%90%88%E9%9B%86+%C2%B7+%E6%BB%94%E6%BB%94%E4%B8%8D%E7%BB%9D|type:52_7_11,52_1,2|analysis_card:page_info"}}, {"type": 34, "page_id": "2304444983618838134822", "object_type": "video", "page_desc": "游戏 英雄联盟 · 34.4万次观看", "oid": "5449734852", "page_title": "游戏 英雄联盟 · 34.4万次观看", "page_pic": "https://wx4.sinaimg.cn/crop.0.6.1920.1067/005WOwZegy1hl8huoukkqj31hc0u0gux.jpg", "type_icon": "", "page_url": "sinaweibo://video/vvs?sceneid=profile_mb&amp;object_id=1034:4983618838134822&amp;mid=4983624859125433&amp;log_ext=is_contribution%3A%7Cfirst_level_channel_id%3A%7Csecond_level_channel_id%3A&amp;url_type=39&amp;object_type=video&amp;pos=2", "object_id": "1034:4983618838134822", "author_id": "5449734852", "authorid": "5449734852", "is_broadcast": 1, "icon_url": "https://h5.sinaimg.cn/upload/1000/1327/2021/01/20/videofeed_album_icon.png", "withPlayCount": true, "ext": "is_contribution:|first_level_channel_id:|second_level_channel_id:", "actionlog": {"act_type": 1, "act_code": "3457", "oid": "1034:4983618838134822", "uuid": 4983619687809194, "cardid": "", "lcardid": "", "uicode": "", "luicode": "", "fid": "1076036499137849_-_WEIBO_SECOND_PROFILE_WEIBO", "lfid": "", "ext": "mid:4983624859125433|rid:2_0_50_163965659351130279_0_0_0|short_url:http://t.cn/A6lYaGzU|long_url:https://video.weibo.com/show?fid=1034:4983618838134822|comment_id:|miduid:5449734852|rootmid:4983624859125433|rootuid:5449734852|authorid:5449734852|uuid:4983619687809194|is_ad_weibo:0|is_contribution:|first_level_channel_id:|second_level_channel_id:|play_page:playlist|analysis_card:page_info"}}], "actionlog": {"act_type": 1, "act_code": 799, "lcardid": "", "fid": "1076036499137849_-_WEIBO_SECOND_PROFILE_WEIBO", "mid": "4983624859125433", "oid": "1034:4983618838134822", "uuid": 4983619687809194, "source": "video", "ext": "uid:7774910775|mid:4983624859125433|objectid:1034%3A4983618838134822|from:1|object_duration:621.807|miduid:5449734852|rootuid:5449734852|rootmid:4983624859125433|authorid:5449734852|video_orientation:horizontal|third_vid:|is_album:1|is_contribution:0|video_tags:|isfan:0|ua:Mozilla/5.0 (Windows NT 10.0; Win64; x64) AppleWebKit/537.36 (KHTML, like Gecko) Chrome/120.0.0.0 Safari/537.36 WeiboPro/1.0.0|sceneid:profile_mb|uuid:4983619687809194|detail:native|contribution:0|short_video:1|st_video:0|author_mid:4983624859125433|cluster_type_status:|is_ad_weibo:0|t_id:4521963037851666|t_name:%E5%90%88%E9%9B%86+%C2%B7+%E6%BB%94%E6%BB%94%E4%B8%8D%E7%BB%9D|type:52_7_11,52_1,2|analysis_card:page_info"}, "short_url": "http://t.cn/A6lYaGzU"}, "followBtnCode": {"uid": 5449734852}}