{"visible": {"type": 0, "list_id": 0}, "created_at": "Thu Dec 28 14:04:19 +0800 2023", "id": 4983923661078934, "idstr": "4983923661078934", "mid": "4983923661078934", "mblogid": "NzdeK4wGa", "user": {"id": 6499137849, "idstr": "6499137849", "pc_new": 7, "screen_name": "冻梨好吃", "profile_image_url": "https://tvax3.sinaimg.cn/crop.0.0.962.962.50/0075PIE1ly8hkxs7vsob4j30qq0qq76e.jpg?KID=imgbed,tva&amp;Expires=1704618343&amp;ssig=gdyrtJbHr8", "profile_url": "/u/6499137849", "verified": false, "verified_type": -1, "domain": "", "weihao": "", "avatar_large": "https://tvax3.sinaimg.cn/crop.0.0.962.962.180/0075PIE1ly8hkxs7vsob4j30qq0qq76e.jpg?KID=imgbed,tva&amp;Expires=1704618343&amp;ssig=y6HeYFb4ja", "avatar_hd": "https://tvax3.sinaimg.cn/crop.0.0.962.962.1024/0075PIE1ly8hkxs7vsob4j30qq0qq76e.jpg?KID=imgbed,tva&amp;Expires=1704618343&amp;ssig=RTh5vPXe3%2B", "follow_me": false, "following": false, "mbrank": 0, "mbtype": 0, "v_plus": 0, "planet_video": false, "icon_list": []}, "can_edit": false, "text_raw": "农搞这些还挺上心的[看书] ​​​", "textLength": 24, "annotations": [{"photo_sub_type": "0,0,0,0,0,0"}, {"client_mblogid": "5be8a015-4d47-4c88-891d-f171377a50f8"}, {"source_text": "", "phone_id": "266"}, {"mapi_request": true}], "source": "Android", "favorited": false, "rid": "11_0_50_5118214532681387449_0_0_0", "pic_ids": ["0075PIE1ly1hl9gq64xoij311i1o07n3", "0075PIE1ly1hl9gq46p2zj30qo15sdl1", "0075PIE1ly1hl9gq7qf2mj30qo12btbw", "0075PIE1ly1hl9gq3o2rkj30q112ntbg", "0075PIE1ly1hl9gq2fgg1j31jk222hdt", "0075PIE1ly1hl9gq36zooj30qo0y8gpw"], "pic_focus_point": [{"focus_point": {"left": 0.39275363, "top": 0.23927765, "width": 0.22028986, "height": 0.2200903}, "pic_id": "0075PIE1ly1hl9gq36zooj30qo0y8gpw"}, {"focus_point": {"left": 0.5231884, "top": 0.1597826, "width": 0.11594203, "height": 0.11956522}, "pic_id": "0075PIE1ly1hl9gq2fgg1j31jk222hdt"}, {"focus_point": {"left": 0.5072464, "top": 0.16015625, "width": 0.19275363, "height": 0.18359375}, "pic_id": "0075PIE1ly1hl9gq3o2rkj30q112ntbg"}, {"focus_point": {"left": 0.2753623, "top": 0.32795155, "width": 0.3768116, "height": 0.31685168}, "pic_id": "0075PIE1ly1hl9gq7qf2mj30qo12btbw"}, {"focus_point": {"left": 0.42463768, "top": 0.24976873, "width": 0.16666667, "height": 0.12488437}, "pic_id": "0075PIE1ly1hl9gq46p2zj30qo15sdl1"}, {"focus_point": {"left": 0.3753623, "top": 0.13768116, "width": 0.29710144, "height": 0.1856884}, "pic_id": "0075PIE1ly1hl9gq64xoij311i1o07n3"}], "pic_num": 6, "pic_infos": {"0075PIE1ly1hl9gq64xoij311i1o07n3": {"thumbnail": {"url": "https://wx3.sinaimg.cn/wap180/0075PIE1ly1hl9gq64xoij311i1o07n3.jpg", "width": 112, "height": 180, "cut_type": 1, "type": ""}, "bmiddle": {"url": "https://wx3.sinaimg.cn/wap360/0075PIE1ly1hl9gq64xoij311i1o07n3.jpg", "width": 225, "height": 360, "cut_type": 1, "type": ""}, "large": {"url": "https://wx3.sinaimg.cn/orj960/0075PIE1ly1hl9gq64xoij311i1o07n3.jpg", "width": 960, "height": 1536, "cut_type": 1, "type": ""}, "original": {"url": "https://wx3.sinaimg.cn/orj1080/0075PIE1ly1hl9gq64xoij311i1o07n3.jpg", "width": 1080, "height": 1728, "cut_type": 1, "type": ""}, "largest": {"url": "https://wx3.sinaimg.cn/large/0075PIE1ly1hl9gq64xoij311i1o07n3.jpg", "width": 1350, "height": 2160, "cut_type": 1, "type": ""}, "mw2000": {"url": "https://wx3.sinaimg.cn/mw2000/0075PIE1ly1hl9gq64xoij311i1o07n3.jpg", "width": 1350, "height": 2160, "cut_type": 1, "type": ""}, "focus_point": {"left": 0.3753623, "top": 0.13768116, "width": 0.29710144, "height": 0.1856884}, "object_id": "1042018:48445e3652684e6db01911ae69d32351", "pic_id": "0075PIE1ly1hl9gq64xoij311i1o07n3", "photo_tag": 0, "type": "pic", "pic_status": 1}, "0075PIE1ly1hl9gq46p2zj30qo15sdl1": {"thumbnail": {"url": "https://wx4.sinaimg.cn/wap180/0075PIE1ly1hl9gq46p2zj30qo15sdl1.jpg", "width": 114, "height": 180, "cut_type": 1, "type": ""}, "bmiddle": {"url": "https://wx4.sinaimg.cn/wap360/0075PIE1ly1hl9gq46p2zj30qo15sdl1.jpg", "width": 229, "height": 360, "cut_type": 1, "type": ""}, "large": {"url": "https://wx4.sinaimg.cn/orj960/0075PIE1ly1hl9gq46p2zj30qo15sdl1.jpg", "width": 960, "height": 1504, "cut_type": 1, "type": ""}, "original": {"url": "https://wx4.sinaimg.cn/orj1080/0075PIE1ly1hl9gq46p2zj30qo15sdl1.jpg", "width": 960, "height": 1504, "cut_type": 1, "type": ""}, "largest": {"url": "https://wx4.sinaimg.cn/large/0075PIE1ly1hl9gq46p2zj30qo15sdl1.jpg", "width": 960, "height": 1504, "cut_type": 1, "type": ""}, "mw2000": {"url": "https://wx4.sinaimg.cn/mw2000/0075PIE1ly1hl9gq46p2zj30qo15sdl1.jpg", "width": 960, "height": 1504, "cut_type": 1, "type": ""}, "focus_point": {"left": 0.42463768, "top": 0.24976873, "width": 0.16666667, "height": 0.12488437}, "object_id": "1042018:411a82884aea798b5def2ac9179dbd37", "pic_id": "0075PIE1ly1hl9gq46p2zj30qo15sdl1", "photo_tag": 0, "type": "pic", "pic_status": 1}, "0075PIE1ly1hl9gq7qf2mj30qo12btbw": {"thumbnail": {"url": "https://wx3.sinaimg.cn/wap180/0075PIE1ly1hl9gq7qf2mj30qo12btbw.jpg", "width": 125, "height": 180, "cut_type": 1, "type": ""}, "bmiddle": {"url": "https://wx3.sinaimg.cn/wap360/0075PIE1ly1hl9gq7qf2mj30qo12btbw.jpg", "width": 250, "height": 360, "cut_type": 1, "type": ""}, "large": {"url": "https://wx3.sinaimg.cn/orj960/0075PIE1ly1hl9gq7qf2mj30qo12btbw.jpg", "width": 960, "height": 1379, "cut_type": 1, "type": ""}, "original": {"url": "https://wx3.sinaimg.cn/orj1080/0075PIE1ly1hl9gq7qf2mj30qo12btbw.jpg", "width": 960, "height": 1379, "cut_type": 1, "type": ""}, "largest": {"url": "https://wx3.sinaimg.cn/large/0075PIE1ly1hl9gq7qf2mj30qo12btbw.jpg", "width": 960, "height": 1379, "cut_type": 1, "type": ""}, "mw2000": {"url": "https://wx3.sinaimg.cn/mw2000/0075PIE1ly1hl9gq7qf2mj30qo12btbw.jpg", "width": 960, "height": 1379, "cut_type": 1, "type": ""}, "focus_point": {"left": 0.2753623, "top": 0.32795155, "width": 0.3768116, "height": 0.31685168}, "object_id": "1042018:dfc026e561ceeaf7e579515d60934912", "pic_id": "0075PIE1ly1hl9gq7qf2mj30qo12btbw", "photo_tag": 0, "type": "pic", "pic_status": 1}, "0075PIE1ly1hl9gq3o2rkj30q112ntbg": {"thumbnail": {"url": "https://wx1.sinaimg.cn/wap180/0075PIE1ly1hl9gq3o2rkj30q112ntbg.jpg", "width": 121, "height": 180, "cut_type": 1, "type": ""}, "bmiddle": {"url": "https://wx1.sinaimg.cn/wap360/0075PIE1ly1hl9gq3o2rkj30q112ntbg.jpg", "width": 242, "height": 360, "cut_type": 1, "type": ""}, "large": {"url": "https://wx1.sinaimg.cn/orj960/0075PIE1ly1hl9gq3o2rkj30q112ntbg.jpg", "width": 937, "height": 1391, "cut_type": 1, "type": ""}, "original": {"url": "https://wx1.sinaimg.cn/orj1080/0075PIE1ly1hl9gq3o2rkj30q112ntbg.jpg", "width": 937, "height": 1391, "cut_type": 1, "type": ""}, "largest": {"url": "https://wx1.sinaimg.cn/large/0075PIE1ly1hl9gq3o2rkj30q112ntbg.jpg", "width": 937, "height": 1391, "cut_type": 1, "type": ""}, "mw2000": {"url": "https://wx1.sinaimg.cn/mw2000/0075PIE1ly1hl9gq3o2rkj30q112ntbg.jpg", "width": 937, "height": 1391, "cut_type": 1, "type": ""}, "focus_point": {"left": 0.5072464, "top": 0.16015625, "width": 0.19275363, "height": 0.18359375}, "object_id": "1042018:2dbaabc84091ae829d64b8356ce7023d", "pic_id": "0075PIE1ly1hl9gq3o2rkj30q112ntbg", "photo_tag": 0, "type": "pic", "pic_status": 1}, "0075PIE1ly1hl9gq2fgg1j31jk222hdt": {"thumbnail": {"url": "https://wx2.sinaimg.cn/wap180/0075PIE1ly1hl9gq2fgg1j31jk222hdt.jpg", "width": 135, "height": 180, "cut_type": 1, "type": ""}, "bmiddle": {"url": "https://wx2.sinaimg.cn/wap360/0075PIE1ly1hl9gq2fgg1j31jk222hdt.jpg", "width": 270, "height": 360, "cut_type": 1, "type": ""}, "large": {"url": "https://wx2.sinaimg.cn/orj960/0075PIE1ly1hl9gq2fgg1j31jk222hdt.jpg", "width": 960, "height": 1279, "cut_type": 1, "type": ""}, "original": {"url": "https://wx2.sinaimg.cn/orj1080/0075PIE1ly1hl9gq2fgg1j31jk222hdt.jpg", "width": 1080, "height": 1439, "cut_type": 1, "type": ""}, "largest": {"url": "https://wx2.sinaimg.cn/large/0075PIE1ly1hl9gq2fgg1j31jk222hdt.jpg", "width": 2000, "height": 2666, "cut_type": 1, "type": ""}, "mw2000": {"url": "https://wx2.sinaimg.cn/mw2000/0075PIE1ly1hl9gq2fgg1j31jk222hdt.jpg", "width": 2000, "height": 2666, "cut_type": 1, "type": ""}, "focus_point": {"left": 0.5231884, "top": 0.1597826, "width": 0.11594203, "height": 0.11956522}, "object_id": "1042018:0b0642358c9c4f6161a04c1f8a691b64", "pic_id": "0075PIE1ly1hl9gq2fgg1j31jk222hdt", "photo_tag": 0, "type": "pic", "pic_status": 1}, "0075PIE1ly1hl9gq36zooj30qo0y8gpw": {"thumbnail": {"url": "https://wx3.sinaimg.cn/wap180/0075PIE1ly1hl9gq36zooj30qo0y8gpw.jpg", "width": 140, "height": 180, "cut_type": 1, "type": ""}, "bmiddle": {"url": "https://wx3.sinaimg.cn/wap360/0075PIE1ly1hl9gq36zooj30qo0y8gpw.jpg", "width": 280, "height": 360, "cut_type": 1, "type": ""}, "large": {"url": "https://wx3.sinaimg.cn/orj960/0075PIE1ly1hl9gq36zooj30qo0y8gpw.jpg", "width": 960, "height": 1232, "cut_type": 1, "type": ""}, "original": {"url": "https://wx3.sinaimg.cn/orj1080/0075PIE1ly1hl9gq36zooj30qo0y8gpw.jpg", "width": 960, "height": 1232, "cut_type": 1, "type": ""}, "largest": {"url": "https://wx3.sinaimg.cn/large/0075PIE1ly1hl9gq36zooj30qo0y8gpw.jpg", "width": 960, "height": 1232, "cut_type": 1, "type": ""}, "mw2000": {"url": "https://wx3.sinaimg.cn/mw2000/0075PIE1ly1hl9gq36zooj30qo0y8gpw.jpg", "width": 960, "height": 1232, "cut_type": 1, "type": ""}, "focus_point": {"left": 0.39275363, "top": 0.23927765, "width": 0.22028986, "height": 0.2200903}, "object_id": "1042018:0c70f9f3daee3df1148d650636c65fcd", "pic_id": "0075PIE1ly1hl9gq36zooj30qo0y8gpw", "photo_tag": 0, "type": "pic", "pic_status": 1}}, "is_paid": false, "mblog_vip_type": 0, "number_display_strategy": {"apply_scenario_flag": 3, "display_text_min_number": 1000000, "display_text": "100万+"}, "reposts_count": 0, "comments_count": 1, "attitudes_count": 0, "attitudes_status": 0, "isLongText": false, "mlevel": 0, "content_auth": 0, "is_show_bulletin": 2, "comment_manage_info": {"comment_permission_type": -1, "approval_comment_type": 0, "comment_sort_type": 0}, "share_repost_type": 0, "mblogtype": 0, "showFeedRepost": false, "showFeedComment": false, "pictureViewerSign": false, "showPictureViewer": false, "rcList": [], "text": "农搞这些还挺上心的&lt;img alt=\"[看书]\" title=\"[看书]\" src=\"https://face.t.sinajs.cn/t4/appstyle/expression/ext/normal/83/2023_read_org.png\" /&gt; ​​​", "region_name": "发布于 辽宁", "customIcons": []}