{"visible": {"type": 0, "list_id": 0}, "created_at": "Thu Dec 28 00:39:06 +0800 2023", "id": 4983721014855537, "idstr": "4983721014855537", "mid": "4983721014855537", "mblogid": "Nz7XTkn97", "user": {"id": 6499137849, "idstr": "6499137849", "pc_new": 7, "screen_name": "冻梨好吃", "profile_image_url": "https://tvax3.sinaimg.cn/crop.0.0.962.962.50/0075PIE1ly8hkxs7vsob4j30qq0qq76e.jpg?KID=imgbed,tva&amp;Expires=1704618343&amp;ssig=gdyrtJbHr8", "profile_url": "/u/6499137849", "verified": false, "verified_type": -1, "domain": "", "weihao": "", "avatar_large": "https://tvax3.sinaimg.cn/crop.0.0.962.962.180/0075PIE1ly8hkxs7vsob4j30qq0qq76e.jpg?KID=imgbed,tva&amp;Expires=1704618343&amp;ssig=y6HeYFb4ja", "avatar_hd": "https://tvax3.sinaimg.cn/crop.0.0.962.962.1024/0075PIE1ly8hkxs7vsob4j30qq0qq76e.jpg?KID=imgbed,tva&amp;Expires=1704618343&amp;ssig=RTh5vPXe3%2B", "follow_me": false, "following": false, "mbrank": 0, "mbtype": 0, "v_plus": 0, "planet_video": false, "icon_list": []}, "can_edit": false, "text_raw": "拒绝黑底金字就是一只好乳鸽😘 ​​​", "textLength": 30, "annotations": [{"photo_sub_type": "0,0,0"}, {"client_mblogid": "7670cd06-e624-4afd-bb37-3032430d5f65"}, {"source_text": "", "phone_id": "266"}, {"mapi_request": true}], "source": "Android", "favorited": false, "rid": "15_0_50_5118214532681387449_0_0_0", "pic_ids": ["0075PIE1ly1hl8thsa3xpj30sn0x3qar", "0075PIE1ly1hl8thsmz1kj30sn103gqm", "0075PIE1ly1hl8thswtutj30sn11raf9"], "pic_focus_point": [{"focus_point": {"left": 0.012790934, "top": 0.09777497, "width": 0.98720896, "height": 0.74854314}, "pic_id": "0075PIE1ly1hl8thswtutj30sn11raf9"}, {"focus_point": {"left": 0.00331014, "top": 0.14981791, "width": 0.99668974, "height": 0.7913878}, "pic_id": "0075PIE1ly1hl8thsmz1kj30sn103gqm"}, {"focus_point": {"left": 0.057378266, "top": 0.18392849, "width": 0.94262165, "height": 0.8160714}, "pic_id": "0075PIE1ly1hl8thsa3xpj30sn0x3qar"}], "pic_num": 3, "pic_infos": {"0075PIE1ly1hl8thsa3xpj30sn0x3qar": {"thumbnail": {"url": "https://wx2.sinaimg.cn/wap180/0075PIE1ly1hl8thsa3xpj30sn0x3qar.jpg", "width": 155, "height": 180, "cut_type": 1, "type": ""}, "bmiddle": {"url": "https://wx2.sinaimg.cn/wap360/0075PIE1ly1hl8thsa3xpj30sn0x3qar.jpg", "width": 311, "height": 360, "cut_type": 1, "type": ""}, "large": {"url": "https://wx2.sinaimg.cn/orj960/0075PIE1ly1hl8thsa3xpj30sn0x3qar.jpg", "width": 960, "height": 1108, "cut_type": 1, "type": ""}, "original": {"url": "https://wx2.sinaimg.cn/orj1080/0075PIE1ly1hl8thsa3xpj30sn0x3qar.jpg", "width": 1031, "height": 1191, "cut_type": 1, "type": ""}, "largest": {"url": "https://wx2.sinaimg.cn/large/0075PIE1ly1hl8thsa3xpj30sn0x3qar.jpg", "width": 1031, "height": 1191, "cut_type": 1, "type": ""}, "mw2000": {"url": "https://wx2.sinaimg.cn/mw2000/0075PIE1ly1hl8thsa3xpj30sn0x3qar.jpg", "width": 1031, "height": 1191, "cut_type": 1, "type": ""}, "focus_point": {"left": 0.057378266, "top": 0.18392849, "width": 0.94262165, "height": 0.8160714}, "object_id": "1042018:631c6c8cdf7a4e34ab821d9b3e2d5c52", "pic_id": "0075PIE1ly1hl8thsa3xpj30sn0x3qar", "photo_tag": 0, "type": "pic", "pic_status": 1}, "0075PIE1ly1hl8thsmz1kj30sn103gqm": {"thumbnail": {"url": "https://wx3.sinaimg.cn/wap180/0075PIE1ly1hl8thsmz1kj30sn103gqm.jpg", "width": 142, "height": 180, "cut_type": 1, "type": ""}, "bmiddle": {"url": "https://wx3.sinaimg.cn/wap360/0075PIE1ly1hl8thsmz1kj30sn103gqm.jpg", "width": 285, "height": 360, "cut_type": 1, "type": ""}, "large": {"url": "https://wx3.sinaimg.cn/orj960/0075PIE1ly1hl8thsmz1kj30sn103gqm.jpg", "width": 960, "height": 1209, "cut_type": 1, "type": ""}, "original": {"url": "https://wx3.sinaimg.cn/orj1080/0075PIE1ly1hl8thsmz1kj30sn103gqm.jpg", "width": 1031, "height": 1299, "cut_type": 1, "type": ""}, "largest": {"url": "https://wx3.sinaimg.cn/large/0075PIE1ly1hl8thsmz1kj30sn103gqm.jpg", "width": 1031, "height": 1299, "cut_type": 1, "type": ""}, "mw2000": {"url": "https://wx3.sinaimg.cn/mw2000/0075PIE1ly1hl8thsmz1kj30sn103gqm.jpg", "width": 1031, "height": 1299, "cut_type": 1, "type": ""}, "focus_point": {"left": 0.00331014, "top": 0.14981791, "width": 0.99668974, "height": 0.7913878}, "object_id": "1042018:8f0e1559f8214d64dcc7559af0ad7c80", "pic_id": "0075PIE1ly1hl8thsmz1kj30sn103gqm", "photo_tag": 0, "type": "pic", "pic_status": 1}, "0075PIE1ly1hl8thswtutj30sn11raf9": {"thumbnail": {"url": "https://wx3.sinaimg.cn/wap180/0075PIE1ly1hl8thswtutj30sn11raf9.jpg", "width": 136, "height": 180, "cut_type": 1, "type": ""}, "bmiddle": {"url": "https://wx3.sinaimg.cn/wap360/0075PIE1ly1hl8thswtutj30sn11raf9.jpg", "width": 273, "height": 360, "cut_type": 1, "type": ""}, "large": {"url": "https://wx3.sinaimg.cn/orj960/0075PIE1ly1hl8thswtutj30sn11raf9.jpg", "width": 960, "height": 1265, "cut_type": 1, "type": ""}, "original": {"url": "https://wx3.sinaimg.cn/orj1080/0075PIE1ly1hl8thswtutj30sn11raf9.jpg", "width": 1031, "height": 1359, "cut_type": 1, "type": ""}, "largest": {"url": "https://wx3.sinaimg.cn/large/0075PIE1ly1hl8thswtutj30sn11raf9.jpg", "width": 1031, "height": 1359, "cut_type": 1, "type": ""}, "mw2000": {"url": "https://wx3.sinaimg.cn/mw2000/0075PIE1ly1hl8thswtutj30sn11raf9.jpg", "width": 1031, "height": 1359, "cut_type": 1, "type": ""}, "focus_point": {"left": 0.012790934, "top": 0.09777497, "width": 0.98720896, "height": 0.74854314}, "object_id": "1042018:ba7eab5164e454b9785b063ca7500af1", "pic_id": "0075PIE1ly1hl8thswtutj30sn11raf9", "photo_tag": 0, "type": "pic", "pic_status": 1}}, "is_paid": false, "mblog_vip_type": 0, "number_display_strategy": {"apply_scenario_flag": 3, "display_text_min_number": 1000000, "display_text": "100万+"}, "reposts_count": 0, "comments_count": 0, "attitudes_count": 0, "attitudes_status": 0, "isLongText": false, "mlevel": 0, "content_auth": 0, "is_show_bulletin": 2, "comment_manage_info": {"comment_permission_type": -1, "approval_comment_type": 0, "comment_sort_type": 0}, "share_repost_type": 0, "mblogtype": 0, "showFeedRepost": false, "showFeedComment": false, "pictureViewerSign": false, "showPictureViewer": false, "rcList": [], "text": "拒绝黑底金字就是一只好乳鸽😘 ​​​", "region_name": "发布于 辽宁", "customIcons": []}