{"visible": {"type": 0, "list_id": 0}, "created_at": "Thu Dec 28 15:15:23 +0800 2023", "id": 4983941540612185, "idstr": "4983941540612185", "mid": "4983941540612185", "mblogid": "NzdHA2zfX", "user": {"id": 6499137849, "idstr": "6499137849", "pc_new": 7, "screen_name": "冻梨好吃", "profile_image_url": "https://tvax3.sinaimg.cn/crop.0.0.962.962.50/0075PIE1ly8hkxs7vsob4j30qq0qq76e.jpg?KID=imgbed,tva&amp;Expires=1704618343&amp;ssig=gdyrtJbHr8", "profile_url": "/u/6499137849", "verified": false, "verified_type": -1, "domain": "", "weihao": "", "avatar_large": "https://tvax3.sinaimg.cn/crop.0.0.962.962.180/0075PIE1ly8hkxs7vsob4j30qq0qq76e.jpg?KID=imgbed,tva&amp;Expires=1704618343&amp;ssig=y6HeYFb4ja", "avatar_hd": "https://tvax3.sinaimg.cn/crop.0.0.962.962.1024/0075PIE1ly8hkxs7vsob4j30qq0qq76e.jpg?KID=imgbed,tva&amp;Expires=1704618343&amp;ssig=RTh5vPXe3%2B", "follow_me": false, "following": false, "mbrank": 0, "mbtype": 0, "v_plus": 0, "planet_video": false, "icon_list": []}, "can_edit": false, "text_raw": "这仇还没复完么，老🕰️在不断重生，棒在不断复仇，你们腻不腻啊来点别的题材吧 ​​​", "textLength": 76, "annotations": [{"photo_sub_type": "0,0"}, {"client_mblogid": "8b1b7318-7ec3-4d66-9c44-006eceeff416"}, {"source_text": "", "phone_id": "266"}, {"mapi_request": true}], "source": "Android", "favorited": false, "rid": "9_0_50_5118214532681387449_0_0_0", "pic_ids": ["0075PIE1ly1hl9itj0n4ij30qo0clabi", "0075PIE1ly1hl9itjh1hdj30qo0zpgp9"], "pic_focus_point": [{"focus_point": {"left": 0.26818693, "top": 0.01162158, "width": 0.466973, "height": 0.98837835}, "pic_id": "0075PIE1ly1hl9itj0n4ij30qo0clabi"}, {"focus_point": {"left": 0.38115942, "top": 0.116883114, "width": 0.28405797, "height": 0.7077922}, "pic_id": "0075PIE1ly1hl9itjh1hdj30qo0zpgp9"}], "pic_num": 2, "pic_infos": {"0075PIE1ly1hl9itj0n4ij30qo0clabi": {"thumbnail": {"url": "https://wx3.sinaimg.cn/wap180/0075PIE1ly1hl9itj0n4ij30qo0clabi.jpg", "width": 180, "height": 84, "cut_type": 1, "type": ""}, "bmiddle": {"url": "https://wx3.sinaimg.cn/wap360/0075PIE1ly1hl9itj0n4ij30qo0clabi.jpg", "width": 360, "height": 169, "cut_type": 1, "type": ""}, "large": {"url": "https://wx3.sinaimg.cn/orj960/0075PIE1ly1hl9itj0n4ij30qo0clabi.jpg", "width": 960, "height": 453, "cut_type": 1, "type": ""}, "original": {"url": "https://wx3.sinaimg.cn/orj1080/0075PIE1ly1hl9itj0n4ij30qo0clabi.jpg", "width": 960, "height": 453, "cut_type": 1, "type": ""}, "largest": {"url": "https://wx3.sinaimg.cn/large/0075PIE1ly1hl9itj0n4ij30qo0clabi.jpg", "width": 960, "height": 453, "cut_type": 1, "type": ""}, "mw2000": {"url": "https://wx3.sinaimg.cn/mw2000/0075PIE1ly1hl9itj0n4ij30qo0clabi.jpg", "width": 960, "height": 453, "cut_type": 1, "type": ""}, "focus_point": {"left": 0.26818693, "top": 0.01162158, "width": 0.466973, "height": 0.98837835}, "object_id": "1042018:d683d860499aa68009723c916d860370", "pic_id": "0075PIE1ly1hl9itj0n4ij30qo0clabi", "photo_tag": 0, "type": "pic", "pic_status": 1}, "0075PIE1ly1hl9itjh1hdj30qo0zpgp9": {"thumbnail": {"url": "https://wx2.sinaimg.cn/wap180/0075PIE1ly1hl9itjh1hdj30qo0zpgp9.jpg", "width": 134, "height": 180, "cut_type": 1, "type": ""}, "bmiddle": {"url": "https://wx2.sinaimg.cn/wap360/0075PIE1ly1hl9itjh1hdj30qo0zpgp9.jpg", "width": 269, "height": 360, "cut_type": 1, "type": ""}, "large": {"url": "https://wx2.sinaimg.cn/orj960/0075PIE1ly1hl9itjh1hdj30qo0zpgp9.jpg", "width": 960, "height": 1285, "cut_type": 1, "type": ""}, "original": {"url": "https://wx2.sinaimg.cn/orj1080/0075PIE1ly1hl9itjh1hdj30qo0zpgp9.jpg", "width": 960, "height": 1285, "cut_type": 1, "type": ""}, "largest": {"url": "https://wx2.sinaimg.cn/large/0075PIE1ly1hl9itjh1hdj30qo0zpgp9.jpg", "width": 960, "height": 1285, "cut_type": 1, "type": ""}, "mw2000": {"url": "https://wx2.sinaimg.cn/mw2000/0075PIE1ly1hl9itjh1hdj30qo0zpgp9.jpg", "width": 960, "height": 1285, "cut_type": 1, "type": ""}, "focus_point": {"left": 0.38115942, "top": 0.116883114, "width": 0.28405797, "height": 0.7077922}, "object_id": "1042018:60c712aa9fb408e078d99fe7f1acdbd1", "pic_id": "0075PIE1ly1hl9itjh1hdj30qo0zpgp9", "photo_tag": 0, "type": "pic", "pic_status": 1}}, "is_paid": false, "mblog_vip_type": 0, "number_display_strategy": {"apply_scenario_flag": 3, "display_text_min_number": 1000000, "display_text": "100万+"}, "reposts_count": 0, "comments_count": 0, "attitudes_count": 0, "attitudes_status": 0, "isLongText": false, "mlevel": 0, "content_auth": 0, "is_show_bulletin": 2, "comment_manage_info": {"comment_permission_type": -1, "approval_comment_type": 0, "comment_sort_type": 0}, "share_repost_type": 0, "mblogtype": 0, "showFeedRepost": false, "showFeedComment": false, "pictureViewerSign": false, "showPictureViewer": false, "rcList": [], "text": "这仇还没复完么，老🕰️在不断重生，棒在不断复仇，你们腻不腻啊来点别的题材吧 ​​​", "region_name": "发布于 辽宁", "customIcons": []}