{"visible": {"type": 0, "list_id": 0}, "created_at": "Thu Dec 28 15:32:20 +0800 2023", "id": 4983945806480872, "idstr": "4983945806480872", "mid": "4983945806480872", "mblogid": "NzdOsrbYc", "user": {"id": 6499137849, "idstr": "6499137849", "pc_new": 7, "screen_name": "冻梨好吃", "profile_image_url": "https://tvax3.sinaimg.cn/crop.0.0.962.962.50/0075PIE1ly8hkxs7vsob4j30qq0qq76e.jpg?KID=imgbed,tva&amp;Expires=1704618343&amp;ssig=gdyrtJbHr8", "profile_url": "/u/6499137849", "verified": false, "verified_type": -1, "domain": "", "weihao": "", "avatar_large": "https://tvax3.sinaimg.cn/crop.0.0.962.962.180/0075PIE1ly8hkxs7vsob4j30qq0qq76e.jpg?KID=imgbed,tva&amp;Expires=1704618343&amp;ssig=y6HeYFb4ja", "avatar_hd": "https://tvax3.sinaimg.cn/crop.0.0.962.962.1024/0075PIE1ly8hkxs7vsob4j30qq0qq76e.jpg?KID=imgbed,tva&amp;Expires=1704618343&amp;ssig=RTh5vPXe3%2B", "follow_me": false, "following": false, "mbrank": 0, "mbtype": 0, "v_plus": 0, "planet_video": false, "icon_list": []}, "can_edit": false, "text_raw": "怎么能没有我天天看的原呢[奥姆][奥姆] ​​​", "textLength": 36, "annotations": [{"photo_sub_type": "0,0,0,0"}, {"client_mblogid": "1aa843df-4273-4258-a67e-9b8b53437de4"}, {"source_text": "", "phone_id": "266"}, {"mapi_request": true}], "source": "Android", "favorited": false, "rid": "8_0_50_5118214532681387449_0_0_0", "pic_ids": ["0075PIE1ly1hl9jay6cw6j30qo15vag7", "0075PIE1ly1hl9jaz4r37j30qn1aeq9w", "0075PIE1ly1hl9jazdk8yj30qo1ahn2s", "0075PIE1ly1hl9jc7g6avj30qo18hwl5"], "pic_focus_point": [{"focus_point": {"left": 0.023737457, "top": 0.19528899, "width": 0.97626245, "height": 0.5852486}, "pic_id": "0075PIE1ly1hl9jc7g6avj30qo18hwl5"}, {"focus_point": {"left": 0.009193398, "top": 0.28303778, "width": 0.9908065, "height": 0.5687659}, "pic_id": "0075PIE1ly1hl9jazdk8yj30qo1ahn2s"}, {"focus_point": {"left": 0.034504414, "top": 0.26464903, "width": 0.96549547, "height": 0.55423623}, "pic_id": "0075PIE1ly1hl9jaz4r37j30qn1aeq9w"}, {"focus_point": {"left": 0.05236622, "top": 0.22188102, "width": 0.9476337, "height": 0.6037556}, "pic_id": "0075PIE1ly1hl9jay6cw6j30qo15vag7"}], "pic_num": 4, "pic_infos": {"0075PIE1ly1hl9jay6cw6j30qo15vag7": {"thumbnail": {"url": "https://wx4.sinaimg.cn/wap180/0075PIE1ly1hl9jay6cw6j30qo15vag7.jpg", "width": 114, "height": 180, "cut_type": 1, "type": ""}, "bmiddle": {"url": "https://wx4.sinaimg.cn/wap360/0075PIE1ly1hl9jay6cw6j30qo15vag7.jpg", "width": 229, "height": 360, "cut_type": 1, "type": ""}, "large": {"url": "https://wx4.sinaimg.cn/orj960/0075PIE1ly1hl9jay6cw6j30qo15vag7.jpg", "width": 960, "height": 1507, "cut_type": 1, "type": ""}, "original": {"url": "https://wx4.sinaimg.cn/orj1080/0075PIE1ly1hl9jay6cw6j30qo15vag7.jpg", "width": 960, "height": 1507, "cut_type": 1, "type": ""}, "largest": {"url": "https://wx4.sinaimg.cn/large/0075PIE1ly1hl9jay6cw6j30qo15vag7.jpg", "width": 960, "height": 1507, "cut_type": 1, "type": ""}, "mw2000": {"url": "https://wx4.sinaimg.cn/mw2000/0075PIE1ly1hl9jay6cw6j30qo15vag7.jpg", "width": 960, "height": 1507, "cut_type": 1, "type": ""}, "focus_point": {"left": 0.05236622, "top": 0.22188102, "width": 0.9476337, "height": 0.6037556}, "object_id": "1042018:2a2790adc7b68f8a1a6eabbd29c982ca", "pic_id": "0075PIE1ly1hl9jay6cw6j30qo15vag7", "photo_tag": 0, "type": "pic", "pic_status": 1}, "0075PIE1ly1hl9jaz4r37j30qn1aeq9w": {"thumbnail": {"url": "https://wx1.sinaimg.cn/wap180/0075PIE1ly1hl9jaz4r37j30qn1aeq9w.jpg", "width": 103, "height": 180, "cut_type": 1, "type": ""}, "bmiddle": {"url": "https://wx1.sinaimg.cn/wap360/0075PIE1ly1hl9jaz4r37j30qn1aeq9w.jpg", "width": 206, "height": 360, "cut_type": 1, "type": ""}, "large": {"url": "https://wx1.sinaimg.cn/orj960/0075PIE1ly1hl9jaz4r37j30qn1aeq9w.jpg", "width": 959, "height": 1670, "cut_type": 1, "type": ""}, "original": {"url": "https://wx1.sinaimg.cn/orj1080/0075PIE1ly1hl9jaz4r37j30qn1aeq9w.jpg", "width": 959, "height": 1670, "cut_type": 1, "type": ""}, "largest": {"url": "https://wx1.sinaimg.cn/large/0075PIE1ly1hl9jaz4r37j30qn1aeq9w.jpg", "width": 959, "height": 1670, "cut_type": 1, "type": ""}, "mw2000": {"url": "https://wx1.sinaimg.cn/mw2000/0075PIE1ly1hl9jaz4r37j30qn1aeq9w.jpg", "width": 959, "height": 1670, "cut_type": 1, "type": ""}, "focus_point": {"left": 0.034504414, "top": 0.26464903, "width": 0.96549547, "height": 0.55423623}, "object_id": "1042018:73ab793afab0ae2555d00d51ea0296f8", "pic_id": "0075PIE1ly1hl9jaz4r37j30qn1aeq9w", "photo_tag": 0, "type": "pic", "pic_status": 1}, "0075PIE1ly1hl9jazdk8yj30qo1ahn2s": {"thumbnail": {"url": "https://wx2.sinaimg.cn/wap180/0075PIE1ly1hl9jazdk8yj30qo1ahn2s.jpg", "width": 103, "height": 180, "cut_type": 1, "type": ""}, "bmiddle": {"url": "https://wx2.sinaimg.cn/wap360/0075PIE1ly1hl9jazdk8yj30qo1ahn2s.jpg", "width": 206, "height": 360, "cut_type": 1, "type": ""}, "large": {"url": "https://wx2.sinaimg.cn/orj960/0075PIE1ly1hl9jazdk8yj30qo1ahn2s.jpg", "width": 960, "height": 1673, "cut_type": 1, "type": ""}, "original": {"url": "https://wx2.sinaimg.cn/orj1080/0075PIE1ly1hl9jazdk8yj30qo1ahn2s.jpg", "width": 960, "height": 1673, "cut_type": 1, "type": ""}, "largest": {"url": "https://wx2.sinaimg.cn/large/0075PIE1ly1hl9jazdk8yj30qo1ahn2s.jpg", "width": 960, "height": 1673, "cut_type": 1, "type": ""}, "mw2000": {"url": "https://wx2.sinaimg.cn/mw2000/0075PIE1ly1hl9jazdk8yj30qo1ahn2s.jpg", "width": 960, "height": 1673, "cut_type": 1, "type": ""}, "focus_point": {"left": 0.009193398, "top": 0.28303778, "width": 0.9908065, "height": 0.5687659}, "object_id": "1042018:4c0ae00a2f87637add94316b4c723220", "pic_id": "0075PIE1ly1hl9jazdk8yj30qo1ahn2s", "photo_tag": 0, "sticker_id": "1032639", "type": "pic", "pic_status": 1, "button_name": "使用同款贴纸", "button_scheme": "sinaweibo://compose"}, "0075PIE1ly1hl9jc7g6avj30qo18hwl5": {"thumbnail": {"url": "https://wx1.sinaimg.cn/wap180/0075PIE1ly1hl9jc7g6avj30qo18hwl5.jpg", "width": 108, "height": 180, "cut_type": 1, "type": ""}, "bmiddle": {"url": "https://wx1.sinaimg.cn/wap360/0075PIE1ly1hl9jc7g6avj30qo18hwl5.jpg", "width": 216, "height": 360, "cut_type": 1, "type": ""}, "large": {"url": "https://wx1.sinaimg.cn/orj960/0075PIE1ly1hl9jc7g6avj30qo18hwl5.jpg", "width": 960, "height": 1601, "cut_type": 1, "type": ""}, "original": {"url": "https://wx1.sinaimg.cn/orj1080/0075PIE1ly1hl9jc7g6avj30qo18hwl5.jpg", "width": 960, "height": 1601, "cut_type": 1, "type": ""}, "largest": {"url": "https://wx1.sinaimg.cn/large/0075PIE1ly1hl9jc7g6avj30qo18hwl5.jpg", "width": 960, "height": 1601, "cut_type": 1, "type": ""}, "mw2000": {"url": "https://wx1.sinaimg.cn/mw2000/0075PIE1ly1hl9jc7g6avj30qo18hwl5.jpg", "width": 960, "height": 1601, "cut_type": 1, "type": ""}, "focus_point": {"left": 0.023737457, "top": 0.19528899, "width": 0.97626245, "height": 0.5852486}, "object_id": "1042018:0c2a90963739a023e24326bdea3fe04c", "pic_id": "0075PIE1ly1hl9jc7g6avj30qo18hwl5", "photo_tag": 0, "sticker_id": "1030357", "type": "pic", "pic_status": 1, "button_name": "使用同款贴纸", "button_scheme": "sinaweibo://compose"}}, "is_paid": false, "mblog_vip_type": 0, "number_display_strategy": {"apply_scenario_flag": 3, "display_text_min_number": 1000000, "display_text": "100万+"}, "reposts_count": 0, "comments_count": 0, "attitudes_count": 1, "attitudes_status": 0, "isLongText": false, "mlevel": 0, "content_auth": 0, "is_show_bulletin": 2, "comment_manage_info": {"comment_permission_type": -1, "approval_comment_type": 0, "comment_sort_type": 0}, "share_repost_type": 0, "mblogtype": 0, "showFeedRepost": false, "showFeedComment": false, "pictureViewerSign": false, "showPictureViewer": false, "rcList": [], "text": "怎么能没有我天天看的原呢&lt;img alt=\"[奥姆]\" title=\"[奥姆]\" src=\"https://face.t.sinajs.cn/t4/appstyle/expression/ext/normal/12/2023_Orm_org.png\" /&gt;&lt;img alt=\"[奥姆]\" title=\"[奥姆]\" src=\"https://face.t.sinajs.cn/t4/appstyle/expression/ext/normal/12/2023_Orm_org.png\" /&gt; ​​​", "region_name": "发布于 辽宁", "customIcons": []}