{"visible": {"type": 0, "list_id": 0}, "created_at": "Wed Dec 27 10:05:08 +0800 2023", "id": 4983501076563541, "idstr": "4983501076563541", "mid": "4983501076563541", "mblogid": "Nz2f9rxtz", "user": {"id": 6499137849, "idstr": "6499137849", "pc_new": 7, "screen_name": "冻梨好吃", "profile_image_url": "https://tvax3.sinaimg.cn/crop.0.0.962.962.50/0075PIE1ly8hkxs7vsob4j30qq0qq76e.jpg?KID=imgbed,tva&amp;Expires=1704618360&amp;ssig=gEB7uqcXvP", "profile_url": "/u/6499137849", "verified": false, "verified_type": -1, "domain": "", "weihao": "", "avatar_large": "https://tvax3.sinaimg.cn/crop.0.0.962.962.180/0075PIE1ly8hkxs7vsob4j30qq0qq76e.jpg?KID=imgbed,tva&amp;Expires=1704618360&amp;ssig=2NHxZ%2F6yL2", "avatar_hd": "https://tvax3.sinaimg.cn/crop.0.0.962.962.1024/0075PIE1ly8hkxs7vsob4j30qq0qq76e.jpg?KID=imgbed,tva&amp;Expires=1704618360&amp;ssig=epYg4KLpoK", "follow_me": false, "following": false, "mbrank": 0, "mbtype": 0, "v_plus": 0, "planet_video": false, "icon_list": []}, "can_edit": false, "text_raw": "有些人能不能别全平台过分咯噔么，路过的真假鹭人刷到后哪里管你有多辛苦只会来一句都208了少卖惨赚那么多委屈啥[丰收了][丰收了]咱还是回到浪国小天地里发这些吧，🍠和🫘发点动起来的路透不香么 ​​​", "textLength": 185, "annotations": [{"shooting": 1, "client_mblogid": "811a7d7a-2c71-484d-9df3-543e87521fe8"}, {"source_text": "", "phone_id": "266"}, {"mapi_request": true}], "source": "Android", "favorited": false, "rid": "11_0_50_163965659351130279_0_0_0", "pic_ids": [], "pic_num": 0, "is_paid": false, "mblog_vip_type": 0, "number_display_strategy": {"apply_scenario_flag": 3, "display_text_min_number": 1000000, "display_text": "100万+"}, "reposts_count": 0, "comments_count": 0, "attitudes_count": 0, "attitudes_status": 0, "isLongText": false, "mlevel": 0, "content_auth": 0, "is_show_bulletin": 2, "comment_manage_info": {"comment_permission_type": -1, "approval_comment_type": 0, "comment_sort_type": 0}, "share_repost_type": 0, "mblogtype": 0, "showFeedRepost": false, "showFeedComment": false, "pictureViewerSign": false, "showPictureViewer": false, "rcList": [], "text": "有些人能不能别全平台过分咯噔么，路过的真假鹭人刷到后哪里管你有多辛苦只会来一句都208了少卖惨赚那么多委屈啥[丰收了][丰收了]咱还是回到浪国小天地里发这些吧，🍠和🫘发点动起来的路透不香么 ​​​", "region_name": "发布于 辽宁", "customIcons": []}