{"visible": {"type": 0, "list_id": 0}, "created_at": "Wed Dec 27 13:07:08 +0800 2023", "id": 4983546881507570, "idstr": "4983546881507570", "mid": "4983546881507570", "mblogid": "Nz3r26kbE", "user": {"id": 6499137849, "idstr": "6499137849", "pc_new": 7, "screen_name": "冻梨好吃", "profile_image_url": "https://tvax3.sinaimg.cn/crop.0.0.962.962.50/0075PIE1ly8hkxs7vsob4j30qq0qq76e.jpg?KID=imgbed,tva&amp;Expires=1704618360&amp;ssig=gEB7uqcXvP", "profile_url": "/u/6499137849", "verified": false, "verified_type": -1, "domain": "", "weihao": "", "avatar_large": "https://tvax3.sinaimg.cn/crop.0.0.962.962.180/0075PIE1ly8hkxs7vsob4j30qq0qq76e.jpg?KID=imgbed,tva&amp;Expires=1704618360&amp;ssig=2NHxZ%2F6yL2", "avatar_hd": "https://tvax3.sinaimg.cn/crop.0.0.962.962.1024/0075PIE1ly8hkxs7vsob4j30qq0qq76e.jpg?KID=imgbed,tva&amp;Expires=1704618360&amp;ssig=epYg4KLpoK", "follow_me": false, "following": false, "mbrank": 0, "mbtype": 0, "v_plus": 0, "planet_video": false, "icon_list": []}, "can_edit": false, "text_raw": "可怜的小老四（不发昏逛街版，明年和这群小帮菜打完身价又要降了，至于风评更没法救了，没准明年和50一起被轮换，这只能说猛男确实好跑 ​​​", "textLength": 126, "annotations": [{"photo_sub_type": "0,0,0,0"}, {"client_mblogid": "08dcce9e-4939-4baf-8f31-8dbe301cadda"}, {"source_text": "", "phone_id": "266"}, {"mapi_request": true}], "source": "Android", "favorited": false, "rid": "7_0_50_163965659351130279_0_0_0", "pic_ids": ["0075PIE1gy1hl89e9jijjj30qd1gegw0", "0075PIE1gy1hl89eal77sj30qh1glwos", "0075PIE1gy1hl89gpks5qj30qo16odkv", "0075PIE1gy1hl89gqeuvrj30py1gun3u"], "pic_focus_point": [{"focus_point": {"left": 0.03658129, "top": 0.348242, "width": 0.9634186, "height": 0.473138}, "pic_id": "0075PIE1gy1hl89gqeuvrj30py1gun3u"}, {"focus_point": {"left": 0.014238868, "top": 0.21775909, "width": 0.97999394, "height": 0.6124962}, "pic_id": "0075PIE1gy1hl89gpks5qj30qo16odkv"}, {"focus_point": {"left": 0.25652173, "top": 0.84245074, "width": 0.09710145, "height": 0.04886944}, "pic_id": "0075PIE1gy1hl89eal77sj30qh1glwos"}, {"focus_point": {"left": 0.2768116, "top": 0.60466814, "width": 0.05942029, "height": 0.03501094}, "pic_id": "0075PIE1gy1hl89e9jijjj30qd1gegw0"}], "pic_num": 4, "pic_infos": {"0075PIE1gy1hl89e9jijjj30qd1gegw0": {"thumbnail": {"url": "https://wx3.sinaimg.cn/wap180/0075PIE1gy1hl89e9jijjj30qd1gegw0.jpg", "width": 90, "height": 180, "cut_type": 1, "type": ""}, "bmiddle": {"url": "https://wx3.sinaimg.cn/wap360/0075PIE1gy1hl89e9jijjj30qd1gegw0.jpg", "width": 181, "height": 360, "cut_type": 1, "type": ""}, "large": {"url": "https://wx3.sinaimg.cn/orj960/0075PIE1gy1hl89e9jijjj30qd1gegw0.jpg", "width": 949, "height": 1886, "cut_type": 1, "type": ""}, "original": {"url": "https://wx3.sinaimg.cn/orj1080/0075PIE1gy1hl89e9jijjj30qd1gegw0.jpg", "width": 949, "height": 1886, "cut_type": 1, "type": ""}, "largest": {"url": "https://wx3.sinaimg.cn/large/0075PIE1gy1hl89e9jijjj30qd1gegw0.jpg", "width": 949, "height": 1886, "cut_type": 1, "type": ""}, "mw2000": {"url": "https://wx3.sinaimg.cn/mw2000/0075PIE1gy1hl89e9jijjj30qd1gegw0.jpg", "width": 949, "height": 1886, "cut_type": 1, "type": ""}, "focus_point": {"left": 0.2768116, "top": 0.60466814, "width": 0.05942029, "height": 0.03501094}, "object_id": "1042018:a45c0213aa3ab56e0f5096cc26801e70", "pic_id": "0075PIE1gy1hl89e9jijjj30qd1gegw0", "photo_tag": 0, "type": "pic", "pic_status": 1}, "0075PIE1gy1hl89eal77sj30qh1glwos": {"thumbnail": {"url": "https://wx2.sinaimg.cn/wap180/0075PIE1gy1hl89eal77sj30qh1glwos.jpg", "width": 90, "height": 180, "cut_type": 1, "type": ""}, "bmiddle": {"url": "https://wx2.sinaimg.cn/wap360/0075PIE1gy1hl89eal77sj30qh1glwos.jpg", "width": 181, "height": 360, "cut_type": 1, "type": ""}, "large": {"url": "https://wx2.sinaimg.cn/orj960/0075PIE1gy1hl89eal77sj30qh1glwos.jpg", "width": 953, "height": 1893, "cut_type": 1, "type": ""}, "original": {"url": "https://wx2.sinaimg.cn/orj1080/0075PIE1gy1hl89eal77sj30qh1glwos.jpg", "width": 953, "height": 1893, "cut_type": 1, "type": ""}, "largest": {"url": "https://wx2.sinaimg.cn/large/0075PIE1gy1hl89eal77sj30qh1glwos.jpg", "width": 953, "height": 1893, "cut_type": 1, "type": ""}, "mw2000": {"url": "https://wx2.sinaimg.cn/mw2000/0075PIE1gy1hl89eal77sj30qh1glwos.jpg", "width": 953, "height": 1893, "cut_type": 1, "type": ""}, "focus_point": {"left": 0.25652173, "top": 0.84245074, "width": 0.09710145, "height": 0.04886944}, "object_id": "1042018:1f1baa3f370cecff7afa29e40d900ae4", "pic_id": "0075PIE1gy1hl89eal77sj30qh1glwos", "photo_tag": 0, "type": "pic", "pic_status": 1}, "0075PIE1gy1hl89gpks5qj30qo16odkv": {"thumbnail": {"url": "https://wx1.sinaimg.cn/wap180/0075PIE1gy1hl89gpks5qj30qo16odkv.jpg", "width": 112, "height": 180, "cut_type": 1, "type": ""}, "bmiddle": {"url": "https://wx1.sinaimg.cn/wap360/0075PIE1gy1hl89gpks5qj30qo16odkv.jpg", "width": 225, "height": 360, "cut_type": 1, "type": ""}, "large": {"url": "https://wx1.sinaimg.cn/orj960/0075PIE1gy1hl89gpks5qj30qo16odkv.jpg", "width": 960, "height": 1536, "cut_type": 1, "type": ""}, "original": {"url": "https://wx1.sinaimg.cn/orj1080/0075PIE1gy1hl89gpks5qj30qo16odkv.jpg", "width": 960, "height": 1536, "cut_type": 1, "type": ""}, "largest": {"url": "https://wx1.sinaimg.cn/large/0075PIE1gy1hl89gpks5qj30qo16odkv.jpg", "width": 960, "height": 1536, "cut_type": 1, "type": ""}, "mw2000": {"url": "https://wx1.sinaimg.cn/mw2000/0075PIE1gy1hl89gpks5qj30qo16odkv.jpg", "width": 960, "height": 1536, "cut_type": 1, "type": ""}, "focus_point": {"left": 0.014238868, "top": 0.21775909, "width": 0.97999394, "height": 0.6124962}, "object_id": "1042018:01b0c3f32c93092219382fc8e3da95ee", "pic_id": "0075PIE1gy1hl89gpks5qj30qo16odkv", "photo_tag": 0, "type": "pic", "pic_status": 1}, "0075PIE1gy1hl89gqeuvrj30py1gun3u": {"thumbnail": {"url": "https://wx2.sinaimg.cn/wap180/0075PIE1gy1hl89gqeuvrj30py1gun3u.jpg", "width": 88, "height": 180, "cut_type": 1, "type": ""}, "bmiddle": {"url": "https://wx2.sinaimg.cn/wap360/0075PIE1gy1hl89gqeuvrj30py1gun3u.jpg", "width": 176, "height": 360, "cut_type": 1, "type": ""}, "large": {"url": "https://wx2.sinaimg.cn/orj960/0075PIE1gy1hl89gqeuvrj30py1gun3u.jpg", "width": 934, "height": 1902, "cut_type": 1, "type": ""}, "original": {"url": "https://wx2.sinaimg.cn/orj1080/0075PIE1gy1hl89gqeuvrj30py1gun3u.jpg", "width": 934, "height": 1902, "cut_type": 1, "type": ""}, "largest": {"url": "https://wx2.sinaimg.cn/large/0075PIE1gy1hl89gqeuvrj30py1gun3u.jpg", "width": 934, "height": 1902, "cut_type": 1, "type": ""}, "mw2000": {"url": "https://wx2.sinaimg.cn/mw2000/0075PIE1gy1hl89gqeuvrj30py1gun3u.jpg", "width": 934, "height": 1902, "cut_type": 1, "type": ""}, "focus_point": {"left": 0.03658129, "top": 0.348242, "width": 0.9634186, "height": 0.473138}, "object_id": "1042018:ece3fa3bcadd278563e845922be9238a", "pic_id": "0075PIE1gy1hl89gqeuvrj30py1gun3u", "photo_tag": 0, "type": "pic", "pic_status": 1}}, "is_paid": false, "mblog_vip_type": 0, "number_display_strategy": {"apply_scenario_flag": 3, "display_text_min_number": 1000000, "display_text": "100万+"}, "reposts_count": 0, "comments_count": 1, "attitudes_count": 0, "attitudes_status": 0, "isLongText": false, "mlevel": 0, "content_auth": 0, "is_show_bulletin": 2, "comment_manage_info": {"comment_permission_type": -1, "approval_comment_type": 0, "comment_sort_type": 0}, "share_repost_type": 0, "mblogtype": 0, "showFeedRepost": false, "showFeedComment": false, "pictureViewerSign": false, "showPictureViewer": false, "rcList": [], "text": "可怜的小老四（不发昏逛街版，明年和这群小帮菜打完身价又要降了，至于风评更没法救了，没准明年和50一起被轮换，这只能说猛男确实好跑 ​​​", "region_name": "发布于 辽宁", "customIcons": []}