{"visible": {"type": 0, "list_id": 0}, "created_at": "Wed Dec 27 00:38:18 +0800 2023", "id": 4983358428547199, "idstr": "4983358428547199", "mid": "4983358428547199", "mblogid": "NyYx4zRw3", "user": {"id": 3742660887, "idstr": "3742660887", "pc_new": 7, "screen_name": "Atrovirens-孟", "profile_image_url": "https://tvax4.sinaimg.cn/crop.0.0.512.512.50/df147917ly8hle5v4hqgyj20e80e8gm9.jpg?KID=imgbed,tva&amp;Expires=1704618360&amp;ssig=fmAeQJ5mih", "profile_url": "/u/3742660887", "verified": true, "verified_type": 0, "domain": "", "weihao": "", "verified_type_ext": 1, "avatar_large": "https://tvax4.sinaimg.cn/crop.0.0.512.512.180/df147917ly8hle5v4hqgyj20e80e8gm9.jpg?KID=imgbed,tva&amp;Expires=1704618360&amp;ssig=Yl9TcBjObv", "avatar_hd": "https://tvax4.sinaimg.cn/crop.0.0.512.512.1024/df147917ly8hle5v4hqgyj20e80e8gm9.jpg?KID=imgbed,tva&amp;Expires=1704618360&amp;ssig=4jfdnBlLyr", "follow_me": false, "following": false, "mbrank": 2, "mbtype": 12, "v_plus": 0, "planet_video": false, "icon_list": [{"type": "vip", "data": {"mbrank": 2, "mbtype": 12, "svip": 1, "vvip": 1}}]}, "can_edit": false, "edit_count": 2, "text_raw": "#jackeylove[超话]# 【主播气晕了】\n\n“准备进攻的时候我人就没了，猫咪给我ping了个❓可能觉得我在装b”\n“我wegame上面显示我是MVP翻盘局，然后超神，下面带了个标签‘逃跑什么的最讨厌了’”\n（气到后仰）（躺平）（淡淡的发出一声）\n“牛逼”\n“MVP扣22分！”\n\n“这把没道理的，我帮队友撑住了前中 ​​​", "textLength": 363, "annotations": [[], {"super_tag_id": "4609533837443234"}, {"client_mblogid": "iPhone-B7CA38FE-E475-4A84-A956-C47B3E141A05"}, {"source_text": "一切顺利.", "phone_id": "7346"}, {"mapi_request": true}], "source": "一切顺利.iPhone XR", "favorited": false, "buttons": [{"type": "follow", "name": "加关注", "pic": "http://u1.sinaimg.cn/upload/2013/06/14/timeline_card_small_button_icon_add.png", "params": {"uid": 3742660887}, "actionlog": {"act_code": 92, "uicode": "10000100", "oid": "4983358428547199", "cardid": "1076030002_3742660887"}}], "rid": "6_0_50_163965659351130279_0_0_0", "cardid": "star_1155", "pic_ids": [], "pic_num": 0, "is_paid": false, "pic_bg_new": "http://vip.storage.weibo.com/feed_cover/star_1155_mobile_new.png?version=2021091501", "mblog_vip_type": 0, "number_display_strategy": {"apply_scenario_flag": 3, "display_text_min_number": 1000000, "display_text": "100万+"}, "title_source": {"name": "jackeylove超话", "url": "sinaweibo://pageinfo?pageid=100808b048c2bac197d03d36db936b8d250fe8&amp;extparam=jackeylove", "image": "http://wx1.sinaimg.cn/thumbnail/900c5932ly8hk03s7fdyzj20lj0ns0u5.jpg"}, "reposts_count": 232, "comments_count": 77, "attitudes_count": 1362, "attitudes_status": 0, "continue_tag": {"title": "全文", "pic": "http://h5.sinaimg.cn/upload/2015/09/25/3/timeline_card_small_article.png", "scheme": "sinaweibo://detail?mblogid=4983358428547199&amp;id=4983358428547199&amp;next_fid=232530_supergroup&amp;feed_detail_type=1", "cleaned": true}, "isLongText": true, "mlevel": 0, "content_auth": 0, "is_show_bulletin": 3, "comment_manage_info": {"comment_permission_type": -1, "approval_comment_type": 0, "comment_sort_type": 0}, "screen_name_suffix_new": [{"content": "Atrovirens-孟", "remark": "", "color": "FF333333", "dark_color": "FFD3D3D3", "type": 1, "truncation": {"mode": 1}}, {"content": "jackeylove超话", "color": "FF507DAF", "dark_color": "FF7691b9", "type": 2, "scheme": "sinaweibo://pageinfo?pageid=100808b048c2bac197d03d36db936b8d250fe8&amp;extparam=jackeylove&amp;extension=%7B%22mblog_object_ref%22%3A%22topic%22%7D", "icons": [{"url": "https://h5.sinaimg.cn/upload/1000/808/2020/02/17/andriod_chaohua_header.png", "scheme": "sinaweibo://pageinfo?pageid=100808b048c2bac197d03d36db936b8d250fe8&amp;extparam=jackeylove", "cleaned": true}], "icons_location": 0, "truncation": {"mode": 1, "keep_end_size": 2}, "actionlog": {"act_code": 1404, "oid": "1022:100808b048c2bac197d03d36db936b8d250fe8", "uicode": "", "luicode": "", "fid": "1076036499137849_-_WEIBO_SECOND_PROFILE_WEIBO", "ext": "mid:4983358428547199|source_type:3|uid:7774910775|analysis_extra:follow:0|new_style:1"}, "cleaned": true}], "share_repost_type": 0, "url_struct": [{"url_title": "Atrovirens-孟的微博视频", "url_type_pic": "https://h5.sinaimg.cn/upload/2015/09/25/3/timeline_card_small_video.png", "ori_url": "sinaweibo://video/vvs?mid=4983358428547199&amp;object_id=1034:4983357969465360&amp;url_type=39&amp;object_type=video&amp;pos=1", "page_id": "2304444983357969465360", "short_url": "http://t.cn/A6ljh0SP", "long_url": "https://video.weibo.com/show?fid=1034:4983357969465360", "url_type": 39, "result": false, "actionlog": {"act_type": 1, "act_code": 300, "oid": "1034:4983357969465360", "uuid": 4983358210965701, "cardid": "", "lcardid": "", "uicode": "", "luicode": "", "fid": "1076036499137849_-_WEIBO_SECOND_PROFILE_WEIBO", "lfid": "", "ext": "mid:4983358428547199|rid:6_0_50_163965659351130279_0_0_0|short_url:http://t.cn/A6ljh0SP|long_url:https://video.weibo.com/show?fid=1034:4983357969465360|comment_id:|miduid:3742660887|rootmid:4983358428547199|rootuid:3742660887|authorid:3742660887|uuid:4983358210965701|is_ad_weibo:0|analysis_card:url_struct"}, "storage_type": "oss", "hide": 0, "object_type": "", "ttl": 3600, "h5_target_url": "https://video.weibo.com/show?fid=1034:4983357969465360&amp;from=1FFFF96039&amp;weiboauthoruid=3742660887", "need_save_obj": 0}, {"url_title": "jackeylove超话", "url_type_pic": "https://h5.sinaimg.cn/upload/100/959/2020/05/09/timeline_card_small_super.png", "ori_url": "sinaweibo://pageinfo?containerid=100808b048c2bac197d03d36db936b8d250fe8&amp;extparam=jackeylove&amp;extension=%7B%22mblog_object_ref%22%3A%22content%22%7D", "page_id": "100808b048c2bac197d03d36db936b8d250fe8", "short_url": "#jackeylove[超话]#", "long_url": "", "url_type": "", "result": false, "actionlog": {"act_type": 1, "act_code": 300, "oid": "1022:100808b048c2bac197d03d36db936b8d250fe8", "uuid": 3912516185932431, "cardid": "", "lcardid": "", "uicode": "", "luicode": "", "fid": "1076036499137849_-_WEIBO_SECOND_PROFILE_WEIBO", "lfid": "", "ext": "mid:4983358428547199|rid:6_0_50_163965659351130279_0_0_0|short_url:|long_url:|comment_id:|miduid:3742660887|rootmid:4983358428547199|rootuid:3742660887|authorid:|uuid:3912516185932431|is_ad_weibo:0|analysis_card:url_struct"}, "storage_type": "", "hide": 0, "object_type": "", "h5_target_url": "https://huati.weibo.com/k/jackeylove?from=1FFFF96039&amp;weiboauthoruid=3742660887", "need_save_obj": 0}], "title": {"text": "她2023-12-27赞过的微博(2)", "structs": [{"name": "她2023-12-27赞过的微博(2)", "scheme": "sinaweibo://cardlist?containerid=2308696499137849_-_mix", "cleaned": true}]}, "mblogtype": 0, "showFeedRepost": false, "showFeedComment": false, "pictureViewerSign": false, "showPictureViewer": false, "rcList": [], "text": "&lt;a href=\"//s.weibo.com/weibo?q=%23jackeylove%5B%E8%B6%85%E8%AF%9D%5D%23\" target=\"_blank\"&gt;&lt;a target=\"_blank\" href=\"https://weibo.com/p/100808b048c2bac197d03d36db936b8d250fe8\"&gt;&lt;img class=\"icon-link\" src=\"https://h5.sinaimg.cn/upload/100/959/2020/05/09/timeline_card_small_super_default.png\"/&gt;jackeylove超话&lt;/a&gt;&lt;/a&gt; 【主播气晕了】&lt;br /&gt;&lt;br /&gt;“准备进攻的时候我人就没了，猫咪给我ping了个❓可能觉得我在装b”&lt;br /&gt;“我wegame上面显示我是MVP翻盘局，然后超神，下面带了个标签‘逃跑什么的最讨厌了’”&lt;br /&gt;（气到后仰）（躺平）（淡淡的发出一声）&lt;br /&gt;“牛逼”&lt;br /&gt;“MVP扣22分！”&lt;br /&gt;&lt;br /&gt;“这把没道理的，我帮队友撑住了前中 ​​​ ...&lt;span class=\"expand\"&gt;展开&lt;/span&gt;", "region_name": "发布于 江西", "customIcons": [], "page_info": {"type": "11", "page_id": "2304444983357969465360", "object_type": "video", "object_id": "1034:4983357969465360", "content1": "Atrovirens-孟的微博视频", "content2": "#jackeylove[超话]# 【主播气晕了】\n\n“我wegame上面显示我是MVP翻盘局，然后超神，下面带了个标签‘逃跑什么的最讨厌了’”\n（气到后仰）（躺平）（淡淡的发出一声）\n“牛逼”\n\n“这把没道理的，我帮队友撑住了前中后期，就差要拿分了，把我踢啦？”\n\n早知道这么好笑", "act_status": 1, "media_info": {"name": "Atrovirens-孟的微博视频", "stream_url": "http://f.video.weibocdn.com/o0/l3zGjuMylx08bg2BpLGo01041200iMmb0E010.mp4?label=mp4_ld&amp;template=640x360.25.0&amp;ori=0&amp;ps=1CwnkDw1GXwCQx&amp;Expires=1704611160&amp;ssig=yajtZ2tLeI&amp;KID=unistore,video", "stream_url_hd": "http://f.video.weibocdn.com/o0/YuRjECAAlx08bg2BTOkM01041200t8Na0E010.mp4?label=mp4_hd&amp;template=852x480.25.0&amp;ori=0&amp;ps=1CwnkDw1GXwCQx&amp;Expires=1704611160&amp;ssig=JMF%2BRTBPgG&amp;KID=unistore,video", "format": "mp4", "h5_url": "https://video.weibo.com/show?fid=1034:4983357969465360", "mp4_sd_url": "http://f.video.weibocdn.com/o0/l3zGjuMylx08bg2BpLGo01041200iMmb0E010.mp4?label=mp4_ld&amp;template=640x360.25.0&amp;ori=0&amp;ps=1CwnkDw1GXwCQx&amp;Expires=1704611160&amp;ssig=yajtZ2tLeI&amp;KID=unistore,video", "mp4_hd_url": "http://f.video.weibocdn.com/o0/YuRjECAAlx08bg2BTOkM01041200t8Na0E010.mp4?label=mp4_hd&amp;template=852x480.25.0&amp;ori=0&amp;ps=1CwnkDw1GXwCQx&amp;Expires=1704611160&amp;ssig=JMF%2BRTBPgG&amp;KID=unistore,video", "h265_mp4_hd": "", "h265_mp4_ld": "", "inch_4_mp4_hd": "", "inch_5_mp4_hd": "", "inch_5_5_mp4_hd": "", "mp4_720p_mp4": "http://f.video.weibocdn.com/o0/qnvBtUh2lx08bg2BZLTi01041200RX8X0E010.mp4?label=mp4_720p&amp;template=1280x720.25.0&amp;ori=0&amp;ps=1CwnkDw1GXwCQx&amp;Expires=1704611160&amp;ssig=SF2SNoC0Xh&amp;KID=unistore,video", "hevc_mp4_720p": "", "prefetch_type": 1, "prefetch_size": 262144, "act_status": 1, "protocol": "general,dash", "media_id": "4983357969465360", "origin_total_bitrate": 12497860, "video_orientation": "horizontal", "duration": 113, "forward_strategy": -1, "search_scheme": "sinaweibo://svssearch?containerid=232080", "is_short_video": 0, "vote_is_show": 0, "belong_collection": 1, "titles_display_time": "3", "show_progress_bar": 1, "show_mute_button": true, "ext_info": {"video_orientation": "horizontal"}, "next_title": "#jackeylove[超话]# 【主播气晕了】\n\n“准备进攻的时候我人就没了，猫咪给我ping了个❓可能觉得我在装b”\n“我wegame上面显示我是MVP翻盘局，然后超神，下面带了个标签‘逃跑什么的最讨厌了’”\n（气到后仰）（躺平）（淡淡的发出一声）\n“牛逼”\n“MVP扣22分！”\n\n“这把没道理的，我帮队友撑住了前中", "kol_title": "太强了被踢出来了", "play_completion_actions": [{"type": "1", "icon": "https://h5.sinaimg.cn/upload/100/1413/2021/12/22/feed_video_icon_replay.png", "text": "重播", "link": "", "btn_code": 1000, "show_position": 1, "actionlog": {"oid": "2304444983357969465360", "act_code": 1221, "act_type": 0, "source": "video"}}, {"type": 6, "icon": "https://tvax4.sinaimg.cn/crop.0.0.512.512.180/df147917ly8hle5v4hqgyj20e80e8gm9.jpg?KID=imgbed,tva&amp;Expires=1704618360&amp;ssig=Yl9TcBjObv", "text": "", "display_mode": 2, "display_starttime": 5, "display_endtime": 99999, "countdown_time": 5, "show_position": 48, "scheme": "", "link": "", "btn_code": 1009, "actionlog": {"oid": "2304444983357969465360", "act_code": 91, "act_type": 0, "source": "video", "ext": "mid:4983358428547199|oid:1034:4983357969465360|muid:3742660887|authorid:3742660887"}, "ext": {"uid": "3742660887", "user_name": "Atrovirens-孟", "followers_count": 200717, "verified": true, "verified_type": 0, "verified_type_ext": 1, "verified_reason": "电竞博主", "level": 3}, "display_type": 0}], "video_publish_time": 1703608646, "play_loop_type": 0, "video_title": "太强了被踢出来了", "author_mid": "4983358428547199", "author_name": "Atrovirens-孟", "extra_info": {"sceneid": "profile_mb"}, "video_download_strategy": {"abandon_download": 0}, "jump_to": 6, "big_pic_info": {"pic_big": {"height": 1080, "url": "https://wx4.sinaimg.cn/orj1080/df147917ly1hl7qxrsy4bj21hc0u078b.jpg", "width": 1920}, "pic_small": {"height": 150, "url": "https://wx4.sinaimg.cn/or180/df147917ly1hl7qxrsy4bj21hc0u078b.jpg", "width": 266}, "pic_middle": {"height": 270, "url": "https://wx4.sinaimg.cn/or360/df147917ly1hl7qxrsy4bj21hc0u078b.jpg", "width": 480}}, "online_users": "21.8万次观看", "online_users_number": 218816, "ttl": 3600, "storage_type": "oss", "is_keep_current_mblog": 0, "playback_list": [{"meta": {"label": "mp4_1080p", "quality_index": 1080, "quality_desc": "高清", "quality_label": "1080p", "quality_class": "HD", "type": 1, "quality_group": 1080, "is_hidden": false}, "play_info": {"type": 1, "mime": "video/mp4", "protocol": "general", "label": "mp4_1080p", "url": "https://f.video.weibocdn.com/o0/LtZbjrNplx08bg2DrYMU01041201s1wh0E010.mp4?label=mp4_1080p&amp;template=1920x1080.25.0&amp;media_id=4983357969465360&amp;tp=8x8A3El:YTkl0eM8&amp;us=0&amp;ori=1&amp;bf=4&amp;ot=h&amp;lp=00003MndIw&amp;ps=mZ6WB&amp;uid=8uaJsH&amp;ab=,8012-g2,3601-g32,8013-g0,3601-g31,3601-g36,3601-g19,3601-g36,12739-g1&amp;Expires=1704611160&amp;ssig=QFUfFUMF8o&amp;KID=unistore,video", "bitrate": 1513833, "prefetch_range": "0-1408079", "video_codecs": "avc1.640032", "fps": 30, "width": 1920, "height": 1080, "size": 21455365, "duration": 113.382, "sar": "0.0", "audio_codecs": "mp4a.40.5", "audio_sample_rate": 44100, "quality_label": "1080p", "quality_class": "HD", "quality_desc": "高清", "audio_channels": 2, "audio_sample_fmt": "fltp", "audio_bits_per_sample": 0, "watermark": "none", "extension": {"transcode_info": {"pcdn_rule_id": 0, "pcdn_jank": 0, "origin_video_dr": "SDR", "ab_strategies": ",8012-g2,3601-g32,8013-g0,3601-g31,3601-g36,3601-g19,3601-g36,12739-g1"}}, "video_decoder": "hard", "prefetch_enabled": true, "tcp_receive_buffer": 262144, "dolby_atmos": false, "color_transfer": "bt709", "first_pkt_end_pos": 203057}}, {"meta": {"label": "mp4_720p", "quality_index": 720, "quality_desc": "高清", "quality_label": "720p", "quality_class": "HD", "type": 1, "quality_group": 720, "is_hidden": false}, "play_info": {"type": 1, "mime": "video/mp4", "protocol": "general", "label": "mp4_720p", "url": "https://f.video.weibocdn.com/o0/qnvBtUh2lx08bg2BZLTi01041200RX8X0E010.mp4?label=mp4_720p&amp;template=1280x720.25.0&amp;media_id=4983357969465360&amp;tp=8x8A3El:YTkl0eM8&amp;us=0&amp;ori=1&amp;bf=4&amp;ot=h&amp;lp=00003MndIw&amp;ps=mZ6WB&amp;uid=8uaJsH&amp;ab=,8012-g2,3601-g32,8013-g0,3601-g31,3601-g36,3601-g19,3601-g36,12739-g1&amp;Expires=1704611160&amp;ssig=SF2SNoC0Xh&amp;KID=unistore,video", "bitrate": 907277, "prefetch_range": "0-798524", "video_codecs": "avc1.64001f", "fps": 30, "width": 1280, "height": 720, "size": 12858735, "duration": 113.382, "sar": "0.0", "audio_codecs": "mp4a.40.5", "audio_sample_rate": 44100, "quality_label": "720p", "quality_class": "HD", "quality_desc": "高清", "audio_channels": 2, "audio_sample_fmt": "fltp", "audio_bits_per_sample": 0, "watermark": "none", "extension": {"transcode_info": {"pcdn_rule_id": 0, "pcdn_jank": 0, "origin_video_dr": "SDR", "ab_strategies": ",8012-g2,3601-g32,8013-g0,3601-g31,3601-g36,3601-g19,3601-g36,12739-g1"}}, "video_decoder": "hard", "prefetch_enabled": true, "tcp_receive_buffer": 262144, "dolby_atmos": false, "color_transfer": "bt709", "first_pkt_end_pos": 166015}}, {"meta": {"label": "mp4_hd", "quality_index": 480, "quality_desc": "标清", "quality_label": "480p", "quality_class": "SD", "type": 1, "quality_group": 480, "is_hidden": false}, "play_info": {"type": 1, "mime": "video/mp4", "protocol": "general", "label": "mp4_hd", "url": "https://f.video.weibocdn.com/o0/YuRjECAAlx08bg2BTOkM01041200t8Na0E010.mp4?label=mp4_hd&amp;template=852x480.25.0&amp;media_id=4983357969465360&amp;tp=8x8A3El:YTkl0eM8&amp;us=0&amp;ori=1&amp;bf=4&amp;ot=h&amp;lp=00003MndIw&amp;ps=mZ6WB&amp;uid=8uaJsH&amp;ab=,8012-g2,3601-g32,8013-g0,3601-g31,3601-g36,3601-g19,3601-g36,12739-g1&amp;Expires=1704611160&amp;ssig=JMF%2BRTBPgG&amp;KID=unistore,video", "bitrate": 490042, "prefetch_range": "0-477649", "video_codecs": "avc1.64001f", "fps": 30, "width": 852, "height": 480, "size": 6945312, "duration": 113.382, "sar": "0.0", "audio_codecs": "mp4a.40.5", "audio_sample_rate": 44100, "quality_label": "480p", "quality_class": "SD", "quality_desc": "标清", "audio_channels": 2, "audio_sample_fmt": "fltp", "audio_bits_per_sample": 0, "watermark": "none", "extension": {"transcode_info": {"pcdn_rule_id": 0, "pcdn_jank": 0, "origin_video_dr": "SDR", "ab_strategies": ",8012-g2,3601-g32,8013-g0,3601-g31,3601-g36,3601-g19,3601-g36,12739-g1"}}, "video_decoder": "hard", "prefetch_enabled": true, "tcp_receive_buffer": 262144, "dolby_atmos": false, "color_transfer": "bt709", "first_pkt_end_pos": 131932}}, {"meta": {"label": "scrubber_hd", "quality_index": 480, "quality_desc": "标清", "quality_label": "480p", "quality_class": "SD", "type": 3, "quality_group": 480, "is_hidden": false}, "play_info": {"type": 3, "mime": "image/jpeg", "protocol": "general", "label": "scrubber_hd", "url": "https://wx3.sinaimg.cn/large/df147917ly1hl7qy1gvrdj20qo46012j.jpg?media_id=4983357969465360&amp;tp=8x8A3El:YTkl0eM8&amp;us=0&amp;ori=1&amp;bf=4&amp;ot=h&amp;lp=00003MndIw&amp;ps=mZ6WB&amp;uid=8uaJsH&amp;ab=,8012-g2,3601-g32,8013-g0,3601-g31,3601-g36,3601-g19,3601-g36,12739-g1&amp;Expires=1704611160&amp;ssig=2PEPqOrMe%2B&amp;KID=unistore,video", "prefetch_range": "0-512000", "width": 320, "height": 180, "quality_label": "480p", "quality_class": "SD", "quality_desc": "标清", "extension": {"transcode_info": {"pcdn_rule_id": 0, "pcdn_jank": 0, "origin_video_dr": "SDR", "ab_strategies": ",8012-g2,3601-g32,8013-g0,3601-g31,3601-g36,3601-g19,3601-g36,12739-g1"}}, "video_decoder": "hard", "prefetch_enabled": true, "tcp_receive_buffer": 262144, "col": 3, "row": 30, "interval": 2, "offset": 1, "urls": ["http://wx4.sinaimg.cn/large/df147917ly1hl7qy1gvrdj20qo46012j.jpg"]}}, {"meta": {"label": "mp4_ld", "quality_index": 360, "quality_desc": "流畅", "quality_label": "360p", "quality_class": "SD", "type": 1, "quality_group": 360, "is_hidden": false}, "play_info": {"type": 1, "mime": "video/mp4", "protocol": "general", "label": "mp4_ld", "url": "https://f.video.weibocdn.com/o0/l3zGjuMylx08bg2BpLGo01041200iMmb0E010.mp4?label=mp4_ld&amp;template=640x360.25.0&amp;media_id=4983357969465360&amp;tp=8x8A3El:YTkl0eM8&amp;us=0&amp;ori=1&amp;bf=4&amp;ot=h&amp;lp=00003MndIw&amp;ps=mZ6WB&amp;uid=8uaJsH&amp;ab=,8012-g2,3601-g32,8013-g0,3601-g31,3601-g36,3601-g19,3601-g36,12739-g1&amp;Expires=1704611160&amp;ssig=yajtZ2tLeI&amp;KID=unistore,video", "bitrate": 315799, "prefetch_range": "0-338531", "video_codecs": "avc1.64001e", "fps": 30, "width": 640, "height": 360, "size": 4475791, "duration": 113.382, "sar": "0.0", "audio_codecs": "mp4a.40.5", "audio_sample_rate": 44100, "quality_label": "360p", "quality_class": "SD", "quality_desc": "流畅", "audio_channels": 2, "audio_sample_fmt": "fltp", "audio_bits_per_sample": 0, "watermark": "none", "extension": {"transcode_info": {"pcdn_rule_id": 0, "pcdn_jank": 0, "origin_video_dr": "SDR", "ab_strategies": ",8012-g2,3601-g32,8013-g0,3601-g31,3601-g36,3601-g19,3601-g36,12739-g1"}}, "video_decoder": "hard", "prefetch_enabled": true, "tcp_receive_buffer": 262144, "dolby_atmos": false, "color_transfer": "bt709", "first_pkt_end_pos": 119979}}], "author_info": {"id": 3742660887, "idstr": "3742660887", "pc_new": 7, "screen_name": "Atrovirens-孟", "profile_image_url": "https://tvax4.sinaimg.cn/crop.0.0.512.512.50/df147917ly8hle5v4hqgyj20e80e8gm9.jpg?KID=imgbed,tva&amp;Expires=1704618360&amp;ssig=fmAeQJ5mih", "profile_url": "/u/3742660887", "verified": true, "verified_type": 0, "domain": "", "weihao": "", "verified_type_ext": 1, "avatar_large": "https://tvax4.sinaimg.cn/crop.0.0.512.512.180/df147917ly8hle5v4hqgyj20e80e8gm9.jpg?KID=imgbed,tva&amp;Expires=1704618360&amp;ssig=Yl9TcBjObv", "avatar_hd": "https://tvax4.sinaimg.cn/crop.0.0.512.512.1024/df147917ly8hle5v4hqgyj20e80e8gm9.jpg?KID=imgbed,tva&amp;Expires=1704618360&amp;ssig=4jfdnBlLyr", "follow_me": false, "following": false, "mbrank": 2, "mbtype": 12, "v_plus": 0, "planet_video": false, "verified_reason": "电竞博主", "description": "虽然你不是水我不是鱼", "location": "其他", "gender": "f", "followers_count": 200720, "followers_count_str": "20.1万", "friends_count": 290, "statuses_count": 9195, "url": "", "svip": 1, "vvip": 1, "cover_image_phone": "https://wx3.sinaimg.cn/crop.0.0.640.640.640/df147917ly1hlel4w7s56j20e80e8q6e.jpg"}}, "page_pic": "https://wx4.sinaimg.cn/orj480/df147917ly1hl7qxrsy4bj21hc0u078b.jpg", "page_title": "Atrovirens-孟的微博视频", "page_url": "sinaweibo://infopage?containerid=2304444983357969465360&amp;containerid=2304444983357969465360&amp;url_type=39&amp;object_type=video&amp;pos=2", "pic_info": {"pic_big": {"height": "480", "url": "https://wx4.sinaimg.cn/orj480/df147917ly1hl7qxrsy4bj21hc0u078b.jpg", "width": "852"}, "pic_small": {"height": "480", "url": "https://wx4.sinaimg.cn/orj480/df147917ly1hl7qxrsy4bj21hc0u078b.jpg", "width": "852"}, "pic_middle": {"url": "https://wx4.sinaimg.cn/orj480/df147917ly1hl7qxrsy4bj21hc0u078b.jpg", "height": "480", "width": "852"}}, "oid": "3742660887", "type_icon": "", "author_id": "3742660887", "authorid": "3742660887", "warn": "", "actionlog": {"act_type": 1, "act_code": 799, "lcardid": "", "fid": "1076036499137849_-_WEIBO_SECOND_PROFILE_WEIBO", "mid": "4983358428547199", "oid": "1034:4983357969465360", "uuid": 4983358210965701, "source": "video", "ext": "uid:7774910775|mid:4983358428547199|objectid:1034%3A4983357969465360|from:1|object_duration:113.382|miduid:3742660887|rootuid:3742660887|rootmid:4983358428547199|authorid:3742660887|video_orientation:horizontal|third_vid:|is_album:1|is_contribution:0|video_tags:|isfan:0|ua:Mozilla/5.0 (Windows NT 10.0; Win64; x64) AppleWebKit/537.36 (KHTML, like Gecko) Chrome/120.0.0.0 Safari/537.36 WeiboPro/1.0.0|sceneid:profile_mb|uuid:4983358210965701|detail:native|contribution:0|short_video:0|st_video:1|author_mid:4983358428547199|cluster_type_status:|is_ad_weibo:0|t_id:4852091529920542|t_name:%E5%90%88%E9%9B%86+%C2%B7+JKL%E7%9B%B4%E6%92%AD|type:2|analysis_card:page_info"}, "short_url": "http://t.cn/A6ljh0SP"}, "followBtnCode": {"uid": 3742660887}}