{"visible": {"type": 0, "list_id": 0}, "created_at": "Wed Dec 27 14:37:12 +0800 2023", "id": 4983569542022034, "idstr": "4983569542022034", "mid": "4983569542022034", "mblogid": "Nz41A8u1s", "user": {"id": 6499137849, "idstr": "6499137849", "pc_new": 7, "screen_name": "冻梨好吃", "profile_image_url": "https://tvax3.sinaimg.cn/crop.0.0.962.962.50/0075PIE1ly8hkxs7vsob4j30qq0qq76e.jpg?KID=imgbed,tva&amp;Expires=1704618360&amp;ssig=gEB7uqcXvP", "profile_url": "/u/6499137849", "verified": false, "verified_type": -1, "domain": "", "weihao": "", "avatar_large": "https://tvax3.sinaimg.cn/crop.0.0.962.962.180/0075PIE1ly8hkxs7vsob4j30qq0qq76e.jpg?KID=imgbed,tva&amp;Expires=1704618360&amp;ssig=2NHxZ%2F6yL2", "avatar_hd": "https://tvax3.sinaimg.cn/crop.0.0.962.962.1024/0075PIE1ly8hkxs7vsob4j30qq0qq76e.jpg?KID=imgbed,tva&amp;Expires=1704618360&amp;ssig=epYg4KLpoK", "follow_me": false, "following": false, "mbrank": 0, "mbtype": 0, "v_plus": 0, "planet_video": false, "icon_list": []}, "can_edit": false, "text_raw": "现在拍剧，一个好的人设就已经领先一步了，反之则。 ​​​", "textLength": 48, "annotations": [{"photo_sub_type": "0,0,0"}, {"client_mblogid": "1d201604-611d-468c-884a-fbe06a4894b9"}, {"source_text": "", "phone_id": "266"}, {"mapi_request": true}], "source": "Android", "favorited": false, "rid": "5_0_50_163965659351130279_0_0_0", "pic_ids": ["0075PIE1ly1hl8c2hxp7qj30qo12t44k", "0075PIE1ly1hl8c314hzzj30qn170gr6", "0075PIE1ly1hl8c2jn6h1j30qo1fhq9f"], "pic_focus_point": [{"focus_point": {"left": 0.039635338, "top": 0.2543132, "width": 0.9579743, "height": 0.49624795}, "pic_id": "0075PIE1ly1hl8c2jn6h1j30qo1fhq9f"}, {"focus_point": {"left": 0.01130035, "top": 0.17288047, "width": 0.98869956, "height": 0.6123903}, "pic_id": "0075PIE1ly1hl8c314hzzj30qn170gr6"}, {"focus_point": {"left": 0.015424203, "top": 0.16230431, "width": 0.9845757, "height": 0.6766507}, "pic_id": "0075PIE1ly1hl8c2hxp7qj30qo12t44k"}], "pic_num": 3, "pic_infos": {"0075PIE1ly1hl8c2hxp7qj30qo12t44k": {"thumbnail": {"url": "https://wx4.sinaimg.cn/wap180/0075PIE1ly1hl8c2hxp7qj30qo12t44k.jpg", "width": 123, "height": 180, "cut_type": 1, "type": ""}, "bmiddle": {"url": "https://wx4.sinaimg.cn/wap360/0075PIE1ly1hl8c2hxp7qj30qo12t44k.jpg", "width": 247, "height": 360, "cut_type": 1, "type": ""}, "large": {"url": "https://wx4.sinaimg.cn/orj960/0075PIE1ly1hl8c2hxp7qj30qo12t44k.jpg", "width": 960, "height": 1397, "cut_type": 1, "type": ""}, "original": {"url": "https://wx4.sinaimg.cn/orj1080/0075PIE1ly1hl8c2hxp7qj30qo12t44k.jpg", "width": 960, "height": 1397, "cut_type": 1, "type": ""}, "largest": {"url": "https://wx4.sinaimg.cn/large/0075PIE1ly1hl8c2hxp7qj30qo12t44k.jpg", "width": 960, "height": 1397, "cut_type": 1, "type": ""}, "mw2000": {"url": "https://wx4.sinaimg.cn/mw2000/0075PIE1ly1hl8c2hxp7qj30qo12t44k.jpg", "width": 960, "height": 1397, "cut_type": 1, "type": ""}, "focus_point": {"left": 0.015424203, "top": 0.16230431, "width": 0.9845757, "height": 0.6766507}, "object_id": "1042018:95e1c715f090c6b01721541f8a306655", "pic_id": "0075PIE1ly1hl8c2hxp7qj30qo12t44k", "photo_tag": 0, "type": "pic", "pic_status": 1}, "0075PIE1ly1hl8c314hzzj30qn170gr6": {"thumbnail": {"url": "https://wx4.sinaimg.cn/wap180/0075PIE1ly1hl8c314hzzj30qn170gr6.jpg", "width": 111, "height": 180, "cut_type": 1, "type": ""}, "bmiddle": {"url": "https://wx4.sinaimg.cn/wap360/0075PIE1ly1hl8c314hzzj30qn170gr6.jpg", "width": 223, "height": 360, "cut_type": 1, "type": ""}, "large": {"url": "https://wx4.sinaimg.cn/orj960/0075PIE1ly1hl8c314hzzj30qn170gr6.jpg", "width": 959, "height": 1548, "cut_type": 1, "type": ""}, "original": {"url": "https://wx4.sinaimg.cn/orj1080/0075PIE1ly1hl8c314hzzj30qn170gr6.jpg", "width": 959, "height": 1548, "cut_type": 1, "type": ""}, "largest": {"url": "https://wx4.sinaimg.cn/large/0075PIE1ly1hl8c314hzzj30qn170gr6.jpg", "width": 959, "height": 1548, "cut_type": 1, "type": ""}, "mw2000": {"url": "https://wx4.sinaimg.cn/mw2000/0075PIE1ly1hl8c314hzzj30qn170gr6.jpg", "width": 959, "height": 1548, "cut_type": 1, "type": ""}, "focus_point": {"left": 0.01130035, "top": 0.17288047, "width": 0.98869956, "height": 0.6123903}, "object_id": "1042018:203cec705c02569bee2ae2fe4abf6bbf", "pic_id": "0075PIE1ly1hl8c314hzzj30qn170gr6", "photo_tag": 0, "type": "pic", "pic_status": 1}, "0075PIE1ly1hl8c2jn6h1j30qo1fhq9f": {"thumbnail": {"url": "https://wx2.sinaimg.cn/wap180/0075PIE1ly1hl8c2jn6h1j30qo1fhq9f.jpg", "width": 93, "height": 180, "cut_type": 1, "type": ""}, "bmiddle": {"url": "https://wx2.sinaimg.cn/wap360/0075PIE1ly1hl8c2jn6h1j30qo1fhq9f.jpg", "width": 186, "height": 360, "cut_type": 1, "type": ""}, "large": {"url": "https://wx2.sinaimg.cn/orj960/0075PIE1ly1hl8c2jn6h1j30qo1fhq9f.jpg", "width": 960, "height": 1853, "cut_type": 1, "type": ""}, "original": {"url": "https://wx2.sinaimg.cn/orj1080/0075PIE1ly1hl8c2jn6h1j30qo1fhq9f.jpg", "width": 960, "height": 1853, "cut_type": 1, "type": ""}, "largest": {"url": "https://wx2.sinaimg.cn/large/0075PIE1ly1hl8c2jn6h1j30qo1fhq9f.jpg", "width": 960, "height": 1853, "cut_type": 1, "type": ""}, "mw2000": {"url": "https://wx2.sinaimg.cn/mw2000/0075PIE1ly1hl8c2jn6h1j30qo1fhq9f.jpg", "width": 960, "height": 1853, "cut_type": 1, "type": ""}, "focus_point": {"left": 0.039635338, "top": 0.2543132, "width": 0.9579743, "height": 0.49624795}, "object_id": "1042018:f51dd288d93e90e1a88723ed16398323", "pic_id": "0075PIE1ly1hl8c2jn6h1j30qo1fhq9f", "photo_tag": 0, "type": "pic", "pic_status": 1}}, "is_paid": false, "mblog_vip_type": 0, "number_display_strategy": {"apply_scenario_flag": 3, "display_text_min_number": 1000000, "display_text": "100万+"}, "reposts_count": 0, "comments_count": 2, "attitudes_count": 0, "attitudes_status": 0, "isLongText": false, "mlevel": 0, "content_auth": 0, "is_show_bulletin": 2, "comment_manage_info": {"comment_permission_type": -1, "approval_comment_type": 0, "comment_sort_type": 0}, "share_repost_type": 0, "mblogtype": 0, "showFeedRepost": false, "showFeedComment": false, "pictureViewerSign": false, "showPictureViewer": false, "rcList": [], "text": "现在拍剧，一个好的人设就已经领先一步了，反之则。 ​​​", "region_name": "发布于 辽宁", "customIcons": []}