{"visible": {"type": 0, "list_id": 0}, "created_at": "Wed Dec 27 10:34:59 +0800 2023", "id": 4983508592492738, "idstr": "4983508592492738", "mid": "4983508592492738", "mblogid": "Nz2rhasts", "user": {"id": 6499137849, "idstr": "6499137849", "pc_new": 7, "screen_name": "冻梨好吃", "profile_image_url": "https://tvax3.sinaimg.cn/crop.0.0.962.962.50/0075PIE1ly8hkxs7vsob4j30qq0qq76e.jpg?KID=imgbed,tva&amp;Expires=1704618360&amp;ssig=gEB7uqcXvP", "profile_url": "/u/6499137849", "verified": false, "verified_type": -1, "domain": "", "weihao": "", "avatar_large": "https://tvax3.sinaimg.cn/crop.0.0.962.962.180/0075PIE1ly8hkxs7vsob4j30qq0qq76e.jpg?KID=imgbed,tva&amp;Expires=1704618360&amp;ssig=2NHxZ%2F6yL2", "avatar_hd": "https://tvax3.sinaimg.cn/crop.0.0.962.962.1024/0075PIE1ly8hkxs7vsob4j30qq0qq76e.jpg?KID=imgbed,tva&amp;Expires=1704618360&amp;ssig=epYg4KLpoK", "follow_me": false, "following": false, "mbrank": 0, "mbtype": 0, "v_plus": 0, "planet_video": false, "icon_list": []}, "can_edit": false, "text_raw": "这么突然？？", "annotations": [{"client_mblogid": "e3f32df5-a8fe-4444-b530-eabcffdf75db"}, {"mapi_request": true}], "source": "Android", "favorited": false, "rid": "10_0_50_163965659351130279_0_0_0", "pic_ids": [], "pic_num": 0, "is_paid": false, "mblog_vip_type": 0, "number_display_strategy": {"apply_scenario_flag": 3, "display_text_min_number": 1000000, "display_text": "100万+"}, "reposts_count": 0, "comments_count": 1, "attitudes_count": 0, "attitudes_status": 0, "isLongText": false, "mlevel": 0, "content_auth": 0, "is_show_bulletin": 2, "comment_manage_info": {"comment_permission_type": -1, "approval_comment_type": 0, "comment_sort_type": 0}, "repost_type": 1, "share_repost_type": 0, "topic_struct": [{"title": "", "topic_url": "sinaweibo://searchall?containerid=231522&amp;q=%23%E6%9D%8E%E5%96%84%E5%9D%87%E5%8E%BB%E4%B8%96%23&amp;extparam=%23%E6%9D%8E%E5%96%84%E5%9D%87%E5%8E%BB%E4%B8%96%23", "topic_title": "李善均去世", "actionlog": {"act_type": 1, "act_code": 300, "oid": "1022:23152237963a86bf2f4e74e2f2d084314df299", "uuid": 4983501643579679, "cardid": "", "lcardid": "", "uicode": "", "luicode": "", "fid": "1076036499137849_-_WEIBO_SECOND_PROFILE_WEIBO", "lfid": "", "ext": "mid:4983502158169693|rid:10_0_50_163965659351130279_0_0_0|short_url:|long_url:|comment_id:|miduid:6499137849|rootmid:4983502158169693|rootuid:1642591402|authorid:|uuid:4983501643579679|is_ad_weibo:0"}}, {"title": "", "topic_url": "sinaweibo://searchall?containerid=231522&amp;q=%23%E6%9D%8E%E5%96%84%E5%9D%87%E7%96%91%E4%BC%BC%E7%87%83%E7%A2%B3%E8%87%AA%E6%9D%80%23&amp;extparam=%23%E6%9D%8E%E5%96%84%E5%9D%87%E7%96%91%E4%BC%BC%E7%87%83%E7%A2%B3%E8%87%AA%E6%9D%80%23", "topic_title": "李善均疑似燃碳自杀", "actionlog": {"act_type": 1, "act_code": 300, "oid": "1022:231522af89964687c75cc9bfcfbf1388170400", "uuid": 4983503229026387, "cardid": "", "lcardid": "", "uicode": "", "luicode": "", "fid": "1076036499137849_-_WEIBO_SECOND_PROFILE_WEIBO", "lfid": "", "ext": "mid:4983502158169693|rid:10_0_50_163965659351130279_0_0_0|short_url:|long_url:|comment_id:|miduid:6499137849|rootmid:4983502158169693|rootuid:1642591402|authorid:|uuid:4983503229026387|is_ad_weibo:0"}}], "mblogtype": 0, "showFeedRepost": false, "showFeedComment": false, "pictureViewerSign": false, "showPictureViewer": false, "rcList": [], "text": "这么突然？？", "region_name": "发布于 辽宁", "customIcons": [], "retweeted_status": {"visible": {"type": 0, "list_id": 0}, "created_at": "Wed Dec 27 10:09:26 +0800 2023", "id": 4983502158169693, "idstr": "4983502158169693", "mid": "4983502158169693", "mblogid": "Nz2gTyhjf", "user": {"id": 1642591402, "idstr": "1642591402", "pc_new": 7, "screen_name": "新浪娱乐", "profile_image_url": "https://tvax2.sinaimg.cn/crop.7.1.678.678.50/001Na93Ily8h8v3oqly0jj60j60j6ab302.jpg?KID=imgbed,tva&amp;Expires=1704618360&amp;ssig=spIED4n%2FzU", "profile_url": "/u/1642591402", "verified": true, "verified_type": 3, "domain": "entpaparazzi", "weihao": "", "verified_type_ext": 50, "avatar_large": "https://tvax2.sinaimg.cn/crop.7.1.678.678.180/001Na93Ily8h8v3oqly0jj60j60j6ab302.jpg?KID=imgbed,tva&amp;Expires=1704618360&amp;ssig=Zsut85jcLB", "avatar_hd": "https://tvax2.sinaimg.cn/crop.7.1.678.678.1024/001Na93Ily8h8v3oqly0jj60j60j6ab302.jpg?KID=imgbed,tva&amp;Expires=1704618360&amp;ssig=ElrjAj5gx8", "follow_me": false, "following": false, "mbrank": 1, "mbtype": 12, "v_plus": 0, "planet_video": false, "icon_list": [{"type": "vip", "data": {"mbrank": 1, "mbtype": 12, "svip": 1, "vvip": 1}}]}, "can_edit": false, "edit_count": 3, "text_raw": "#李善均去世# 据韩媒27日报道，演员李善均被发现死亡在卧龙公园。警方接到报案，李善均被发现晕倒在车内，疑似燃碳自杀。#李善均疑似燃碳自杀# ​​​", "textLength": 140, "annotations": [{"photo_sub_type": "0,0"}, {"source_text": "", "phone_id": ""}, {"mapi_request": true}], "source": "微博网页版", "favorited": false, "buttons": [{"type": "follow", "name": "加关注", "params": {"uid": 1642591402, "disable_group": 1, "extparams": {"followcardid": "1008080010_"}}, "actionlog": {"act_code": "92", "oid": "4983502158169693"}}], "rid": "10_0_50_163965659351130279_0_0_0", "cardid": "star_1722", "pic_ids": ["001Na93Ily1hl84f1mrvbj60j50heq6l02", "001Na93Ily1hl84f464ixj60kj0ugq6y02"], "pic_focus_point": [{"focus_point": {"left": 0.34348, "top": 0.10655, "width": 0.31304, "height": 0.29423}, "pic_id": "001Na93Ily1hl84f464ixj60kj0ugq6y02"}, {"focus_point": {"left": 0.1988, "top": 0.03428, "width": 0.60629, "height": 0.66731}, "pic_id": "001Na93Ily1hl84f1mrvbj60j50heq6l02"}], "geo": "", "pic_num": 2, "pic_infos": {"001Na93Ily1hl84f1mrvbj60j50heq6l02": {"thumbnail": {"url": "https://wx2.sinaimg.cn/wap180/001Na93Ily1hl84f1mrvbj60j50heq6l02.jpg", "width": 180, "height": 163, "cut_type": 1, "type": ""}, "bmiddle": {"url": "https://wx2.sinaimg.cn/wap360/001Na93Ily1hl84f1mrvbj60j50heq6l02.jpg", "width": 360, "height": 327, "cut_type": 1, "type": ""}, "large": {"url": "https://wx2.sinaimg.cn/orj960/001Na93Ily1hl84f1mrvbj60j50heq6l02.jpg", "width": 689, "height": 626, "cut_type": 1, "type": ""}, "original": {"url": "https://wx2.sinaimg.cn/orj1080/001Na93Ily1hl84f1mrvbj60j50heq6l02.jpg", "width": 689, "height": 626, "cut_type": 1, "type": ""}, "largest": {"url": "https://wx2.sinaimg.cn/large/001Na93Ily1hl84f1mrvbj60j50heq6l02.jpg", "width": 689, "height": 626, "cut_type": 1, "type": ""}, "mw2000": {"url": "https://wx2.sinaimg.cn/mw2000/001Na93Ily1hl84f1mrvbj60j50heq6l02.jpg", "width": 689, "height": 626, "cut_type": 1, "type": ""}, "focus_point": {"left": 0.1988, "top": 0.03428, "width": 0.60629, "height": 0.66731}, "object_id": "1042018:5db090794985ddd0ef4bc4a38fa1aba7", "pic_id": "001Na93Ily1hl84f1mrvbj60j50heq6l02", "photo_tag": 0, "type": "pic", "pic_status": 1}, "001Na93Ily1hl84f464ixj60kj0ugq6y02": {"thumbnail": {"url": "https://wx2.sinaimg.cn/wap180/001Na93Ily1hl84f464ixj60kj0ugq6y02.jpg", "width": 121, "height": 180, "cut_type": 1, "type": ""}, "bmiddle": {"url": "https://wx2.sinaimg.cn/wap360/001Na93Ily1hl84f464ixj60kj0ugq6y02.jpg", "width": 242, "height": 360, "cut_type": 1, "type": ""}, "large": {"url": "https://wx2.sinaimg.cn/orj960/001Na93Ily1hl84f464ixj60kj0ugq6y02.jpg", "width": 739, "height": 1096, "cut_type": 1, "type": ""}, "original": {"url": "https://wx2.sinaimg.cn/orj1080/001Na93Ily1hl84f464ixj60kj0ugq6y02.jpg", "width": 739, "height": 1096, "cut_type": 1, "type": ""}, "largest": {"url": "https://wx2.sinaimg.cn/large/001Na93Ily1hl84f464ixj60kj0ugq6y02.jpg", "width": 739, "height": 1096, "cut_type": 1, "type": ""}, "mw2000": {"url": "https://wx2.sinaimg.cn/mw2000/001Na93Ily1hl84f464ixj60kj0ugq6y02.jpg", "width": 739, "height": 1096, "cut_type": 1, "type": ""}, "focus_point": {"left": 0.34348, "top": 0.10655, "width": 0.31304, "height": 0.29423}, "object_id": "1042018:60f9630234052ea94c29ee445f4bfdb2", "pic_id": "001Na93Ily1hl84f464ixj60kj0ugq6y02", "photo_tag": 0, "type": "pic", "pic_status": 1}}, "is_paid": false, "mblog_vip_type": 0, "reposts_count": 2906, "comments_count": 3374, "attitudes_count": 19620, "attitudes_status": 0, "isLongText": false, "mlevel": 0, "content_auth": 0, "is_show_bulletin": 2, "comment_manage_info": {"comment_permission_type": -1, "approval_comment_type": 0, "comment_sort_type": 0, "ai_play_picture_type": 0}, "mblogtype": 0, "showFeedRepost": false, "showFeedComment": false, "pictureViewerSign": false, "showPictureViewer": false, "rcList": [], "text": "&lt;a href=\"//s.weibo.com/weibo?q=%23%E6%9D%8E%E5%96%84%E5%9D%87%E5%8E%BB%E4%B8%96%23\" target=\"_blank\"&gt;#李善均去世#&lt;/a&gt; 据韩媒27日报道，演员李善均被发现死亡在卧龙公园。警方接到报案，李善均被发现晕倒在车内，疑似燃碳自杀。&lt;a href=\"//s.weibo.com/weibo?q=%23%E6%9D%8E%E5%96%84%E5%9D%87%E7%96%91%E4%BC%BC%E7%87%83%E7%A2%B3%E8%87%AA%E6%9D%80%23\" target=\"_blank\"&gt;#李善均疑似燃碳自杀#&lt;/a&gt; ​​​", "customIcons": []}}