{"visible": {"type": 0, "list_id": 0}, "created_at": "Wed Dec 27 02:14:56 +0800 2023", "id": 4983382750789714, "idstr": "4983382750789714", "mid": "4983382750789714", "mblogid": "NyZaj3jrk", "user": {"id": 6499137849, "idstr": "6499137849", "pc_new": 7, "screen_name": "冻梨好吃", "profile_image_url": "https://tvax3.sinaimg.cn/crop.0.0.962.962.50/0075PIE1ly8hkxs7vsob4j30qq0qq76e.jpg?KID=imgbed,tva&amp;Expires=1704618360&amp;ssig=gEB7uqcXvP", "profile_url": "/u/6499137849", "verified": false, "verified_type": -1, "domain": "", "weihao": "", "avatar_large": "https://tvax3.sinaimg.cn/crop.0.0.962.962.180/0075PIE1ly8hkxs7vsob4j30qq0qq76e.jpg?KID=imgbed,tva&amp;Expires=1704618360&amp;ssig=2NHxZ%2F6yL2", "avatar_hd": "https://tvax3.sinaimg.cn/crop.0.0.962.962.1024/0075PIE1ly8hkxs7vsob4j30qq0qq76e.jpg?KID=imgbed,tva&amp;Expires=1704618360&amp;ssig=epYg4KLpoK", "follow_me": false, "following": false, "mbrank": 0, "mbtype": 0, "v_plus": 0, "planet_video": false, "icon_list": []}, "can_edit": false, "text_raw": "这个如此之显眼的丑帽子和明德弟脸上的肥肉一样让人杨伟。。。如果没有将是多么美妙的一件事 ​​​", "textLength": 86, "annotations": [{"photo_sub_type": "0"}, {"client_mblogid": "93e9fbe0-5498-4a07-b2d5-e0b7b4cc4699"}, {"source_text": "", "phone_id": "266"}, {"mapi_request": true}], "source": "Android", "favorited": false, "rid": "13_0_50_163965659351130279_0_0_0", "pic_ids": ["0075PIE1gy1hl7qmak0wsj30uh0u00w5"], "pic_focus_point": [{"focus_point": {"left": 0, "top": 0, "width": 1, "height": 1}, "pic_id": "0075PIE1gy1hl7qmak0wsj30uh0u00w5"}], "pic_num": 1, "pic_infos": {"0075PIE1gy1hl7qmak0wsj30uh0u00w5": {"thumbnail": {"url": "https://wx3.sinaimg.cn/wap180/0075PIE1gy1hl7qmak0wsj30uh0u00w5.jpg", "width": 180, "height": 177, "cut_type": 1, "type": ""}, "bmiddle": {"url": "https://wx3.sinaimg.cn/wap360/0075PIE1gy1hl7qmak0wsj30uh0u00w5.jpg", "width": 360, "height": 354, "cut_type": 1, "type": ""}, "large": {"url": "https://wx3.sinaimg.cn/orj960/0075PIE1gy1hl7qmak0wsj30uh0u00w5.jpg", "width": 975, "height": 960, "cut_type": 1, "type": ""}, "original": {"url": "https://wx3.sinaimg.cn/orj1080/0075PIE1gy1hl7qmak0wsj30uh0u00w5.jpg", "width": 1097, "height": 1080, "cut_type": 1, "type": ""}, "largest": {"url": "https://wx3.sinaimg.cn/large/0075PIE1gy1hl7qmak0wsj30uh0u00w5.jpg", "width": 1097, "height": 1080, "cut_type": 1, "type": ""}, "mw2000": {"url": "https://wx3.sinaimg.cn/mw2000/0075PIE1gy1hl7qmak0wsj30uh0u00w5.jpg", "width": 1097, "height": 1080, "cut_type": 1, "type": ""}, "focus_point": {"left": 0, "top": 0, "width": 1, "height": 1}, "object_id": "1042018:56fd07e82e32e6137bb723c0d36f6f4c", "pic_id": "0075PIE1gy1hl7qmak0wsj30uh0u00w5", "photo_tag": 0, "type": "pic", "pic_status": 1}}, "is_paid": false, "mblog_vip_type": 0, "number_display_strategy": {"apply_scenario_flag": 3, "display_text_min_number": 1000000, "display_text": "100万+"}, "reposts_count": 0, "comments_count": 0, "attitudes_count": 0, "attitudes_status": 0, "isLongText": false, "mlevel": 0, "content_auth": 0, "is_show_bulletin": 2, "comment_manage_info": {"comment_permission_type": -1, "approval_comment_type": 0, "comment_sort_type": 0}, "share_repost_type": 0, "mblogtype": 0, "showFeedRepost": false, "showFeedComment": false, "pictureViewerSign": false, "showPictureViewer": false, "rcList": [], "text": "这个如此之显眼的丑帽子和明德弟脸上的肥肉一样让人杨伟。。。如果没有将是多么美妙的一件事 ​​​", "region_name": "发布于 辽宁", "customIcons": []}