{"visible": {"type": 0, "list_id": 0}, "created_at": "Thu Dec 28 00:28:12 +0800 2023", "id": 4983718273355563, "idstr": "4983718273355563", "mid": "4983718273355563", "mblogid": "Nz7Tte4VZ", "user": {"id": 6499137849, "idstr": "6499137849", "pc_new": 7, "screen_name": "冻梨好吃", "profile_image_url": "https://tvax3.sinaimg.cn/crop.0.0.962.962.50/0075PIE1ly8hkxs7vsob4j30qq0qq76e.jpg?KID=imgbed,tva&amp;Expires=1704618343&amp;ssig=gdyrtJbHr8", "profile_url": "/u/6499137849", "verified": false, "verified_type": -1, "domain": "", "weihao": "", "avatar_large": "https://tvax3.sinaimg.cn/crop.0.0.962.962.180/0075PIE1ly8hkxs7vsob4j30qq0qq76e.jpg?KID=imgbed,tva&amp;Expires=1704618343&amp;ssig=y6HeYFb4ja", "avatar_hd": "https://tvax3.sinaimg.cn/crop.0.0.962.962.1024/0075PIE1ly8hkxs7vsob4j30qq0qq76e.jpg?KID=imgbed,tva&amp;Expires=1704618343&amp;ssig=RTh5vPXe3%2B", "follow_me": false, "following": false, "mbrank": 0, "mbtype": 0, "v_plus": 0, "planet_video": false, "icon_list": []}, "can_edit": false, "text_raw": "私密马赛[汪洋海蓝比心] ​​​", "textLength": 22, "annotations": [{"photo_sub_type": "0"}, {"client_mblogid": "942e5ccc-8e02-493d-ba41-00985ce83349"}, {"source_text": "", "phone_id": "266"}, {"mapi_request": true}], "source": "Android", "favorited": false, "rid": "16_0_50_5118214532681387449_0_0_0", "pic_ids": ["0075PIE1ly1hl8t8t3zyzj30l01gugrj"], "pic_num": 1, "pic_infos": {"0075PIE1ly1hl8t8t3zyzj30l01gugrj": {"thumbnail": {"url": "https://wx4.sinaimg.cn/wap180/0075PIE1ly1hl8t8t3zyzj30l01gugrj.jpg", "width": 71, "height": 180, "cut_type": 1, "type": ""}, "bmiddle": {"url": "https://wx4.sinaimg.cn/wap360/0075PIE1ly1hl8t8t3zyzj30l01gugrj.jpg", "width": 143, "height": 360, "cut_type": 1, "type": ""}, "large": {"url": "https://wx4.sinaimg.cn/orj960/0075PIE1ly1hl8t8t3zyzj30l01gugrj.jpg", "width": 756, "height": 1902, "cut_type": 1, "type": ""}, "original": {"url": "https://wx4.sinaimg.cn/orj1080/0075PIE1ly1hl8t8t3zyzj30l01gugrj.jpg", "width": 756, "height": 1902, "cut_type": 1, "type": ""}, "largest": {"url": "https://wx4.sinaimg.cn/large/0075PIE1ly1hl8t8t3zyzj30l01gugrj.jpg", "width": 756, "height": 1902, "cut_type": 1, "type": ""}, "mw2000": {"url": "https://wx4.sinaimg.cn/mw2000/0075PIE1ly1hl8t8t3zyzj30l01gugrj.jpg", "width": 756, "height": 1902, "cut_type": 1, "type": ""}, "object_id": "1042018:130cdaa3288df1fb025586795eb13af0", "pic_id": "0075PIE1ly1hl8t8t3zyzj30l01gugrj", "photo_tag": 0, "type": "pic", "pic_status": 1}}, "is_paid": false, "mblog_vip_type": 0, "number_display_strategy": {"apply_scenario_flag": 3, "display_text_min_number": 1000000, "display_text": "100万+"}, "reposts_count": 0, "comments_count": 0, "attitudes_count": 0, "attitudes_status": 0, "isLongText": false, "mlevel": 0, "content_auth": 0, "is_show_bulletin": 2, "comment_manage_info": {"comment_permission_type": -1, "approval_comment_type": 0, "comment_sort_type": 0}, "share_repost_type": 0, "mblogtype": 0, "showFeedRepost": false, "showFeedComment": false, "pictureViewerSign": false, "showPictureViewer": false, "rcList": [], "text": "私密马赛&lt;img alt=\"[汪洋海蓝比心]\" title=\"[汪洋海蓝比心]\" src=\"https://face.t.sinajs.cn/t4/appstyle/expression/ext/normal/93/2023_BlueSeaHeart_org.png\" /&gt; ​​​", "region_name": "发布于 辽宁", "customIcons": []}