{"visible": {"type": 0, "list_id": 0}, "created_at": "Tue Dec 26 17:54:24 +0800 2023", "id": 4983256782736837, "idstr": "4983256782736837", "mid": "4983256782736837", "mblogid": "NyVT8btYx", "user": {"id": 6499137849, "idstr": "6499137849", "pc_new": 7, "screen_name": "冻梨好吃", "profile_image_url": "https://tvax3.sinaimg.cn/crop.0.0.962.962.50/0075PIE1ly8hkxs7vsob4j30qq0qq76e.jpg?KID=imgbed,tva&amp;Expires=1704618360&amp;ssig=gEB7uqcXvP", "profile_url": "/u/6499137849", "verified": false, "verified_type": -1, "domain": "", "weihao": "", "avatar_large": "https://tvax3.sinaimg.cn/crop.0.0.962.962.180/0075PIE1ly8hkxs7vsob4j30qq0qq76e.jpg?KID=imgbed,tva&amp;Expires=1704618360&amp;ssig=2NHxZ%2F6yL2", "avatar_hd": "https://tvax3.sinaimg.cn/crop.0.0.962.962.1024/0075PIE1ly8hkxs7vsob4j30qq0qq76e.jpg?KID=imgbed,tva&amp;Expires=1704618360&amp;ssig=epYg4KLpoK", "follow_me": false, "following": false, "mbrank": 0, "mbtype": 0, "v_plus": 0, "planet_video": false, "icon_list": []}, "can_edit": false, "text_raw": "这么一看也看了挺多的，怎么一点印象都没有了 ​​​", "textLength": 42, "annotations": [{"photo_sub_type": "0,0,0,0,0,0,0"}, {"client_mblogid": "6bd69bce-45a9-41e7-a428-930e86aa2e79"}, {"source_text": "", "phone_id": "266"}, {"mapi_request": true}], "source": "Android", "favorited": false, "rid": "19_0_50_163965659351130279_0_0_0", "pic_ids": ["0075PIE1gy1hl7c6qjy5mj30p41gu466", "0075PIE1gy1hl7c6r0kykj30p71gujyk", "0075PIE1gy1hl7c6rn4z9j30p51gujz5", "0075PIE1gy1hl7c6sjubej30p91gudnf", "0075PIE1gy1hl7c6t42djj30p71gun3y", "0075PIE1gy1hl7c6tlfbaj30p21gutfh", "0075PIE1gy1hl7c8uziv2j30p61980wl"], "pic_focus_point": [{"focus_point": {"left": 0.44927537, "top": 0.2717742, "width": 0.123188406, "height": 0.06854839}, "pic_id": "0075PIE1gy1hl7c8uziv2j30p61980wl"}, {"focus_point": {"left": 0.3869565, "top": 0.20549828, "width": 0.1115942, "height": 0.052920964}, "pic_id": "0075PIE1gy1hl7c6tlfbaj30p21gutfh"}, {"focus_point": {"left": 0.6652174, "top": 0.7926745, "width": 0.20434782, "height": 0.097442985}, "pic_id": "0075PIE1gy1hl7c6t42djj30p71gun3y"}, {"focus_point": {"left": 0.21594203, "top": 0.46398893, "width": 0.6362319, "height": 0.37811634}, "pic_id": "0075PIE1gy1hl7c6sjubej30p91gudnf"}, {"focus_point": {"left": 0.13623188, "top": 0.40413794, "width": 0.7492754, "height": 0.3151724}, "pic_id": "0075PIE1gy1hl7c6rn4z9j30p51gujz5"}, {"focus_point": {"left": 0.24927536, "top": 0.7028335, "width": 0.35362318, "height": 0.16378714}, "pic_id": "0075PIE1gy1hl7c6r0kykj30p71gujyk"}, {"focus_point": {"left": 0.78550726, "top": 0.8333333, "width": 0.057971016, "height": 0.027548209}, "pic_id": "0075PIE1gy1hl7c6qjy5mj30p41gu466"}], "pic_num": 7, "pic_infos": {"0075PIE1gy1hl7c6qjy5mj30p41gu466": {"thumbnail": {"url": "https://wx3.sinaimg.cn/wap180/0075PIE1gy1hl7c6qjy5mj30p41gu466.jpg", "width": 85, "height": 180, "cut_type": 1, "type": ""}, "bmiddle": {"url": "https://wx3.sinaimg.cn/wap360/0075PIE1gy1hl7c6qjy5mj30p41gu466.jpg", "width": 171, "height": 360, "cut_type": 1, "type": ""}, "large": {"url": "https://wx3.sinaimg.cn/orj960/0075PIE1gy1hl7c6qjy5mj30p41gu466.jpg", "width": 904, "height": 1902, "cut_type": 1, "type": ""}, "original": {"url": "https://wx3.sinaimg.cn/orj1080/0075PIE1gy1hl7c6qjy5mj30p41gu466.jpg", "width": 904, "height": 1902, "cut_type": 1, "type": ""}, "largest": {"url": "https://wx3.sinaimg.cn/large/0075PIE1gy1hl7c6qjy5mj30p41gu466.jpg", "width": 904, "height": 1902, "cut_type": 1, "type": ""}, "mw2000": {"url": "https://wx3.sinaimg.cn/mw2000/0075PIE1gy1hl7c6qjy5mj30p41gu466.jpg", "width": 904, "height": 1902, "cut_type": 1, "type": ""}, "focus_point": {"left": 0.78550726, "top": 0.8333333, "width": 0.057971016, "height": 0.027548209}, "object_id": "1042018:f7058da5513cb8d48bfbdf910a10b950", "pic_id": "0075PIE1gy1hl7c6qjy5mj30p41gu466", "photo_tag": 0, "type": "pic", "pic_status": 1}, "0075PIE1gy1hl7c6r0kykj30p71gujyk": {"thumbnail": {"url": "https://wx2.sinaimg.cn/wap180/0075PIE1gy1hl7c6r0kykj30p71gujyk.jpg", "width": 85, "height": 180, "cut_type": 1, "type": ""}, "bmiddle": {"url": "https://wx2.sinaimg.cn/wap360/0075PIE1gy1hl7c6r0kykj30p71gujyk.jpg", "width": 171, "height": 360, "cut_type": 1, "type": ""}, "large": {"url": "https://wx2.sinaimg.cn/orj960/0075PIE1gy1hl7c6r0kykj30p71gujyk.jpg", "width": 907, "height": 1902, "cut_type": 1, "type": ""}, "original": {"url": "https://wx2.sinaimg.cn/orj1080/0075PIE1gy1hl7c6r0kykj30p71gujyk.jpg", "width": 907, "height": 1902, "cut_type": 1, "type": ""}, "largest": {"url": "https://wx2.sinaimg.cn/large/0075PIE1gy1hl7c6r0kykj30p71gujyk.jpg", "width": 907, "height": 1902, "cut_type": 1, "type": ""}, "mw2000": {"url": "https://wx2.sinaimg.cn/mw2000/0075PIE1gy1hl7c6r0kykj30p71gujyk.jpg", "width": 907, "height": 1902, "cut_type": 1, "type": ""}, "focus_point": {"left": 0.24927536, "top": 0.7028335, "width": 0.35362318, "height": 0.16378714}, "object_id": "1042018:475c261c40bfa2808899c9adb95feba7", "pic_id": "0075PIE1gy1hl7c6r0kykj30p71gujyk", "photo_tag": 0, "type": "pic", "pic_status": 1}, "0075PIE1gy1hl7c6rn4z9j30p51gujz5": {"thumbnail": {"url": "https://wx2.sinaimg.cn/wap180/0075PIE1gy1hl7c6rn4z9j30p51gujz5.jpg", "width": 85, "height": 180, "cut_type": 1, "type": ""}, "bmiddle": {"url": "https://wx2.sinaimg.cn/wap360/0075PIE1gy1hl7c6rn4z9j30p51gujz5.jpg", "width": 171, "height": 360, "cut_type": 1, "type": ""}, "large": {"url": "https://wx2.sinaimg.cn/orj960/0075PIE1gy1hl7c6rn4z9j30p51gujz5.jpg", "width": 905, "height": 1902, "cut_type": 1, "type": ""}, "original": {"url": "https://wx2.sinaimg.cn/orj1080/0075PIE1gy1hl7c6rn4z9j30p51gujz5.jpg", "width": 905, "height": 1902, "cut_type": 1, "type": ""}, "largest": {"url": "https://wx2.sinaimg.cn/large/0075PIE1gy1hl7c6rn4z9j30p51gujz5.jpg", "width": 905, "height": 1902, "cut_type": 1, "type": ""}, "mw2000": {"url": "https://wx2.sinaimg.cn/mw2000/0075PIE1gy1hl7c6rn4z9j30p51gujz5.jpg", "width": 905, "height": 1902, "cut_type": 1, "type": ""}, "focus_point": {"left": 0.13623188, "top": 0.40413794, "width": 0.7492754, "height": 0.3151724}, "object_id": "1042018:11cba66558887b1693a6e716cb28291d", "pic_id": "0075PIE1gy1hl7c6rn4z9j30p51gujz5", "photo_tag": 0, "type": "pic", "pic_status": 1}, "0075PIE1gy1hl7c6sjubej30p91gudnf": {"thumbnail": {"url": "https://wx4.sinaimg.cn/wap180/0075PIE1gy1hl7c6sjubej30p91gudnf.jpg", "width": 86, "height": 180, "cut_type": 1, "type": ""}, "bmiddle": {"url": "https://wx4.sinaimg.cn/wap360/0075PIE1gy1hl7c6sjubej30p91gudnf.jpg", "width": 172, "height": 360, "cut_type": 1, "type": ""}, "large": {"url": "https://wx4.sinaimg.cn/orj960/0075PIE1gy1hl7c6sjubej30p91gudnf.jpg", "width": 909, "height": 1902, "cut_type": 1, "type": ""}, "original": {"url": "https://wx4.sinaimg.cn/orj1080/0075PIE1gy1hl7c6sjubej30p91gudnf.jpg", "width": 909, "height": 1902, "cut_type": 1, "type": ""}, "largest": {"url": "https://wx4.sinaimg.cn/large/0075PIE1gy1hl7c6sjubej30p91gudnf.jpg", "width": 909, "height": 1902, "cut_type": 1, "type": ""}, "mw2000": {"url": "https://wx4.sinaimg.cn/mw2000/0075PIE1gy1hl7c6sjubej30p91gudnf.jpg", "width": 909, "height": 1902, "cut_type": 1, "type": ""}, "focus_point": {"left": 0.21594203, "top": 0.46398893, "width": 0.6362319, "height": 0.37811634}, "object_id": "1042018:faf22b0adf8f3c18ad15e926f0263b64", "pic_id": "0075PIE1gy1hl7c6sjubej30p91gudnf", "photo_tag": 0, "type": "pic", "pic_status": 1}, "0075PIE1gy1hl7c6t42djj30p71gun3y": {"thumbnail": {"url": "https://wx4.sinaimg.cn/wap180/0075PIE1gy1hl7c6t42djj30p71gun3y.jpg", "width": 85, "height": 180, "cut_type": 1, "type": ""}, "bmiddle": {"url": "https://wx4.sinaimg.cn/wap360/0075PIE1gy1hl7c6t42djj30p71gun3y.jpg", "width": 171, "height": 360, "cut_type": 1, "type": ""}, "large": {"url": "https://wx4.sinaimg.cn/orj960/0075PIE1gy1hl7c6t42djj30p71gun3y.jpg", "width": 907, "height": 1902, "cut_type": 1, "type": ""}, "original": {"url": "https://wx4.sinaimg.cn/orj1080/0075PIE1gy1hl7c6t42djj30p71gun3y.jpg", "width": 907, "height": 1902, "cut_type": 1, "type": ""}, "largest": {"url": "https://wx4.sinaimg.cn/large/0075PIE1gy1hl7c6t42djj30p71gun3y.jpg", "width": 907, "height": 1902, "cut_type": 1, "type": ""}, "mw2000": {"url": "https://wx4.sinaimg.cn/mw2000/0075PIE1gy1hl7c6t42djj30p71gun3y.jpg", "width": 907, "height": 1902, "cut_type": 1, "type": ""}, "focus_point": {"left": 0.6652174, "top": 0.7926745, "width": 0.20434782, "height": 0.097442985}, "object_id": "1042018:173e8a2fe1ba075edf4d28c0819ca866", "pic_id": "0075PIE1gy1hl7c6t42djj30p71gun3y", "photo_tag": 0, "type": "pic", "pic_status": 1}, "0075PIE1gy1hl7c6tlfbaj30p21gutfh": {"thumbnail": {"url": "https://wx2.sinaimg.cn/wap180/0075PIE1gy1hl7c6tlfbaj30p21gutfh.jpg", "width": 85, "height": 180, "cut_type": 1, "type": ""}, "bmiddle": {"url": "https://wx2.sinaimg.cn/wap360/0075PIE1gy1hl7c6tlfbaj30p21gutfh.jpg", "width": 170, "height": 360, "cut_type": 1, "type": ""}, "large": {"url": "https://wx2.sinaimg.cn/orj960/0075PIE1gy1hl7c6tlfbaj30p21gutfh.jpg", "width": 902, "height": 1902, "cut_type": 1, "type": ""}, "original": {"url": "https://wx2.sinaimg.cn/orj1080/0075PIE1gy1hl7c6tlfbaj30p21gutfh.jpg", "width": 902, "height": 1902, "cut_type": 1, "type": ""}, "largest": {"url": "https://wx2.sinaimg.cn/large/0075PIE1gy1hl7c6tlfbaj30p21gutfh.jpg", "width": 902, "height": 1902, "cut_type": 1, "type": ""}, "mw2000": {"url": "https://wx2.sinaimg.cn/mw2000/0075PIE1gy1hl7c6tlfbaj30p21gutfh.jpg", "width": 902, "height": 1902, "cut_type": 1, "type": ""}, "focus_point": {"left": 0.3869565, "top": 0.20549828, "width": 0.1115942, "height": 0.052920964}, "object_id": "1042018:eeac6da390a0a78d3b0dbbcc7291be87", "pic_id": "0075PIE1gy1hl7c6tlfbaj30p21gutfh", "photo_tag": 0, "type": "pic", "pic_status": 1}, "0075PIE1gy1hl7c8uziv2j30p61980wl": {"thumbnail": {"url": "https://wx2.sinaimg.cn/wap180/0075PIE1gy1hl7c8uziv2j30p61980wl.jpg", "width": 100, "height": 180, "cut_type": 1, "type": ""}, "bmiddle": {"url": "https://wx2.sinaimg.cn/wap360/0075PIE1gy1hl7c8uziv2j30p61980wl.jpg", "width": 200, "height": 360, "cut_type": 1, "type": ""}, "large": {"url": "https://wx2.sinaimg.cn/orj960/0075PIE1gy1hl7c8uziv2j30p61980wl.jpg", "width": 906, "height": 1628, "cut_type": 1, "type": ""}, "original": {"url": "https://wx2.sinaimg.cn/orj1080/0075PIE1gy1hl7c8uziv2j30p61980wl.jpg", "width": 906, "height": 1628, "cut_type": 1, "type": ""}, "largest": {"url": "https://wx2.sinaimg.cn/large/0075PIE1gy1hl7c8uziv2j30p61980wl.jpg", "width": 906, "height": 1628, "cut_type": 1, "type": ""}, "mw2000": {"url": "https://wx2.sinaimg.cn/mw2000/0075PIE1gy1hl7c8uziv2j30p61980wl.jpg", "width": 906, "height": 1628, "cut_type": 1, "type": ""}, "focus_point": {"left": 0.44927537, "top": 0.2717742, "width": 0.123188406, "height": 0.06854839}, "object_id": "1042018:ace7bf1b9239d599dfda14f17cae8789", "pic_id": "0075PIE1gy1hl7c8uziv2j30p61980wl", "photo_tag": 0, "type": "pic", "pic_status": 1}}, "is_paid": false, "mblog_vip_type": 0, "number_display_strategy": {"apply_scenario_flag": 3, "display_text_min_number": 1000000, "display_text": "100万+"}, "reposts_count": 0, "comments_count": 0, "attitudes_count": 0, "attitudes_status": 0, "isLongText": false, "mlevel": 0, "content_auth": 0, "is_show_bulletin": 2, "comment_manage_info": {"comment_permission_type": -1, "approval_comment_type": 0, "comment_sort_type": 0}, "share_repost_type": 0, "mblogtype": 0, "showFeedRepost": false, "showFeedComment": false, "pictureViewerSign": false, "showPictureViewer": false, "rcList": [], "text": "这么一看也看了挺多的，怎么一点印象都没有了 ​​​", "region_name": "发布于 辽宁", "customIcons": []}