{"visible": {"type": 0, "list_id": 0}, "created_at": "Tue Dec 26 18:24:28 +0800 2023", "id": 4983264350312880, "idstr": "4983264350312880", "mid": "4983264350312880", "mblogid": "NyW5l1jos", "user": {"id": 5966770936, "idstr": "5966770936", "pc_new": 0, "screen_name": "JackeyLoveasdzz", "profile_image_url": "https://tvax2.sinaimg.cn/crop.0.0.512.512.50/006vNXGUly8gdgjb2mbi8j30e80e83z3.jpg?KID=imgbed,tva&amp;Expires=1704618360&amp;ssig=Z9WhzC5yoq", "profile_url": "/u/5966770936", "verified": true, "verified_type": 0, "domain": "", "weihao": "", "verified_type_ext": 2, "avatar_large": "https://tvax2.sinaimg.cn/crop.0.0.512.512.180/006vNXGUly8gdgjb2mbi8j30e80e83z3.jpg?KID=imgbed,tva&amp;Expires=1704618360&amp;ssig=rJFCt%2FHT%2Ft", "avatar_hd": "https://tvax2.sinaimg.cn/crop.0.0.512.512.1024/006vNXGUly8gdgjb2mbi8j30e80e83z3.jpg?KID=imgbed,tva&amp;Expires=1704618360&amp;ssig=EMG%2FL%2BgSV5", "follow_me": false, "following": false, "mbrank": 2, "mbtype": 12, "v_plus": 0, "planet_video": false, "icon_list": [{"type": "vip", "data": {"mbrank": 2, "mbtype": 12, "svip": 1, "vvip": 1}}]}, "can_edit": false, "text_raw": "奥迪 X 滔搏新表情包到手，哥几个先用上了。 ​​​", "textLength": 41, "annotations": [{"photo_sub_type": "0"}, {"client_mblogid": "iPhone-BE2AEADC-7961-4A5C-A1CE-881233123659"}, {"source_text": "", "phone_id": "-1"}, {"mapi_request": true}], "source": "", "favorited": false, "buttons": [{"type": "follow", "name": "加关注", "pic": "http://u1.sinaimg.cn/upload/2013/06/14/timeline_card_small_button_icon_add.png", "params": {"uid": 5966770936}, "actionlog": {"act_code": 92, "uicode": "10000100", "oid": "4983264350312880", "cardid": "1076030002_5966770936"}}], "mark": "999_reallog_mark_ad:999|WeiboADNatural", "rid": "17_0_50_163965659351130279_0_0_0", "cardid": "star_1393", "pic_ids": ["006vNXGUly1hl7d40o672j30v91voaps"], "pic_focus_point": [{"focus_point": {"left": 0.058411352, "top": 0.25522137, "width": 0.9415885, "height": 0.43487027}, "pic_id": "006vNXGUly1hl7d40o672j30v91voaps"}], "pic_num": 1, "pic_infos": {"006vNXGUly1hl7d40o672j30v91voaps": {"thumbnail": {"url": "https://wx4.sinaimg.cn/wap180/006vNXGUly1hl7d40o672j30v91voaps.jpg", "width": 83, "height": 180, "cut_type": 1, "type": ""}, "bmiddle": {"url": "https://wx4.sinaimg.cn/wap360/006vNXGUly1hl7d40o672j30v91voaps.jpg", "width": 166, "height": 360, "cut_type": 1, "type": ""}, "large": {"url": "https://wx4.sinaimg.cn/orj960/006vNXGUly1hl7d40o672j30v91voaps.jpg", "width": 960, "height": 2078, "cut_type": 1, "type": ""}, "original": {"url": "https://wx4.sinaimg.cn/orj1080/006vNXGUly1hl7d40o672j30v91voaps.jpg", "width": 1080, "height": 2338, "cut_type": 1, "type": ""}, "largest": {"url": "https://wx4.sinaimg.cn/large/006vNXGUly1hl7d40o672j30v91voaps.jpg", "width": 1125, "height": 2436, "cut_type": 1, "type": ""}, "mw2000": {"url": "https://wx4.sinaimg.cn/mw2000/006vNXGUly1hl7d40o672j30v91voaps.jpg", "width": 1125, "height": 2436, "cut_type": 1, "type": ""}, "focus_point": {"left": 0.058411352, "top": 0.25522137, "width": 0.9415885, "height": 0.43487027}, "object_id": "1042018:4db058fa6b9c8a9e6ec4196756e584e2", "pic_id": "006vNXGUly1hl7d40o672j30v91voaps", "photo_tag": 0, "type": "pic", "pic_status": 1, "actionlog": [{"mid": "4983264350312880", "oid": "006vNXGUly1hl7d40o672j30v91voaps", "act_type": 1, "source": "ad", "code": "50000004", "mark": "999_reallog_mark_ad:999|WeiboADNatural", "atype": "1", "ext": ""}, {"mid": "4983264350312880", "oid": "006vNXGUly1hl7d40o672j30v91voaps", "act_type": 1, "source": "ad", "code": "27000004", "mark": "999_reallog_mark_ad:999|WeiboADNatural", "atype": "2"}]}}, "is_paid": false, "pic_bg_new": "http://vip.storage.weibo.com/feed_cover/star_1393_mobile_new.png?version=2021091501", "mblog_vip_type": 0, "number_display_strategy": {"apply_scenario_flag": 3, "display_text_min_number": 1000000, "display_text": "100万+"}, "reposts_count": 713, "comments_count": 1143, "attitudes_count": 7452, "attitudes_status": 0, "isLongText": false, "mlevel": 0, "content_auth": 0, "is_show_bulletin": 2, "comment_manage_info": {"comment_permission_type": -1, "approval_comment_type": 0, "comment_sort_type": 0}, "share_repost_type": 0, "title": {"text": "她2023-12-26赞过的微博", "structs": [{"name": "她2023-12-26赞过的微博", "scheme": "sinaweibo://cardlist?containerid=2308696499137849_-_mix", "cleaned": true}]}, "mblogtype": 0, "showFeedRepost": false, "showFeedComment": false, "pictureViewerSign": false, "showPictureViewer": false, "rcList": [], "text": "奥迪 X 滔搏新表情包到手，哥几个先用上了。 ​​​", "region_name": "发布于 上海", "customIcons": [], "followBtnCode": {"uid": 5966770936}}