{"visible": {"type": 0, "list_id": 0}, "created_at": "Fri Dec 29 22:30:02 +0800 2023", "id": 4984413312257631, "idstr": "4984413312257631", "mid": "4984413312257631", "mblogid": "NzpYv9tjp", "user": {"id": 6499137849, "idstr": "6499137849", "pc_new": 7, "screen_name": "冻梨好吃", "profile_image_url": "https://tvax3.sinaimg.cn/crop.0.0.962.962.50/0075PIE1ly8hkxs7vsob4j30qq0qq76e.jpg?KID=imgbed,tva&amp;Expires=1704618334&amp;ssig=WKQY8jgBsW", "profile_url": "/u/6499137849", "verified": false, "verified_type": -1, "domain": "", "weihao": "", "avatar_large": "https://tvax3.sinaimg.cn/crop.0.0.962.962.180/0075PIE1ly8hkxs7vsob4j30qq0qq76e.jpg?KID=imgbed,tva&amp;Expires=1704618334&amp;ssig=wHz0RomAVY", "avatar_hd": "https://tvax3.sinaimg.cn/crop.0.0.962.962.1024/0075PIE1ly8hkxs7vsob4j30qq0qq76e.jpg?KID=imgbed,tva&amp;Expires=1704618334&amp;ssig=y4X07qe017", "follow_me": false, "following": false, "mbrank": 0, "mbtype": 0, "v_plus": 0, "planet_video": false, "icon_list": []}, "can_edit": false, "text_raw": "这活动真是一分钟都不想看，有比赛要打的人哪有空陪着失业群体搞情怀啊[汗] ​​​还有一分钟请结束 ​​​", "textLength": 93, "annotations": [{"shooting": 1, "client_mblogid": "eb82efd2-7169-4a73-8f79-e913be9c67b1"}, {"source_text": "", "phone_id": "266"}, {"mapi_request": true}], "source": "Android", "favorited": false, "rid": "12_0_50_5046666605237072376_0_0_0", "pic_ids": [], "pic_num": 0, "is_paid": false, "mblog_vip_type": 0, "number_display_strategy": {"apply_scenario_flag": 3, "display_text_min_number": 1000000, "display_text": "100万+"}, "reposts_count": 0, "comments_count": 0, "attitudes_count": 0, "attitudes_status": 0, "isLongText": false, "mlevel": 0, "content_auth": 0, "is_show_bulletin": 2, "comment_manage_info": {"comment_permission_type": -1, "approval_comment_type": 0, "comment_sort_type": 0}, "share_repost_type": 0, "mblogtype": 0, "showFeedRepost": false, "showFeedComment": false, "pictureViewerSign": false, "showPictureViewer": false, "rcList": [], "text": "这活动真是一分钟都不想看，有比赛要打的人哪有空陪着失业群体搞情怀啊&lt;img alt=\"[汗]\" title=\"[汗]\" src=\"https://face.t.sinajs.cn/t4/appstyle/expression/ext/normal/28/2018new_han_org.png\" /&gt; ​​​还有一分钟请结束 ​​​", "region_name": "发布于 辽宁", "customIcons": []}