{"visible": {"type": 0, "list_id": 0}, "created_at": "Fri Dec 29 17:51:50 +0800 2023", "id": 4984343300410798, "idstr": "4984343300410798", "mid": "4984343300410798", "mblogid": "Nzo9A1IRM", "user": {"id": 6499137849, "idstr": "6499137849", "pc_new": 7, "screen_name": "冻梨好吃", "profile_image_url": "https://tvax3.sinaimg.cn/crop.0.0.962.962.50/0075PIE1ly8hkxs7vsob4j30qq0qq76e.jpg?KID=imgbed,tva&amp;Expires=1704618334&amp;ssig=WKQY8jgBsW", "profile_url": "/u/6499137849", "verified": false, "verified_type": -1, "domain": "", "weihao": "", "avatar_large": "https://tvax3.sinaimg.cn/crop.0.0.962.962.180/0075PIE1ly8hkxs7vsob4j30qq0qq76e.jpg?KID=imgbed,tva&amp;Expires=1704618334&amp;ssig=wHz0RomAVY", "avatar_hd": "https://tvax3.sinaimg.cn/crop.0.0.962.962.1024/0075PIE1ly8hkxs7vsob4j30qq0qq76e.jpg?KID=imgbed,tva&amp;Expires=1704618334&amp;ssig=y4X07qe017", "follow_me": false, "following": false, "mbrank": 0, "mbtype": 0, "v_plus": 0, "planet_video": false, "icon_list": []}, "can_edit": false, "text_raw": "红不红都是命啊，同剧出身后续跟不跟得上都是本人资质问题了，咋还有脸皮厚的抱着不放要带带啊[奥姆][奥姆] ​​​", "textLength": 100, "annotations": [{"shooting": 1, "client_mblogid": "5f4e7282-6e8d-4448-b929-6c2767b482d9"}, {"source_text": "", "phone_id": "266"}, {"mapi_request": true}], "source": "Android", "favorited": false, "rid": "18_0_50_5046666605237072376_0_0_0", "pic_ids": [], "pic_num": 0, "is_paid": false, "mblog_vip_type": 0, "number_display_strategy": {"apply_scenario_flag": 3, "display_text_min_number": 1000000, "display_text": "100万+"}, "reposts_count": 0, "comments_count": 0, "attitudes_count": 0, "attitudes_status": 0, "isLongText": false, "mlevel": 0, "content_auth": 0, "is_show_bulletin": 2, "comment_manage_info": {"comment_permission_type": -1, "approval_comment_type": 0, "comment_sort_type": 0}, "share_repost_type": 0, "mblogtype": 0, "showFeedRepost": false, "showFeedComment": false, "pictureViewerSign": false, "showPictureViewer": false, "rcList": [], "text": "红不红都是命啊，同剧出身后续跟不跟得上都是本人资质问题了，咋还有脸皮厚的抱着不放要带带啊&lt;img alt=\"[奥姆]\" title=\"[奥姆]\" src=\"https://face.t.sinajs.cn/t4/appstyle/expression/ext/normal/12/2023_Orm_org.png\" /&gt;&lt;img alt=\"[奥姆]\" title=\"[奥姆]\" src=\"https://face.t.sinajs.cn/t4/appstyle/expression/ext/normal/12/2023_Orm_org.png\" /&gt; ​​​", "region_name": "发布于 辽宁", "customIcons": []}