{"visible": {"type": 0, "list_id": 0}, "created_at": "Sun Dec 31 03:14:07 +0800 2023", "id": 4984847191507118, "idstr": "4984847191507118", "mid": "4984847191507118", "mblogid": "NzBgj6k4m", "user": {"id": 6499137849, "idstr": "6499137849", "pc_new": 7, "screen_name": "冻梨好吃", "profile_image_url": "https://tvax3.sinaimg.cn/crop.0.0.962.962.50/0075PIE1ly8hkxs7vsob4j30qq0qq76e.jpg?KID=imgbed,tva&amp;Expires=1704618326&amp;ssig=hsVH9%2FQ%2Bxi", "profile_url": "/u/6499137849", "verified": false, "verified_type": -1, "domain": "", "weihao": "", "avatar_large": "https://tvax3.sinaimg.cn/crop.0.0.962.962.180/0075PIE1ly8hkxs7vsob4j30qq0qq76e.jpg?KID=imgbed,tva&amp;Expires=1704618326&amp;ssig=56Czk3snkZ", "avatar_hd": "https://tvax3.sinaimg.cn/crop.0.0.962.962.1024/0075PIE1ly8hkxs7vsob4j30qq0qq76e.jpg?KID=imgbed,tva&amp;Expires=1704618326&amp;ssig=nPXumvvZxh", "follow_me": false, "following": false, "mbrank": 0, "mbtype": 0, "v_plus": 0, "planet_video": false, "icon_list": []}, "can_edit": false, "text_raw": "大🍑小🍑最不缺的就是流量啦[二哈][二哈] ​​​", "textLength": 42, "annotations": [{"photo_sub_type": "0"}, {"client_mblogid": "b7c9747b-68ef-4b28-a893-8cf611a99c6f"}, {"source_text": "", "phone_id": "266"}, {"mapi_request": true}], "source": "Android", "favorited": false, "rid": "20_0_50_5246413405184694878_0_0_0", "pic_ids": ["0075PIE1ly1hlcew0nl7sj30m61gudlf"], "pic_focus_point": [{"focus_point": {"left": 0.028360365, "top": 0.3086966, "width": 0.9552905, "height": 0.40069938}, "pic_id": "0075PIE1ly1hlcew0nl7sj30m61gudlf"}], "pic_num": 1, "pic_infos": {"0075PIE1ly1hlcew0nl7sj30m61gudlf": {"thumbnail": {"url": "https://wx4.sinaimg.cn/wap180/0075PIE1ly1hlcew0nl7sj30m61gudlf.jpg", "width": 75, "height": 180, "cut_type": 1, "type": ""}, "bmiddle": {"url": "https://wx4.sinaimg.cn/wap360/0075PIE1ly1hlcew0nl7sj30m61gudlf.jpg", "width": 151, "height": 360, "cut_type": 1, "type": ""}, "large": {"url": "https://wx4.sinaimg.cn/orj960/0075PIE1ly1hlcew0nl7sj30m61gudlf.jpg", "width": 798, "height": 1902, "cut_type": 1, "type": ""}, "original": {"url": "https://wx4.sinaimg.cn/orj1080/0075PIE1ly1hlcew0nl7sj30m61gudlf.jpg", "width": 798, "height": 1902, "cut_type": 1, "type": ""}, "largest": {"url": "https://wx4.sinaimg.cn/large/0075PIE1ly1hlcew0nl7sj30m61gudlf.jpg", "width": 798, "height": 1902, "cut_type": 1, "type": ""}, "mw2000": {"url": "https://wx4.sinaimg.cn/mw2000/0075PIE1ly1hlcew0nl7sj30m61gudlf.jpg", "width": 798, "height": 1902, "cut_type": 1, "type": ""}, "focus_point": {"left": 0.028360365, "top": 0.3086966, "width": 0.9552905, "height": 0.40069938}, "object_id": "1042018:b8160086533ccefee5f8e4293d67a88f", "pic_id": "0075PIE1ly1hlcew0nl7sj30m61gudlf", "photo_tag": 0, "type": "pic", "pic_status": 1}}, "is_paid": false, "mblog_vip_type": 0, "number_display_strategy": {"apply_scenario_flag": 3, "display_text_min_number": 1000000, "display_text": "100万+"}, "reposts_count": 0, "comments_count": 0, "attitudes_count": 0, "attitudes_status": 0, "isLongText": false, "mlevel": 0, "content_auth": 0, "is_show_bulletin": 2, "comment_manage_info": {"comment_permission_type": -1, "approval_comment_type": 0, "comment_sort_type": 0}, "share_repost_type": 0, "mblogtype": 0, "showFeedRepost": false, "showFeedComment": false, "pictureViewerSign": false, "showPictureViewer": false, "rcList": [], "text": "大🍑小🍑最不缺的就是流量啦&lt;img alt=\"[二哈]\" title=\"[二哈]\" src=\"https://face.t.sinajs.cn/t4/appstyle/expression/ext/normal/22/2018new_erha_org.png\" /&gt;&lt;img alt=\"[二哈]\" title=\"[二哈]\" src=\"https://face.t.sinajs.cn/t4/appstyle/expression/ext/normal/22/2018new_erha_org.png\" /&gt; ​​​", "region_name": "发布于 辽宁", "customIcons": []}