{"visible": {"type": 0, "list_id": 0}, "created_at": "Sat Dec 30 01:34:03 +0800 2023", "id": 4984459623661631, "idstr": "4984459623661631", "mid": "4984459623661631", "mblogid": "Nzrbcfmyz", "user": {"id": 6499137849, "idstr": "6499137849", "pc_new": 7, "screen_name": "冻梨好吃", "profile_image_url": "https://tvax3.sinaimg.cn/crop.0.0.962.962.50/0075PIE1ly8hkxs7vsob4j30qq0qq76e.jpg?KID=imgbed,tva&amp;Expires=1704618334&amp;ssig=WKQY8jgBsW", "profile_url": "/u/6499137849", "verified": false, "verified_type": -1, "domain": "", "weihao": "", "avatar_large": "https://tvax3.sinaimg.cn/crop.0.0.962.962.180/0075PIE1ly8hkxs7vsob4j30qq0qq76e.jpg?KID=imgbed,tva&amp;Expires=1704618334&amp;ssig=wHz0RomAVY", "avatar_hd": "https://tvax3.sinaimg.cn/crop.0.0.962.962.1024/0075PIE1ly8hkxs7vsob4j30qq0qq76e.jpg?KID=imgbed,tva&amp;Expires=1704618334&amp;ssig=y4X07qe017", "follow_me": false, "following": false, "mbrank": 0, "mbtype": 0, "v_plus": 0, "planet_video": false, "icon_list": []}, "can_edit": false, "text_raw": "小牛这么猛的么[汪洋海蓝比心][汪洋海蓝比心] ​​​", "textLength": 42, "annotations": [{"photo_sub_type": "0"}, {"client_mblogid": "7196c9a6-05fc-4a33-ad61-6d0b44a260ee"}, {"source_text": "", "phone_id": "266"}, {"mapi_request": true}], "source": "Android", "favorited": false, "rid": "8_0_50_5046666605237072376_0_0_0", "pic_ids": ["0075PIE1ly1hlb6dya6oij30qo1bj47p"], "pic_focus_point": [{"focus_point": {"left": 0.042028986, "top": 0.43821138, "width": 0.08260869, "height": 0.4821138}, "pic_id": "0075PIE1ly1hlb6dya6oij30qo1bj47p"}], "pic_num": 1, "pic_infos": {"0075PIE1ly1hlb6dya6oij30qo1bj47p": {"thumbnail": {"url": "https://wx2.sinaimg.cn/wap180/0075PIE1ly1hlb6dya6oij30qo1bj47p.jpg", "width": 101, "height": 180, "cut_type": 1, "type": ""}, "bmiddle": {"url": "https://wx2.sinaimg.cn/wap360/0075PIE1ly1hlb6dya6oij30qo1bj47p.jpg", "width": 202, "height": 360, "cut_type": 1, "type": ""}, "large": {"url": "https://wx2.sinaimg.cn/orj960/0075PIE1ly1hlb6dya6oij30qo1bj47p.jpg", "width": 960, "height": 1711, "cut_type": 1, "type": ""}, "original": {"url": "https://wx2.sinaimg.cn/orj1080/0075PIE1ly1hlb6dya6oij30qo1bj47p.jpg", "width": 960, "height": 1711, "cut_type": 1, "type": ""}, "largest": {"url": "https://wx2.sinaimg.cn/large/0075PIE1ly1hlb6dya6oij30qo1bj47p.jpg", "width": 960, "height": 1711, "cut_type": 1, "type": ""}, "mw2000": {"url": "https://wx2.sinaimg.cn/mw2000/0075PIE1ly1hlb6dya6oij30qo1bj47p.jpg", "width": 960, "height": 1711, "cut_type": 1, "type": ""}, "focus_point": {"left": 0.042028986, "top": 0.43821138, "width": 0.08260869, "height": 0.4821138}, "object_id": "1042018:f1d1bb0c31f98a0e9e2204518de622be", "pic_id": "0075PIE1ly1hlb6dya6oij30qo1bj47p", "photo_tag": 0, "type": "pic", "pic_status": 1}}, "is_paid": false, "mblog_vip_type": 0, "number_display_strategy": {"apply_scenario_flag": 3, "display_text_min_number": 1000000, "display_text": "100万+"}, "reposts_count": 0, "comments_count": 1, "attitudes_count": 0, "attitudes_status": 0, "isLongText": false, "mlevel": 0, "content_auth": 0, "is_show_bulletin": 2, "comment_manage_info": {"comment_permission_type": -1, "approval_comment_type": 0, "comment_sort_type": 0}, "share_repost_type": 0, "mblogtype": 0, "showFeedRepost": false, "showFeedComment": false, "pictureViewerSign": false, "showPictureViewer": false, "rcList": [], "text": "小牛这么猛的么&lt;img alt=\"[汪洋海蓝比心]\" title=\"[汪洋海蓝比心]\" src=\"https://face.t.sinajs.cn/t4/appstyle/expression/ext/normal/93/2023_BlueSeaHeart_org.png\" /&gt;&lt;img alt=\"[汪洋海蓝比心]\" title=\"[汪洋海蓝比心]\" src=\"https://face.t.sinajs.cn/t4/appstyle/expression/ext/normal/93/2023_BlueSeaHeart_org.png\" /&gt; ​​​", "region_name": "发布于 辽宁", "customIcons": []}