{"visible": {"type": 0, "list_id": 0}, "created_at": "Fri Dec 29 13:00:00 +0800 2023", "id": 4984269862601179, "idstr": "4984269862601179", "mid": "4984269862601179", "mblogid": "Nzmf8aUGv", "user": {"id": 5598278574, "idstr": "5598278574", "pc_new": 7, "screen_name": "东方卫视极限挑战", "profile_image_url": "https://tvax3.sinaimg.cn/crop.0.0.1080.1080.50/0066RNZIly8hl00xa6i8nj60u00u0di502.jpg?KID=imgbed,tva&amp;Expires=1704618334&amp;ssig=WPhQjDRvta", "profile_url": "/u/5598278574", "verified": true, "verified_type": 3, "domain": "dfwsjxtz", "weihao": "", "verified_type_ext": 0, "avatar_large": "https://tvax3.sinaimg.cn/crop.0.0.1080.1080.180/0066RNZIly8hl00xa6i8nj60u00u0di502.jpg?KID=imgbed,tva&amp;Expires=1704618334&amp;ssig=InoL%2BTfKFU", "avatar_hd": "https://tvax3.sinaimg.cn/crop.0.0.1080.1080.1024/0066RNZIly8hl00xa6i8nj60u00u0di502.jpg?KID=imgbed,tva&amp;Expires=1704618334&amp;ssig=%2Fk%2FnC9gWqE", "follow_me": false, "following": false, "mbrank": 1, "mbtype": 12, "v_plus": 0, "planet_video": false, "icon_list": [{"type": "vip", "data": {"mbrank": 1, "mbtype": 12, "svip": 1, "vvip": 1}}]}, "can_edit": false, "text_raw": "#极限挑战宝藏行# 寻宝第二站，本期宝藏团成员@贾乃亮&nbsp;@苏醒AllenSu&nbsp;@杨迪&nbsp;@丞磊&nbsp;@徐志胜1995&nbsp;@刘些宁&nbsp;@亚洲超星团-陈鑫昊&nbsp;，将前往云南澜沧县职业高级中学，感受职业教育的前景与魅力。明晚21点档，锁定百视TV、东方卫视，村里都是好风光~http://t.cn/A6lQqmPu ​​​", "textLength": 242, "source": "&lt;a target=\"_blank\" href=\"https://t.sina.com.cn\" rel=\"nofollow\"&gt;微博视频号&lt;/a&gt;", "favorited": false, "rid": "13_0_50_5046666605237072376_0_0_0", "cardid": "star_1439", "pic_ids": [], "pic_num": 0, "is_paid": false, "pic_bg_new": "http://vip.storage.weibo.com/feed_cover/star_1439_mobile_new.png?version=2021091501", "mblog_vip_type": 0, "reposts_count": 1264, "comments_count": 731, "attitudes_count": 36543, "attitudes_status": 0, "isLongText": false, "mlevel": 0, "content_auth": 0, "is_show_bulletin": 2, "comment_manage_info": {"comment_permission_type": -1, "approval_comment_type": 0, "comment_sort_type": 0}, "share_repost_type": 0, "topic_struct": [{"title": "", "topic_url": "sinaweibo://searchall?containerid=231522&amp;q=%23%E6%9E%81%E9%99%90%E6%8C%91%E6%88%98%E5%AE%9D%E8%97%8F%E8%A1%8C%23&amp;extparam=%23%E6%9E%81%E9%99%90%E6%8C%91%E6%88%98%E5%AE%9D%E8%97%8F%E8%A1%8C%23", "topic_title": "极限挑战宝藏行", "actionlog": {"act_type": 1, "act_code": 300, "oid": "1022:2315226c53e8208207edfc9bbc02967bec8205", "uuid": 4519115157930261, "cardid": "", "lcardid": "", "uicode": "", "luicode": "", "fid": "1076036499137849_-_WEIBO_SECOND_PROFILE_WEIBO", "lfid": "", "ext": "mid:4984269862601179|rid:13_0_50_5046666605237072376_0_0_0|short_url:|long_url:|comment_id:|miduid:5598278574|rootmid:4984269862601179|rootuid:5598278574|authorid:|uuid:4519115157930261|is_ad_weibo:0"}}], "url_struct": [{"url_title": "东方卫视极限挑战的微博视频", "url_type_pic": "https://h5.sinaimg.cn/upload/2015/09/25/3/timeline_card_small_video.png", "ori_url": "sinaweibo://video/vvs?mid=4984269862601179&amp;object_id=1034:4984219039105070&amp;url_type=39&amp;object_type=video&amp;pos=1", "page_id": "2304444984219039105070", "short_url": "http://t.cn/A6lQqmPu", "long_url": "https://video.weibo.com/show?fid=1034:4984219039105070", "url_type": 39, "result": false, "actionlog": {"act_type": 1, "act_code": 300, "oid": "1034:4984219039105070", "uuid": 4984219213496326, "cardid": "", "lcardid": "", "uicode": "", "luicode": "", "fid": "1076036499137849_-_WEIBO_SECOND_PROFILE_WEIBO", "lfid": "", "ext": "mid:4984269862601179|rid:13_0_50_5046666605237072376_0_0_0|short_url:http://t.cn/A6lQqmPu|long_url:https://video.weibo.com/show?fid=1034:4984219039105070|comment_id:|miduid:5598278574|rootmid:4984269862601179|rootuid:5598278574|authorid:5598278574|uuid:4984219213496326|is_ad_weibo:0|analysis_card:url_struct"}, "storage_type": "oss", "hide": 0, "object_type": "", "ttl": 3600, "h5_target_url": "https://video.weibo.com/show?fid=1034:4984219039105070&amp;from=1FFFF96039&amp;weiboauthoruid=5598278574", "need_save_obj": 0}], "title": {"text": "她2023-12-29评论过的微博", "structs": [{"name": "她2023-12-29评论过的微博", "scheme": "sinaweibo://cardlist?containerid=2308696499137849_-_comment", "cleaned": true}]}, "mblogtype": 0, "showFeedRepost": false, "showFeedComment": false, "pictureViewerSign": false, "showPictureViewer": false, "rcList": [], "text": "&lt;a href=\"//s.weibo.com/weibo?q=%23%E6%9E%81%E9%99%90%E6%8C%91%E6%88%98%E5%AE%9D%E8%97%8F%E8%A1%8C%23\" target=\"_blank\"&gt;#极限挑战宝藏行#&lt;/a&gt; 寻宝第二站，本期宝藏团成员&lt;a href=/n/贾乃亮 usercard=\"name=@贾乃亮\"&gt;@贾乃亮&lt;/a&gt;&nbsp;&lt;a href=/n/苏醒AllenSu usercard=\"name=@苏醒AllenSu\"&gt;@苏醒AllenSu&lt;/a&gt;&nbsp;&lt;a href=/n/杨迪 usercard=\"name=@杨迪\"&gt;@杨迪&lt;/a&gt;&nbsp;&lt;a href=/n/丞磊 usercard=\"name=@丞磊\"&gt;@丞磊&lt;/a&gt;&nbsp;&lt;a href=/n/徐志胜1995 usercard=\"name=@徐志胜1995\"&gt;@徐志胜1995&lt;/a&gt;&nbsp;&lt;a href=/n/刘些宁 usercard=\"name=@刘些宁\"&gt;@刘些宁&lt;/a&gt;&nbsp;&lt;a href=/n/亚洲超星团-陈鑫昊 usercard=\"name=@亚洲超星团-陈鑫昊\"&gt;@亚洲超星团-陈鑫昊&lt;/a&gt;&nbsp;，将前往云南澜沧县职业高级中学，感受职业教育的前景与魅力。明晚21点档，锁定百视TV、东方卫视，村里都是好风光~&lt;a target=\"_blank\" href=\"https://video.weibo.com/show?fid=1034:4984219039105070\"&gt;&lt;img class=\"icon-link\" src=\"https://h5.sinaimg.cn/upload/2015/09/25/3/timeline_card_small_video_default.png\"/&gt;东方卫视极限挑战的微博视频&lt;/a&gt; ​​​", "customIcons": [], "page_info": {"type": 5, "page_id": "2304444984219039105070", "object_type": "video", "oid": "5598278574", "page_title": "东方卫视极限挑战的微博视频", "page_pic": "https://wx4.sinaimg.cn/orj480/0066RNZIly1hlaesawfxgj61hc0u076802.jpg", "type_icon": "", "page_url": "sinaweibo://infopage?containerid=2304444984219039105070&amp;containerid=2304444984219039105070&amp;url_type=39&amp;object_type=video&amp;pos=2", "object_id": "1034:4984219039105070", "media_info": {"name": "东方卫视极限挑战的微博视频", "stream_url": "http://f.video.weibocdn.com/o0/qCHjNvpKlx08bjInnwAo0104120079SK0E010.mp4?label=mp4_ld&amp;template=640x360.25.0&amp;ori=0&amp;ps=1CwnkDw1GXwCQx&amp;Expires=1704611134&amp;ssig=X4Fn%2FOjaUA&amp;KID=unistore,video", "stream_url_hd": "http://f.video.weibocdn.com/o0/quNEIQSIlx08bjInqfzq01041200aUye0E010.mp4?label=mp4_hd&amp;template=852x480.25.0&amp;ori=0&amp;ps=1CwnkDw1GXwCQx&amp;Expires=1704611134&amp;ssig=QUkZ2sHgGP&amp;KID=unistore,video", "format": "mp4", "h5_url": "https://video.weibo.com/show?fid=1034:4984219039105070", "mp4_sd_url": "http://f.video.weibocdn.com/o0/qCHjNvpKlx08bjInnwAo0104120079SK0E010.mp4?label=mp4_ld&amp;template=640x360.25.0&amp;ori=0&amp;ps=1CwnkDw1GXwCQx&amp;Expires=1704611134&amp;ssig=X4Fn%2FOjaUA&amp;KID=unistore,video", "mp4_hd_url": "http://f.video.weibocdn.com/o0/quNEIQSIlx08bjInqfzq01041200aUye0E010.mp4?label=mp4_hd&amp;template=852x480.25.0&amp;ori=0&amp;ps=1CwnkDw1GXwCQx&amp;Expires=1704611134&amp;ssig=QUkZ2sHgGP&amp;KID=unistore,video", "h265_mp4_hd": "", "h265_mp4_ld": "", "inch_4_mp4_hd": "", "inch_5_mp4_hd": "", "inch_5_5_mp4_hd": "", "mp4_720p_mp4": "http://f.video.weibocdn.com/o0/rrZJPT3Xlx08bjIo98xW01041200k0AZ0E010.mp4?label=mp4_720p&amp;template=1280x720.25.0&amp;ori=0&amp;ps=1CwnkDw1GXwCQx&amp;Expires=1704611134&amp;ssig=22tMX4rY%2Fb&amp;KID=unistore,video", "hevc_mp4_720p": "", "prefetch_type": 1, "prefetch_size": 262144, "act_status": 1, "protocol": "general,dash", "media_id": "4984219039105070", "origin_total_bitrate": 0, "video_orientation": "horizontal", "duration": 28, "forward_strategy": -1, "search_scheme": "sinaweibo://svssearch?containerid=232080", "is_short_video": 0, "vote_is_show": 0, "belong_collection": 1, "titles_display_time": "3", "show_progress_bar": 1, "show_mute_button": true, "ext_info": {"video_orientation": "horizontal"}, "next_title": "#极限挑战宝藏行# 寻宝第二站，本期宝藏团成员@贾乃亮&nbsp;@苏醒AllenSu&nbsp;@杨迪&nbsp;@丞磊&nbsp;@徐志胜1995&nbsp;@刘些宁&nbsp;@亚洲超星团-陈鑫昊&nbsp;，将前往云南澜沧县职业高级中学，感受职业教育的前景与魅力。明晚21点档，锁定百视TV、东方卫视，村里都是好风光~", "kol_title": "EP02预告：宝藏团重返学生时代，感受一日职高课程", "play_completion_actions": [{"type": "1", "icon": "https://h5.sinaimg.cn/upload/100/1413/2021/12/22/feed_video_icon_replay.png", "text": "重播", "link": "", "btn_code": 1000, "show_position": 1, "actionlog": {"oid": "2304444984219039105070", "act_code": 1221, "act_type": 0, "source": "video"}}, {"type": 6, "icon": "https://tvax3.sinaimg.cn/crop.0.0.1080.1080.180/0066RNZIly8hl00xa6i8nj60u00u0di502.jpg?KID=imgbed,tva&amp;Expires=1704618334&amp;ssig=InoL%2BTfKFU", "text": "", "display_mode": 2, "display_starttime": 5, "display_endtime": 99999, "countdown_time": 5, "show_position": 48, "scheme": "", "link": "", "btn_code": 1009, "actionlog": {"oid": "2304444984219039105070", "act_code": 91, "act_type": 0, "source": "video", "ext": "mid:4984269862601179|oid:1034:4984219039105070|muid:5598278574|authorid:5598278574"}, "ext": {"uid": "5598278574", "user_name": "东方卫视极限挑战", "followers_count": 3806574, "verified": true, "verified_type": 3, "verified_reason": "东方卫视极限挑战官方微博", "level": 3}, "display_type": 0}], "video_publish_time": 1703813925, "play_loop_type": 0, "video_title": "EP02预告：宝藏团重返学生时代，感受一日职高课程", "author_mid": "4984219565032415", "author_name": "东方卫视极限挑战", "extra_info": {"sceneid": "profile_mb"}, "video_download_strategy": {"abandon_download": 0}, "jump_to": 6, "big_pic_info": {"pic_big": {"height": 1080, "url": "https://wx4.sinaimg.cn/orj1080/0066RNZIly1hlaesawfxgj61hc0u076802.jpg", "width": 1920}, "pic_small": {"height": 150, "url": "https://wx4.sinaimg.cn/or180/0066RNZIly1hlaesawfxgj61hc0u076802.jpg", "width": 266}, "pic_middle": {"height": 270, "url": "https://wx4.sinaimg.cn/or360/0066RNZIly1hlaesawfxgj61hc0u076802.jpg", "width": 480}}, "online_users": "8.5万次观看", "online_users_number": 85574, "ttl": 3600, "storage_type": "oss", "is_keep_current_mblog": 0, "author_info": {"id": 5598278574, "idstr": "5598278574", "pc_new": 7, "screen_name": "东方卫视极限挑战", "profile_image_url": "https://tvax3.sinaimg.cn/crop.0.0.1080.1080.50/0066RNZIly8hl00xa6i8nj60u00u0di502.jpg?KID=imgbed,tva&amp;Expires=1704618334&amp;ssig=WPhQjDRvta", "profile_url": "/u/5598278574", "verified": true, "verified_type": 3, "domain": "dfwsjxtz", "weihao": "", "verified_type_ext": 0, "avatar_large": "https://tvax3.sinaimg.cn/crop.0.0.1080.1080.180/0066RNZIly8hl00xa6i8nj60u00u0di502.jpg?KID=imgbed,tva&amp;Expires=1704618334&amp;ssig=InoL%2BTfKFU", "avatar_hd": "https://tvax3.sinaimg.cn/crop.0.0.1080.1080.1024/0066RNZIly8hl00xa6i8nj60u00u0di502.jpg?KID=imgbed,tva&amp;Expires=1704618334&amp;ssig=%2Fk%2FnC9gWqE", "follow_me": false, "following": false, "mbrank": 1, "mbtype": 12, "v_plus": 0, "planet_video": false, "verified_reason": "东方卫视极限挑战官方微博", "description": "", "location": "上海 浦东新区", "gender": "m", "followers_count": 3806385, "followers_count_str": "380.6万", "friends_count": 311, "statuses_count": 15882, "url": "", "svip": 1, "vvip": 1, "cover_image_phone": "https://wx2.sinaimg.cn/crop.0.0.640.640.640/0066RNZIly1hl00xknjrnj60u00u0juv02.jpg"}, "playback_list": [{"meta": {"label": "mp4_1080p", "quality_index": 1080, "quality_desc": "高清", "quality_label": "1080p", "quality_class": "HD", "type": 1, "quality_group": 1080, "is_hidden": false}, "play_info": {"type": 1, "mime": "video/mp4", "protocol": "general", "label": "mp4_1080p", "url": "https://f.video.weibocdn.com/o0/VgRKpj4Klx08bjIpPg7S01041200ApPE0E010.mp4?label=mp4_1080p&amp;template=1920x1080.25.0&amp;media_id=4984219039105070&amp;tp=8x8A3El:YTkl0eM8&amp;us=0&amp;ori=1&amp;bf=4&amp;ot=h&amp;lp=00003MndIw&amp;ps=mZ6WB&amp;uid=8uaJsH&amp;ab=,8013-g0,3601-g32,3601-g31,3601-g19,12739-g1&amp;Expires=1704611134&amp;ssig=NzE6uiO6uq&amp;KID=unistore,video", "bitrate": 2459018, "prefetch_range": "0-1457259", "video_codecs": "avc1.640032", "fps": 25, "width": 1920, "height": 1080, "size": 8679110, "duration": 28.236, "sar": "0.0", "audio_codecs": "mp4a.40.5", "audio_sample_rate": 44100, "quality_label": "1080p", "quality_class": "HD", "quality_desc": "高清", "audio_channels": 2, "audio_sample_fmt": "fltp", "audio_bits_per_sample": 0, "watermark": "original", "extension": {"transcode_info": {"pcdn_rule_id": 0, "pcdn_jank": 0, "origin_video_dr": "SDR", "ab_strategies": ",8013-g0,3601-g32,3601-g31,3601-g19,12739-g1"}}, "video_decoder": "hard", "prefetch_enabled": true, "tcp_receive_buffer": 262144, "dolby_atmos": false, "color_transfer": "bt709", "first_pkt_end_pos": 154926}}, {"meta": {"label": "mp4_720p", "quality_index": 720, "quality_desc": "高清", "quality_label": "720p", "quality_class": "HD", "type": 1, "quality_group": 720, "is_hidden": false}, "play_info": {"type": 1, "mime": "video/mp4", "protocol": "general", "label": "mp4_720p", "url": "https://f.video.weibocdn.com/o0/rrZJPT3Xlx08bjIo98xW01041200k0AZ0E010.mp4?label=mp4_720p&amp;template=1280x720.25.0&amp;media_id=4984219039105070&amp;tp=8x8A3El:YTkl0eM8&amp;us=0&amp;ori=1&amp;bf=4&amp;ot=h&amp;lp=00003MndIw&amp;ps=mZ6WB&amp;uid=8uaJsH&amp;ab=,8013-g0,3601-g32,3601-g31,3601-g19,12739-g1&amp;Expires=1704611134&amp;ssig=22tMX4rY%2Fb&amp;KID=unistore,video", "bitrate": 1351140, "prefetch_range": "0-658069", "video_codecs": "avc1.64001f", "fps": 25, "width": 1280, "height": 720, "size": 4768853, "duration": 28.236, "sar": "0.0", "audio_codecs": "mp4a.40.5", "audio_sample_rate": 44100, "quality_label": "720p", "quality_class": "HD", "quality_desc": "高清", "audio_channels": 2, "audio_sample_fmt": "fltp", "audio_bits_per_sample": 0, "watermark": "original", "extension": {"transcode_info": {"pcdn_rule_id": 0, "pcdn_jank": 0, "origin_video_dr": "SDR", "ab_strategies": ",8013-g0,3601-g32,3601-g31,3601-g19,12739-g1"}}, "video_decoder": "hard", "prefetch_enabled": true, "tcp_receive_buffer": 262144, "dolby_atmos": false, "color_transfer": "bt709", "first_pkt_end_pos": 96111}}, {"meta": {"label": "mp4_hd", "quality_index": 480, "quality_desc": "标清", "quality_label": "480p", "quality_class": "SD", "type": 1, "quality_group": 480, "is_hidden": false}, "play_info": {"type": 1, "mime": "video/mp4", "protocol": "general", "label": "mp4_hd", "url": "https://f.video.weibocdn.com/o0/quNEIQSIlx08bjInqfzq01041200aUye0E010.mp4?label=mp4_hd&amp;template=852x480.25.0&amp;media_id=4984219039105070&amp;tp=8x8A3El:YTkl0eM8&amp;us=0&amp;ori=1&amp;bf=4&amp;ot=h&amp;lp=00003MndIw&amp;ps=mZ6WB&amp;uid=8uaJsH&amp;ab=,8013-g0,3601-g32,3601-g31,3601-g19,12739-g1&amp;Expires=1704611134&amp;ssig=QUkZ2sHgGP&amp;KID=unistore,video", "bitrate": 736836, "prefetch_range": "0-328858", "video_codecs": "avc1.64001e", "fps": 25, "width": 852, "height": 480, "size": 2600666, "duration": 28.236, "sar": "0.0", "audio_codecs": "mp4a.40.5", "audio_sample_rate": 44100, "quality_label": "480p", "quality_class": "SD", "quality_desc": "标清", "audio_channels": 2, "audio_sample_fmt": "fltp", "audio_bits_per_sample": 0, "watermark": "original", "extension": {"transcode_info": {"pcdn_rule_id": 0, "pcdn_jank": 0, "origin_video_dr": "SDR", "ab_strategies": ",8013-g0,3601-g32,3601-g31,3601-g19,12739-g1"}}, "video_decoder": "hard", "prefetch_enabled": true, "tcp_receive_buffer": 262144, "dolby_atmos": false, "color_transfer": "bt709", "first_pkt_end_pos": 64105}}, {"meta": {"label": "scrubber_hd", "quality_index": 480, "quality_desc": "标清", "quality_label": "480p", "quality_class": "SD", "type": 3, "quality_group": 480, "is_hidden": false}, "play_info": {"type": 3, "mime": "image/jpeg", "protocol": "general", "label": "scrubber_hd", "url": "https://wx2.sinaimg.cn/large/0066RNZIly1hlaet2zfx3j60qo4607al02.jpg?media_id=4984219039105070&amp;tp=8x8A3El:YTkl0eM8&amp;us=0&amp;ori=1&amp;bf=4&amp;ot=h&amp;lp=00003MndIw&amp;ps=mZ6WB&amp;uid=8uaJsH&amp;ab=,8013-g0,3601-g32,3601-g31,3601-g19,12739-g1&amp;Expires=1704611134&amp;ssig=T9oSye%2BV0%2F&amp;KID=unistore,video", "prefetch_range": "0-512000", "width": 320, "height": 180, "quality_label": "480p", "quality_class": "SD", "quality_desc": "标清", "extension": {"transcode_info": {"pcdn_rule_id": 0, "pcdn_jank": 0, "origin_video_dr": "SDR", "ab_strategies": ",8013-g0,3601-g32,3601-g31,3601-g19,12739-g1"}}, "video_decoder": "hard", "prefetch_enabled": true, "tcp_receive_buffer": 262144, "col": 3, "row": 30, "interval": 1, "offset": 0.5, "urls": ["http://wx4.sinaimg.cn/large/0066RNZIly1hlaet2zfx3j60qo4607al02.jpg"]}}, {"meta": {"label": "mp4_ld", "quality_index": 360, "quality_desc": "流畅", "quality_label": "360p", "quality_class": "SD", "type": 1, "quality_group": 360, "is_hidden": false}, "play_info": {"type": 1, "mime": "video/mp4", "protocol": "general", "label": "mp4_ld", "url": "https://f.video.weibocdn.com/o0/qCHjNvpKlx08bjInnwAo0104120079SK0E010.mp4?label=mp4_ld&amp;template=640x360.25.0&amp;media_id=4984219039105070&amp;tp=8x8A3El:YTkl0eM8&amp;us=0&amp;ori=1&amp;bf=4&amp;ot=h&amp;lp=00003MndIw&amp;ps=mZ6WB&amp;uid=8uaJsH&amp;ab=,8013-g0,3601-g32,3601-g31,3601-g19,12739-g1&amp;Expires=1704611134&amp;ssig=X4Fn%2FOjaUA&amp;KID=unistore,video", "bitrate": 483435, "prefetch_range": "0-210732", "video_codecs": "avc1.64001e", "fps": 25, "width": 640, "height": 360, "size": 1706286, "duration": 28.236, "sar": "0.0", "audio_codecs": "mp4a.40.5", "audio_sample_rate": 44100, "quality_label": "360p", "quality_class": "SD", "quality_desc": "流畅", "audio_channels": 2, "audio_sample_fmt": "fltp", "audio_bits_per_sample": 0, "watermark": "original", "extension": {"transcode_info": {"pcdn_rule_id": 0, "pcdn_jank": 0, "origin_video_dr": "SDR", "ab_strategies": ",8013-g0,3601-g32,3601-g31,3601-g19,12739-g1"}}, "video_decoder": "hard", "prefetch_enabled": true, "tcp_receive_buffer": 262144, "dolby_atmos": false, "color_transfer": "bt709", "first_pkt_end_pos": 48860}}]}, "author_id": "5598278574", "authorid": "5598278574", "cards": [{"type": "11", "page_id": "2304444984219039105070", "object_type": "video", "object_id": "1034:4984219039105070", "content1": "东方卫视极限挑战的微博视频", "content2": "短链-EP02", "act_status": 1, "media_info": {"name": "东方卫视极限挑战的微博视频", "stream_url": "http://f.video.weibocdn.com/o0/qCHjNvpKlx08bjInnwAo0104120079SK0E010.mp4?label=mp4_ld&amp;template=640x360.25.0&amp;ori=0&amp;ps=1CwnkDw1GXwCQx&amp;Expires=1704611134&amp;ssig=X4Fn%2FOjaUA&amp;KID=unistore,video", "stream_url_hd": "http://f.video.weibocdn.com/o0/quNEIQSIlx08bjInqfzq01041200aUye0E010.mp4?label=mp4_hd&amp;template=852x480.25.0&amp;ori=0&amp;ps=1CwnkDw1GXwCQx&amp;Expires=1704611134&amp;ssig=QUkZ2sHgGP&amp;KID=unistore,video", "format": "mp4", "h5_url": "https://video.weibo.com/show?fid=1034:4984219039105070", "mp4_sd_url": "http://f.video.weibocdn.com/o0/qCHjNvpKlx08bjInnwAo0104120079SK0E010.mp4?label=mp4_ld&amp;template=640x360.25.0&amp;ori=0&amp;ps=1CwnkDw1GXwCQx&amp;Expires=1704611134&amp;ssig=X4Fn%2FOjaUA&amp;KID=unistore,video", "mp4_hd_url": "http://f.video.weibocdn.com/o0/quNEIQSIlx08bjInqfzq01041200aUye0E010.mp4?label=mp4_hd&amp;template=852x480.25.0&amp;ori=0&amp;ps=1CwnkDw1GXwCQx&amp;Expires=1704611134&amp;ssig=QUkZ2sHgGP&amp;KID=unistore,video", "h265_mp4_hd": "", "h265_mp4_ld": "", "inch_4_mp4_hd": "", "inch_5_mp4_hd": "", "inch_5_5_mp4_hd": "", "mp4_720p_mp4": "http://f.video.weibocdn.com/o0/rrZJPT3Xlx08bjIo98xW01041200k0AZ0E010.mp4?label=mp4_720p&amp;template=1280x720.25.0&amp;ori=0&amp;ps=1CwnkDw1GXwCQx&amp;Expires=1704611134&amp;ssig=22tMX4rY%2Fb&amp;KID=unistore,video", "hevc_mp4_720p": "", "prefetch_type": 1, "prefetch_size": 262144, "act_status": 1, "protocol": "general,dash", "media_id": "4984219039105070", "origin_total_bitrate": 0, "video_orientation": "horizontal", "duration": 28, "forward_strategy": -1, "search_scheme": "sinaweibo://svssearch?containerid=232080", "is_short_video": 0, "vote_is_show": 0, "belong_collection": 1, "titles_display_time": "3", "show_progress_bar": 1, "show_mute_button": true, "ext_info": {"video_orientation": "horizontal"}, "next_title": "#极限挑战宝藏行# 寻宝第二站，本期宝藏团成员@贾乃亮&nbsp;@苏醒AllenSu&nbsp;@杨迪&nbsp;@丞磊&nbsp;@徐志胜1995&nbsp;@刘些宁&nbsp;@亚洲超星团-陈鑫昊&nbsp;，将前往云南澜沧县职业高级中学，感受职业教育的前景与魅力。明晚21点档，锁定百视TV、东方卫视，村里都是好风光~", "kol_title": "EP02预告：宝藏团重返学生时代，感受一日职高课程", "play_completion_actions": [{"type": "1", "icon": "https://h5.sinaimg.cn/upload/100/1413/2021/12/22/feed_video_icon_replay.png", "text": "重播", "link": "", "btn_code": 1000, "show_position": 1, "actionlog": {"oid": "2304444984219039105070", "act_code": 1221, "act_type": 0, "source": "video"}}, {"type": 6, "icon": "https://tvax3.sinaimg.cn/crop.0.0.1080.1080.180/0066RNZIly8hl00xa6i8nj60u00u0di502.jpg?KID=imgbed,tva&amp;Expires=1704618334&amp;ssig=InoL%2BTfKFU", "text": "", "display_mode": 2, "display_starttime": 5, "display_endtime": 99999, "countdown_time": 5, "show_position": 48, "scheme": "", "link": "", "btn_code": 1009, "actionlog": {"oid": "2304444984219039105070", "act_code": 91, "act_type": 0, "source": "video", "ext": "mid:4984269862601179|oid:1034:4984219039105070|muid:5598278574|authorid:5598278574"}, "ext": {"uid": "5598278574", "user_name": "东方卫视极限挑战", "followers_count": 3806574, "verified": true, "verified_type": 3, "verified_reason": "东方卫视极限挑战官方微博", "level": 3}, "display_type": 0}], "video_publish_time": 1703813925, "play_loop_type": 0, "video_title": "EP02预告：宝藏团重返学生时代，感受一日职高课程", "author_mid": "4984219565032415", "author_name": "东方卫视极限挑战", "extra_info": {"sceneid": "profile_mb"}, "video_download_strategy": {"abandon_download": 0}, "jump_to": 6, "big_pic_info": {"pic_big": {"height": 1080, "url": "https://wx4.sinaimg.cn/orj1080/0066RNZIly1hlaesawfxgj61hc0u076802.jpg", "width": 1920}, "pic_small": {"height": 150, "url": "https://wx4.sinaimg.cn/or180/0066RNZIly1hlaesawfxgj61hc0u076802.jpg", "width": 266}, "pic_middle": {"height": 270, "url": "https://wx4.sinaimg.cn/or360/0066RNZIly1hlaesawfxgj61hc0u076802.jpg", "width": 480}}, "online_users": "8.5万次观看", "online_users_number": 85574, "ttl": 3600, "storage_type": "oss"}, "page_pic": "https://wx4.sinaimg.cn/orj480/0066RNZIly1hlaesawfxgj61hc0u076802.jpg", "page_title": "东方卫视极限挑战的微博视频", "page_url": "sinaweibo://infopage?containerid=2304444984219039105070&amp;containerid=2304444984219039105070&amp;url_type=39&amp;object_type=video&amp;pos=2", "pic_info": {"pic_big": {"height": "480", "url": "https://wx4.sinaimg.cn/orj480/0066RNZIly1hlaesawfxgj61hc0u076802.jpg", "width": "852"}, "pic_small": {"height": "480", "url": "https://wx4.sinaimg.cn/orj480/0066RNZIly1hlaesawfxgj61hc0u076802.jpg", "width": "852"}, "pic_middle": {"url": "https://wx4.sinaimg.cn/orj480/0066RNZIly1hlaesawfxgj61hc0u076802.jpg", "height": "480", "width": "852"}}, "oid": "5598278574", "type_icon": "", "author_id": "5598278574", "authorid": "5598278574", "warn": "", "actionlog": {"act_type": 1, "act_code": 799, "lcardid": "", "fid": "1076036499137849_-_WEIBO_SECOND_PROFILE_WEIBO", "mid": "4984269862601179", "oid": "1034:4984219039105070", "uuid": 4984219213496326, "source": "video", "ext": "uid:7774910775|mid:4984269862601179|objectid:1034%3A4984219039105070|from:1|object_duration:28.236|miduid:5598278574|rootuid:5598278574|rootmid:4984269862601179|authorid:5598278574|video_orientation:horizontal|third_vid:|is_album:1|is_contribution:0|video_tags:|isfan:0|ua:Mozilla/5.0 (Windows NT 10.0; Win64; x64) AppleWebKit/537.36 (KHTML, like Gecko) Chrome/120.0.0.0 Safari/537.36 WeiboPro/1.0.0|sceneid:profile_mb|uuid:4984219213496326|detail:native|contribution:0|short_video:0|st_video:1|author_mid:4984219565032415|cluster_type_status:|is_ad_weibo:0|t_id:4984219378581507|t_name:%E5%90%88%E9%9B%86+%C2%B7+%E6%9E%81%E9%99%90%E6%8C%91%E6%88%98%E5%AE%9D%E8%97%8F%E8%A1%8C4+%E7%AC%AC%E4%BA%8C%E6%9C%9F|type:2|analysis_card:page_info"}}, {"type": 34, "page_id": "2304444984219039105070", "object_type": "video", "page_desc": "综艺 热门综艺 · 8.5万次观看", "oid": "5598278574", "page_title": "综艺 热门综艺 · 8.5万次观看", "page_pic": "https://wx4.sinaimg.cn/orj480/0066RNZIly1hlaesawfxgj61hc0u076802.jpg", "type_icon": "", "page_url": "sinaweibo://video/vvs?sceneid=profile_mb&amp;object_id=1034:4984219039105070&amp;mid=4984269862601179&amp;log_ext=is_contribution%3A%7Cfirst_level_channel_id%3A%7Csecond_level_channel_id%3A&amp;url_type=39&amp;object_type=video&amp;pos=2", "object_id": "1034:4984219039105070", "author_id": "5598278574", "authorid": "5598278574", "is_broadcast": 1, "icon_url": "https://h5.sinaimg.cn/upload/1000/1327/2021/01/20/videofeed_album_icon.png", "withPlayCount": true, "ext": "is_contribution:|first_level_channel_id:|second_level_channel_id:", "actionlog": {"act_type": 1, "act_code": "3457", "oid": "1034:4984219039105070", "uuid": 4984219213496326, "cardid": "", "lcardid": "", "uicode": "", "luicode": "", "fid": "1076036499137849_-_WEIBO_SECOND_PROFILE_WEIBO", "lfid": "", "ext": "mid:4984269862601179|rid:13_0_50_5046666605237072376_0_0_0|short_url:http://t.cn/A6lQqmPu|long_url:https://video.weibo.com/show?fid=1034:4984219039105070|comment_id:|miduid:5598278574|rootmid:4984269862601179|rootuid:5598278574|authorid:5598278574|uuid:4984219213496326|is_ad_weibo:0|is_contribution:|first_level_channel_id:|second_level_channel_id:|play_page:playlist|analysis_card:page_info"}}], "actionlog": {"act_type": 1, "act_code": 799, "lcardid": "", "fid": "1076036499137849_-_WEIBO_SECOND_PROFILE_WEIBO", "mid": "4984269862601179", "oid": "1034:4984219039105070", "uuid": 4984219213496326, "source": "video", "ext": "uid:7774910775|mid:4984269862601179|objectid:1034%3A4984219039105070|from:1|object_duration:28.236|miduid:5598278574|rootuid:5598278574|rootmid:4984269862601179|authorid:5598278574|video_orientation:horizontal|third_vid:|is_album:1|is_contribution:0|video_tags:|isfan:0|ua:Mozilla/5.0 (Windows NT 10.0; Win64; x64) AppleWebKit/537.36 (KHTML, like Gecko) Chrome/120.0.0.0 Safari/537.36 WeiboPro/1.0.0|sceneid:profile_mb|uuid:4984219213496326|detail:native|contribution:0|short_video:0|st_video:1|author_mid:4984219565032415|cluster_type_status:|is_ad_weibo:0|t_id:4984219378581507|t_name:%E5%90%88%E9%9B%86+%C2%B7+%E6%9E%81%E9%99%90%E6%8C%91%E6%88%98%E5%AE%9D%E8%97%8F%E8%A1%8C4+%E7%AC%AC%E4%BA%8C%E6%9C%9F|type:2|analysis_card:page_info"}, "short_url": "http://t.cn/A6lQqmPu"}}