{"visible": {"type": 0, "list_id": 0}, "created_at": "Sat Dec 30 09:28:44 +0800 2023", "id": 4984579080063865, "idstr": "4984579080063865", "mid": "4984579080063865", "mblogid": "NzuhS0gC5", "user": {"id": 6499137849, "idstr": "6499137849", "pc_new": 7, "screen_name": "冻梨好吃", "profile_image_url": "https://tvax3.sinaimg.cn/crop.0.0.962.962.50/0075PIE1ly8hkxs7vsob4j30qq0qq76e.jpg?KID=imgbed,tva&amp;Expires=1704618334&amp;ssig=WKQY8jgBsW", "profile_url": "/u/6499137849", "verified": false, "verified_type": -1, "domain": "", "weihao": "", "avatar_large": "https://tvax3.sinaimg.cn/crop.0.0.962.962.180/0075PIE1ly8hkxs7vsob4j30qq0qq76e.jpg?KID=imgbed,tva&amp;Expires=1704618334&amp;ssig=wHz0RomAVY", "avatar_hd": "https://tvax3.sinaimg.cn/crop.0.0.962.962.1024/0075PIE1ly8hkxs7vsob4j30qq0qq76e.jpg?KID=imgbed,tva&amp;Expires=1704618334&amp;ssig=y4X07qe017", "follow_me": false, "following": false, "mbrank": 0, "mbtype": 0, "v_plus": 0, "planet_video": false, "icon_list": []}, "can_edit": false, "text_raw": "支持金敏喜复出[丰收了] ​​​", "textLength": 22, "annotations": [{"photo_sub_type": "0,0,0"}, {"client_mblogid": "5fe056f3-033c-4d46-8d02-33f358b7dc0c"}, {"source_text": "", "phone_id": "266"}, {"mapi_request": true}], "source": "Android", "favorited": false, "rid": "6_0_50_5046666605237072376_0_0_0", "pic_ids": ["0075PIE1ly1hlbk3sqwoij30qo0sewgf", "0075PIE1ly1hlbk3sypgjj30ja1guadp", "0075PIE1ly1hlbk3t70uij30oj1gu781"], "pic_focus_point": [{"focus_point": {"left": 0.016513636, "top": 0.28684402, "width": 0.98348624, "height": 0.45666593}, "pic_id": "0075PIE1ly1hlbk3t70uij30oj1gu781"}, {"focus_point": {"left": 0.06500727, "top": 0.025876166, "width": 0.9103792, "height": 0.8546417}, "pic_id": "0075PIE1ly1hlbk3sqwoij30qo0sewgf"}], "pic_num": 3, "pic_infos": {"0075PIE1ly1hlbk3sqwoij30qo0sewgf": {"thumbnail": {"url": "https://wx2.sinaimg.cn/wap180/0075PIE1ly1hlbk3sqwoij30qo0sewgf.jpg", "width": 169, "height": 180, "cut_type": 1, "type": ""}, "bmiddle": {"url": "https://wx2.sinaimg.cn/wap360/0075PIE1ly1hlbk3sqwoij30qo0sewgf.jpg", "width": 338, "height": 360, "cut_type": 1, "type": ""}, "large": {"url": "https://wx2.sinaimg.cn/orj960/0075PIE1ly1hlbk3sqwoij30qo0sewgf.jpg", "width": 960, "height": 1022, "cut_type": 1, "type": ""}, "original": {"url": "https://wx2.sinaimg.cn/orj1080/0075PIE1ly1hlbk3sqwoij30qo0sewgf.jpg", "width": 960, "height": 1022, "cut_type": 1, "type": ""}, "largest": {"url": "https://wx2.sinaimg.cn/large/0075PIE1ly1hlbk3sqwoij30qo0sewgf.jpg", "width": 960, "height": 1022, "cut_type": 1, "type": ""}, "mw2000": {"url": "https://wx2.sinaimg.cn/mw2000/0075PIE1ly1hlbk3sqwoij30qo0sewgf.jpg", "width": 960, "height": 1022, "cut_type": 1, "type": ""}, "focus_point": {"left": 0.06500727, "top": 0.025876166, "width": 0.9103792, "height": 0.8546417}, "object_id": "1042018:1473279f94ae617ef9e265de18efc545", "pic_id": "0075PIE1ly1hlbk3sqwoij30qo0sewgf", "photo_tag": 0, "type": "pic", "pic_status": 1}, "0075PIE1ly1hlbk3sypgjj30ja1guadp": {"thumbnail": {"url": "https://wx4.sinaimg.cn/wap180/0075PIE1ly1hlbk3sypgjj30ja1guadp.jpg", "width": 65, "height": 180, "cut_type": 1, "type": ""}, "bmiddle": {"url": "https://wx4.sinaimg.cn/wap360/0075PIE1ly1hlbk3sypgjj30ja1guadp.jpg", "width": 131, "height": 360, "cut_type": 1, "type": ""}, "large": {"url": "https://wx4.sinaimg.cn/orj960/0075PIE1ly1hlbk3sypgjj30ja1guadp.jpg", "width": 694, "height": 1902, "cut_type": 1, "type": ""}, "original": {"url": "https://wx4.sinaimg.cn/orj1080/0075PIE1ly1hlbk3sypgjj30ja1guadp.jpg", "width": 694, "height": 1902, "cut_type": 1, "type": ""}, "largest": {"url": "https://wx4.sinaimg.cn/large/0075PIE1ly1hlbk3sypgjj30ja1guadp.jpg", "width": 694, "height": 1902, "cut_type": 1, "type": ""}, "mw2000": {"url": "https://wx4.sinaimg.cn/mw2000/0075PIE1ly1hlbk3sypgjj30ja1guadp.jpg", "width": 694, "height": 1902, "cut_type": 1, "type": ""}, "object_id": "1042018:fb097ba20b7d516630aa597d19e40ba1", "pic_id": "0075PIE1ly1hlbk3sypgjj30ja1guadp", "photo_tag": 0, "type": "pic", "pic_status": 1}, "0075PIE1ly1hlbk3t70uij30oj1gu781": {"thumbnail": {"url": "https://wx1.sinaimg.cn/wap180/0075PIE1ly1hlbk3t70uij30oj1gu781.jpg", "width": 83, "height": 180, "cut_type": 1, "type": ""}, "bmiddle": {"url": "https://wx1.sinaimg.cn/wap360/0075PIE1ly1hlbk3t70uij30oj1gu781.jpg", "width": 167, "height": 360, "cut_type": 1, "type": ""}, "large": {"url": "https://wx1.sinaimg.cn/orj960/0075PIE1ly1hlbk3t70uij30oj1gu781.jpg", "width": 883, "height": 1902, "cut_type": 1, "type": ""}, "original": {"url": "https://wx1.sinaimg.cn/orj1080/0075PIE1ly1hlbk3t70uij30oj1gu781.jpg", "width": 883, "height": 1902, "cut_type": 1, "type": ""}, "largest": {"url": "https://wx1.sinaimg.cn/large/0075PIE1ly1hlbk3t70uij30oj1gu781.jpg", "width": 883, "height": 1902, "cut_type": 1, "type": ""}, "mw2000": {"url": "https://wx1.sinaimg.cn/mw2000/0075PIE1ly1hlbk3t70uij30oj1gu781.jpg", "width": 883, "height": 1902, "cut_type": 1, "type": ""}, "focus_point": {"left": 0.016513636, "top": 0.28684402, "width": 0.98348624, "height": 0.45666593}, "object_id": "1042018:211ed498f8ce01f6f4b940eb1895d932", "pic_id": "0075PIE1ly1hlbk3t70uij30oj1gu781", "photo_tag": 0, "type": "pic", "pic_status": 1}}, "is_paid": false, "mblog_vip_type": 0, "number_display_strategy": {"apply_scenario_flag": 3, "display_text_min_number": 1000000, "display_text": "100万+"}, "reposts_count": 0, "comments_count": 0, "attitudes_count": 0, "attitudes_status": 0, "isLongText": false, "mlevel": 0, "content_auth": 0, "is_show_bulletin": 2, "comment_manage_info": {"comment_permission_type": -1, "approval_comment_type": 0, "comment_sort_type": 0}, "share_repost_type": 0, "mblogtype": 0, "showFeedRepost": false, "showFeedComment": false, "pictureViewerSign": false, "showPictureViewer": false, "rcList": [], "text": "支持金敏喜复出[丰收了] ​​​", "region_name": "发布于 辽宁", "customIcons": []}