{"visible": {"type": 0, "list_id": 0}, "created_at": "Fri Dec 29 20:07:07 +0800 2023", "id": 4984377344004600, "idstr": "4984377344004600", "mid": "4984377344004600", "mblogid": "Nzp2ugNMk", "user": {"id": 6499137849, "idstr": "6499137849", "pc_new": 7, "screen_name": "冻梨好吃", "profile_image_url": "https://tvax3.sinaimg.cn/crop.0.0.962.962.50/0075PIE1ly8hkxs7vsob4j30qq0qq76e.jpg?KID=imgbed,tva&amp;Expires=1704618334&amp;ssig=WKQY8jgBsW", "profile_url": "/u/6499137849", "verified": false, "verified_type": -1, "domain": "", "weihao": "", "avatar_large": "https://tvax3.sinaimg.cn/crop.0.0.962.962.180/0075PIE1ly8hkxs7vsob4j30qq0qq76e.jpg?KID=imgbed,tva&amp;Expires=1704618334&amp;ssig=wHz0RomAVY", "avatar_hd": "https://tvax3.sinaimg.cn/crop.0.0.962.962.1024/0075PIE1ly8hkxs7vsob4j30qq0qq76e.jpg?KID=imgbed,tva&amp;Expires=1704618334&amp;ssig=y4X07qe017", "follow_me": false, "following": false, "mbrank": 0, "mbtype": 0, "v_plus": 0, "planet_video": false, "icon_list": []}, "can_edit": false, "text_raw": "我真的想笑[看书][看书] ​​​", "textLength": 22, "annotations": [{"photo_sub_type": "0,0"}, {"client_mblogid": "bc9b3da9-7dbc-49f8-9038-0800f35c4de7"}, {"source_text": "", "phone_id": "266"}, {"mapi_request": true}], "source": "Android", "favorited": false, "rid": "16_0_50_5046666605237072376_0_0_0", "pic_ids": ["0075PIE1ly1hlawxsnr9gj30qo14778p", "0075PIE1ly1hlawxsx1fhj30qo159q4c"], "pic_focus_point": [{"focus_point": {"left": 0.009524315, "top": 0.3310569, "width": 0.9904756, "height": 0.6405138}, "pic_id": "0075PIE1ly1hlawxsx1fhj30qo159q4c"}, {"focus_point": {"left": 0.43623188, "top": 0.275, "width": 0.105797105, "height": 0.09038462}, "pic_id": "0075PIE1ly1hlawxsnr9gj30qo14778p"}], "pic_num": 2, "pic_infos": {"0075PIE1ly1hlawxsnr9gj30qo14778p": {"thumbnail": {"url": "https://wx3.sinaimg.cn/wap180/0075PIE1ly1hlawxsnr9gj30qo14778p.jpg", "width": 119, "height": 180, "cut_type": 1, "type": ""}, "bmiddle": {"url": "https://wx3.sinaimg.cn/wap360/0075PIE1ly1hlawxsnr9gj30qo14778p.jpg", "width": 238, "height": 360, "cut_type": 1, "type": ""}, "large": {"url": "https://wx3.sinaimg.cn/orj960/0075PIE1ly1hlawxsnr9gj30qo14778p.jpg", "width": 960, "height": 1447, "cut_type": 1, "type": ""}, "original": {"url": "https://wx3.sinaimg.cn/orj1080/0075PIE1ly1hlawxsnr9gj30qo14778p.jpg", "width": 960, "height": 1447, "cut_type": 1, "type": ""}, "largest": {"url": "https://wx3.sinaimg.cn/large/0075PIE1ly1hlawxsnr9gj30qo14778p.jpg", "width": 960, "height": 1447, "cut_type": 1, "type": ""}, "mw2000": {"url": "https://wx3.sinaimg.cn/mw2000/0075PIE1ly1hlawxsnr9gj30qo14778p.jpg", "width": 960, "height": 1447, "cut_type": 1, "type": ""}, "focus_point": {"left": 0.43623188, "top": 0.275, "width": 0.105797105, "height": 0.09038462}, "object_id": "1042018:1009a84ac49d737630d337a44ee4a3fc", "pic_id": "0075PIE1ly1hlawxsnr9gj30qo14778p", "photo_tag": 0, "type": "pic", "pic_status": 1}, "0075PIE1ly1hlawxsx1fhj30qo159q4c": {"thumbnail": {"url": "https://wx4.sinaimg.cn/wap180/0075PIE1ly1hlawxsx1fhj30qo159q4c.jpg", "width": 116, "height": 180, "cut_type": 1, "type": ""}, "bmiddle": {"url": "https://wx4.sinaimg.cn/wap360/0075PIE1ly1hlawxsx1fhj30qo159q4c.jpg", "width": 232, "height": 360, "cut_type": 1, "type": ""}, "large": {"url": "https://wx4.sinaimg.cn/orj960/0075PIE1ly1hlawxsx1fhj30qo159q4c.jpg", "width": 960, "height": 1485, "cut_type": 1, "type": ""}, "original": {"url": "https://wx4.sinaimg.cn/orj1080/0075PIE1ly1hlawxsx1fhj30qo159q4c.jpg", "width": 960, "height": 1485, "cut_type": 1, "type": ""}, "largest": {"url": "https://wx4.sinaimg.cn/large/0075PIE1ly1hlawxsx1fhj30qo159q4c.jpg", "width": 960, "height": 1485, "cut_type": 1, "type": ""}, "mw2000": {"url": "https://wx4.sinaimg.cn/mw2000/0075PIE1ly1hlawxsx1fhj30qo159q4c.jpg", "width": 960, "height": 1485, "cut_type": 1, "type": ""}, "focus_point": {"left": 0.009524315, "top": 0.3310569, "width": 0.9904756, "height": 0.6405138}, "object_id": "1042018:7231a491b66bd449d2ea2ffb0941c8cb", "pic_id": "0075PIE1ly1hlawxsx1fhj30qo159q4c", "photo_tag": 0, "type": "pic", "pic_status": 1}}, "is_paid": false, "mblog_vip_type": 0, "number_display_strategy": {"apply_scenario_flag": 3, "display_text_min_number": 1000000, "display_text": "100万+"}, "reposts_count": 0, "comments_count": 0, "attitudes_count": 0, "attitudes_status": 0, "isLongText": false, "mlevel": 0, "content_auth": 0, "is_show_bulletin": 2, "comment_manage_info": {"comment_permission_type": -1, "approval_comment_type": 0, "comment_sort_type": 0}, "share_repost_type": 0, "mblogtype": 0, "showFeedRepost": false, "showFeedComment": false, "pictureViewerSign": false, "showPictureViewer": false, "rcList": [], "text": "我真的想笑&lt;img alt=\"[看书]\" title=\"[看书]\" src=\"https://face.t.sinajs.cn/t4/appstyle/expression/ext/normal/83/2023_read_org.png\" /&gt;&lt;img alt=\"[看书]\" title=\"[看书]\" src=\"https://face.t.sinajs.cn/t4/appstyle/expression/ext/normal/83/2023_read_org.png\" /&gt; ​​​", "region_name": "发布于 辽宁", "customIcons": []}