{"visible": {"type": 0, "list_id": 0}, "created_at": "Fri Dec 29 11:32:48 +0800 2023", "id": 4984247914335629, "idstr": "4984247914335629", "mid": "4984247914335629", "mblogid": "NzlFJibTv", "user": {"id": 6499137849, "idstr": "6499137849", "pc_new": 7, "screen_name": "冻梨好吃", "profile_image_url": "https://tvax3.sinaimg.cn/crop.0.0.962.962.50/0075PIE1ly8hkxs7vsob4j30qq0qq76e.jpg?KID=imgbed,tva&amp;Expires=1704618334&amp;ssig=WKQY8jgBsW", "profile_url": "/u/6499137849", "verified": false, "verified_type": -1, "domain": "", "weihao": "", "avatar_large": "https://tvax3.sinaimg.cn/crop.0.0.962.962.180/0075PIE1ly8hkxs7vsob4j30qq0qq76e.jpg?KID=imgbed,tva&amp;Expires=1704618334&amp;ssig=wHz0RomAVY", "avatar_hd": "https://tvax3.sinaimg.cn/crop.0.0.962.962.1024/0075PIE1ly8hkxs7vsob4j30qq0qq76e.jpg?KID=imgbed,tva&amp;Expires=1704618334&amp;ssig=y4X07qe017", "follow_me": false, "following": false, "mbrank": 0, "mbtype": 0, "v_plus": 0, "planet_video": false, "icon_list": []}, "can_edit": false, "text_raw": "不知道素谁滴亚飞对着龙坑空大[看书][看书] ​​​", "textLength": 40, "annotations": [{"photo_sub_type": "0,0"}, {"client_mblogid": "1c20c203-9ca5-4c58-953b-a4f80420f353"}, {"source_text": "", "phone_id": "266"}, {"mapi_request": true}], "source": "Android", "favorited": false, "rid": "21_0_50_5046666605237072376_0_0_0", "pic_ids": ["0075PIE1ly1hlai2aalz5j30qo0v7q79", "0075PIE1ly1hlai2akxzoj30qo0cdq3f"], "pic_focus_point": [{"focus_point": {"left": 0.31705084, "top": 0.004236984, "width": 0.46180314, "height": 0.99576294}, "pic_id": "0075PIE1ly1hlai2akxzoj30qo0cdq3f"}, {"focus_point": {"left": 0.20144928, "top": 0.25154895, "width": 0.6405797, "height": 0.13135068}, "pic_id": "0075PIE1ly1hlai2aalz5j30qo0v7q79"}], "pic_num": 2, "pic_infos": {"0075PIE1ly1hlai2aalz5j30qo0v7q79": {"thumbnail": {"url": "https://wx2.sinaimg.cn/wap180/0075PIE1ly1hlai2aalz5j30qo0v7q79.jpg", "width": 153, "height": 180, "cut_type": 1, "type": ""}, "bmiddle": {"url": "https://wx2.sinaimg.cn/wap360/0075PIE1ly1hlai2aalz5j30qo0v7q79.jpg", "width": 307, "height": 360, "cut_type": 1, "type": ""}, "large": {"url": "https://wx2.sinaimg.cn/orj960/0075PIE1ly1hlai2aalz5j30qo0v7q79.jpg", "width": 960, "height": 1123, "cut_type": 1, "type": ""}, "original": {"url": "https://wx2.sinaimg.cn/orj1080/0075PIE1ly1hlai2aalz5j30qo0v7q79.jpg", "width": 960, "height": 1123, "cut_type": 1, "type": ""}, "largest": {"url": "https://wx2.sinaimg.cn/large/0075PIE1ly1hlai2aalz5j30qo0v7q79.jpg", "width": 960, "height": 1123, "cut_type": 1, "type": ""}, "mw2000": {"url": "https://wx2.sinaimg.cn/mw2000/0075PIE1ly1hlai2aalz5j30qo0v7q79.jpg", "width": 960, "height": 1123, "cut_type": 1, "type": ""}, "focus_point": {"left": 0.20144928, "top": 0.25154895, "width": 0.6405797, "height": 0.13135068}, "object_id": "1042018:5eca3c13e5a7c19ca69fd51f1bb536f4", "pic_id": "0075PIE1ly1hlai2aalz5j30qo0v7q79", "photo_tag": 0, "type": "pic", "pic_status": 1}, "0075PIE1ly1hlai2akxzoj30qo0cdq3f": {"thumbnail": {"url": "https://wx3.sinaimg.cn/wap180/0075PIE1ly1hlai2akxzoj30qo0cdq3f.jpg", "width": 180, "height": 83, "cut_type": 1, "type": ""}, "bmiddle": {"url": "https://wx3.sinaimg.cn/wap360/0075PIE1ly1hlai2akxzoj30qo0cdq3f.jpg", "width": 360, "height": 166, "cut_type": 1, "type": ""}, "large": {"url": "https://wx3.sinaimg.cn/orj960/0075PIE1ly1hlai2akxzoj30qo0cdq3f.jpg", "width": 960, "height": 445, "cut_type": 1, "type": ""}, "original": {"url": "https://wx3.sinaimg.cn/orj1080/0075PIE1ly1hlai2akxzoj30qo0cdq3f.jpg", "width": 960, "height": 445, "cut_type": 1, "type": ""}, "largest": {"url": "https://wx3.sinaimg.cn/large/0075PIE1ly1hlai2akxzoj30qo0cdq3f.jpg", "width": 960, "height": 445, "cut_type": 1, "type": ""}, "mw2000": {"url": "https://wx3.sinaimg.cn/mw2000/0075PIE1ly1hlai2akxzoj30qo0cdq3f.jpg", "width": 960, "height": 445, "cut_type": 1, "type": ""}, "focus_point": {"left": 0.31705084, "top": 0.004236984, "width": 0.46180314, "height": 0.99576294}, "object_id": "1042018:3e627ceea33920b23192deac9dbeac5c", "pic_id": "0075PIE1ly1hlai2akxzoj30qo0cdq3f", "photo_tag": 0, "type": "pic", "pic_status": 1}}, "is_paid": false, "mblog_vip_type": 0, "number_display_strategy": {"apply_scenario_flag": 3, "display_text_min_number": 1000000, "display_text": "100万+"}, "reposts_count": 0, "comments_count": 0, "attitudes_count": 0, "attitudes_status": 0, "isLongText": false, "mlevel": 0, "content_auth": 0, "is_show_bulletin": 2, "comment_manage_info": {"comment_permission_type": -1, "approval_comment_type": 0, "comment_sort_type": 0}, "share_repost_type": 0, "mblogtype": 0, "showFeedRepost": false, "showFeedComment": false, "pictureViewerSign": false, "showPictureViewer": false, "rcList": [], "text": "不知道素谁滴亚飞对着龙坑空大&lt;img alt=\"[看书]\" title=\"[看书]\" src=\"https://face.t.sinajs.cn/t4/appstyle/expression/ext/normal/83/2023_read_org.png\" /&gt;&lt;img alt=\"[看书]\" title=\"[看书]\" src=\"https://face.t.sinajs.cn/t4/appstyle/expression/ext/normal/83/2023_read_org.png\" /&gt; ​​​", "region_name": "发布于 辽宁", "customIcons": []}