{"visible": {"type": 0, "list_id": 0}, "created_at": "Sun Dec 31 12:59:34 +0800 2023", "id": 4984994525089341, "idstr": "4984994525089341", "mid": "4984994525089341", "mblogid": "NzF5WllY9", "user": {"id": 5449734852, "idstr": "5449734852", "pc_new": 7, "screen_name": "滔搏电子竞技俱乐部", "profile_image_url": "https://tvax3.sinaimg.cn/crop.0.0.1080.1080.50/005WOwZely8heahvtzr4dj30u00u0di7.jpg?KID=imgbed,tva&amp;Expires=1704618326&amp;ssig=LLpHK1BlNN", "profile_url": "/u/5449734852", "verified": true, "verified_type": 7, "domain": "2144gaming", "weihao": "", "verified_type_ext": 50, "avatar_large": "https://tvax3.sinaimg.cn/crop.0.0.1080.1080.180/005WOwZely8heahvtzr4dj30u00u0di7.jpg?KID=imgbed,tva&amp;Expires=1704618326&amp;ssig=eH3m2TZOYZ", "avatar_hd": "https://tvax3.sinaimg.cn/crop.0.0.1080.1080.1024/005WOwZely8heahvtzr4dj30u00u0di7.jpg?KID=imgbed,tva&amp;Expires=1704618326&amp;ssig=Qrvk3zTexM", "follow_me": false, "following": false, "mbrank": 1, "mbtype": 12, "v_plus": 0, "planet_video": false, "icon_list": [{"type": "vip", "data": {"mbrank": 1, "mbtype": 12, "svip": 1, "vvip": 1}}]}, "can_edit": false, "edit_count": 1, "text_raw": "#一条plog告别2023# \n\n2023年的最后一条plog来啦[好喜欢]\n一起来看看桃仁的12月都有哪些小故事吧[赢牛奶]\n\n#搏至无憾# ​​​", "textLength": 110, "annotations": [{"photo_sub_type": "0"}, {"client_mblogid": "iPhone-45A02345-ADE9-4592-9A62-115B37FAF7BF"}, {"source_text": "", "phone_id": "-1"}, {"mapi_request": true}], "source": "", "favorited": false, "buttons": [{"type": "follow", "name": "加关注", "pic": "http://u1.sinaimg.cn/upload/2013/06/14/timeline_card_small_button_icon_add.png", "params": {"uid": 5449734852}, "actionlog": {"act_code": 92, "uicode": "10000100", "oid": "4984994525089341", "cardid": "1076030002_5449734852"}}], "rid": "9_0_50_5246413405184694878_0_0_0", "cardid": "star_1545", "pic_ids": ["005WOwZely1hlcvsza0wnj30u091k1kz"], "pic_num": 1, "pic_infos": {"005WOwZely1hlcvsza0wnj30u091k1kz": {"thumbnail": {"url": "https://wx3.sinaimg.cn/wap180/005WOwZely1hlcvsza0wnj30u091k1kz.jpg", "width": 54, "height": 180, "cut_type": 1, "type": ""}, "bmiddle": {"url": "https://wx3.sinaimg.cn/wap360/005WOwZely1hlcvsza0wnj30u091k1kz.jpg", "width": 108, "height": 360, "cut_type": 1, "type": ""}, "large": {"url": "https://wx3.sinaimg.cn/orj960/005WOwZely1hlcvsza0wnj30u091k1kz.jpg", "width": 960, "height": 10417, "cut_type": 1, "type": ""}, "original": {"url": "https://wx3.sinaimg.cn/orj1080/005WOwZely1hlcvsza0wnj30u091k1kz.jpg", "width": 1080, "height": 11720, "cut_type": 1, "type": ""}, "largest": {"url": "https://wx3.sinaimg.cn/large/005WOwZely1hlcvsza0wnj30u091k1kz.jpg", "width": 1080, "height": 11720, "cut_type": 1, "type": ""}, "mw2000": {"url": "https://wx3.sinaimg.cn/mw2000/005WOwZely1hlcvsza0wnj30u091k1kz.jpg", "width": 1080, "height": 11720, "cut_type": 1, "type": ""}, "object_id": "1042018:ac9469d50c936f0bad8ef76ab1dc0da9", "pic_id": "005WOwZely1hlcvsza0wnj30u091k1kz", "photo_tag": 0, "type": "pic", "pic_status": 1}}, "is_paid": false, "pic_bg_new": "http://vip.storage.weibo.com/feed_cover/star_1545_mobile_new.png?version=2021091501", "mblog_vip_type": 0, "number_display_strategy": {"apply_scenario_flag": 3, "display_text_min_number": 1000000, "display_text": "100万+"}, "title_source": {"name": "TOP_ESPORTS超话", "url": "sinaweibo://pageinfo?pageid=1008081afd05d61fb83c05070bcece702450e7&amp;extparam=TOP_ESPORTS", "image": "http://wx1.sinaimg.cn/thumbnail/005WOwZely8h8vhjsggn3j30u00u0ted.jpg"}, "reposts_count": 90, "comments_count": 202, "attitudes_count": 1828, "attitudes_status": 0, "isLongText": false, "mlevel": 0, "content_auth": 0, "is_show_bulletin": 3, "comment_manage_info": {"comment_permission_type": -1, "approval_comment_type": 0, "comment_sort_type": 0}, "screen_name_suffix_new": [{"content": "滔搏电子竞技俱乐部", "remark": "", "color": "FF333333", "dark_color": "FFD3D3D3", "type": 1, "truncation": {"mode": 1}}, {"content": "TOP_ESPORTS超话", "color": "FF507DAF", "dark_color": "FF7691b9", "type": 2, "scheme": "sinaweibo://pageinfo?pageid=1008081afd05d61fb83c05070bcece702450e7&amp;extparam=TOP_ESPORTS&amp;extension=%7B%22mblog_object_ref%22%3A%22topic%22%7D", "icons": [{"url": "https://h5.sinaimg.cn/upload/1000/808/2020/02/17/andriod_chaohua_header.png", "scheme": "sinaweibo://pageinfo?pageid=1008081afd05d61fb83c05070bcece702450e7&amp;extparam=TOP_ESPORTS", "cleaned": true}], "icons_location": 0, "truncation": {"mode": 1, "keep_end_size": 2}, "actionlog": {"act_code": 1404, "oid": "1022:1008081afd05d61fb83c05070bcece702450e7", "uicode": "", "luicode": "", "fid": "1076036499137849_-_WEIBO_SECOND_PROFILE_WEIBO", "ext": "mid:4984994525089341|source_type:3|uid:7774910775|analysis_extra:follow:0|new_style:1"}, "cleaned": true}], "share_repost_type": 0, "topic_struct": [{"title": "", "topic_url": "sinaweibo://searchall?containerid=231522&amp;q=%23%E4%B8%80%E6%9D%A1plog%E5%91%8A%E5%88%AB2023%23&amp;extparam=%23%E4%B8%80%E6%9D%A1plog%E5%91%8A%E5%88%AB2023%23", "topic_title": "一条plog告别2023", "actionlog": {"act_type": 1, "act_code": 300, "oid": "1022:231522d4dd3b390e9accc8a129ce78b4659bc0", "uuid": 4852724641562962, "cardid": "", "lcardid": "", "uicode": "", "luicode": "", "fid": "1076036499137849_-_WEIBO_SECOND_PROFILE_WEIBO", "lfid": "", "ext": "mid:4984994525089341|rid:9_0_50_5246413405184694878_0_0_0|short_url:|long_url:|comment_id:|miduid:5449734852|rootmid:4984994525089341|rootuid:5449734852|authorid:|uuid:4852724641562962|is_ad_weibo:0"}}, {"title": "", "topic_url": "sinaweibo://searchall?containerid=231522&amp;q=%23%E6%90%8F%E8%87%B3%E6%97%A0%E6%86%BE%23&amp;extparam=%23%E6%90%8F%E8%87%B3%E6%97%A0%E6%86%BE%23", "topic_title": "搏至无憾", "actionlog": {"act_type": 1, "act_code": 300, "oid": "1022:231522a838eb5c97a34cf94e89bf131c885fc0", "uuid": 4450478694858831, "cardid": "", "lcardid": "", "uicode": "", "luicode": "", "fid": "1076036499137849_-_WEIBO_SECOND_PROFILE_WEIBO", "lfid": "", "ext": "mid:4984994525089341|rid:9_0_50_5246413405184694878_0_0_0|short_url:|long_url:|comment_id:|miduid:5449734852|rootmid:4984994525089341|rootuid:5449734852|authorid:|uuid:4450478694858831|is_ad_weibo:0"}}], "url_struct": [{"url_title": "TOP_ESPORTS超话", "url_type_pic": "https://h5.sinaimg.cn/upload/100/959/2020/05/09/timeline_card_small_super.png", "ori_url": "sinaweibo://pageinfo?containerid=1008081afd05d61fb83c05070bcece702450e7&amp;extparam=TOP_ESPORTS&amp;extension=%7B%22mblog_object_ref%22%3A%22content%22%7D", "page_id": "1008081afd05d61fb83c05070bcece702450e7", "short_url": "#TOP_ESPORTS[超话]#", "long_url": "", "url_type": "", "result": false, "actionlog": {"act_type": 1, "act_code": 300, "oid": "1022:1008081afd05d61fb83c05070bcece702450e7", "uuid": 4372659382030984, "cardid": "", "lcardid": "", "uicode": "", "luicode": "", "fid": "1076036499137849_-_WEIBO_SECOND_PROFILE_WEIBO", "lfid": "", "ext": "mid:4984994525089341|rid:9_0_50_5246413405184694878_0_0_0|short_url:|long_url:|comment_id:|miduid:5449734852|rootmid:4984994525089341|rootuid:5449734852|authorid:|uuid:4372659382030984|is_ad_weibo:0|analysis_card:url_struct"}, "storage_type": "", "hide": 0, "object_type": "", "h5_target_url": "https://huati.weibo.com/k/TOP_ESPORTS?from=1FFFF96039&amp;weiboauthoruid=5449734852", "need_save_obj": 0}], "title": {"text": "她2023-12-31赞过的微博", "structs": [{"name": "她2023-12-31赞过的微博", "scheme": "sinaweibo://cardlist?containerid=2308696499137849_-_mix", "cleaned": true}]}, "mblogtype": 0, "showFeedRepost": false, "showFeedComment": false, "pictureViewerSign": false, "showPictureViewer": false, "rcList": [], "text": "&lt;a href=\"//s.weibo.com/weibo?q=%23%E4%B8%80%E6%9D%A1plog%E5%91%8A%E5%88%AB2023%23\" target=\"_blank\"&gt;#一条plog告别2023#&lt;/a&gt; &lt;br /&gt;&lt;br /&gt;2023年的最后一条plog来啦&lt;img alt=\"[好喜欢]\" title=\"[好喜欢]\" src=\"https://face.t.sinajs.cn/t4/appstyle/expression/ext/normal/d6/lxhlike_thumb.gif\" /&gt;&lt;br /&gt;一起来看看桃仁的12月都有哪些小故事吧&lt;img alt=\"[赢牛奶]\" title=\"[赢牛奶]\" src=\"https://face.t.sinajs.cn/t4/appstyle/expression/ext/normal/9c/2021_yingniunai_org.png\" /&gt;&lt;br /&gt;&lt;br /&gt;&lt;a href=\"//s.weibo.com/weibo?q=%23%E6%90%8F%E8%87%B3%E6%97%A0%E6%86%BE%23\" target=\"_blank\"&gt;#搏至无憾#&lt;/a&gt; ​​​", "region_name": "发布于 上海", "customIcons": [], "followBtnCode": {"uid": 5449734852}}