{"visible": {"type": 0, "list_id": 0}, "created_at": "Fri Dec 29 20:12:05 +0800 2023", "id": 4984378596263288, "idstr": "4984378596263288", "mid": "4984378596263288", "mblogid": "Nzp4vqhmM", "user": {"id": 6134301639, "idstr": "6134301639", "pc_new": 7, "screen_name": "告白預行絵本", "profile_image_url": "https://tvax4.sinaimg.cn/crop.0.0.512.512.50/006H8U51ly8h9p1orw24xj30e80e80tt.jpg?KID=imgbed,tva&amp;Expires=1704618334&amp;ssig=cf2qZpSdRV", "profile_url": "/u/6134301639", "verified": true, "verified_type": 0, "domain": "", "weihao": "", "verified_type_ext": 1, "avatar_large": "https://tvax4.sinaimg.cn/crop.0.0.512.512.180/006H8U51ly8h9p1orw24xj30e80e80tt.jpg?KID=imgbed,tva&amp;Expires=1704618334&amp;ssig=XlKfOFBEfz", "avatar_hd": "https://tvax4.sinaimg.cn/crop.0.0.512.512.1024/006H8U51ly8h9p1orw24xj30e80e80tt.jpg?KID=imgbed,tva&amp;Expires=1704618334&amp;ssig=ZbBs7oh%2B3z", "follow_me": false, "following": false, "mbrank": 2, "mbtype": 12, "v_plus": 0, "planet_video": false, "icon_list": [{"type": "vip", "data": {"mbrank": 2, "mbtype": 12, "svip": 1, "vvip": 1}}]}, "can_edit": false, "text_raw": "Im the Drama with #YEJI 🐈‍⬛🐈\n. http://t.cn/A6l8azfg ​​​", "textLength": 59, "annotations": [[], {"client_mblogid": "iPhone-4748486C-7631-4596-980B-29799D2E506E"}, {"source_text": "", "phone_id": "-1"}, {"mapi_request": true}], "source": "&lt;a target=\"_blank\" href=\"https://t.sina.com.cn\" rel=\"nofollow\"&gt;微博视频号&lt;/a&gt;", "favorited": false, "buttons": [{"type": "follow", "name": "加关注", "pic": "http://u1.sinaimg.cn/upload/2013/06/14/timeline_card_small_button_icon_add.png", "params": {"uid": 6134301639}, "actionlog": {"act_code": 92, "uicode": "10000100", "oid": "4984378596263288", "cardid": "1076030002_6134301639"}}], "rid": "15_0_50_5046666605237072376_0_0_0", "pic_ids": [], "pic_num": 0, "is_paid": false, "mblog_vip_type": 0, "number_display_strategy": {"apply_scenario_flag": 3, "display_text_min_number": 1000000, "display_text": "100万+"}, "reposts_count": 1221, "comments_count": 206, "attitudes_count": 6903, "attitudes_status": 0, "isLongText": false, "mlevel": 0, "content_auth": 0, "is_show_bulletin": 2, "comment_manage_info": {"comment_permission_type": -1, "approval_comment_type": 0, "comment_sort_type": 0}, "share_repost_type": 0, "url_struct": [{"url_title": "告白預行絵本的微博视频", "url_type_pic": "https://h5.sinaimg.cn/upload/2015/09/25/3/timeline_card_small_video.png", "ori_url": "sinaweibo://video/vvs?mid=4984378596263288&amp;object_id=1034:4984378388840493&amp;url_type=39&amp;object_type=video&amp;pos=1", "page_id": "2304444984378388840493", "short_url": "http://t.cn/A6l8azfg", "long_url": "https://video.weibo.com/show?fid=1034:4984378388840493", "url_type": 39, "result": false, "actionlog": {"act_type": 1, "act_code": 300, "oid": "1034:4984378388840493", "uuid": 4984378446053402, "cardid": "", "lcardid": "", "uicode": "", "luicode": "", "fid": "1076036499137849_-_WEIBO_SECOND_PROFILE_WEIBO", "lfid": "", "ext": "mid:4984378596263288|rid:15_0_50_5046666605237072376_0_0_0|short_url:http://t.cn/A6l8azfg|long_url:https://video.weibo.com/show?fid=1034:4984378388840493|comment_id:|miduid:6134301639|rootmid:4984378596263288|rootuid:6134301639|authorid:6134301639|uuid:4984378446053402|is_ad_weibo:0|analysis_card:url_struct"}, "storage_type": "unistore", "hide": 0, "object_type": "", "ttl": 3600, "h5_target_url": "https://video.weibo.com/show?fid=1034:4984378388840493&amp;from=1FFFF96039&amp;weiboauthoruid=6134301639", "need_save_obj": 0}], "title": {"text": "她2023-12-29赞过的微博", "structs": [{"name": "她2023-12-29赞过的微博", "scheme": "sinaweibo://cardlist?containerid=2308696499137849_-_mix", "cleaned": true}]}, "mblogtype": 0, "showFeedRepost": false, "showFeedComment": false, "pictureViewerSign": false, "showPictureViewer": false, "rcList": [], "text": "Im the Drama with #YEJI 🐈‍⬛🐈&lt;br /&gt;. &lt;a target=\"_blank\" href=\"https://video.weibo.com/show?fid=1034:4984378388840493\"&gt;&lt;img class=\"icon-link\" src=\"https://h5.sinaimg.cn/upload/2015/09/25/3/timeline_card_small_video_default.png\"/&gt;告白預行絵本的微博视频&lt;/a&gt; ​​​", "region_name": "发布于 海南", "customIcons": [], "page_info": {"type": 5, "page_id": "2304444984378388840493", "object_type": "video", "oid": "6134301639", "page_title": "告白預行絵本的微博视频", "page_pic": "https://wx2.sinaimg.cn/orj480/006H8U51gy1hlax2k6yz6j30k00qp444.jpg", "type_icon": "", "page_url": "sinaweibo://infopage?containerid=2304444984378388840493&amp;containerid=2304444984378388840493&amp;url_type=39&amp;object_type=video&amp;pos=2", "object_id": "1034:4984378388840493", "media_info": {"name": "告白預行絵本的微博视频", "stream_url": "http://f.video.weibocdn.com/u0/yJjLQ1Prgx08bkpMM47u01041200ifj90E010.mp4?label=mp4_720p&amp;template=720x1280.24.0&amp;ori=0&amp;ps=1CwnkDw1GXwCQx&amp;Expires=1704611134&amp;ssig=iU2p7nBkw8&amp;KID=unistore,video", "stream_url_hd": "http://f.video.weibocdn.com/u0/yJjLQ1Prgx08bkpMM47u01041200ifj90E010.mp4?label=mp4_720p&amp;template=720x1280.24.0&amp;ori=0&amp;ps=1CwnkDw1GXwCQx&amp;Expires=1704611134&amp;ssig=iU2p7nBkw8&amp;KID=unistore,video", "format": "mp4", "h5_url": "https://video.weibo.com/show?fid=1034:4984378388840493", "mp4_sd_url": "http://f.video.weibocdn.com/u0/yJjLQ1Prgx08bkpMM47u01041200ifj90E010.mp4?label=mp4_720p&amp;template=720x1280.24.0&amp;ori=0&amp;ps=1CwnkDw1GXwCQx&amp;Expires=1704611134&amp;ssig=iU2p7nBkw8&amp;KID=unistore,video", "mp4_hd_url": "http://f.video.weibocdn.com/u0/yJjLQ1Prgx08bkpMM47u01041200ifj90E010.mp4?label=mp4_720p&amp;template=720x1280.24.0&amp;ori=0&amp;ps=1CwnkDw1GXwCQx&amp;Expires=1704611134&amp;ssig=iU2p7nBkw8&amp;KID=unistore,video", "h265_mp4_hd": "http://f.video.weibocdn.com/u0/yJjLQ1Prgx08bkpMM47u01041200ifj90E010.mp4?label=mp4_720p&amp;template=720x1280.24.0&amp;ori=0&amp;ps=1CwnkDw1GXwCQx&amp;Expires=1704611134&amp;ssig=iU2p7nBkw8&amp;KID=unistore,video", "h265_mp4_ld": "http://f.video.weibocdn.com/u0/yJjLQ1Prgx08bkpMM47u01041200ifj90E010.mp4?label=mp4_720p&amp;template=720x1280.24.0&amp;ori=0&amp;ps=1CwnkDw1GXwCQx&amp;Expires=1704611134&amp;ssig=iU2p7nBkw8&amp;KID=unistore,video", "inch_4_mp4_hd": "http://f.video.weibocdn.com/u0/yJjLQ1Prgx08bkpMM47u01041200ifj90E010.mp4?label=mp4_720p&amp;template=720x1280.24.0&amp;ori=0&amp;ps=1CwnkDw1GXwCQx&amp;Expires=1704611134&amp;ssig=iU2p7nBkw8&amp;KID=unistore,video", "inch_5_mp4_hd": "http://f.video.weibocdn.com/u0/yJjLQ1Prgx08bkpMM47u01041200ifj90E010.mp4?label=mp4_720p&amp;template=720x1280.24.0&amp;ori=0&amp;ps=1CwnkDw1GXwCQx&amp;Expires=1704611134&amp;ssig=iU2p7nBkw8&amp;KID=unistore,video", "inch_5_5_mp4_hd": "http://f.video.weibocdn.com/u0/yJjLQ1Prgx08bkpMM47u01041200ifj90E010.mp4?label=mp4_720p&amp;template=720x1280.24.0&amp;ori=0&amp;ps=1CwnkDw1GXwCQx&amp;Expires=1704611134&amp;ssig=iU2p7nBkw8&amp;KID=unistore,video", "mp4_720p_mp4": "http://f.video.weibocdn.com/u0/yJjLQ1Prgx08bkpMM47u01041200ifj90E010.mp4?label=mp4_720p&amp;template=720x1280.24.0&amp;ori=0&amp;ps=1CwnkDw1GXwCQx&amp;Expires=1704611134&amp;ssig=iU2p7nBkw8&amp;KID=unistore,video", "hevc_mp4_720p": "", "prefetch_type": 1, "prefetch_size": 262144, "act_status": 1, "protocol": "general,dash", "media_id": "4984378388840493", "origin_total_bitrate": 2332102, "video_orientation": "vertical", "duration": 20, "forward_strategy": -1, "search_scheme": "sinaweibo://svssearch?containerid=232080", "is_short_video": 0, "vote_is_show": 0, "belong_collection": 1, "titles_display_time": "3", "show_progress_bar": 1, "show_mute_button": true, "ext_info": {"video_orientation": "vertical"}, "next_title": "Im the Drama with #YEJI 🐈‍⬛🐈\n.", "kol_title": "aespa GISELLE ITZY YEJI", "play_completion_actions": [{"type": "1", "icon": "https://h5.sinaimg.cn/upload/100/1413/2021/12/22/feed_video_icon_replay.png", "text": "重播", "link": "", "btn_code": 1000, "show_position": 1, "actionlog": {"oid": "2304444984378388840493", "act_code": 1221, "act_type": 0, "source": "video"}}, {"type": 6, "icon": "https://tvax4.sinaimg.cn/crop.0.0.512.512.180/006H8U51ly8h9p1orw24xj30e80e80tt.jpg?KID=imgbed,tva&amp;Expires=1704618334&amp;ssig=XlKfOFBEfz", "text": "", "display_mode": 2, "display_starttime": 5, "display_endtime": 99999, "countdown_time": 5, "show_position": 48, "scheme": "", "link": "", "btn_code": 1009, "actionlog": {"oid": "2304444984378388840493", "act_code": 91, "act_type": 0, "source": "video", "ext": "mid:4984378596263288|oid:1034:4984378388840493|muid:6134301639|authorid:6134301639"}, "ext": {"uid": "6134301639", "user_name": "告白預行絵本", "followers_count": 907064, "verified": true, "verified_type": 0, "verified_type_ext": 1, "verified_reason": "娱乐博主", "level": 3}, "display_type": 0}], "video_publish_time": 1703851889, "play_loop_type": 0, "video_title": "aespa GISELLE ITZY YEJI", "author_mid": "4984378596263288", "author_name": "告白預行絵本", "is_playlist": 1, "get_playlist_id": 4313920023032434, "extra_info": {"sceneid": "profile_mb"}, "video_download_strategy": {"abandon_download": 0}, "jump_to": 6, "big_pic_info": {"pic_big": {"height": 961, "url": "https://wx2.sinaimg.cn/orj1080/006H8U51gy1hlax2k6yz6j30k00qp444.jpg", "width": 720}, "pic_small": {"height": 240, "url": "https://wx2.sinaimg.cn/or180/006H8U51gy1hlax2k6yz6j30k00qp444.jpg", "width": 180}, "pic_middle": {"height": 480, "url": "https://wx2.sinaimg.cn/or360/006H8U51gy1hlax2k6yz6j30k00qp444.jpg", "width": 360}}, "online_users": "26.9万次观看", "online_users_number": 269680, "ttl": 3600, "storage_type": "unistore", "is_keep_current_mblog": 0, "author_info": {"id": 6134301639, "idstr": "6134301639", "pc_new": 7, "screen_name": "告白預行絵本", "profile_image_url": "https://tvax4.sinaimg.cn/crop.0.0.512.512.50/006H8U51ly8h9p1orw24xj30e80e80tt.jpg?KID=imgbed,tva&amp;Expires=1704618334&amp;ssig=cf2qZpSdRV", "profile_url": "/u/6134301639", "verified": true, "verified_type": 0, "domain": "", "weihao": "", "verified_type_ext": 1, "avatar_large": "https://tvax4.sinaimg.cn/crop.0.0.512.512.180/006H8U51ly8h9p1orw24xj30e80e80tt.jpg?KID=imgbed,tva&amp;Expires=1704618334&amp;ssig=XlKfOFBEfz", "avatar_hd": "https://tvax4.sinaimg.cn/crop.0.0.512.512.1024/006H8U51ly8h9p1orw24xj30e80e80tt.jpg?KID=imgbed,tva&amp;Expires=1704618334&amp;ssig=ZbBs7oh%2B3z", "follow_me": false, "following": false, "mbrank": 2, "mbtype": 12, "v_plus": 0, "planet_video": false, "verified_reason": "娱乐博主", "description": "hello hello punch you like a 808 ( ๑˃̶ ꇴ ˂̶)♪⁺", "location": "其他", "gender": "f", "followers_count": 907243, "followers_count_str": "90.7万", "friends_count": 67, "statuses_count": 10282, "url": "", "svip": 1, "vvip": 1, "cover_image_phone": "https://wx4.sinaimg.cn/crop.0.0.640.640.640/006H8U51gy1h999uu1paij30u00u0wh9.jpg"}, "playback_list": [{"meta": {"label": "mp4_720p", "quality_index": 720, "quality_desc": "高清", "quality_label": "720p", "quality_class": "HD", "type": 1, "quality_group": 720, "is_hidden": false}, "play_info": {"type": 1, "mime": "video/mp4", "protocol": "general", "label": "mp4_720p", "url": "https://f.video.weibocdn.com/u0/yJjLQ1Prgx08bkpMM47u01041200ifj90E010.mp4?label=mp4_720p&amp;template=720x1280.24.0&amp;media_id=4984378388840493&amp;tp=8x8A3El:YTkl0eM8&amp;us=0&amp;ori=1&amp;bf=4&amp;ot=v&amp;lp=00003MndIw&amp;ps=mZ6WB&amp;uid=8uaJsH&amp;ab=,8012-g2,8013-g0,3601-g32,3601-g31,3601-g19,12739-g1&amp;Expires=1704611134&amp;ssig=iU2p7nBkw8&amp;KID=unistore,video", "bitrate": 1687197, "prefetch_range": "0-646689", "video_codecs": "avc1.64001f", "fps": 30, "width": 720, "height": 1280, "size": 4348751, "duration": 20.62, "sar": "1.0", "audio_codecs": "mp4a.40.5", "audio_sample_rate": 44100, "quality_label": "720p", "quality_class": "HD", "quality_desc": "高清", "audio_channels": 2, "audio_sample_fmt": "fltp", "audio_bits_per_sample": 0, "watermark": "none", "extension": {"transcode_info": {"pcdn_rule_id": 0, "pcdn_jank": 0, "origin_video_dr": "SDR", "ab_strategies": ",8012-g2,8013-g0,3601-g32,3601-g31,3601-g19,12739-g1"}}, "video_decoder": "hard", "prefetch_enabled": true, "tcp_receive_buffer": 262144, "dolby_atmos": false, "color_transfer": "bt709", "first_pkt_end_pos": 83501}}, {"meta": {"label": "mp4_hd", "quality_index": 480, "quality_desc": "标清", "quality_label": "480p", "quality_class": "SD", "type": 1, "quality_group": 480, "is_hidden": false}, "play_info": {"type": 1, "mime": "video/mp4", "protocol": "general", "label": "mp4_hd", "url": "https://f.video.weibocdn.com/u0/3nBSrBBWgx08bkpMwKvC01041200aSdo0E010.mp4?label=mp4_hd&amp;template=540x960.24.0&amp;media_id=4984378388840493&amp;tp=8x8A3El:YTkl0eM8&amp;us=0&amp;ori=1&amp;bf=4&amp;ot=v&amp;lp=00003MndIw&amp;ps=mZ6WB&amp;uid=8uaJsH&amp;ab=,8012-g2,8013-g0,3601-g32,3601-g31,3601-g19,12739-g1&amp;Expires=1704611134&amp;ssig=Ls3v97WArR&amp;KID=unistore,video", "bitrate": 1005503, "prefetch_range": "0-387428", "video_codecs": "avc1.64001f", "fps": 30, "width": 540, "height": 960, "size": 2591686, "duration": 20.62, "sar": "1.0", "audio_codecs": "mp4a.40.5", "audio_sample_rate": 44100, "quality_label": "480p", "quality_class": "SD", "quality_desc": "标清", "audio_channels": 2, "audio_sample_fmt": "fltp", "audio_bits_per_sample": 0, "watermark": "none", "extension": {"transcode_info": {"pcdn_rule_id": 0, "pcdn_jank": 0, "origin_video_dr": "SDR", "ab_strategies": ",8012-g2,8013-g0,3601-g32,3601-g31,3601-g19,12739-g1"}}, "video_decoder": "hard", "prefetch_enabled": true, "tcp_receive_buffer": 262144, "dolby_atmos": false, "color_transfer": "bt709", "first_pkt_end_pos": 56163}}, {"meta": {"label": "scrubber_hd", "quality_index": 480, "quality_desc": "标清", "quality_label": "480p", "quality_class": "SD", "type": 3, "quality_group": 480, "is_hidden": false}, "play_info": {"type": 3, "mime": "image/jpeg", "protocol": "general", "label": "scrubber_hd", "url": "https://wx3.sinaimg.cn/large/006H8U51gy1hlax2k8sksj30f07eodjn.jpg?media_id=4984378388840493&amp;tp=8x8A3El:YTkl0eM8&amp;us=0&amp;ori=1&amp;bf=4&amp;ot=v&amp;lp=00003MndIw&amp;ps=mZ6WB&amp;uid=8uaJsH&amp;ab=,8012-g2,8013-g0,3601-g32,3601-g31,3601-g19,12739-g1&amp;Expires=1704611134&amp;ssig=xc%2Bcf2iVdc&amp;KID=unistore,video", "prefetch_range": "0-512000", "width": 180, "height": 320, "quality_label": "480p", "quality_class": "SD", "quality_desc": "标清", "extension": {"transcode_info": {"pcdn_rule_id": 0, "pcdn_jank": 0, "origin_video_dr": "SDR", "ab_strategies": ",8012-g2,8013-g0,3601-g32,3601-g31,3601-g19,12739-g1"}}, "video_decoder": "hard", "prefetch_enabled": true, "tcp_receive_buffer": 262144, "col": 3, "row": 30, "interval": 1, "offset": 0.5, "urls": ["http://wx4.sinaimg.cn/large/006H8U51gy1hlax2k8sksj30f07eodjn.jpg"]}}, {"meta": {"label": "mp4_ld", "quality_index": 360, "quality_desc": "流畅", "quality_label": "360p", "quality_class": "SD", "type": 1, "quality_group": 360, "is_hidden": false}, "play_info": {"type": 1, "mime": "video/mp4", "protocol": "general", "label": "mp4_ld", "url": "https://f.video.weibocdn.com/u0/cGML88WQgx08bkpMeguk010412005uga0E010.mp4?label=mp4_ld&amp;template=360x640.24.0&amp;media_id=4984378388840493&amp;tp=8x8A3El:YTkl0eM8&amp;us=0&amp;ori=1&amp;bf=4&amp;ot=v&amp;lp=00003MndIw&amp;ps=mZ6WB&amp;uid=8uaJsH&amp;ab=,8012-g2,8013-g0,3601-g32,3601-g31,3601-g19,12739-g1&amp;Expires=1704611134&amp;ssig=niqleuhcnL&amp;KID=unistore,video", "bitrate": 507453, "prefetch_range": "0-195424", "video_codecs": "avc1.64001e", "fps": 30, "width": 360, "height": 640, "size": 1307962, "duration": 20.62, "sar": "1.0", "audio_codecs": "mp4a.40.5", "audio_sample_rate": 44100, "quality_label": "360p", "quality_class": "SD", "quality_desc": "流畅", "audio_channels": 2, "audio_sample_fmt": "fltp", "audio_bits_per_sample": 0, "watermark": "none", "extension": {"transcode_info": {"pcdn_rule_id": 0, "pcdn_jank": 0, "origin_video_dr": "SDR", "ab_strategies": ",8012-g2,8013-g0,3601-g32,3601-g31,3601-g19,12739-g1"}}, "video_decoder": "hard", "prefetch_enabled": true, "tcp_receive_buffer": 262144, "dolby_atmos": false, "color_transfer": "bt709", "first_pkt_end_pos": 37196}}]}, "author_id": "6134301639", "authorid": "6134301639", "cards": [{"type": "11", "page_id": "2304444984378388840493", "object_type": "video", "object_id": "1034:4984378388840493", "content1": "告白預行絵本的微博视频", "content2": "Im the Drama with #YEJI 🐈‍⬛🐈\n.", "act_status": 1, "media_info": {"name": "告白預行絵本的微博视频", "stream_url": "http://f.video.weibocdn.com/u0/yJjLQ1Prgx08bkpMM47u01041200ifj90E010.mp4?label=mp4_720p&amp;template=720x1280.24.0&amp;ori=0&amp;ps=1CwnkDw1GXwCQx&amp;Expires=1704611134&amp;ssig=iU2p7nBkw8&amp;KID=unistore,video", "stream_url_hd": "http://f.video.weibocdn.com/u0/yJjLQ1Prgx08bkpMM47u01041200ifj90E010.mp4?label=mp4_720p&amp;template=720x1280.24.0&amp;ori=0&amp;ps=1CwnkDw1GXwCQx&amp;Expires=1704611134&amp;ssig=iU2p7nBkw8&amp;KID=unistore,video", "format": "mp4", "h5_url": "https://video.weibo.com/show?fid=1034:4984378388840493", "mp4_sd_url": "http://f.video.weibocdn.com/u0/yJjLQ1Prgx08bkpMM47u01041200ifj90E010.mp4?label=mp4_720p&amp;template=720x1280.24.0&amp;ori=0&amp;ps=1CwnkDw1GXwCQx&amp;Expires=1704611134&amp;ssig=iU2p7nBkw8&amp;KID=unistore,video", "mp4_hd_url": "http://f.video.weibocdn.com/u0/yJjLQ1Prgx08bkpMM47u01041200ifj90E010.mp4?label=mp4_720p&amp;template=720x1280.24.0&amp;ori=0&amp;ps=1CwnkDw1GXwCQx&amp;Expires=1704611134&amp;ssig=iU2p7nBkw8&amp;KID=unistore,video", "h265_mp4_hd": "http://f.video.weibocdn.com/u0/yJjLQ1Prgx08bkpMM47u01041200ifj90E010.mp4?label=mp4_720p&amp;template=720x1280.24.0&amp;ori=0&amp;ps=1CwnkDw1GXwCQx&amp;Expires=1704611134&amp;ssig=iU2p7nBkw8&amp;KID=unistore,video", "h265_mp4_ld": "http://f.video.weibocdn.com/u0/yJjLQ1Prgx08bkpMM47u01041200ifj90E010.mp4?label=mp4_720p&amp;template=720x1280.24.0&amp;ori=0&amp;ps=1CwnkDw1GXwCQx&amp;Expires=1704611134&amp;ssig=iU2p7nBkw8&amp;KID=unistore,video", "inch_4_mp4_hd": "http://f.video.weibocdn.com/u0/yJjLQ1Prgx08bkpMM47u01041200ifj90E010.mp4?label=mp4_720p&amp;template=720x1280.24.0&amp;ori=0&amp;ps=1CwnkDw1GXwCQx&amp;Expires=1704611134&amp;ssig=iU2p7nBkw8&amp;KID=unistore,video", "inch_5_mp4_hd": "http://f.video.weibocdn.com/u0/yJjLQ1Prgx08bkpMM47u01041200ifj90E010.mp4?label=mp4_720p&amp;template=720x1280.24.0&amp;ori=0&amp;ps=1CwnkDw1GXwCQx&amp;Expires=1704611134&amp;ssig=iU2p7nBkw8&amp;KID=unistore,video", "inch_5_5_mp4_hd": "http://f.video.weibocdn.com/u0/yJjLQ1Prgx08bkpMM47u01041200ifj90E010.mp4?label=mp4_720p&amp;template=720x1280.24.0&amp;ori=0&amp;ps=1CwnkDw1GXwCQx&amp;Expires=1704611134&amp;ssig=iU2p7nBkw8&amp;KID=unistore,video", "mp4_720p_mp4": "http://f.video.weibocdn.com/u0/yJjLQ1Prgx08bkpMM47u01041200ifj90E010.mp4?label=mp4_720p&amp;template=720x1280.24.0&amp;ori=0&amp;ps=1CwnkDw1GXwCQx&amp;Expires=1704611134&amp;ssig=iU2p7nBkw8&amp;KID=unistore,video", "hevc_mp4_720p": "", "prefetch_type": 1, "prefetch_size": 262144, "act_status": 1, "protocol": "general,dash", "media_id": "4984378388840493", "origin_total_bitrate": 2332102, "video_orientation": "vertical", "duration": 20, "forward_strategy": -1, "search_scheme": "sinaweibo://svssearch?containerid=232080", "is_short_video": 0, "vote_is_show": 0, "belong_collection": 1, "titles_display_time": "3", "show_progress_bar": 1, "show_mute_button": true, "ext_info": {"video_orientation": "vertical"}, "next_title": "Im the Drama with #YEJI 🐈‍⬛🐈\n.", "kol_title": "aespa GISELLE ITZY YEJI", "play_completion_actions": [{"type": "1", "icon": "https://h5.sinaimg.cn/upload/100/1413/2021/12/22/feed_video_icon_replay.png", "text": "重播", "link": "", "btn_code": 1000, "show_position": 1, "actionlog": {"oid": "2304444984378388840493", "act_code": 1221, "act_type": 0, "source": "video"}}, {"type": 6, "icon": "https://tvax4.sinaimg.cn/crop.0.0.512.512.180/006H8U51ly8h9p1orw24xj30e80e80tt.jpg?KID=imgbed,tva&amp;Expires=1704618334&amp;ssig=XlKfOFBEfz", "text": "", "display_mode": 2, "display_starttime": 5, "display_endtime": 99999, "countdown_time": 5, "show_position": 48, "scheme": "", "link": "", "btn_code": 1009, "actionlog": {"oid": "2304444984378388840493", "act_code": 91, "act_type": 0, "source": "video", "ext": "mid:4984378596263288|oid:1034:4984378388840493|muid:6134301639|authorid:6134301639"}, "ext": {"uid": "6134301639", "user_name": "告白預行絵本", "followers_count": 907064, "verified": true, "verified_type": 0, "verified_type_ext": 1, "verified_reason": "娱乐博主", "level": 3}, "display_type": 0}], "video_publish_time": 1703851889, "play_loop_type": 0, "video_title": "aespa GISELLE ITZY YEJI", "author_mid": "4984378596263288", "author_name": "告白預行絵本", "is_playlist": 1, "get_playlist_id": 4313920023032434, "extra_info": {"sceneid": "profile_mb"}, "video_download_strategy": {"abandon_download": 0}, "jump_to": 6, "big_pic_info": {"pic_big": {"height": 961, "url": "https://wx2.sinaimg.cn/orj1080/006H8U51gy1hlax2k6yz6j30k00qp444.jpg", "width": 720}, "pic_small": {"height": 240, "url": "https://wx2.sinaimg.cn/or180/006H8U51gy1hlax2k6yz6j30k00qp444.jpg", "width": 180}, "pic_middle": {"height": 480, "url": "https://wx2.sinaimg.cn/or360/006H8U51gy1hlax2k6yz6j30k00qp444.jpg", "width": 360}}, "online_users": "26.9万次观看", "online_users_number": 269680, "ttl": 3600, "storage_type": "unistore"}, "page_pic": "https://wx2.sinaimg.cn/orj480/006H8U51gy1hlax2k6yz6j30k00qp444.jpg", "page_title": "告白預行絵本的微博视频", "page_url": "sinaweibo://infopage?containerid=2304444984378388840493&amp;containerid=2304444984378388840493&amp;url_type=39&amp;object_type=video&amp;pos=2", "pic_info": {"pic_big": {"height": "960", "url": "https://wx2.sinaimg.cn/orj480/006H8U51gy1hlax2k6yz6j30k00qp444.jpg", "width": "540"}, "pic_small": {"height": "960", "url": "https://wx2.sinaimg.cn/orj480/006H8U51gy1hlax2k6yz6j30k00qp444.jpg", "width": "540"}, "pic_middle": {"url": "https://wx2.sinaimg.cn/orj480/006H8U51gy1hlax2k6yz6j30k00qp444.jpg", "height": "960", "width": "540"}}, "oid": "6134301639", "type_icon": "", "author_id": "6134301639", "authorid": "6134301639", "warn": "", "actionlog": {"act_type": 1, "act_code": 799, "lcardid": "", "fid": "1076036499137849_-_WEIBO_SECOND_PROFILE_WEIBO", "mid": "4984378596263288", "oid": "1034:4984378388840493", "uuid": 4984378446053402, "source": "video", "ext": "uid:7774910775|mid:4984378596263288|objectid:1034%3A4984378388840493|from:1|object_duration:20.62|miduid:6134301639|rootuid:6134301639|rootmid:4984378596263288|authorid:6134301639|video_orientation:vertical|third_vid:|is_album:1|is_contribution:0|video_tags:|isfan:0|ua:Mozilla/5.0 (Windows NT 10.0; Win64; x64) AppleWebKit/537.36 (KHTML, like Gecko) Chrome/120.0.0.0 Safari/537.36 WeiboPro/1.0.0|sceneid:profile_mb|uuid:4984378446053402|detail:native|contribution:0|short_video:0|st_video:1|author_mid:4984378596263288|cluster_type_status:|is_ad_weibo:0|t_id:4675627069145227|t_name:%E5%90%88%E9%9B%86+%C2%B7+Challenge%F0%9F%92%83|type:2|analysis_card:page_info"}}, {"type": 34, "page_id": "2304444984378388840493", "object_type": "video", "page_desc": "韩娱 · 26.9万次观看", "oid": "6134301639", "page_title": "韩娱 · 26.9万次观看", "page_pic": "https://wx2.sinaimg.cn/orj480/006H8U51gy1hlax2k6yz6j30k00qp444.jpg", "type_icon": "", "page_url": "sinaweibo://video/vvs?sceneid=profile_mb&amp;object_id=1034:4984378388840493&amp;mid=4984378596263288&amp;log_ext=is_contribution%3A%7Cfirst_level_channel_id%3A%7Csecond_level_channel_id%3A&amp;url_type=39&amp;object_type=video&amp;pos=2", "object_id": "1034:4984378388840493", "author_id": "6134301639", "authorid": "6134301639", "is_broadcast": 1, "icon_url": "https://h5.sinaimg.cn/upload/1000/1327/2021/01/20/videofeed_album_icon.png", "withPlayCount": true, "ext": "is_contribution:|first_level_channel_id:|second_level_channel_id:", "actionlog": {"act_type": 1, "act_code": "3457", "oid": "1034:4984378388840493", "uuid": 4984378446053402, "cardid": "", "lcardid": "", "uicode": "", "luicode": "", "fid": "1076036499137849_-_WEIBO_SECOND_PROFILE_WEIBO", "lfid": "", "ext": "mid:4984378596263288|rid:15_0_50_5046666605237072376_0_0_0|short_url:http://t.cn/A6l8azfg|long_url:https://video.weibo.com/show?fid=1034:4984378388840493|comment_id:|miduid:6134301639|rootmid:4984378596263288|rootuid:6134301639|authorid:6134301639|uuid:4984378446053402|is_ad_weibo:0|is_contribution:|first_level_channel_id:|second_level_channel_id:|play_page:playlist|analysis_card:page_info"}}], "actionlog": {"act_type": 1, "act_code": 799, "lcardid": "", "fid": "1076036499137849_-_WEIBO_SECOND_PROFILE_WEIBO", "mid": "4984378596263288", "oid": "1034:4984378388840493", "uuid": 4984378446053402, "source": "video", "ext": "uid:7774910775|mid:4984378596263288|objectid:1034%3A4984378388840493|from:1|object_duration:20.62|miduid:6134301639|rootuid:6134301639|rootmid:4984378596263288|authorid:6134301639|video_orientation:vertical|third_vid:|is_album:1|is_contribution:0|video_tags:|isfan:0|ua:Mozilla/5.0 (Windows NT 10.0; Win64; x64) AppleWebKit/537.36 (KHTML, like Gecko) Chrome/120.0.0.0 Safari/537.36 WeiboPro/1.0.0|sceneid:profile_mb|uuid:4984378446053402|detail:native|contribution:0|short_video:0|st_video:1|author_mid:4984378596263288|cluster_type_status:|is_ad_weibo:0|t_id:4675627069145227|t_name:%E5%90%88%E9%9B%86+%C2%B7+Challenge%F0%9F%92%83|type:2|analysis_card:page_info"}, "short_url": "http://t.cn/A6l8azfg"}, "followBtnCode": {"uid": 6134301639}}