{"visible": {"type": 0, "list_id": 0}, "created_at": "Sat Dec 30 00:24:36 +0800 2023", "id": 4984442144426509, "idstr": "4984442144426509", "mid": "4984442144426509", "mblogid": "NzqJ0izxj", "user": {"id": 6499137849, "idstr": "6499137849", "pc_new": 7, "screen_name": "冻梨好吃", "profile_image_url": "https://tvax3.sinaimg.cn/crop.0.0.962.962.50/0075PIE1ly8hkxs7vsob4j30qq0qq76e.jpg?KID=imgbed,tva&amp;Expires=1704618334&amp;ssig=WKQY8jgBsW", "profile_url": "/u/6499137849", "verified": false, "verified_type": -1, "domain": "", "weihao": "", "avatar_large": "https://tvax3.sinaimg.cn/crop.0.0.962.962.180/0075PIE1ly8hkxs7vsob4j30qq0qq76e.jpg?KID=imgbed,tva&amp;Expires=1704618334&amp;ssig=wHz0RomAVY", "avatar_hd": "https://tvax3.sinaimg.cn/crop.0.0.962.962.1024/0075PIE1ly8hkxs7vsob4j30qq0qq76e.jpg?KID=imgbed,tva&amp;Expires=1704618334&amp;ssig=y4X07qe017", "follow_me": false, "following": false, "mbrank": 0, "mbtype": 0, "v_plus": 0, "planet_video": false, "icon_list": []}, "can_edit": false, "text_raw": "宁们能不能提点不这么尴尬的问题[奥姆][奥姆][奥姆][奥姆] ​​​", "textLength": 54, "annotations": [{"shooting": 1, "client_mblogid": "9e3adfef-fa14-427a-ac71-86e1e355284e"}, {"source_text": "", "phone_id": "266"}, {"mapi_request": true}], "source": "Android", "favorited": false, "rid": "9_0_50_5046666605237072376_0_0_0", "pic_ids": [], "pic_num": 0, "is_paid": false, "mblog_vip_type": 0, "number_display_strategy": {"apply_scenario_flag": 3, "display_text_min_number": 1000000, "display_text": "100万+"}, "reposts_count": 0, "comments_count": 0, "attitudes_count": 0, "attitudes_status": 0, "isLongText": false, "mlevel": 0, "content_auth": 0, "is_show_bulletin": 2, "comment_manage_info": {"comment_permission_type": -1, "approval_comment_type": 0, "comment_sort_type": 0}, "share_repost_type": 0, "mblogtype": 0, "showFeedRepost": false, "showFeedComment": false, "pictureViewerSign": false, "showPictureViewer": false, "rcList": [], "text": "宁们能不能提点不这么尴尬的问题&lt;img alt=\"[奥姆]\" title=\"[奥姆]\" src=\"https://face.t.sinajs.cn/t4/appstyle/expression/ext/normal/12/2023_Orm_org.png\" /&gt;&lt;img alt=\"[奥姆]\" title=\"[奥姆]\" src=\"https://face.t.sinajs.cn/t4/appstyle/expression/ext/normal/12/2023_Orm_org.png\" /&gt;&lt;img alt=\"[奥姆]\" title=\"[奥姆]\" src=\"https://face.t.sinajs.cn/t4/appstyle/expression/ext/normal/12/2023_Orm_org.png\" /&gt;&lt;img alt=\"[奥姆]\" title=\"[奥姆]\" src=\"https://face.t.sinajs.cn/t4/appstyle/expression/ext/normal/12/2023_Orm_org.png\" /&gt; ​​​", "region_name": "发布于 辽宁", "customIcons": []}