{"visible": {"type": 0, "list_id": 0}, "created_at": "Fri Dec 29 19:20:39 +0800 2023", "id": 4984365654474987, "idstr": "4984365654474987", "mid": "4984365654474987", "mblogid": "NzoJDiM9d", "user": {"id": 6499137849, "idstr": "6499137849", "pc_new": 7, "screen_name": "冻梨好吃", "profile_image_url": "https://tvax3.sinaimg.cn/crop.0.0.962.962.50/0075PIE1ly8hkxs7vsob4j30qq0qq76e.jpg?KID=imgbed,tva&amp;Expires=1704618334&amp;ssig=WKQY8jgBsW", "profile_url": "/u/6499137849", "verified": false, "verified_type": -1, "domain": "", "weihao": "", "avatar_large": "https://tvax3.sinaimg.cn/crop.0.0.962.962.180/0075PIE1ly8hkxs7vsob4j30qq0qq76e.jpg?KID=imgbed,tva&amp;Expires=1704618334&amp;ssig=wHz0RomAVY", "avatar_hd": "https://tvax3.sinaimg.cn/crop.0.0.962.962.1024/0075PIE1ly8hkxs7vsob4j30qq0qq76e.jpg?KID=imgbed,tva&amp;Expires=1704618334&amp;ssig=y4X07qe017", "follow_me": false, "following": false, "mbrank": 0, "mbtype": 0, "v_plus": 0, "planet_video": false, "icon_list": []}, "can_edit": false, "text_raw": "每天都闹笑话的自认为红遍天的（ ） ​​​", "textLength": 33, "annotations": [{"photo_sub_type": "0,0,0"}, {"client_mblogid": "c58ffb61-7a20-4470-8d7a-4856705bd108"}, {"source_text": "", "phone_id": "266"}, {"mapi_request": true}], "source": "Android", "favorited": false, "rid": "17_0_50_5046666605237072376_0_0_0", "pic_ids": ["0075PIE1ly1hlavkqa2a7j30ny1f9jx6", "0075PIE1ly1hlavkqmbtuj30px1beag1", "0075PIE1ly1hlavl5v76hj30l618bq8a"], "pic_focus_point": [{"focus_point": {"left": 0.0060163857, "top": 0.26486686, "width": 0.9939835, "height": 0.47496447}, "pic_id": "0075PIE1ly1hlavl5v76hj30l618bq8a"}, {"focus_point": {"left": 0.015386963, "top": 0.22543208, "width": 0.98461294, "height": 0.53833836}, "pic_id": "0075PIE1ly1hlavkqmbtuj30px1beag1"}, {"focus_point": {"left": 0.019910634, "top": 0.29624975, "width": 0.9793248, "height": 0.45750448}, "pic_id": "0075PIE1ly1hlavkqa2a7j30ny1f9jx6"}], "pic_num": 3, "pic_infos": {"0075PIE1ly1hlavkqa2a7j30ny1f9jx6": {"thumbnail": {"url": "https://wx2.sinaimg.cn/wap180/0075PIE1ly1hlavkqa2a7j30ny1f9jx6.jpg", "width": 84, "height": 180, "cut_type": 1, "type": ""}, "bmiddle": {"url": "https://wx2.sinaimg.cn/wap360/0075PIE1ly1hlavkqa2a7j30ny1f9jx6.jpg", "width": 168, "height": 360, "cut_type": 1, "type": ""}, "large": {"url": "https://wx2.sinaimg.cn/orj960/0075PIE1ly1hlavkqa2a7j30ny1f9jx6.jpg", "width": 862, "height": 1845, "cut_type": 1, "type": ""}, "original": {"url": "https://wx2.sinaimg.cn/orj1080/0075PIE1ly1hlavkqa2a7j30ny1f9jx6.jpg", "width": 862, "height": 1845, "cut_type": 1, "type": ""}, "largest": {"url": "https://wx2.sinaimg.cn/large/0075PIE1ly1hlavkqa2a7j30ny1f9jx6.jpg", "width": 862, "height": 1845, "cut_type": 1, "type": ""}, "mw2000": {"url": "https://wx2.sinaimg.cn/mw2000/0075PIE1ly1hlavkqa2a7j30ny1f9jx6.jpg", "width": 862, "height": 1845, "cut_type": 1, "type": ""}, "focus_point": {"left": 0.019910634, "top": 0.29624975, "width": 0.9793248, "height": 0.45750448}, "object_id": "1042018:6a6a1a94a0f36aa32351b49242dea946", "pic_id": "0075PIE1ly1hlavkqa2a7j30ny1f9jx6", "photo_tag": 0, "type": "pic", "pic_status": 1}, "0075PIE1ly1hlavkqmbtuj30px1beag1": {"thumbnail": {"url": "https://wx2.sinaimg.cn/wap180/0075PIE1ly1hlavkqmbtuj30px1beag1.jpg", "width": 98, "height": 180, "cut_type": 1, "type": ""}, "bmiddle": {"url": "https://wx2.sinaimg.cn/wap360/0075PIE1ly1hlavkqmbtuj30px1beag1.jpg", "width": 196, "height": 360, "cut_type": 1, "type": ""}, "large": {"url": "https://wx2.sinaimg.cn/orj960/0075PIE1ly1hlavkqmbtuj30px1beag1.jpg", "width": 933, "height": 1706, "cut_type": 1, "type": ""}, "original": {"url": "https://wx2.sinaimg.cn/orj1080/0075PIE1ly1hlavkqmbtuj30px1beag1.jpg", "width": 933, "height": 1706, "cut_type": 1, "type": ""}, "largest": {"url": "https://wx2.sinaimg.cn/large/0075PIE1ly1hlavkqmbtuj30px1beag1.jpg", "width": 933, "height": 1706, "cut_type": 1, "type": ""}, "mw2000": {"url": "https://wx2.sinaimg.cn/mw2000/0075PIE1ly1hlavkqmbtuj30px1beag1.jpg", "width": 933, "height": 1706, "cut_type": 1, "type": ""}, "focus_point": {"left": 0.015386963, "top": 0.22543208, "width": 0.98461294, "height": 0.53833836}, "object_id": "1042018:b0b8634594f350c99ed95a6e4b1532c3", "pic_id": "0075PIE1ly1hlavkqmbtuj30px1beag1", "photo_tag": 0, "type": "pic", "pic_status": 1}, "0075PIE1ly1hlavl5v76hj30l618bq8a": {"thumbnail": {"url": "https://wx1.sinaimg.cn/wap180/0075PIE1ly1hlavl5v76hj30l618bq8a.jpg", "width": 86, "height": 180, "cut_type": 1, "type": ""}, "bmiddle": {"url": "https://wx1.sinaimg.cn/wap360/0075PIE1ly1hlavl5v76hj30l618bq8a.jpg", "width": 172, "height": 360, "cut_type": 1, "type": ""}, "large": {"url": "https://wx1.sinaimg.cn/orj960/0075PIE1ly1hlavl5v76hj30l618bq8a.jpg", "width": 762, "height": 1595, "cut_type": 1, "type": ""}, "original": {"url": "https://wx1.sinaimg.cn/orj1080/0075PIE1ly1hlavl5v76hj30l618bq8a.jpg", "width": 762, "height": 1595, "cut_type": 1, "type": ""}, "largest": {"url": "https://wx1.sinaimg.cn/large/0075PIE1ly1hlavl5v76hj30l618bq8a.jpg", "width": 762, "height": 1595, "cut_type": 1, "type": ""}, "mw2000": {"url": "https://wx1.sinaimg.cn/mw2000/0075PIE1ly1hlavl5v76hj30l618bq8a.jpg", "width": 762, "height": 1595, "cut_type": 1, "type": ""}, "focus_point": {"left": 0.0060163857, "top": 0.26486686, "width": 0.9939835, "height": 0.47496447}, "object_id": "1042018:79a6f645de0517399322841462f9e247", "pic_id": "0075PIE1ly1hlavl5v76hj30l618bq8a", "photo_tag": 0, "type": "pic", "pic_status": 1}}, "is_paid": false, "mblog_vip_type": 0, "number_display_strategy": {"apply_scenario_flag": 3, "display_text_min_number": 1000000, "display_text": "100万+"}, "reposts_count": 0, "comments_count": 0, "attitudes_count": 0, "attitudes_status": 0, "isLongText": false, "mlevel": 0, "content_auth": 0, "is_show_bulletin": 2, "comment_manage_info": {"comment_permission_type": -1, "approval_comment_type": 0, "comment_sort_type": 0}, "share_repost_type": 0, "mblogtype": 0, "showFeedRepost": false, "showFeedComment": false, "pictureViewerSign": false, "showPictureViewer": false, "rcList": [], "text": "每天都闹笑话的自认为红遍天的（ ） ​​​", "region_name": "发布于 辽宁", "customIcons": []}