{"visible": {"type": 0, "list_id": 0}, "created_at": "Mon Jan 01 00:25:06 +0800 2024", "id": 4985167049393276, "idstr": "4985167049393276", "mid": "4985167049393276", "mblogid": "NzJAcDpCs", "user": {"id": 6499137849, "idstr": "6499137849", "pc_new": 7, "screen_name": "冻梨好吃", "profile_image_url": "https://tvax3.sinaimg.cn/crop.0.0.962.962.50/0075PIE1ly8hkxs7vsob4j30qq0qq76e.jpg?KID=imgbed,tva&amp;Expires=1704618316&amp;ssig=C%2B5BgPYCA3", "profile_url": "/u/6499137849", "verified": false, "verified_type": -1, "domain": "", "weihao": "", "avatar_large": "https://tvax3.sinaimg.cn/crop.0.0.962.962.180/0075PIE1ly8hkxs7vsob4j30qq0qq76e.jpg?KID=imgbed,tva&amp;Expires=1704618316&amp;ssig=yEy56xoW7B", "avatar_hd": "https://tvax3.sinaimg.cn/crop.0.0.962.962.1024/0075PIE1ly8hkxs7vsob4j30qq0qq76e.jpg?KID=imgbed,tva&amp;Expires=1704618316&amp;ssig=%2Bzw%2Bq1Eh2i", "follow_me": false, "following": false, "mbrank": 0, "mbtype": 0, "v_plus": 0, "planet_video": false, "icon_list": []}, "can_edit": false, "text_raw": "好好好，发财[汪洋海蓝比心]", "annotations": [{"client_mblogid": "80e9e2e8-a88a-43f7-abd3-3f1f730de713"}, {"mapi_request": true}], "source": "Android", "favorited": false, "rid": "21_0_50_5135384463311073164_0_0_0", "pic_ids": [], "pic_num": 0, "is_paid": false, "mblog_vip_type": 0, "number_display_strategy": {"apply_scenario_flag": 3, "display_text_min_number": 1000000, "display_text": "100万+"}, "reposts_count": 0, "comments_count": 0, "attitudes_count": 0, "attitudes_status": 0, "isLongText": false, "mlevel": 0, "content_auth": 0, "is_show_bulletin": 2, "comment_manage_info": {"comment_permission_type": -1, "approval_comment_type": 0, "comment_sort_type": 0}, "repost_type": 1, "share_repost_type": 0, "mblogtype": 0, "showFeedRepost": false, "showFeedComment": false, "pictureViewerSign": false, "showPictureViewer": false, "rcList": [], "text": "好好好，发财&lt;img alt=\"[汪洋海蓝比心]\" title=\"[汪洋海蓝比心]\" src=\"https://face.t.sinajs.cn/t4/appstyle/expression/ext/normal/93/2023_BlueSeaHeart_org.png\" /&gt;", "region_name": "发布于 辽宁", "customIcons": [], "retweeted_status": {"visible": {"type": 0, "list_id": 0}, "created_at": "Mon Jan 01 00:17:53 +0800 2024", "id": 4985165231162729, "idstr": "4985165231162729", "mid": "4985165231162729", "mblogid": "NzJxh4StH", "user": {"id": 5966770936, "idstr": "5966770936", "pc_new": 0, "screen_name": "JackeyLoveasdzz", "profile_image_url": "https://tvax2.sinaimg.cn/crop.0.0.512.512.50/006vNXGUly8gdgjb2mbi8j30e80e83z3.jpg?KID=imgbed,tva&amp;Expires=1704618316&amp;ssig=LPVh%2FX9Qwk", "profile_url": "/u/5966770936", "verified": true, "verified_type": 0, "domain": "", "weihao": "", "verified_type_ext": 2, "avatar_large": "https://tvax2.sinaimg.cn/crop.0.0.512.512.180/006vNXGUly8gdgjb2mbi8j30e80e83z3.jpg?KID=imgbed,tva&amp;Expires=1704618316&amp;ssig=2DAvUWqXaz", "avatar_hd": "https://tvax2.sinaimg.cn/crop.0.0.512.512.1024/006vNXGUly8gdgjb2mbi8j30e80e83z3.jpg?KID=imgbed,tva&amp;Expires=1704618316&amp;ssig=i2uiYSllGe", "follow_me": false, "following": false, "mbrank": 2, "mbtype": 12, "v_plus": 0, "planet_video": false, "icon_list": [{"type": "vip", "data": {"mbrank": 2, "mbtype": 12, "svip": 1, "vvip": 1}}]}, "can_edit": false, "edit_count": 1, "text_raw": "元旦快乐.新年发大财[冲刺] \n##2024年第一条微博# ​​​", "textLength": 46, "annotations": [{"photo_sub_type": "0"}, {"client_mblogid": "iPhone-15C54F60-2EEB-4D94-B29F-7C5C310B8C88"}, {"source_text": "", "phone_id": "-1"}, {"mapi_request": true}], "source": "", "favorited": false, "buttons": [{"type": "follow", "name": "加关注", "params": {"uid": 5966770936, "disable_group": 1, "extparams": {"followcardid": "1008080010_"}}, "actionlog": {"act_code": "92", "oid": "4985165231162729"}}], "rid": "21_0_50_5135384463311073164_0_0_0", "cardid": "star_1393", "pic_ids": ["006vNXGUly1hldfetp867j305i04wwed"], "pic_focus_point": [{"focus_point": {"left": 0.2020202, "top": 0.09090909, "width": 0.46969697, "height": 0.60795456}, "pic_id": "006vNXGUly1hldfetp867j305i04wwed"}], "geo": "", "pic_num": 1, "pic_infos": {"006vNXGUly1hldfetp867j305i04wwed": {"thumbnail": {"url": "https://wx4.sinaimg.cn/wap180/006vNXGUly1hldfetp867j305i04wwed.jpg", "width": 180, "height": 160, "cut_type": 1, "type": ""}, "bmiddle": {"url": "https://wx4.sinaimg.cn/wap360/006vNXGUly1hldfetp867j305i04wwed.jpg", "width": 198, "height": 176, "cut_type": 1, "type": ""}, "large": {"url": "https://wx4.sinaimg.cn/orj960/006vNXGUly1hldfetp867j305i04wwed.jpg", "width": 198, "height": 176, "cut_type": 1, "type": ""}, "original": {"url": "https://wx4.sinaimg.cn/orj1080/006vNXGUly1hldfetp867j305i04wwed.jpg", "width": 198, "height": 176, "cut_type": 1, "type": ""}, "largest": {"url": "https://wx4.sinaimg.cn/large/006vNXGUly1hldfetp867j305i04wwed.jpg", "width": 198, "height": 176, "cut_type": 1, "type": ""}, "mw2000": {"url": "https://wx4.sinaimg.cn/mw2000/006vNXGUly1hldfetp867j305i04wwed.jpg", "width": 198, "height": 176, "cut_type": 1, "type": ""}, "focus_point": {"left": 0.2020202, "top": 0.09090909, "width": 0.46969697, "height": 0.60795456}, "object_id": "1042018:946b2638017f765e26de0c0c9f235a8e", "pic_id": "006vNXGUly1hldfetp867j305i04wwed", "photo_tag": 0, "type": "pic", "pic_status": 1}}, "is_paid": false, "mblog_vip_type": 0, "number_display_strategy": {"apply_scenario_flag": 3, "display_text_min_number": 1000000, "display_text": "100万+"}, "reposts_count": 1348, "comments_count": 2884, "attitudes_count": 13147, "attitudes_status": 0, "isLongText": false, "mlevel": 0, "content_auth": 0, "is_show_bulletin": 2, "comment_manage_info": {"comment_permission_type": -1, "approval_comment_type": 0, "comment_sort_type": 0, "ai_play_picture_type": 0}, "mblogtype": 0, "showFeedRepost": false, "showFeedComment": false, "pictureViewerSign": false, "showPictureViewer": false, "rcList": [], "text": "元旦快乐.新年发大财&lt;img alt=\"[冲刺]\" title=\"[冲刺]\" src=\"https://face.t.sinajs.cn/t4/appstyle/expression/ext/normal/8e/2023_sprint_org.png\" /&gt; &lt;br /&gt;#&lt;a href=\"//s.weibo.com/weibo?q=%232024%E5%B9%B4%E7%AC%AC%E4%B8%80%E6%9D%A1%E5%BE%AE%E5%8D%9A%23\" target=\"_blank\"&gt;#2024年第一条微博#&lt;/a&gt; ​​​", "region_name": "发布于 上海", "customIcons": []}}