{"visible": {"type": 0, "list_id": 0}, "created_at": "Sun Dec 31 15:44:39 +0800 2023", "id": 4985036067574269, "idstr": "4985036067574269", "mid": "4985036067574269", "mblogid": "NzGaWvMpD", "user": {"id": 6499137849, "idstr": "6499137849", "pc_new": 7, "screen_name": "冻梨好吃", "profile_image_url": "https://tvax3.sinaimg.cn/crop.0.0.962.962.50/0075PIE1ly8hkxs7vsob4j30qq0qq76e.jpg?KID=imgbed,tva&amp;Expires=1704618326&amp;ssig=hsVH9%2FQ%2Bxi", "profile_url": "/u/6499137849", "verified": false, "verified_type": -1, "domain": "", "weihao": "", "avatar_large": "https://tvax3.sinaimg.cn/crop.0.0.962.962.180/0075PIE1ly8hkxs7vsob4j30qq0qq76e.jpg?KID=imgbed,tva&amp;Expires=1704618326&amp;ssig=56Czk3snkZ", "avatar_hd": "https://tvax3.sinaimg.cn/crop.0.0.962.962.1024/0075PIE1ly8hkxs7vsob4j30qq0qq76e.jpg?KID=imgbed,tva&amp;Expires=1704618326&amp;ssig=nPXumvvZxh", "follow_me": false, "following": false, "mbrank": 0, "mbtype": 0, "v_plus": 0, "planet_video": false, "icon_list": []}, "can_edit": false, "text_raw": "我去？？ http://t.cn/A6lnH8tT", "annotations": [{"client_mblogid": "4ebbe5e1-fadd-4f27-99e0-ef830e96f60f"}, {"mapi_request": true}], "source": "Android", "favorited": false, "rid": "13_0_50_5246413405184694878_0_0_0", "pic_ids": [], "pic_num": 0, "is_paid": false, "mblog_vip_type": 0, "number_display_strategy": {"apply_scenario_flag": 3, "display_text_min_number": 1000000, "display_text": "100万+"}, "reposts_count": 0, "comments_count": 0, "attitudes_count": 0, "attitudes_status": 0, "isLongText": false, "mlevel": 0, "content_auth": 0, "is_show_bulletin": 2, "comment_manage_info": {"comment_permission_type": -1, "approval_comment_type": 0, "comment_sort_type": 0}, "repost_type": 1, "share_repost_type": 0, "topic_struct": [{"title": "", "topic_url": "sinaweibo://searchall?containerid=231522&amp;q=%23%E4%B8%9C%E6%96%B9%E5%8D%AB%E8%A7%86%E8%B7%A8%E5%B9%B4%E8%8A%B1%E7%B5%AE%23&amp;extparam=%23%E4%B8%9C%E6%96%B9%E5%8D%AB%E8%A7%86%E8%B7%A8%E5%B9%B4%E8%8A%B1%E7%B5%AE%23", "topic_title": "东方卫视跨年花絮", "actionlog": {"act_type": 1, "act_code": 300, "oid": "1022:231522478cfedf975a3995e83d9c41c359f752", "uuid": 4589274677641380, "cardid": "", "lcardid": "", "uicode": "", "luicode": "", "fid": "1076036499137849_-_WEIBO_SECOND_PROFILE_WEIBO", "lfid": "", "ext": "mid:4985020014400533|rid:13_0_50_5246413405184694878_0_0_0|short_url:|long_url:|comment_id:|miduid:6499137849|rootmid:4985020014400533|rootuid:3945647785|authorid:|uuid:4589274677641380|is_ad_weibo:0"}}, {"title": "", "topic_url": "sinaweibo://searchall?containerid=231522&amp;q=%23%E7%94%B0%E6%9B%A6%E8%96%87%E4%B8%9E%E7%A3%8A%E8%B7%A8%E5%B9%B4%E5%BD%A9%E6%8E%92%E8%8A%B1%E7%B5%AE%23&amp;extparam=%23%E7%94%B0%E6%9B%A6%E8%96%87%E4%B8%9E%E7%A3%8A%E8%B7%A8%E5%B9%B4%E5%BD%A9%E6%8E%92%E8%8A%B1%E7%B5%AE%23", "topic_title": "田曦薇丞磊跨年彩排花絮", "actionlog": {"act_type": 1, "act_code": 300, "oid": "1022:2315225fa409273e991f72b4212a738e12d03f", "uuid": 4985020019114085, "cardid": "", "lcardid": "", "uicode": "", "luicode": "", "fid": "1076036499137849_-_WEIBO_SECOND_PROFILE_WEIBO", "lfid": "", "ext": "mid:4985020014400533|rid:13_0_50_5246413405184694878_0_0_0|short_url:|long_url:|comment_id:|miduid:6499137849|rootmid:4985020014400533|rootuid:3945647785|authorid:|uuid:4985020019114085|is_ad_weibo:0"}}, {"title": "", "topic_url": "sinaweibo://searchall?containerid=231522&amp;q=%23%E4%BD%A0%E5%A5%BD2024%23", "topic_title": "你好2024", "actionlog": {"act_type": 1, "act_code": 300, "oid": "1022:231522f3e834306cafe51a5f9e1602d29041f0", "uuid": 4213001388330767, "cardid": "", "lcardid": "", "uicode": "", "luicode": "", "fid": "1076036499137849_-_WEIBO_SECOND_PROFILE_WEIBO", "lfid": "", "ext": "mid:4985020014400533|rid:13_0_50_5246413405184694878_0_0_0|short_url:|long_url:|comment_id:|miduid:6499137849|rootmid:4985020014400533|rootuid:3945647785|authorid:|uuid:4213001388330767|is_ad_weibo:0"}}], "url_struct": [{"url_title": "东方卫视跨年晚会的微博视频", "url_type_pic": "https://h5.sinaimg.cn/upload/2015/09/25/3/timeline_card_small_video.png", "ori_url": "sinaweibo://video/vvs?mid=4985020014400533&amp;object_id=1034:4985017429065747&amp;url_type=39&amp;object_type=video&amp;pos=1", "page_id": "2304444985017429065747", "short_url": "http://t.cn/A6lnOd6Y", "long_url": "https://video.weibo.com/show?fid=1034:4985017429065747", "url_type": 39, "result": false, "actionlog": {"act_type": 1, "act_code": 300, "oid": "1034:4985017429065747", "uuid": 4985017452462182, "cardid": "", "lcardid": "", "uicode": "", "luicode": "", "fid": "1076036499137849_-_WEIBO_SECOND_PROFILE_WEIBO", "lfid": "", "ext": "mid:4985020014400533|rid:13_0_50_5246413405184694878_0_0_0|short_url:http://t.cn/A6lnOd6Y|long_url:https://video.weibo.com/show?fid=1034:4985017429065747|comment_id:|miduid:6499137849|rootmid:4985020014400533|rootuid:3945647785|authorid:3945647785|uuid:4985017452462182|is_ad_weibo:0|analysis_card:url_struct"}, "storage_type": "oss", "hide": 0, "object_type": "", "ttl": 3600, "h5_target_url": "https://video.weibo.com/show?fid=1034:4985017429065747&amp;from=1FFFF96039&amp;weiboauthoruid=3945647785", "need_save_obj": 0}, {"url_title": "查看图片", "url_type_pic": "https://h5.sinaimg.cn/upload/2015/01/21/20/timeline_card_small_photo.png", "ori_url": "https://photo.weibo.com/h5/repost/reppic_id/1022:230796c6c552156faa6aa6ca46e6fa66f61080", "short_url": "http://t.cn/A6lnH8tT", "long_url": "https://photo.weibo.com/h5/repost/reppic_id/1022:230796c6c552156faa6aa6ca46e6fa66f61080", "url_type": 39, "result": false, "actionlog": {"act_type": 1, "act_code": 300, "oid": "1022:230796c6c552156faa6aa6ca46e6fa66f61080", "uuid": 4985036070715506, "cardid": "", "lcardid": "", "uicode": "", "luicode": "", "fid": "1076036499137849_-_WEIBO_SECOND_PROFILE_WEIBO", "lfid": "", "ext": "mid:4985036067574269|rid:13_0_50_5246413405184694878_0_0_0|short_url:http://t.cn/A6lnH8tT|long_url:https://photo.weibo.com/h5/repost/reppic_id/1022:230796c6c552156faa6aa6ca46e6fa66f61080|comment_id:|miduid:6499137849|rootmid:4985036067574269|rootuid:6499137849|authorid:|uuid:4985036070715506|is_ad_weibo:0|analysis_card:url_struct"}, "storage_type": "", "hide": 0, "object_type": "", "position": 2, "pic_infos": {"0075PIE1ly1hld0lh8ca6j30mz0mzgn0": {"thumbnail": {"type": "", "url": "http://wx1.sinaimg.cn/thumbnail/0075PIE1ly1hld0lh8ca6j30mz0mzgn0.jpg", "cut_type": 1, "width": 120, "height": 120, "croped": false}, "bmiddle": {"type": "", "url": "http://wx1.sinaimg.cn/bmiddle/0075PIE1ly1hld0lh8ca6j30mz0mzgn0.jpg", "cut_type": 1, "width": 440, "height": 440, "croped": false}, "large": {"type": "", "url": "http://wx1.sinaimg.cn/large/0075PIE1ly1hld0lh8ca6j30mz0mzgn0.jpg", "cut_type": 1, "width": "827", "height": "827", "croped": false}, "woriginal": {"type": "", "url": "http://wx1.sinaimg.cn/woriginal/0075PIE1ly1hld0lh8ca6j30mz0mzgn0.jpg", "cut_type": 1, "width": "827", "height": "827", "croped": false}}}, "pic_ids": ["0075PIE1ly1hld0lh8ca6j30mz0mzgn0"], "h5_target_url": "https://photo.weibo.com/h5/repost/reppic_id/1022:230796c6c552156faa6aa6ca46e6fa66f61080?from=1FFFF96039&amp;weiboauthoruid=6499137849", "need_save_obj": 1}], "mblogtype": 0, "showFeedRepost": false, "showFeedComment": false, "pictureViewerSign": false, "showPictureViewer": false, "rcList": [], "text": "我去？？ &lt;a target=\"_blank\" data-pid=0075PIE1ly1hld0lh8ca6j30mz0mzgn0  href=\"https://wx1.sinaimg.cn/large/0075PIE1ly1hld0lh8ca6j30mz0mzgn0.jpg\"&gt;&lt;img class=\"icon-link\" src=\"https://h5.sinaimg.cn/upload/2015/01/21/20/timeline_card_small_photo_default.png\"/&gt;查看图片&lt;/a&gt;", "region_name": "发布于 辽宁", "customIcons": [], "retweeted_status": {"visible": {"type": 0, "list_id": 0}, "created_at": "Sun Dec 31 14:40:51 +0800 2023", "id": 4985020014400533, "idstr": "4985020014400533", "mid": "4985020014400533", "mblogid": "NzFL3isMl", "user": {"id": 3945647785, "idstr": "3945647785", "pc_new": 7, "screen_name": "东方卫视跨年晚会", "profile_image_url": "https://tvax4.sinaimg.cn/crop.0.0.200.200.50/eb2dcea9ly8hkxofzf3q2j205k05kdft.jpg?KID=imgbed,tva&amp;Expires=1704618326&amp;ssig=SX%2BdnDQftk", "profile_url": "/u/3945647785", "verified": true, "verified_type": 3, "domain": "", "weihao": "", "verified_type_ext": 0, "avatar_large": "https://tvax4.sinaimg.cn/crop.0.0.200.200.180/eb2dcea9ly8hkxofzf3q2j205k05kdft.jpg?KID=imgbed,tva&amp;Expires=1704618326&amp;ssig=jWy5xelYnJ", "avatar_hd": "https://tvax4.sinaimg.cn/crop.0.0.200.200.1024/eb2dcea9ly8hkxofzf3q2j205k05kdft.jpg?KID=imgbed,tva&amp;Expires=1704618326&amp;ssig=9woe2nopa9", "follow_me": false, "following": false, "mbrank": 1, "mbtype": 11, "v_plus": 0, "planet_video": false, "icon_list": [{"type": "vip", "data": {"mbrank": 1, "mbtype": 11, "svip": 1, "vvip": 1}}]}, "can_edit": false, "text_raw": "#东方卫视跨年花絮##田曦薇丞磊跨年彩排花絮#甜美氛围释放活力，随性松弛恣意呈现梦幻舞台~今晚19:30，期待@田曦薇 @丞磊 在舞台上展现魅力！ #你好2024# http://t.cn/A6lnOd6Y ​​​", "textLength": 164, "annotations": [[], {"source_text": "", "phone_id": ""}, {"mapi_request": true}], "source": "&lt;a target=\"_blank\" href=\"https://t.sina.com.cn\" rel=\"nofollow\"&gt;微博视频号&lt;/a&gt;", "favorited": false, "buttons": [{"type": "follow", "name": "加关注", "params": {"uid": 3945647785, "disable_group": 1, "extparams": {"followcardid": "1008080010_"}}, "actionlog": {"act_code": "92", "oid": "4985020014400533"}}], "rid": "13_0_50_5246413405184694878_0_0_0", "cardid": "star_1725", "pic_ids": [], "geo": "", "pic_num": 0, "is_paid": false, "mblog_vip_type": 0, "reposts_count": 6768, "comments_count": 1169, "attitudes_count": 48130, "attitudes_status": 0, "isLongText": false, "mlevel": 0, "content_auth": 0, "is_show_bulletin": 2, "comment_manage_info": {"comment_permission_type": -1, "approval_comment_type": 0, "comment_sort_type": 0, "ai_play_picture_type": 0}, "mblogtype": 0, "showFeedRepost": false, "showFeedComment": false, "pictureViewerSign": false, "showPictureViewer": false, "rcList": [], "text": "&lt;a href=\"//s.weibo.com/weibo?q=%23%E4%B8%9C%E6%96%B9%E5%8D%AB%E8%A7%86%E8%B7%A8%E5%B9%B4%E8%8A%B1%E7%B5%AE%23\" target=\"_blank\"&gt;#东方卫视跨年花絮#&lt;/a&gt;&lt;a href=\"//s.weibo.com/weibo?q=%23%E7%94%B0%E6%9B%A6%E8%96%87%E4%B8%9E%E7%A3%8A%E8%B7%A8%E5%B9%B4%E5%BD%A9%E6%8E%92%E8%8A%B1%E7%B5%AE%23\" target=\"_blank\"&gt;#田曦薇丞磊跨年彩排花絮#&lt;/a&gt;甜美氛围释放活力，随性松弛恣意呈现梦幻舞台~今晚19:30，期待&lt;a href=/n/田曦薇 usercard=\"name=@田曦薇\"&gt;@田曦薇&lt;/a&gt; &lt;a href=/n/丞磊 usercard=\"name=@丞磊\"&gt;@丞磊&lt;/a&gt; 在舞台上展现魅力！ &lt;a href=\"//s.weibo.com/weibo?q=%23%E4%BD%A0%E5%A5%BD2024%23\" target=\"_blank\"&gt;#你好2024#&lt;/a&gt; &lt;a target=\"_blank\" href=\"https://video.weibo.com/show?fid=1034:4985017429065747\"&gt;&lt;img class=\"icon-link\" src=\"https://h5.sinaimg.cn/upload/2015/09/25/3/timeline_card_small_video_default.png\"/&gt;东方卫视跨年晚会的微博视频&lt;/a&gt; ​​​", "customIcons": []}, "page_info": {"type": 5, "page_id": "2304444985017429065747", "object_type": "video", "oid": "3945647785", "page_title": "东方卫视跨年晚会的微博视频", "page_pic": "https://wx4.sinaimg.cn/orj480/eb2dcea9ly1hlcygnviekj20u01hc0wg.jpg", "type_icon": "", "page_url": "sinaweibo://infopage?containerid=2304444985017429065747&amp;containerid=2304444985017429065747&amp;url_type=39&amp;object_type=video&amp;pos=2", "object_id": "1034:4985017429065747", "media_info": {"name": "东方卫视跨年晚会的微博视频", "stream_url": "http://f.video.weibocdn.com/o0/mNHotnTllx08bneOY2KI01041200dOym0E010.mp4?label=mp4_720p&amp;template=720x1280.24.0&amp;ori=0&amp;ps=1CwnkDw1GXwCQx&amp;Expires=1704611126&amp;ssig=k9GLG80S5P&amp;KID=unistore,video", "stream_url_hd": "http://f.video.weibocdn.com/o0/mNHotnTllx08bneOY2KI01041200dOym0E010.mp4?label=mp4_720p&amp;template=720x1280.24.0&amp;ori=0&amp;ps=1CwnkDw1GXwCQx&amp;Expires=1704611126&amp;ssig=k9GLG80S5P&amp;KID=unistore,video", "format": "mp4", "h5_url": "https://video.weibo.com/show?fid=1034:4985017429065747", "mp4_sd_url": "http://f.video.weibocdn.com/o0/mNHotnTllx08bneOY2KI01041200dOym0E010.mp4?label=mp4_720p&amp;template=720x1280.24.0&amp;ori=0&amp;ps=1CwnkDw1GXwCQx&amp;Expires=1704611126&amp;ssig=k9GLG80S5P&amp;KID=unistore,video", "mp4_hd_url": "http://f.video.weibocdn.com/o0/mNHotnTllx08bneOY2KI01041200dOym0E010.mp4?label=mp4_720p&amp;template=720x1280.24.0&amp;ori=0&amp;ps=1CwnkDw1GXwCQx&amp;Expires=1704611126&amp;ssig=k9GLG80S5P&amp;KID=unistore,video", "h265_mp4_hd": "http://f.video.weibocdn.com/o0/mNHotnTllx08bneOY2KI01041200dOym0E010.mp4?label=mp4_720p&amp;template=720x1280.24.0&amp;ori=0&amp;ps=1CwnkDw1GXwCQx&amp;Expires=1704611126&amp;ssig=k9GLG80S5P&amp;KID=unistore,video", "h265_mp4_ld": "http://f.video.weibocdn.com/o0/mNHotnTllx08bneOY2KI01041200dOym0E010.mp4?label=mp4_720p&amp;template=720x1280.24.0&amp;ori=0&amp;ps=1CwnkDw1GXwCQx&amp;Expires=1704611126&amp;ssig=k9GLG80S5P&amp;KID=unistore,video", "inch_4_mp4_hd": "http://f.video.weibocdn.com/o0/mNHotnTllx08bneOY2KI01041200dOym0E010.mp4?label=mp4_720p&amp;template=720x1280.24.0&amp;ori=0&amp;ps=1CwnkDw1GXwCQx&amp;Expires=1704611126&amp;ssig=k9GLG80S5P&amp;KID=unistore,video", "inch_5_mp4_hd": "http://f.video.weibocdn.com/o0/mNHotnTllx08bneOY2KI01041200dOym0E010.mp4?label=mp4_720p&amp;template=720x1280.24.0&amp;ori=0&amp;ps=1CwnkDw1GXwCQx&amp;Expires=1704611126&amp;ssig=k9GLG80S5P&amp;KID=unistore,video", "inch_5_5_mp4_hd": "http://f.video.weibocdn.com/o0/mNHotnTllx08bneOY2KI01041200dOym0E010.mp4?label=mp4_720p&amp;template=720x1280.24.0&amp;ori=0&amp;ps=1CwnkDw1GXwCQx&amp;Expires=1704611126&amp;ssig=k9GLG80S5P&amp;KID=unistore,video", "mp4_720p_mp4": "http://f.video.weibocdn.com/o0/mNHotnTllx08bneOY2KI01041200dOym0E010.mp4?label=mp4_720p&amp;template=720x1280.24.0&amp;ori=0&amp;ps=1CwnkDw1GXwCQx&amp;Expires=1704611126&amp;ssig=k9GLG80S5P&amp;KID=unistore,video", "hevc_mp4_720p": "", "prefetch_type": 1, "prefetch_size": 262144, "act_status": 1, "protocol": "general,dash", "media_id": "4985017429065747", "origin_total_bitrate": 0, "video_orientation": "vertical", "duration": 16, "forward_strategy": -1, "search_scheme": "sinaweibo://svssearch?containerid=232080", "is_short_video": 0, "vote_is_show": 0, "belong_collection": 1, "titles_display_time": "3", "show_progress_bar": 1, "show_mute_button": true, "ext_info": {"video_orientation": "vertical"}, "next_title": "#东方卫视跨年花絮##田曦薇丞磊跨年彩排花絮#甜美氛围释放活力，随性松弛恣意呈现梦幻舞台~今晚19:30，期待@田曦薇 @丞磊 在舞台上展现魅力！ #你好2024#", "kol_title": "丞磊 田曦薇彩排视频", "play_completion_actions": [{"type": "1", "icon": "https://h5.sinaimg.cn/upload/100/1413/2021/12/22/feed_video_icon_replay.png", "text": "重播", "link": "", "btn_code": 1000, "show_position": 1, "actionlog": {"oid": "2304444985017429065747", "act_code": 1221, "act_type": 0, "source": "video"}}, {"type": 6, "icon": "https://tvax4.sinaimg.cn/crop.0.0.200.200.180/eb2dcea9ly8hkxofzf3q2j205k05kdft.jpg?KID=imgbed,tva&amp;Expires=1704618326&amp;ssig=jWy5xelYnJ", "text": "", "display_mode": 2, "display_starttime": 5, "display_endtime": 99999, "countdown_time": 5, "show_position": 48, "scheme": "", "link": "", "btn_code": 1009, "actionlog": {"oid": "2304444985017429065747", "act_code": 91, "act_type": 0, "source": "video", "ext": "mid:4985020014400533|oid:1034:4985017429065747|muid:3945647785|authorid:3945647785"}, "ext": {"uid": "3945647785", "user_name": "东方卫视跨年晚会", "followers_count": 1813108, "verified": true, "verified_type": 3, "verified_reason": "东方卫视跨年晚会官方微博", "level": 3}, "display_type": 0}], "video_publish_time": 1704004240, "play_loop_type": 0, "video_title": "丞磊 田曦薇彩排视频", "author_mid": "4985020014400533", "author_name": "东方卫视跨年晚会", "extra_info": {"sceneid": "profile_mb"}, "video_download_strategy": {"abandon_download": 0}, "jump_to": 6, "big_pic_info": {"pic_big": {"height": 1920, "url": "https://wx4.sinaimg.cn/orj1080/eb2dcea9ly1hlcygnviekj20u01hc0wg.jpg", "width": 1080}, "pic_small": {"height": 320, "url": "https://wx4.sinaimg.cn/or180/eb2dcea9ly1hlcygnviekj20u01hc0wg.jpg", "width": 180}, "pic_middle": {"height": 640, "url": "https://wx4.sinaimg.cn/or360/eb2dcea9ly1hlcygnviekj20u01hc0wg.jpg", "width": 360}}, "online_users": "31万次观看", "online_users_number": 310133, "ttl": 3600, "storage_type": "oss", "is_keep_current_mblog": 0, "author_info": {"id": 3945647785, "idstr": "3945647785", "pc_new": 7, "screen_name": "东方卫视跨年晚会", "profile_image_url": "https://tvax4.sinaimg.cn/crop.0.0.200.200.50/eb2dcea9ly8hkxofzf3q2j205k05kdft.jpg?KID=imgbed,tva&amp;Expires=1704618326&amp;ssig=SX%2BdnDQftk", "profile_url": "/u/3945647785", "verified": true, "verified_type": 3, "domain": "", "weihao": "", "verified_type_ext": 0, "avatar_large": "https://tvax4.sinaimg.cn/crop.0.0.200.200.180/eb2dcea9ly8hkxofzf3q2j205k05kdft.jpg?KID=imgbed,tva&amp;Expires=1704618326&amp;ssig=jWy5xelYnJ", "avatar_hd": "https://tvax4.sinaimg.cn/crop.0.0.200.200.1024/eb2dcea9ly8hkxofzf3q2j205k05kdft.jpg?KID=imgbed,tva&amp;Expires=1704618326&amp;ssig=9woe2nopa9", "follow_me": false, "following": false, "mbrank": 1, "mbtype": 11, "v_plus": 0, "planet_video": false, "verified_reason": "东方卫视跨年晚会官方微博", "description": "东方卫视跨年晚会官方微博", "location": "上海", "gender": "f", "followers_count": 1811015, "followers_count_str": "181.1万", "friends_count": 498, "statuses_count": 4341, "url": "", "svip": 1, "vvip": 1, "cover_image_phone": "https://wx3.sinaimg.cn/crop.0.0.640.640.640/eb2dcea9gy1hkxogatajfj20u00u0dm7.jpg"}, "playback_list": [{"meta": {"label": "mp4_1080p", "quality_index": 1080, "quality_desc": "高清", "quality_label": "1080p", "quality_class": "HD", "type": 1, "quality_group": 1080, "is_hidden": false}, "play_info": {"type": 1, "mime": "video/mp4", "protocol": "general", "label": "mp4_1080p", "url": "https://f.video.weibocdn.com/o0/iYJcHfs5lx08bnePqXh601041200pFrq0E010.mp4?label=mp4_1080p&amp;template=1080x1920.24.0&amp;media_id=4985017429065747&amp;tp=8x8A3El:YTkl0eM8&amp;us=0&amp;ori=1&amp;bf=4&amp;ot=v&amp;lp=00003MndIw&amp;ps=mZ6WB&amp;uid=8uaJsH&amp;ab=,8013-g0,3601-g19,12739-g1&amp;Expires=1704611126&amp;ssig=zzZ7M4eRzu&amp;KID=unistore,video", "bitrate": 2972729, "prefetch_range": "0-1216792", "video_codecs": "avc1.640032", "fps": 30, "width": 1080, "height": 1920, "size": 6117504, "duration": 16.462, "sar": "1.0", "audio_codecs": "mp4a.40.5", "audio_sample_rate": 44100, "quality_label": "1080p", "quality_class": "HD", "quality_desc": "高清", "audio_channels": 2, "audio_sample_fmt": "fltp", "audio_bits_per_sample": 0, "watermark": "none", "extension": {"transcode_info": {"pcdn_rule_id": 0, "pcdn_jank": 0, "origin_video_dr": "SDR", "ab_strategies": ",8013-g0,3601-g19,12739-g1"}}, "video_decoder": "hard", "prefetch_enabled": true, "tcp_receive_buffer": 262144, "dolby_atmos": false, "color_transfer": "bt709", "first_pkt_end_pos": 132295}}, {"meta": {"label": "mp4_720p", "quality_index": 720, "quality_desc": "高清", "quality_label": "720p", "quality_class": "HD", "type": 1, "quality_group": 720, "is_hidden": false}, "play_info": {"type": 1, "mime": "video/mp4", "protocol": "general", "label": "mp4_720p", "url": "https://f.video.weibocdn.com/o0/mNHotnTllx08bneOY2KI01041200dOym0E010.mp4?label=mp4_720p&amp;template=720x1280.24.0&amp;media_id=4985017429065747&amp;tp=8x8A3El:YTkl0eM8&amp;us=0&amp;ori=1&amp;bf=4&amp;ot=v&amp;lp=00003MndIw&amp;ps=mZ6WB&amp;uid=8uaJsH&amp;ab=,8013-g0,3601-g19,12739-g1&amp;Expires=1704611126&amp;ssig=k9GLG80S5P&amp;KID=unistore,video", "bitrate": 1599997, "prefetch_range": "0-652435", "video_codecs": "avc1.64001f", "fps": 30, "width": 720, "height": 1280, "size": 3292594, "duration": 16.462, "sar": "1.0", "audio_codecs": "mp4a.40.5", "audio_sample_rate": 44100, "quality_label": "720p", "quality_class": "HD", "quality_desc": "高清", "audio_channels": 2, "audio_sample_fmt": "fltp", "audio_bits_per_sample": 0, "watermark": "none", "extension": {"transcode_info": {"pcdn_rule_id": 0, "pcdn_jank": 0, "origin_video_dr": "SDR", "ab_strategies": ",8013-g0,3601-g19,12739-g1"}}, "video_decoder": "hard", "prefetch_enabled": true, "tcp_receive_buffer": 262144, "dolby_atmos": false, "color_transfer": "bt709", "first_pkt_end_pos": 82706}}, {"meta": {"label": "mp4_hd", "quality_index": 480, "quality_desc": "标清", "quality_label": "480p", "quality_class": "SD", "type": 1, "quality_group": 480, "is_hidden": false}, "play_info": {"type": 1, "mime": "video/mp4", "protocol": "general", "label": "mp4_hd", "url": "https://f.video.weibocdn.com/o0/EgfBZDGUlx08bneORFOo010412008XXw0E010.mp4?label=mp4_hd&amp;template=540x960.24.0&amp;media_id=4985017429065747&amp;tp=8x8A3El:YTkl0eM8&amp;us=0&amp;ori=1&amp;bf=4&amp;ot=v&amp;lp=00003MndIw&amp;ps=mZ6WB&amp;uid=8uaJsH&amp;ab=,8013-g0,3601-g19,12739-g1&amp;Expires=1704611126&amp;ssig=1ML4sa9Sb%2B&amp;KID=unistore,video", "bitrate": 1038503, "prefetch_range": "0-419804", "video_codecs": "avc1.64001f", "fps": 30, "width": 540, "height": 960, "size": 2137110, "duration": 16.462, "sar": "1.0", "audio_codecs": "mp4a.40.5", "audio_sample_rate": 44100, "quality_label": "480p", "quality_class": "SD", "quality_desc": "标清", "audio_channels": 2, "audio_sample_fmt": "fltp", "audio_bits_per_sample": 0, "watermark": "none", "extension": {"transcode_info": {"pcdn_rule_id": 0, "pcdn_jank": 0, "origin_video_dr": "SDR", "ab_strategies": ",8013-g0,3601-g19,12739-g1"}}, "video_decoder": "hard", "prefetch_enabled": true, "tcp_receive_buffer": 262144, "dolby_atmos": false, "color_transfer": "bt709", "first_pkt_end_pos": 57401}}, {"meta": {"label": "scrubber_hd", "quality_index": 480, "quality_desc": "标清", "quality_label": "480p", "quality_class": "SD", "type": 3, "quality_group": 480, "is_hidden": false}, "play_info": {"type": 3, "mime": "image/jpeg", "protocol": "general", "label": "scrubber_hd", "url": "https://wx3.sinaimg.cn/large/eb2dcea9ly1hlcyq9rua0j20f07eodkv.jpg?media_id=4985017429065747&amp;tp=8x8A3El:YTkl0eM8&amp;us=0&amp;ori=1&amp;bf=4&amp;ot=v&amp;lp=00003MndIw&amp;ps=mZ6WB&amp;uid=8uaJsH&amp;ab=,8013-g0,3601-g19,12739-g1&amp;Expires=1704611126&amp;ssig=QwzDAEWual&amp;KID=unistore,video", "prefetch_range": "0-512000", "width": 180, "height": 320, "quality_label": "480p", "quality_class": "SD", "quality_desc": "标清", "extension": {"transcode_info": {"pcdn_rule_id": 0, "pcdn_jank": 0, "origin_video_dr": "SDR", "ab_strategies": ",8013-g0,3601-g19,12739-g1"}}, "video_decoder": "hard", "prefetch_enabled": true, "tcp_receive_buffer": 262144, "col": 3, "row": 30, "interval": 1, "offset": 0.5, "urls": ["http://wx4.sinaimg.cn/large/eb2dcea9ly1hlcyq9rua0j20f07eodkv.jpg"]}}, {"meta": {"label": "mp4_ld", "quality_index": 360, "quality_desc": "流畅", "quality_label": "360p", "quality_class": "SD", "type": 1, "quality_group": 360, "is_hidden": false}, "play_info": {"type": 1, "mime": "video/mp4", "protocol": "general", "label": "mp4_ld", "url": "https://f.video.weibocdn.com/o0/mYdpaMoXlx08bneOy5na010412004YRp0E010.mp4?label=mp4_ld&amp;template=360x640.24.0&amp;media_id=4985017429065747&amp;tp=8x8A3El:YTkl0eM8&amp;us=0&amp;ori=1&amp;bf=4&amp;ot=v&amp;lp=00003MndIw&amp;ps=mZ6WB&amp;uid=8uaJsH&amp;ab=,8013-g0,3601-g19,12739-g1&amp;Expires=1704611126&amp;ssig=1%2F5aFeBVKG&amp;KID=unistore,video", "bitrate": 576936, "prefetch_range": "0-234515", "video_codecs": "avc1.64001e", "fps": 30, "width": 360, "height": 640, "size": 1187263, "duration": 16.462, "sar": "1.0", "audio_codecs": "mp4a.40.5", "audio_sample_rate": 44100, "quality_label": "360p", "quality_class": "SD", "quality_desc": "流畅", "audio_channels": 2, "audio_sample_fmt": "fltp", "audio_bits_per_sample": 0, "watermark": "none", "extension": {"transcode_info": {"pcdn_rule_id": 0, "pcdn_jank": 0, "origin_video_dr": "SDR", "ab_strategies": ",8013-g0,3601-g19,12739-g1"}}, "video_decoder": "hard", "prefetch_enabled": true, "tcp_receive_buffer": 262144, "dolby_atmos": false, "color_transfer": "bt709", "first_pkt_end_pos": 38252}}]}, "author_id": "3945647785", "authorid": "3945647785", "cards": [{"type": "11", "page_id": "2304444985017429065747", "object_type": "video", "object_id": "1034:4985017429065747", "content1": "东方卫视跨年晚会的微博视频", "content2": "#东方卫视跨年花絮##田曦薇丞磊跨年彩排花絮#甜美氛围释放活力，随性松弛恣意呈现梦幻舞台~今晚19:30，期待@田曦薇 @丞磊 在舞台上展现魅力！ #你好2024#", "act_status": 1, "media_info": {"name": "东方卫视跨年晚会的微博视频", "stream_url": "http://f.video.weibocdn.com/o0/mNHotnTllx08bneOY2KI01041200dOym0E010.mp4?label=mp4_720p&amp;template=720x1280.24.0&amp;ori=0&amp;ps=1CwnkDw1GXwCQx&amp;Expires=1704611126&amp;ssig=k9GLG80S5P&amp;KID=unistore,video", "stream_url_hd": "http://f.video.weibocdn.com/o0/mNHotnTllx08bneOY2KI01041200dOym0E010.mp4?label=mp4_720p&amp;template=720x1280.24.0&amp;ori=0&amp;ps=1CwnkDw1GXwCQx&amp;Expires=1704611126&amp;ssig=k9GLG80S5P&amp;KID=unistore,video", "format": "mp4", "h5_url": "https://video.weibo.com/show?fid=1034:4985017429065747", "mp4_sd_url": "http://f.video.weibocdn.com/o0/mNHotnTllx08bneOY2KI01041200dOym0E010.mp4?label=mp4_720p&amp;template=720x1280.24.0&amp;ori=0&amp;ps=1CwnkDw1GXwCQx&amp;Expires=1704611126&amp;ssig=k9GLG80S5P&amp;KID=unistore,video", "mp4_hd_url": "http://f.video.weibocdn.com/o0/mNHotnTllx08bneOY2KI01041200dOym0E010.mp4?label=mp4_720p&amp;template=720x1280.24.0&amp;ori=0&amp;ps=1CwnkDw1GXwCQx&amp;Expires=1704611126&amp;ssig=k9GLG80S5P&amp;KID=unistore,video", "h265_mp4_hd": "http://f.video.weibocdn.com/o0/mNHotnTllx08bneOY2KI01041200dOym0E010.mp4?label=mp4_720p&amp;template=720x1280.24.0&amp;ori=0&amp;ps=1CwnkDw1GXwCQx&amp;Expires=1704611126&amp;ssig=k9GLG80S5P&amp;KID=unistore,video", "h265_mp4_ld": "http://f.video.weibocdn.com/o0/mNHotnTllx08bneOY2KI01041200dOym0E010.mp4?label=mp4_720p&amp;template=720x1280.24.0&amp;ori=0&amp;ps=1CwnkDw1GXwCQx&amp;Expires=1704611126&amp;ssig=k9GLG80S5P&amp;KID=unistore,video", "inch_4_mp4_hd": "http://f.video.weibocdn.com/o0/mNHotnTllx08bneOY2KI01041200dOym0E010.mp4?label=mp4_720p&amp;template=720x1280.24.0&amp;ori=0&amp;ps=1CwnkDw1GXwCQx&amp;Expires=1704611126&amp;ssig=k9GLG80S5P&amp;KID=unistore,video", "inch_5_mp4_hd": "http://f.video.weibocdn.com/o0/mNHotnTllx08bneOY2KI01041200dOym0E010.mp4?label=mp4_720p&amp;template=720x1280.24.0&amp;ori=0&amp;ps=1CwnkDw1GXwCQx&amp;Expires=1704611126&amp;ssig=k9GLG80S5P&amp;KID=unistore,video", "inch_5_5_mp4_hd": "http://f.video.weibocdn.com/o0/mNHotnTllx08bneOY2KI01041200dOym0E010.mp4?label=mp4_720p&amp;template=720x1280.24.0&amp;ori=0&amp;ps=1CwnkDw1GXwCQx&amp;Expires=1704611126&amp;ssig=k9GLG80S5P&amp;KID=unistore,video", "mp4_720p_mp4": "http://f.video.weibocdn.com/o0/mNHotnTllx08bneOY2KI01041200dOym0E010.mp4?label=mp4_720p&amp;template=720x1280.24.0&amp;ori=0&amp;ps=1CwnkDw1GXwCQx&amp;Expires=1704611126&amp;ssig=k9GLG80S5P&amp;KID=unistore,video", "hevc_mp4_720p": "", "prefetch_type": 1, "prefetch_size": 262144, "act_status": 1, "protocol": "general,dash", "media_id": "4985017429065747", "origin_total_bitrate": 0, "video_orientation": "vertical", "duration": 16, "forward_strategy": -1, "search_scheme": "sinaweibo://svssearch?containerid=232080", "is_short_video": 0, "vote_is_show": 0, "belong_collection": 1, "titles_display_time": "3", "show_progress_bar": 1, "show_mute_button": true, "ext_info": {"video_orientation": "vertical"}, "next_title": "#东方卫视跨年花絮##田曦薇丞磊跨年彩排花絮#甜美氛围释放活力，随性松弛恣意呈现梦幻舞台~今晚19:30，期待@田曦薇 @丞磊 在舞台上展现魅力！ #你好2024#", "kol_title": "丞磊 田曦薇彩排视频", "play_completion_actions": [{"type": "1", "icon": "https://h5.sinaimg.cn/upload/100/1413/2021/12/22/feed_video_icon_replay.png", "text": "重播", "link": "", "btn_code": 1000, "show_position": 1, "actionlog": {"oid": "2304444985017429065747", "act_code": 1221, "act_type": 0, "source": "video"}}, {"type": 6, "icon": "https://tvax4.sinaimg.cn/crop.0.0.200.200.180/eb2dcea9ly8hkxofzf3q2j205k05kdft.jpg?KID=imgbed,tva&amp;Expires=1704618326&amp;ssig=jWy5xelYnJ", "text": "", "display_mode": 2, "display_starttime": 5, "display_endtime": 99999, "countdown_time": 5, "show_position": 48, "scheme": "", "link": "", "btn_code": 1009, "actionlog": {"oid": "2304444985017429065747", "act_code": 91, "act_type": 0, "source": "video", "ext": "mid:4985020014400533|oid:1034:4985017429065747|muid:3945647785|authorid:3945647785"}, "ext": {"uid": "3945647785", "user_name": "东方卫视跨年晚会", "followers_count": 1813108, "verified": true, "verified_type": 3, "verified_reason": "东方卫视跨年晚会官方微博", "level": 3}, "display_type": 0}], "video_publish_time": 1704004240, "play_loop_type": 0, "video_title": "丞磊 田曦薇彩排视频", "author_mid": "4985020014400533", "author_name": "东方卫视跨年晚会", "extra_info": {"sceneid": "profile_mb"}, "video_download_strategy": {"abandon_download": 0}, "jump_to": 6, "big_pic_info": {"pic_big": {"height": 1920, "url": "https://wx4.sinaimg.cn/orj1080/eb2dcea9ly1hlcygnviekj20u01hc0wg.jpg", "width": 1080}, "pic_small": {"height": 320, "url": "https://wx4.sinaimg.cn/or180/eb2dcea9ly1hlcygnviekj20u01hc0wg.jpg", "width": 180}, "pic_middle": {"height": 640, "url": "https://wx4.sinaimg.cn/or360/eb2dcea9ly1hlcygnviekj20u01hc0wg.jpg", "width": 360}}, "online_users": "31万次观看", "online_users_number": 310133, "ttl": 3600, "storage_type": "oss"}, "page_pic": "https://wx4.sinaimg.cn/orj480/eb2dcea9ly1hlcygnviekj20u01hc0wg.jpg", "page_title": "东方卫视跨年晚会的微博视频", "page_url": "sinaweibo://infopage?containerid=2304444985017429065747&amp;containerid=2304444985017429065747&amp;url_type=39&amp;object_type=video&amp;pos=2", "pic_info": {"pic_big": {"height": "960", "url": "https://wx4.sinaimg.cn/orj480/eb2dcea9ly1hlcygnviekj20u01hc0wg.jpg", "width": "540"}, "pic_small": {"height": "960", "url": "https://wx4.sinaimg.cn/orj480/eb2dcea9ly1hlcygnviekj20u01hc0wg.jpg", "width": "540"}, "pic_middle": {"url": "https://wx4.sinaimg.cn/orj480/eb2dcea9ly1hlcygnviekj20u01hc0wg.jpg", "height": "960", "width": "540"}}, "oid": "3945647785", "type_icon": "", "author_id": "3945647785", "authorid": "3945647785", "warn": "", "actionlog": {"act_type": 1, "act_code": 799, "lcardid": "", "fid": "1076036499137849_-_WEIBO_SECOND_PROFILE_WEIBO", "mid": "4985020014400533", "oid": "1034:4985017429065747", "uuid": 4985017452462182, "source": "video", "ext": "uid:7774910775|mid:4985036067574269|objectid:1034%3A4985017429065747|from:1|object_duration:16.462|miduid:6499137849|rootuid:3945647785|rootmid:4985020014400533|authorid:3945647785|video_orientation:vertical|third_vid:|is_album:1|is_contribution:0|video_tags:|isfan:0|ua:Mozilla/5.0 (Windows NT 10.0; Win64; x64) AppleWebKit/537.36 (KHTML, like Gecko) Chrome/120.0.0.0 Safari/537.36 WeiboPro/1.0.0|sceneid:profile_mb|uuid:4985017452462182|detail:native|contribution:0|short_video:0|st_video:1|author_mid:4985020014400533|cluster_type_status:|is_ad_weibo:0|container_mid:4985036067574269|t_id:4980329350365227|t_name:%E5%90%88%E9%9B%86+%C2%B7+2024%E4%B8%9C%E6%96%B9%E5%8D%AB%E8%A7%86%E8%B7%A8%E5%B9%B4%E5%90%88%E9%9B%86|type:52_5,52_2,52_1,2|analysis_card:page_info"}}, {"type": 34, "page_id": "2304444985017429065747", "object_type": "video", "page_desc": "热门综艺 · 31万次观看", "oid": "3945647785", "page_title": "热门综艺 · 31万次观看", "page_pic": "https://wx4.sinaimg.cn/orj480/eb2dcea9ly1hlcygnviekj20u01hc0wg.jpg", "type_icon": "", "page_url": "sinaweibo://video/vvs?sceneid=profile_mb&amp;object_id=1034:4985017429065747&amp;mid=4985020014400533&amp;log_ext=is_contribution%3A%7Cfirst_level_channel_id%3A%7Csecond_level_channel_id%3A&amp;url_type=39&amp;object_type=video&amp;pos=2", "object_id": "1034:4985017429065747", "author_id": "3945647785", "authorid": "3945647785", "is_broadcast": 1, "icon_url": "https://h5.sinaimg.cn/upload/1000/1327/2021/01/20/videofeed_album_icon.png", "withPlayCount": true, "ext": "is_contribution:|first_level_channel_id:|second_level_channel_id:", "actionlog": {"act_type": 1, "act_code": "3457", "oid": "1034:4985017429065747", "uuid": 4985017452462182, "cardid": "", "lcardid": "", "uicode": "", "luicode": "", "fid": "1076036499137849_-_WEIBO_SECOND_PROFILE_WEIBO", "lfid": "", "ext": "mid:4985020014400533|rid:13_0_50_5246413405184694878_0_0_0|short_url:http://t.cn/A6lnOd6Y|long_url:https://video.weibo.com/show?fid=1034:4985017429065747|comment_id:|miduid:6499137849|rootmid:4985020014400533|rootuid:3945647785|authorid:3945647785|uuid:4985017452462182|is_ad_weibo:0|is_contribution:|first_level_channel_id:|second_level_channel_id:|play_page:playlist|analysis_card:page_info"}}], "actionlog": {"act_type": 1, "act_code": 799, "lcardid": "", "fid": "1076036499137849_-_WEIBO_SECOND_PROFILE_WEIBO", "mid": "4985020014400533", "oid": "1034:4985017429065747", "uuid": 4985017452462182, "source": "video", "ext": "uid:7774910775|mid:4985036067574269|objectid:1034%3A4985017429065747|from:1|object_duration:16.462|miduid:6499137849|rootuid:3945647785|rootmid:4985020014400533|authorid:3945647785|video_orientation:vertical|third_vid:|is_album:1|is_contribution:0|video_tags:|isfan:0|ua:Mozilla/5.0 (Windows NT 10.0; Win64; x64) AppleWebKit/537.36 (KHTML, like Gecko) Chrome/120.0.0.0 Safari/537.36 WeiboPro/1.0.0|sceneid:profile_mb|uuid:4985017452462182|detail:native|contribution:0|short_video:0|st_video:1|author_mid:4985020014400533|cluster_type_status:|is_ad_weibo:0|container_mid:4985036067574269|t_id:4980329350365227|t_name:%E5%90%88%E9%9B%86+%C2%B7+2024%E4%B8%9C%E6%96%B9%E5%8D%AB%E8%A7%86%E8%B7%A8%E5%B9%B4%E5%90%88%E9%9B%86|type:52_5,52_2,52_1,2|analysis_card:page_info"}, "short_url": "http://t.cn/A6lnOd6Y"}}