{"visible": {"type": 0, "list_id": 0}, "created_at": "Sun Dec 31 17:56:34 +0800 2023", "id": 4985069265750625, "idstr": "4985069265750625", "mid": "4985069265750625", "mblogid": "NzH2uo801", "user": {"id": 6499137849, "idstr": "6499137849", "pc_new": 7, "screen_name": "冻梨好吃", "profile_image_url": "https://tvax3.sinaimg.cn/crop.0.0.962.962.50/0075PIE1ly8hkxs7vsob4j30qq0qq76e.jpg?KID=imgbed,tva&amp;Expires=1704618326&amp;ssig=hsVH9%2FQ%2Bxi", "profile_url": "/u/6499137849", "verified": false, "verified_type": -1, "domain": "", "weihao": "", "avatar_large": "https://tvax3.sinaimg.cn/crop.0.0.962.962.180/0075PIE1ly8hkxs7vsob4j30qq0qq76e.jpg?KID=imgbed,tva&amp;Expires=1704618326&amp;ssig=56Czk3snkZ", "avatar_hd": "https://tvax3.sinaimg.cn/crop.0.0.962.962.1024/0075PIE1ly8hkxs7vsob4j30qq0qq76e.jpg?KID=imgbed,tva&amp;Expires=1704618326&amp;ssig=nPXumvvZxh", "follow_me": false, "following": false, "mbrank": 0, "mbtype": 0, "v_plus": 0, "planet_video": false, "icon_list": []}, "can_edit": false, "text_raw": "今晚就看这些了[吹风车][吹风车]不过我要先把皇碧大战看完[奥姆][奥姆] ​​​", "textLength": 66, "annotations": [{"photo_sub_type": "0,0,0,0,0"}, {"client_mblogid": "7b3f525f-21c3-4466-b96a-6c73c6a2f941"}, {"source_text": "", "phone_id": "266"}, {"mapi_request": true}], "source": "Android", "favorited": false, "rid": "11_0_50_5246413405184694878_0_0_0", "pic_ids": ["0075PIE1ly1hld48xzqevj30qo137tgq", "0075PIE1ly1hld48yage4j30qo0b2jtb", "0075PIE1ly1hld48yv2b4j30qo0bh762", "0075PIE1ly1hld49094uyj30qo0a9q3w", "0075PIE1ly1hld4e7y5nyj30qo05g3zc"], "pic_focus_point": [], "pic_num": 5, "pic_infos": {"0075PIE1ly1hld48xzqevj30qo137tgq": {"thumbnail": {"url": "https://wx2.sinaimg.cn/wap180/0075PIE1ly1hld48xzqevj30qo137tgq.jpg", "width": 122, "height": 180, "cut_type": 1, "type": ""}, "bmiddle": {"url": "https://wx2.sinaimg.cn/wap360/0075PIE1ly1hld48xzqevj30qo137tgq.jpg", "width": 244, "height": 360, "cut_type": 1, "type": ""}, "large": {"url": "https://wx2.sinaimg.cn/orj960/0075PIE1ly1hld48xzqevj30qo137tgq.jpg", "width": 960, "height": 1411, "cut_type": 1, "type": ""}, "original": {"url": "https://wx2.sinaimg.cn/orj1080/0075PIE1ly1hld48xzqevj30qo137tgq.jpg", "width": 960, "height": 1411, "cut_type": 1, "type": ""}, "largest": {"url": "https://wx2.sinaimg.cn/large/0075PIE1ly1hld48xzqevj30qo137tgq.jpg", "width": 960, "height": 1411, "cut_type": 1, "type": ""}, "mw2000": {"url": "https://wx2.sinaimg.cn/mw2000/0075PIE1ly1hld48xzqevj30qo137tgq.jpg", "width": 960, "height": 1411, "cut_type": 1, "type": ""}, "object_id": "1042018:bbdb0987c5913c92b9da21c8beb8e8f5", "pic_id": "0075PIE1ly1hld48xzqevj30qo137tgq", "photo_tag": 0, "type": "pic", "pic_status": 1}, "0075PIE1ly1hld48yage4j30qo0b2jtb": {"thumbnail": {"url": "https://wx3.sinaimg.cn/wap180/0075PIE1ly1hld48yage4j30qo0b2jtb.jpg", "width": 180, "height": 74, "cut_type": 1, "type": ""}, "bmiddle": {"url": "https://wx3.sinaimg.cn/wap360/0075PIE1ly1hld48yage4j30qo0b2jtb.jpg", "width": 360, "height": 149, "cut_type": 1, "type": ""}, "large": {"url": "https://wx3.sinaimg.cn/orj960/0075PIE1ly1hld48yage4j30qo0b2jtb.jpg", "width": 960, "height": 398, "cut_type": 1, "type": ""}, "original": {"url": "https://wx3.sinaimg.cn/orj1080/0075PIE1ly1hld48yage4j30qo0b2jtb.jpg", "width": 960, "height": 398, "cut_type": 1, "type": ""}, "largest": {"url": "https://wx3.sinaimg.cn/large/0075PIE1ly1hld48yage4j30qo0b2jtb.jpg", "width": 960, "height": 398, "cut_type": 1, "type": ""}, "mw2000": {"url": "https://wx3.sinaimg.cn/mw2000/0075PIE1ly1hld48yage4j30qo0b2jtb.jpg", "width": 960, "height": 398, "cut_type": 1, "type": ""}, "object_id": "1042018:676ec596e5fe47a5206de3dbb7589cb2", "pic_id": "0075PIE1ly1hld48yage4j30qo0b2jtb", "photo_tag": 0, "type": "pic", "pic_status": 1}, "0075PIE1ly1hld48yv2b4j30qo0bh762": {"thumbnail": {"url": "https://wx2.sinaimg.cn/wap180/0075PIE1ly1hld48yv2b4j30qo0bh762.jpg", "width": 180, "height": 77, "cut_type": 1, "type": ""}, "bmiddle": {"url": "https://wx2.sinaimg.cn/wap360/0075PIE1ly1hld48yv2b4j30qo0bh762.jpg", "width": 360, "height": 154, "cut_type": 1, "type": ""}, "large": {"url": "https://wx2.sinaimg.cn/orj960/0075PIE1ly1hld48yv2b4j30qo0bh762.jpg", "width": 960, "height": 413, "cut_type": 1, "type": ""}, "original": {"url": "https://wx2.sinaimg.cn/orj1080/0075PIE1ly1hld48yv2b4j30qo0bh762.jpg", "width": 960, "height": 413, "cut_type": 1, "type": ""}, "largest": {"url": "https://wx2.sinaimg.cn/large/0075PIE1ly1hld48yv2b4j30qo0bh762.jpg", "width": 960, "height": 413, "cut_type": 1, "type": ""}, "mw2000": {"url": "https://wx2.sinaimg.cn/mw2000/0075PIE1ly1hld48yv2b4j30qo0bh762.jpg", "width": 960, "height": 413, "cut_type": 1, "type": ""}, "object_id": "1042018:35bcbcb275e0072c32b4f0c8eb22ce88", "pic_id": "0075PIE1ly1hld48yv2b4j30qo0bh762", "photo_tag": 0, "type": "pic", "pic_status": 1}, "0075PIE1ly1hld49094uyj30qo0a9q3w": {"thumbnail": {"url": "https://wx4.sinaimg.cn/wap180/0075PIE1ly1hld49094uyj30qo0a9q3w.jpg", "width": 180, "height": 69, "cut_type": 1, "type": ""}, "bmiddle": {"url": "https://wx4.sinaimg.cn/wap360/0075PIE1ly1hld49094uyj30qo0a9q3w.jpg", "width": 360, "height": 138, "cut_type": 1, "type": ""}, "large": {"url": "https://wx4.sinaimg.cn/orj960/0075PIE1ly1hld49094uyj30qo0a9q3w.jpg", "width": 960, "height": 369, "cut_type": 1, "type": ""}, "original": {"url": "https://wx4.sinaimg.cn/orj1080/0075PIE1ly1hld49094uyj30qo0a9q3w.jpg", "width": 960, "height": 369, "cut_type": 1, "type": ""}, "largest": {"url": "https://wx4.sinaimg.cn/large/0075PIE1ly1hld49094uyj30qo0a9q3w.jpg", "width": 960, "height": 369, "cut_type": 1, "type": ""}, "mw2000": {"url": "https://wx4.sinaimg.cn/mw2000/0075PIE1ly1hld49094uyj30qo0a9q3w.jpg", "width": 960, "height": 369, "cut_type": 1, "type": ""}, "object_id": "1042018:0f376dbd189ebbf0e21237955493f57c", "pic_id": "0075PIE1ly1hld49094uyj30qo0a9q3w", "photo_tag": 0, "type": "pic", "pic_status": 1}, "0075PIE1ly1hld4e7y5nyj30qo05g3zc": {"thumbnail": {"url": "https://wx2.sinaimg.cn/wap180/0075PIE1ly1hld4e7y5nyj30qo05g3zc.jpg", "width": 180, "height": 54, "cut_type": 1, "type": ""}, "bmiddle": {"url": "https://wx2.sinaimg.cn/wap360/0075PIE1ly1hld4e7y5nyj30qo05g3zc.jpg", "width": 360, "height": 108, "cut_type": 1, "type": ""}, "large": {"url": "https://wx2.sinaimg.cn/orj960/0075PIE1ly1hld4e7y5nyj30qo05g3zc.jpg", "width": 960, "height": 196, "cut_type": 1, "type": ""}, "original": {"url": "https://wx2.sinaimg.cn/orj1080/0075PIE1ly1hld4e7y5nyj30qo05g3zc.jpg", "width": 960, "height": 196, "cut_type": 1, "type": ""}, "largest": {"url": "https://wx2.sinaimg.cn/large/0075PIE1ly1hld4e7y5nyj30qo05g3zc.jpg", "width": 960, "height": 196, "cut_type": 1, "type": ""}, "mw2000": {"url": "https://wx2.sinaimg.cn/mw2000/0075PIE1ly1hld4e7y5nyj30qo05g3zc.jpg", "width": 960, "height": 196, "cut_type": 1, "type": ""}, "object_id": "1042018:b2ff2d4da2c449b3d367d388df255c0d", "pic_id": "0075PIE1ly1hld4e7y5nyj30qo05g3zc", "photo_tag": 0, "type": "pic", "pic_status": 1}}, "is_paid": false, "mblog_vip_type": 0, "number_display_strategy": {"apply_scenario_flag": 3, "display_text_min_number": 1000000, "display_text": "100万+"}, "reposts_count": 0, "comments_count": 0, "attitudes_count": 0, "attitudes_status": 0, "isLongText": false, "mlevel": 0, "content_auth": 0, "is_show_bulletin": 2, "comment_manage_info": {"comment_permission_type": -1, "approval_comment_type": 0, "comment_sort_type": 0}, "share_repost_type": 0, "mblogtype": 0, "showFeedRepost": false, "showFeedComment": false, "pictureViewerSign": false, "showPictureViewer": false, "rcList": [], "text": "今晚就看这些了&lt;img alt=\"[吹风车]\" title=\"[吹风车]\" src=\"https://face.t.sinajs.cn/t4/appstyle/expression/ext/normal/da/2023_Windmill_org.png\" /&gt;&lt;img alt=\"[吹风车]\" title=\"[吹风车]\" src=\"https://face.t.sinajs.cn/t4/appstyle/expression/ext/normal/da/2023_Windmill_org.png\" /&gt;不过我要先把皇碧大战看完&lt;img alt=\"[奥姆]\" title=\"[奥姆]\" src=\"https://face.t.sinajs.cn/t4/appstyle/expression/ext/normal/12/2023_Orm_org.png\" /&gt;&lt;img alt=\"[奥姆]\" title=\"[奥姆]\" src=\"https://face.t.sinajs.cn/t4/appstyle/expression/ext/normal/12/2023_Orm_org.png\" /&gt; ​​​", "region_name": "发布于 辽宁", "customIcons": []}