{"visible": {"type": 0, "list_id": 0}, "created_at": "Mon Jan 01 00:33:47 +0800 2024", "id": 4985169228600326, "idstr": "4985169228600326", "mid": "4985169228600326", "mblogid": "NzJDIA5kW", "user": {"id": 6499137849, "idstr": "6499137849", "pc_new": 7, "screen_name": "冻梨好吃", "profile_image_url": "https://tvax3.sinaimg.cn/crop.0.0.962.962.50/0075PIE1ly8hkxs7vsob4j30qq0qq76e.jpg?KID=imgbed,tva&amp;Expires=1704618316&amp;ssig=C%2B5BgPYCA3", "profile_url": "/u/6499137849", "verified": false, "verified_type": -1, "domain": "", "weihao": "", "avatar_large": "https://tvax3.sinaimg.cn/crop.0.0.962.962.180/0075PIE1ly8hkxs7vsob4j30qq0qq76e.jpg?KID=imgbed,tva&amp;Expires=1704618316&amp;ssig=yEy56xoW7B", "avatar_hd": "https://tvax3.sinaimg.cn/crop.0.0.962.962.1024/0075PIE1ly8hkxs7vsob4j30qq0qq76e.jpg?KID=imgbed,tva&amp;Expires=1704618316&amp;ssig=%2Bzw%2Bq1Eh2i", "follow_me": false, "following": false, "mbrank": 0, "mbtype": 0, "v_plus": 0, "planet_video": false, "icon_list": []}, "can_edit": false, "text_raw": "加油天神[汪洋海蓝比心][汪洋海蓝比心] http://t.cn/A6lmYygr", "annotations": [{"client_mblogid": "0d962046-623a-41ac-be3e-536a761ad7fc"}, {"mapi_request": true}], "source": "Android", "favorited": false, "rid": "19_0_50_5135384463311073164_0_0_0", "pic_ids": [], "pic_num": 0, "is_paid": false, "mblog_vip_type": 0, "number_display_strategy": {"apply_scenario_flag": 3, "display_text_min_number": 1000000, "display_text": "100万+"}, "reposts_count": 0, "comments_count": 0, "attitudes_count": 0, "attitudes_status": 0, "isLongText": false, "mlevel": 0, "content_auth": 0, "is_show_bulletin": 2, "comment_manage_info": {"comment_permission_type": -1, "approval_comment_type": 0, "comment_sort_type": 0}, "repost_type": 1, "share_repost_type": 0, "url_struct": [{"url_title": "查看图片", "url_type_pic": "https://h5.sinaimg.cn/upload/2015/01/21/20/timeline_card_small_photo.png", "ori_url": "https://photo.weibo.com/h5/repost/reppic_id/1022:23079656bf7b9befb16e45ac1add622fb8d65e", "short_url": "http://t.cn/A6lmYygr", "long_url": "https://photo.weibo.com/h5/repost/reppic_id/1022:23079656bf7b9befb16e45ac1add622fb8d65e", "url_type": 39, "result": false, "actionlog": {"act_type": 1, "act_code": 300, "oid": "1022:23079656bf7b9befb16e45ac1add622fb8d65e", "uuid": 4985169231741461, "cardid": "", "lcardid": "", "uicode": "", "luicode": "", "fid": "1076036499137849_-_WEIBO_SECOND_PROFILE_WEIBO", "lfid": "", "ext": "mid:4985169228600326|rid:19_0_50_5135384463311073164_0_0_0|short_url:http://t.cn/A6lmYygr|long_url:https://photo.weibo.com/h5/repost/reppic_id/1022:23079656bf7b9befb16e45ac1add622fb8d65e|comment_id:|miduid:6499137849|rootmid:4985169228600326|rootuid:6499137849|authorid:|uuid:4985169231741461|is_ad_weibo:0|analysis_card:url_struct"}, "storage_type": "", "hide": 0, "object_type": "", "position": 2, "pic_infos": {"0075PIE1ly1hldfw1cpvnj30u00u0ww2": {"thumbnail": {"type": "", "url": "http://wx1.sinaimg.cn/thumbnail/0075PIE1ly1hldfw1cpvnj30u00u0ww2.jpg", "cut_type": 1, "width": 120, "height": 120, "croped": false}, "bmiddle": {"type": "", "url": "http://wx1.sinaimg.cn/bmiddle/0075PIE1ly1hldfw1cpvnj30u00u0ww2.jpg", "cut_type": 1, "width": 440, "height": 440, "croped": false}, "large": {"type": "", "url": "http://wx1.sinaimg.cn/large/0075PIE1ly1hldfw1cpvnj30u00u0ww2.jpg", "cut_type": 1, "width": "1080", "height": "1080", "croped": false}, "woriginal": {"type": "", "url": "http://wx1.sinaimg.cn/woriginal/0075PIE1ly1hldfw1cpvnj30u00u0ww2.jpg", "cut_type": 1, "width": "1080", "height": "1080", "croped": false}}}, "pic_ids": ["0075PIE1ly1hldfw1cpvnj30u00u0ww2"], "h5_target_url": "https://photo.weibo.com/h5/repost/reppic_id/1022:23079656bf7b9befb16e45ac1add622fb8d65e?from=1FFFF96039&amp;weiboauthoruid=6499137849", "need_save_obj": 1}], "mblogtype": 0, "showFeedRepost": false, "showFeedComment": false, "pictureViewerSign": false, "showPictureViewer": false, "rcList": [], "text": "加油天神&lt;img alt=\"[汪洋海蓝比心]\" title=\"[汪洋海蓝比心]\" src=\"https://face.t.sinajs.cn/t4/appstyle/expression/ext/normal/93/2023_BlueSeaHeart_org.png\" /&gt;&lt;img alt=\"[汪洋海蓝比心]\" title=\"[汪洋海蓝比心]\" src=\"https://face.t.sinajs.cn/t4/appstyle/expression/ext/normal/93/2023_BlueSeaHeart_org.png\" /&gt; &lt;a target=\"_blank\" data-pid=0075PIE1ly1hldfw1cpvnj30u00u0ww2  href=\"https://wx1.sinaimg.cn/large/0075PIE1ly1hldfw1cpvnj30u00u0ww2.jpg\"&gt;&lt;img class=\"icon-link\" src=\"https://h5.sinaimg.cn/upload/2015/01/21/20/timeline_card_small_photo_default.png\"/&gt;查看图片&lt;/a&gt;", "region_name": "发布于 辽宁", "customIcons": [], "retweeted_status": {"visible": {"type": 0, "list_id": 0}, "created_at": "Mon Jan 01 00:25:18 +0800 2024", "id": 4985167095009429, "idstr": "4985167095009429", "mid": "4985167095009429", "mblogid": "NzJAhl1bf", "user": {"id": 6907244758, "idstr": "6907244758", "pc_new": 7, "screen_name": "TTTianII", "profile_image_url": "https://tvax1.sinaimg.cn/crop.0.0.1080.1080.50/007xs5Twly8h9sbvjyojbj30u00u0t9h.jpg?KID=imgbed,tva&amp;Expires=1704618316&amp;ssig=933JmZhw8L", "profile_url": "/u/6907244758", "verified": true, "verified_type": 0, "domain": "", "weihao": "", "verified_type_ext": 2, "avatar_large": "https://tvax1.sinaimg.cn/crop.0.0.1080.1080.180/007xs5Twly8h9sbvjyojbj30u00u0t9h.jpg?KID=imgbed,tva&amp;Expires=1704618316&amp;ssig=wpgstTGK%2F%2B", "avatar_hd": "https://tvax1.sinaimg.cn/crop.0.0.1080.1080.1024/007xs5Twly8h9sbvjyojbj30u00u0t9h.jpg?KID=imgbed,tva&amp;Expires=1704618316&amp;ssig=EfCczSIX77", "follow_me": false, "following": false, "mbrank": 1, "mbtype": 12, "v_plus": 0, "planet_video": false, "icon_list": [{"type": "vip", "data": {"mbrank": 1, "mbtype": 12, "svip": 1, "vvip": 1}}]}, "can_edit": false, "text_raw": "2024[赞][赞][赞] ​​​", "textLength": 16, "annotations": [{"shooting": 1, "client_mblogid": "iPhone-F02EA82B-823A-4E22-9D81-D872BCD1FE7E"}, {"source_text": "", "phone_id": "-1"}, {"mapi_request": true}], "source": "", "favorited": false, "buttons": [{"type": "follow", "name": "加关注", "params": {"uid": 6907244758, "disable_group": 1, "extparams": {"followcardid": "1008080010_"}}, "actionlog": {"act_code": "92", "oid": "4985167095009429"}}], "rid": "19_0_50_5135384463311073164_0_0_0", "pic_ids": [], "geo": "", "pic_num": 0, "is_paid": false, "mblog_vip_type": 0, "number_display_strategy": {"apply_scenario_flag": 3, "display_text_min_number": 1000000, "display_text": "100万+"}, "reposts_count": 502, "comments_count": 1096, "attitudes_count": 5264, "attitudes_status": 0, "isLongText": false, "mlevel": 0, "content_auth": 0, "is_show_bulletin": 2, "comment_manage_info": {"comment_permission_type": -1, "approval_comment_type": 0, "comment_sort_type": 0, "ai_play_picture_type": 0}, "mblogtype": 0, "showFeedRepost": false, "showFeedComment": false, "pictureViewerSign": false, "showPictureViewer": false, "rcList": [], "text": "2024&lt;img alt=\"[赞]\" title=\"[赞]\" src=\"https://face.t.sinajs.cn/t4/appstyle/expression/ext/normal/e6/2018new_zan_org.png\" /&gt;&lt;img alt=\"[赞]\" title=\"[赞]\" src=\"https://face.t.sinajs.cn/t4/appstyle/expression/ext/normal/e6/2018new_zan_org.png\" /&gt;&lt;img alt=\"[赞]\" title=\"[赞]\" src=\"https://face.t.sinajs.cn/t4/appstyle/expression/ext/normal/e6/2018new_zan_org.png\" /&gt; ​​​", "region_name": "发布于 上海", "customIcons": []}}