{"visible": {"type": 0, "list_id": 0}, "created_at": "Sun Dec 31 18:33:09 +0800 2023", "id": 4985078474082123, "idstr": "4985078474082123", "mid": "4985078474082123", "mblogid": "NzHhlh7WH", "user": {"id": 3290016493, "idstr": "3290016493", "pc_new": 7, "screen_name": "美颜滤镜粉碎机·真实很美好", "profile_image_url": "https://tvax2.sinaimg.cn/crop.0.0.996.996.50/c419aaedly8gy5hsqeq52j20ro0rojve.jpg?KID=imgbed,tva&amp;Expires=1704618326&amp;ssig=pQLsk%2FLt0A", "profile_url": "/u/3290016493", "verified": true, "verified_type": 0, "domain": "", "weihao": "", "verified_type_ext": 1, "avatar_large": "https://tvax2.sinaimg.cn/crop.0.0.996.996.180/c419aaedly8gy5hsqeq52j20ro0rojve.jpg?KID=imgbed,tva&amp;Expires=1704618326&amp;ssig=rZYrUDUvwn", "avatar_hd": "https://tvax2.sinaimg.cn/crop.0.0.996.996.1024/c419aaedly8gy5hsqeq52j20ro0rojve.jpg?KID=imgbed,tva&amp;Expires=1704618326&amp;ssig=U9AMS8o%2FZR", "follow_me": false, "following": false, "mbrank": 2, "mbtype": 12, "v_plus": 0, "planet_video": false, "icon_list": [{"type": "vip", "data": {"mbrank": 2, "mbtype": 12, "svip": 1, "vvip": 1}}]}, "can_edit": false, "text_raw": "泰勒·斯威夫特 Taylor Swift\n街拍生图\n\n#霉霉 中文字幕# ​​​", "textLength": 52, "annotations": [{"photo_sub_type": "0,0,0,0,0,0,0,0,0,0,0,0,0,0,0,0,0,0"}, {"ann_ext": "ann_ext:search|t:152|q:霉霉 中文字幕|creator_source:bottomsendweibo"}, {"client_mblogid": "iPhone-639970AC-5993-44C8-B0D9-85EE37CD6FD8"}, {"source_text": "", "phone_id": "-1"}, {"mapi_request": true}], "source": "", "favorited": false, "buttons": [{"type": "follow", "name": "加关注", "pic": "http://u1.sinaimg.cn/upload/2013/06/14/timeline_card_small_button_icon_add.png", "params": {"uid": 3290016493}, "actionlog": {"act_code": 92, "uicode": "10000100", "oid": "4985078474082123", "cardid": "1076030002_3290016493"}}], "rid": "2_0_50_5246413405184694878_0_0_0", "pic_ids": ["c419aaedgy1hld5giyuy7j211x1kwwmz", "c419aaedgy1hld5gje7fij21kw134n9t", "c419aaedgy1hld5gjswmkj21701kuqgu", "c419aaedgy1hld5gk90z3j211x1kwwl1", "c419aaedgy1hld5gmth8vj20zu25o1ky", "c419aaedgy1hld5gnc80kj211x1kwthl", "c419aaedgy1hld5gnpazpj211v1kw45y", "c419aaedgy1hld5go5zq4j21kw1iytly", "c419aaedgy1hld5golet9j21hm1kw16d", "c419aaedgy1hld5gp3lvfj20zv1kw7l6", "c419aaedgy1hld5gps49wj21a21kw11d", "c419aaedgy1hld5gqa4vxj215c1kwaiy", "c419aaedgy1hld5gqltwwj211x1kwgvm", "c419aaedgy1hld5gqyheij211x1kwwon", "c419aaedgy1hld5gs003yj21kw1j0tnw", "c419aaedgy1hld5gsoamoj211x1kwqd7", "c419aaedgy1hld5gio96uj214n1kwdss", "c419aaedgy1hld5gt1sf3j219e1kwtl4"], "pic_focus_point": [{"focus_point": {"left": 0, "top": 0, "width": 1, "height": 1}, "pic_id": "c419aaedgy1hld5go5zq4j21kw1iytly"}, {"focus_point": {"left": 0, "top": 0.09562842, "width": 0.57246375, "height": 0.21174863}, "pic_id": "c419aaedgy1hld5golet9j21hm1kw16d"}, {"focus_point": {"left": 0.39710146, "top": 0.044358727, "width": 0.5318841, "height": 0.2536162}, "pic_id": "c419aaedgy1hld5gnpazpj211v1kw45y"}, {"focus_point": {"left": 0.357971, "top": 0.09565217, "width": 0.23768117, "height": 0.2}, "pic_id": "c419aaedgy1hld5gnc80kj211x1kwthl"}, {"focus_point": {"left": 0.25652173, "top": 0.13636364, "width": 0.4, "height": 0.24398395}, "pic_id": "c419aaedgy1hld5gmth8vj20zu25o1ky"}, {"focus_point": {"left": 0.39855072, "top": 0.15652174, "width": 0.22173913, "height": 0.19806764}, "pic_id": "c419aaedgy1hld5gk90z3j211x1kwwl1"}, {"focus_point": {"left": 0.38260868, "top": 0.13486843, "width": 0.2753623, "height": 0.27631578}, "pic_id": "c419aaedgy1hld5gjswmkj21701kuqgu"}, {"focus_point": {"left": 0.43188405, "top": 0.16033755, "width": 0.13188405, "height": 0.24050634}, "pic_id": "c419aaedgy1hld5gje7fij21kw134n9t"}, {"focus_point": {"left": 0.34492755, "top": 0.112077296, "width": 0.23913044, "height": 0.20483091}, "pic_id": "c419aaedgy1hld5giyuy7j211x1kwwmz"}], "pic_num": 18, "pic_infos": {"c419aaedgy1hld5giyuy7j211x1kwwmz": {"thumbnail": {"url": "https://wx3.sinaimg.cn/wap180/c419aaedgy1hld5giyuy7j211x1kwwmz.jpg", "width": 120, "height": 180, "cut_type": 1, "type": null}, "bmiddle": {"url": "https://wx3.sinaimg.cn/wap360/c419aaedgy1hld5giyuy7j211x1kwwmz.jpg", "width": 240, "height": 360, "cut_type": 1, "type": null}, "large": {"url": "https://wx3.sinaimg.cn/orj960/c419aaedgy1hld5giyuy7j211x1kwwmz.jpg", "width": 960, "height": 1440, "cut_type": 1, "type": null}, "original": {"url": "https://wx3.sinaimg.cn/orj1080/c419aaedgy1hld5giyuy7j211x1kwwmz.jpg", "width": 1080, "height": 1620, "cut_type": 1, "type": null}, "largest": {"url": "https://wx3.sinaimg.cn/large/c419aaedgy1hld5giyuy7j211x1kwwmz.jpg", "width": 1365, "height": 2048, "cut_type": 1, "type": null}, "mw2000": {"url": "https://wx3.sinaimg.cn/mw2000/c419aaedgy1hld5giyuy7j211x1kwwmz.jpg", "width": 1365, "height": 2048, "cut_type": 1, "type": null}, "focus_point": {"left": 0.34492755, "top": 0.112077296, "width": 0.23913044, "height": 0.20483091}, "object_id": "1042018:6f42caf386f9a232c591063e9d3cb654", "pic_id": "c419aaedgy1hld5giyuy7j211x1kwwmz", "photo_tag": 0, "type": "pic", "pic_status": 1}, "c419aaedgy1hld5gje7fij21kw134n9t": {"thumbnail": {"url": "https://wx1.sinaimg.cn/wap180/c419aaedgy1hld5gje7fij21kw134n9t.jpg", "width": 180, "height": 123, "cut_type": 1, "type": null}, "bmiddle": {"url": "https://wx1.sinaimg.cn/wap360/c419aaedgy1hld5gje7fij21kw134n9t.jpg", "width": 360, "height": 247, "cut_type": 1, "type": null}, "large": {"url": "https://wx1.sinaimg.cn/orj960/c419aaedgy1hld5gje7fij21kw134n9t.jpg", "width": 1396, "height": 960, "cut_type": 1, "type": null}, "original": {"url": "https://wx1.sinaimg.cn/orj1080/c419aaedgy1hld5gje7fij21kw134n9t.jpg", "width": 1570, "height": 1080, "cut_type": 1, "type": null}, "largest": {"url": "https://wx1.sinaimg.cn/large/c419aaedgy1hld5gje7fij21kw134n9t.jpg", "width": 2048, "height": 1408, "cut_type": 1, "type": null}, "mw2000": {"url": "https://wx1.sinaimg.cn/mw2000/c419aaedgy1hld5gje7fij21kw134n9t.jpg", "width": 2000, "height": 1375, "cut_type": 1, "type": null}, "focus_point": {"left": 0.43188405, "top": 0.16033755, "width": 0.13188405, "height": 0.24050634}, "object_id": "1042018:0024273e33dad0b9f09e87496a745ad6", "pic_id": "c419aaedgy1hld5gje7fij21kw134n9t", "photo_tag": 0, "type": "pic", "pic_status": 1}, "c419aaedgy1hld5gjswmkj21701kuqgu": {"thumbnail": {"url": "https://wx2.sinaimg.cn/wap180/c419aaedgy1hld5gjswmkj21701kuqgu.jpg", "width": 136, "height": 180, "cut_type": 1, "type": null}, "bmiddle": {"url": "https://wx2.sinaimg.cn/wap360/c419aaedgy1hld5gjswmkj21701kuqgu.jpg", "width": 272, "height": 360, "cut_type": 1, "type": null}, "large": {"url": "https://wx2.sinaimg.cn/orj960/c419aaedgy1hld5gjswmkj21701kuqgu.jpg", "width": 960, "height": 1268, "cut_type": 1, "type": null}, "original": {"url": "https://wx2.sinaimg.cn/orj1080/c419aaedgy1hld5gjswmkj21701kuqgu.jpg", "width": 1080, "height": 1427, "cut_type": 1, "type": null}, "largest": {"url": "https://wx2.sinaimg.cn/large/c419aaedgy1hld5gjswmkj21701kuqgu.jpg", "width": 1548, "height": 2046, "cut_type": 1, "type": null}, "mw2000": {"url": "https://wx2.sinaimg.cn/mw2000/c419aaedgy1hld5gjswmkj21701kuqgu.jpg", "width": 1548, "height": 2046, "cut_type": 1, "type": null}, "focus_point": {"left": 0.38260868, "top": 0.13486843, "width": 0.2753623, "height": 0.27631578}, "object_id": "1042018:2dd4d0744b527815200d11a2b6890849", "pic_id": "c419aaedgy1hld5gjswmkj21701kuqgu", "photo_tag": 0, "type": "pic", "pic_status": 1}, "c419aaedgy1hld5gk90z3j211x1kwwl1": {"thumbnail": {"url": "https://wx1.sinaimg.cn/wap180/c419aaedgy1hld5gk90z3j211x1kwwl1.jpg", "width": 120, "height": 180, "cut_type": 1, "type": null}, "bmiddle": {"url": "https://wx1.sinaimg.cn/wap360/c419aaedgy1hld5gk90z3j211x1kwwl1.jpg", "width": 240, "height": 360, "cut_type": 1, "type": null}, "large": {"url": "https://wx1.sinaimg.cn/orj960/c419aaedgy1hld5gk90z3j211x1kwwl1.jpg", "width": 960, "height": 1440, "cut_type": 1, "type": null}, "original": {"url": "https://wx1.sinaimg.cn/orj1080/c419aaedgy1hld5gk90z3j211x1kwwl1.jpg", "width": 1080, "height": 1620, "cut_type": 1, "type": null}, "largest": {"url": "https://wx1.sinaimg.cn/large/c419aaedgy1hld5gk90z3j211x1kwwl1.jpg", "width": 1365, "height": 2048, "cut_type": 1, "type": null}, "mw2000": {"url": "https://wx1.sinaimg.cn/mw2000/c419aaedgy1hld5gk90z3j211x1kwwl1.jpg", "width": 1365, "height": 2048, "cut_type": 1, "type": null}, "focus_point": {"left": 0.39855072, "top": 0.15652174, "width": 0.22173913, "height": 0.19806764}, "object_id": "1042018:d25dc44c43cc4b7b50b20af61211c26a", "pic_id": "c419aaedgy1hld5gk90z3j211x1kwwl1", "photo_tag": 0, "type": "pic", "pic_status": 1}, "c419aaedgy1hld5gmth8vj20zu25o1ky": {"thumbnail": {"url": "https://wx2.sinaimg.cn/wap180/c419aaedgy1hld5gmth8vj20zu25o1ky.jpg", "width": 83, "height": 180, "cut_type": 1, "type": null}, "bmiddle": {"url": "https://wx2.sinaimg.cn/wap360/c419aaedgy1hld5gmth8vj20zu25o1ky.jpg", "width": 166, "height": 360, "cut_type": 1, "type": null}, "large": {"url": "https://wx2.sinaimg.cn/orj960/c419aaedgy1hld5gmth8vj20zu25o1ky.jpg", "width": 960, "height": 2080, "cut_type": 1, "type": null}, "original": {"url": "https://wx2.sinaimg.cn/orj1080/c419aaedgy1hld5gmth8vj20zu25o1ky.jpg", "width": 1080, "height": 2340, "cut_type": 1, "type": null}, "largest": {"url": "https://wx2.sinaimg.cn/large/c419aaedgy1hld5gmth8vj20zu25o1ky.jpg", "width": 1290, "height": 2796, "cut_type": 1, "type": null}, "mw2000": {"url": "https://wx2.sinaimg.cn/mw2000/c419aaedgy1hld5gmth8vj20zu25o1ky.jpg", "width": 1290, "height": 2796, "cut_type": 1, "type": null}, "focus_point": {"left": 0.25652173, "top": 0.13636364, "width": 0.4, "height": 0.24398395}, "object_id": "1042018:6c81b187ff5dfa7df30fc8b444791b07", "pic_id": "c419aaedgy1hld5gmth8vj20zu25o1ky", "photo_tag": 0, "type": "pic", "pic_status": 1}, "c419aaedgy1hld5gnc80kj211x1kwthl": {"thumbnail": {"url": "https://wx4.sinaimg.cn/wap180/c419aaedgy1hld5gnc80kj211x1kwthl.jpg", "width": 120, "height": 180, "cut_type": 1, "type": null}, "bmiddle": {"url": "https://wx4.sinaimg.cn/wap360/c419aaedgy1hld5gnc80kj211x1kwthl.jpg", "width": 240, "height": 360, "cut_type": 1, "type": null}, "large": {"url": "https://wx4.sinaimg.cn/orj960/c419aaedgy1hld5gnc80kj211x1kwthl.jpg", "width": 960, "height": 1440, "cut_type": 1, "type": null}, "original": {"url": "https://wx4.sinaimg.cn/orj1080/c419aaedgy1hld5gnc80kj211x1kwthl.jpg", "width": 1080, "height": 1620, "cut_type": 1, "type": null}, "largest": {"url": "https://wx4.sinaimg.cn/large/c419aaedgy1hld5gnc80kj211x1kwthl.jpg", "width": 1365, "height": 2048, "cut_type": 1, "type": null}, "mw2000": {"url": "https://wx4.sinaimg.cn/mw2000/c419aaedgy1hld5gnc80kj211x1kwthl.jpg", "width": 1365, "height": 2048, "cut_type": 1, "type": null}, "focus_point": {"left": 0.357971, "top": 0.09565217, "width": 0.23768117, "height": 0.2}, "object_id": "1042018:ffbe4a71e3669d82926da03c4f6e90e2", "pic_id": "c419aaedgy1hld5gnc80kj211x1kwthl", "photo_tag": 0, "type": "pic", "pic_status": 1}, "c419aaedgy1hld5gnpazpj211v1kw45y": {"thumbnail": {"url": "https://wx1.sinaimg.cn/wap180/c419aaedgy1hld5gnpazpj211v1kw45y.jpg", "width": 119, "height": 180, "cut_type": 1, "type": null}, "bmiddle": {"url": "https://wx1.sinaimg.cn/wap360/c419aaedgy1hld5gnpazpj211v1kw45y.jpg", "width": 239, "height": 360, "cut_type": 1, "type": null}, "large": {"url": "https://wx1.sinaimg.cn/orj960/c419aaedgy1hld5gnpazpj211v1kw45y.jpg", "width": 960, "height": 1442, "cut_type": 1, "type": null}, "original": {"url": "https://wx1.sinaimg.cn/orj1080/c419aaedgy1hld5gnpazpj211v1kw45y.jpg", "width": 1080, "height": 1622, "cut_type": 1, "type": null}, "largest": {"url": "https://wx1.sinaimg.cn/large/c419aaedgy1hld5gnpazpj211v1kw45y.jpg", "width": 1363, "height": 2048, "cut_type": 1, "type": null}, "mw2000": {"url": "https://wx1.sinaimg.cn/mw2000/c419aaedgy1hld5gnpazpj211v1kw45y.jpg", "width": 1363, "height": 2048, "cut_type": 1, "type": null}, "focus_point": {"left": 0.39710146, "top": 0.044358727, "width": 0.5318841, "height": 0.2536162}, "object_id": "1042018:3856739c092999a67eb3682decb6fdad", "pic_id": "c419aaedgy1hld5gnpazpj211v1kw45y", "photo_tag": 0, "type": "pic", "pic_status": 1}, "c419aaedgy1hld5go5zq4j21kw1iytly": {"thumbnail": {"url": "https://wx3.sinaimg.cn/wap180/c419aaedgy1hld5go5zq4j21kw1iytly.jpg", "width": 180, "height": 173, "cut_type": 1, "type": null}, "bmiddle": {"url": "https://wx3.sinaimg.cn/wap360/c419aaedgy1hld5go5zq4j21kw1iytly.jpg", "width": 360, "height": 347, "cut_type": 1, "type": null}, "large": {"url": "https://wx3.sinaimg.cn/orj960/c419aaedgy1hld5go5zq4j21kw1iytly.jpg", "width": 993, "height": 960, "cut_type": 1, "type": null}, "original": {"url": "https://wx3.sinaimg.cn/orj1080/c419aaedgy1hld5go5zq4j21kw1iytly.jpg", "width": 1118, "height": 1080, "cut_type": 1, "type": null}, "largest": {"url": "https://wx3.sinaimg.cn/large/c419aaedgy1hld5go5zq4j21kw1iytly.jpg", "width": 2048, "height": 1978, "cut_type": 1, "type": null}, "mw2000": {"url": "https://wx3.sinaimg.cn/mw2000/c419aaedgy1hld5go5zq4j21kw1iytly.jpg", "width": 2000, "height": 1931, "cut_type": 1, "type": null}, "focus_point": {"left": 0, "top": 0, "width": 1, "height": 1}, "object_id": "1042018:73bd05b5db4ea296b9d4e4b9ecd14272", "pic_id": "c419aaedgy1hld5go5zq4j21kw1iytly", "photo_tag": 0, "type": "pic", "pic_status": 1}, "c419aaedgy1hld5golet9j21hm1kw16d": {"thumbnail": {"url": "https://wx1.sinaimg.cn/wap180/c419aaedgy1hld5golet9j21hm1kw16d.jpg", "width": 169, "height": 180, "cut_type": 1, "type": null}, "bmiddle": {"url": "https://wx1.sinaimg.cn/wap360/c419aaedgy1hld5golet9j21hm1kw16d.jpg", "width": 339, "height": 360, "cut_type": 1, "type": null}, "large": {"url": "https://wx1.sinaimg.cn/orj960/c419aaedgy1hld5golet9j21hm1kw16d.jpg", "width": 960, "height": 1018, "cut_type": 1, "type": null}, "original": {"url": "https://wx1.sinaimg.cn/orj1080/c419aaedgy1hld5golet9j21hm1kw16d.jpg", "width": 1080, "height": 1146, "cut_type": 1, "type": null}, "largest": {"url": "https://wx1.sinaimg.cn/large/c419aaedgy1hld5golet9j21hm1kw16d.jpg", "width": 1930, "height": 2048, "cut_type": 1, "type": null}, "mw2000": {"url": "https://wx1.sinaimg.cn/mw2000/c419aaedgy1hld5golet9j21hm1kw16d.jpg", "width": 1930, "height": 2048, "cut_type": 1, "type": null}, "focus_point": {"left": 0, "top": 0.09562842, "width": 0.57246375, "height": 0.21174863}, "object_id": "1042018:5b2312461282f9b09e1e121be4b6743a", "pic_id": "c419aaedgy1hld5golet9j21hm1kw16d", "photo_tag": 0, "type": "pic", "pic_status": 1}, "c419aaedgy1hld5gp3lvfj20zv1kw7l6": {"thumbnail": {"url": "https://wx1.sinaimg.cn/wap180/c419aaedgy1hld5gp3lvfj20zv1kw7l6.jpg", "width": 113, "height": 180, "cut_type": 1, "type": null}, "bmiddle": {"url": "https://wx1.sinaimg.cn/wap360/c419aaedgy1hld5gp3lvfj20zv1kw7l6.jpg", "width": 227, "height": 360, "cut_type": 1, "type": null}, "large": {"url": "https://wx1.sinaimg.cn/orj960/c419aaedgy1hld5gp3lvfj20zv1kw7l6.jpg", "width": 960, "height": 1522, "cut_type": 1, "type": null}, "original": {"url": "https://wx1.sinaimg.cn/orj1080/c419aaedgy1hld5gp3lvfj20zv1kw7l6.jpg", "width": 1080, "height": 1713, "cut_type": 1, "type": null}, "largest": {"url": "https://wx1.sinaimg.cn/large/c419aaedgy1hld5gp3lvfj20zv1kw7l6.jpg", "width": 1291, "height": 2048, "cut_type": 1, "type": null}, "mw2000": {"url": "https://wx1.sinaimg.cn/mw2000/c419aaedgy1hld5gp3lvfj20zv1kw7l6.jpg", "width": 1291, "height": 2048, "cut_type": 1, "type": null}, "object_id": "1042018:af754f1976de520d9c7ec35a2129536c", "pic_id": "c419aaedgy1hld5gp3lvfj20zv1kw7l6", "photo_tag": 0, "type": "pic", "pic_status": 1}, "c419aaedgy1hld5gps49wj21a21kw11d": {"thumbnail": {"url": "https://wx1.sinaimg.cn/wap180/c419aaedgy1hld5gps49wj21a21kw11d.jpg", "width": 145, "height": 180, "cut_type": 1, "type": null}, "bmiddle": {"url": "https://wx1.sinaimg.cn/wap360/c419aaedgy1hld5gps49wj21a21kw11d.jpg", "width": 291, "height": 360, "cut_type": 1, "type": null}, "large": {"url": "https://wx1.sinaimg.cn/orj960/c419aaedgy1hld5gps49wj21a21kw11d.jpg", "width": 960, "height": 1185, "cut_type": 1, "type": null}, "original": {"url": "https://wx1.sinaimg.cn/orj1080/c419aaedgy1hld5gps49wj21a21kw11d.jpg", "width": 1080, "height": 1334, "cut_type": 1, "type": null}, "largest": {"url": "https://wx1.sinaimg.cn/large/c419aaedgy1hld5gps49wj21a21kw11d.jpg", "width": 1658, "height": 2048, "cut_type": 1, "type": null}, "mw2000": {"url": "https://wx1.sinaimg.cn/mw2000/c419aaedgy1hld5gps49wj21a21kw11d.jpg", "width": 1658, "height": 2048, "cut_type": 1, "type": null}, "object_id": "1042018:9198ecc8570f3b95e3358e099b1118bb", "pic_id": "c419aaedgy1hld5gps49wj21a21kw11d", "photo_tag": 0, "type": "pic", "pic_status": 1}, "c419aaedgy1hld5gqa4vxj215c1kwaiy": {"thumbnail": {"url": "https://wx3.sinaimg.cn/wap180/c419aaedgy1hld5gqa4vxj215c1kwaiy.jpg", "width": 130, "height": 180, "cut_type": 1, "type": null}, "bmiddle": {"url": "https://wx3.sinaimg.cn/wap360/c419aaedgy1hld5gqa4vxj215c1kwaiy.jpg", "width": 261, "height": 360, "cut_type": 1, "type": null}, "large": {"url": "https://wx3.sinaimg.cn/orj960/c419aaedgy1hld5gqa4vxj215c1kwaiy.jpg", "width": 960, "height": 1321, "cut_type": 1, "type": null}, "original": {"url": "https://wx3.sinaimg.cn/orj1080/c419aaedgy1hld5gqa4vxj215c1kwaiy.jpg", "width": 1080, "height": 1486, "cut_type": 1, "type": null}, "largest": {"url": "https://wx3.sinaimg.cn/large/c419aaedgy1hld5gqa4vxj215c1kwaiy.jpg", "width": 1488, "height": 2048, "cut_type": 1, "type": null}, "mw2000": {"url": "https://wx3.sinaimg.cn/mw2000/c419aaedgy1hld5gqa4vxj215c1kwaiy.jpg", "width": 1488, "height": 2048, "cut_type": 1, "type": null}, "object_id": "1042018:b7817a4e23f930b0bad934b1ed644e54", "pic_id": "c419aaedgy1hld5gqa4vxj215c1kwaiy", "photo_tag": 0, "type": "pic", "pic_status": 1}, "c419aaedgy1hld5gqltwwj211x1kwgvm": {"thumbnail": {"url": "https://wx1.sinaimg.cn/wap180/c419aaedgy1hld5gqltwwj211x1kwgvm.jpg", "width": 120, "height": 180, "cut_type": 1, "type": null}, "bmiddle": {"url": "https://wx1.sinaimg.cn/wap360/c419aaedgy1hld5gqltwwj211x1kwgvm.jpg", "width": 240, "height": 360, "cut_type": 1, "type": null}, "large": {"url": "https://wx1.sinaimg.cn/orj960/c419aaedgy1hld5gqltwwj211x1kwgvm.jpg", "width": 960, "height": 1440, "cut_type": 1, "type": null}, "original": {"url": "https://wx1.sinaimg.cn/orj1080/c419aaedgy1hld5gqltwwj211x1kwgvm.jpg", "width": 1080, "height": 1620, "cut_type": 1, "type": null}, "largest": {"url": "https://wx1.sinaimg.cn/large/c419aaedgy1hld5gqltwwj211x1kwgvm.jpg", "width": 1365, "height": 2048, "cut_type": 1, "type": null}, "mw2000": {"url": "https://wx1.sinaimg.cn/mw2000/c419aaedgy1hld5gqltwwj211x1kwgvm.jpg", "width": 1365, "height": 2048, "cut_type": 1, "type": null}, "object_id": "1042018:d1010cb1355efe722cd95013b84c0c90", "pic_id": "c419aaedgy1hld5gqltwwj211x1kwgvm", "photo_tag": 0, "type": "pic", "pic_status": 1}, "c419aaedgy1hld5gqyheij211x1kwwon": {"thumbnail": {"url": "https://wx1.sinaimg.cn/wap180/c419aaedgy1hld5gqyheij211x1kwwon.jpg", "width": 120, "height": 180, "cut_type": 1, "type": null}, "bmiddle": {"url": "https://wx1.sinaimg.cn/wap360/c419aaedgy1hld5gqyheij211x1kwwon.jpg", "width": 240, "height": 360, "cut_type": 1, "type": null}, "large": {"url": "https://wx1.sinaimg.cn/orj960/c419aaedgy1hld5gqyheij211x1kwwon.jpg", "width": 960, "height": 1440, "cut_type": 1, "type": null}, "original": {"url": "https://wx1.sinaimg.cn/orj1080/c419aaedgy1hld5gqyheij211x1kwwon.jpg", "width": 1080, "height": 1620, "cut_type": 1, "type": null}, "largest": {"url": "https://wx1.sinaimg.cn/large/c419aaedgy1hld5gqyheij211x1kwwon.jpg", "width": 1365, "height": 2048, "cut_type": 1, "type": null}, "mw2000": {"url": "https://wx1.sinaimg.cn/mw2000/c419aaedgy1hld5gqyheij211x1kwwon.jpg", "width": 1365, "height": 2048, "cut_type": 1, "type": null}, "object_id": "1042018:739264822290fd6344b2ab60a0bacd78", "pic_id": "c419aaedgy1hld5gqyheij211x1kwwon", "photo_tag": 0, "type": "pic", "pic_status": 1}, "c419aaedgy1hld5gs003yj21kw1j0tnw": {"thumbnail": {"url": "https://wx2.sinaimg.cn/wap180/c419aaedgy1hld5gs003yj21kw1j0tnw.jpg", "width": 180, "height": 174, "cut_type": 1, "type": null}, "bmiddle": {"url": "https://wx2.sinaimg.cn/wap360/c419aaedgy1hld5gs003yj21kw1j0tnw.jpg", "width": 360, "height": 348, "cut_type": 1, "type": null}, "large": {"url": "https://wx2.sinaimg.cn/orj960/c419aaedgy1hld5gs003yj21kw1j0tnw.jpg", "width": 992, "height": 960, "cut_type": 1, "type": null}, "original": {"url": "https://wx2.sinaimg.cn/orj1080/c419aaedgy1hld5gs003yj21kw1j0tnw.jpg", "width": 1117, "height": 1080, "cut_type": 1, "type": null}, "largest": {"url": "https://wx2.sinaimg.cn/large/c419aaedgy1hld5gs003yj21kw1j0tnw.jpg", "width": 2048, "height": 1980, "cut_type": 1, "type": null}, "mw2000": {"url": "https://wx2.sinaimg.cn/mw2000/c419aaedgy1hld5gs003yj21kw1j0tnw.jpg", "width": 2000, "height": 1933, "cut_type": 1, "type": null}, "object_id": "1042018:1a4aec38f78f5f3c53d1a7a5921f18c1", "pic_id": "c419aaedgy1hld5gs003yj21kw1j0tnw", "photo_tag": 0, "type": "pic", "pic_status": 1}, "c419aaedgy1hld5gsoamoj211x1kwqd7": {"thumbnail": {"url": "https://wx3.sinaimg.cn/wap180/c419aaedgy1hld5gsoamoj211x1kwqd7.jpg", "width": 120, "height": 180, "cut_type": 1, "type": null}, "bmiddle": {"url": "https://wx3.sinaimg.cn/wap360/c419aaedgy1hld5gsoamoj211x1kwqd7.jpg", "width": 240, "height": 360, "cut_type": 1, "type": null}, "large": {"url": "https://wx3.sinaimg.cn/orj960/c419aaedgy1hld5gsoamoj211x1kwqd7.jpg", "width": 960, "height": 1440, "cut_type": 1, "type": null}, "original": {"url": "https://wx3.sinaimg.cn/orj1080/c419aaedgy1hld5gsoamoj211x1kwqd7.jpg", "width": 1080, "height": 1620, "cut_type": 1, "type": null}, "largest": {"url": "https://wx3.sinaimg.cn/large/c419aaedgy1hld5gsoamoj211x1kwqd7.jpg", "width": 1365, "height": 2048, "cut_type": 1, "type": null}, "mw2000": {"url": "https://wx3.sinaimg.cn/mw2000/c419aaedgy1hld5gsoamoj211x1kwqd7.jpg", "width": 1365, "height": 2048, "cut_type": 1, "type": null}, "object_id": "1042018:b405e763eef5dfd3755d6b70fa7a6d5c", "pic_id": "c419aaedgy1hld5gsoamoj211x1kwqd7", "photo_tag": 0, "type": "pic", "pic_status": 1}, "c419aaedgy1hld5gio96uj214n1kwdss": {"thumbnail": {"url": "https://wx1.sinaimg.cn/wap180/c419aaedgy1hld5gio96uj214n1kwdss.jpg", "width": 128, "height": 180, "cut_type": 1, "type": null}, "bmiddle": {"url": "https://wx1.sinaimg.cn/wap360/c419aaedgy1hld5gio96uj214n1kwdss.jpg", "width": 257, "height": 360, "cut_type": 1, "type": null}, "large": {"url": "https://wx1.sinaimg.cn/orj960/c419aaedgy1hld5gio96uj214n1kwdss.jpg", "width": 960, "height": 1343, "cut_type": 1, "type": null}, "original": {"url": "https://wx1.sinaimg.cn/orj1080/c419aaedgy1hld5gio96uj214n1kwdss.jpg", "width": 1080, "height": 1511, "cut_type": 1, "type": null}, "largest": {"url": "https://wx1.sinaimg.cn/large/c419aaedgy1hld5gio96uj214n1kwdss.jpg", "width": 1463, "height": 2048, "cut_type": 1, "type": null}, "mw2000": {"url": "https://wx1.sinaimg.cn/mw2000/c419aaedgy1hld5gio96uj214n1kwdss.jpg", "width": 1463, "height": 2048, "cut_type": 1, "type": null}, "object_id": "1042018:7eb02469223339a51a7a6f07ea86d729", "pic_id": "c419aaedgy1hld5gio96uj214n1kwdss", "photo_tag": 0, "type": "pic", "pic_status": 1}, "c419aaedgy1hld5gt1sf3j219e1kwtl4": {"thumbnail": {"url": "https://wx2.sinaimg.cn/wap180/c419aaedgy1hld5gt1sf3j219e1kwtl4.jpg", "width": 143, "height": 180, "cut_type": 1, "type": null}, "bmiddle": {"url": "https://wx2.sinaimg.cn/wap360/c419aaedgy1hld5gt1sf3j219e1kwtl4.jpg", "width": 287, "height": 360, "cut_type": 1, "type": null}, "large": {"url": "https://wx2.sinaimg.cn/orj960/c419aaedgy1hld5gt1sf3j219e1kwtl4.jpg", "width": 960, "height": 1203, "cut_type": 1, "type": null}, "original": {"url": "https://wx2.sinaimg.cn/orj1080/c419aaedgy1hld5gt1sf3j219e1kwtl4.jpg", "width": 1080, "height": 1353, "cut_type": 1, "type": null}, "largest": {"url": "https://wx2.sinaimg.cn/large/c419aaedgy1hld5gt1sf3j219e1kwtl4.jpg", "width": 1634, "height": 2048, "cut_type": 1, "type": null}, "mw2000": {"url": "https://wx2.sinaimg.cn/mw2000/c419aaedgy1hld5gt1sf3j219e1kwtl4.jpg", "width": 1634, "height": 2048, "cut_type": 1, "type": null}, "object_id": "1042018:4c45cb22bbf90b5a90f365fcf3460d04", "pic_id": "c419aaedgy1hld5gt1sf3j219e1kwtl4", "photo_tag": 0, "type": "pic", "pic_status": 1}}, "is_paid": false, "mblog_vip_type": 0, "number_display_strategy": {"apply_scenario_flag": 3, "display_text_min_number": 1000000, "display_text": "100万+"}, "reposts_count": 335, "comments_count": 340, "attitudes_count": 7169, "attitudes_status": 0, "isLongText": true, "mlevel": 0, "content_auth": 0, "is_show_bulletin": 2, "comment_manage_info": {"comment_permission_type": -1, "approval_comment_type": 0, "comment_sort_type": 0}, "share_repost_type": 0, "topic_struct": [{"title": "", "topic_url": "sinaweibo://searchall?containerid=231522&amp;q=%23%E9%9C%89%E9%9C%89%20%E4%B8%AD%E6%96%87%E5%AD%97%E5%B9%95%23&amp;extparam=%23%E9%9C%89%E9%9C%89%20%E4%B8%AD%E6%96%87%E5%AD%97%E5%B9%95%23", "topic_title": "霉霉 中文字幕", "actionlog": {"act_type": 1, "act_code": 300, "oid": "1022:231522a5e5bf1d8658a7d269b3a7c04b5010e3", "uuid": 4985012008255585, "cardid": "", "lcardid": "", "uicode": "", "luicode": "", "fid": "1076036499137849_-_WEIBO_SECOND_PROFILE_WEIBO", "lfid": "", "ext": "mid:4985078474082123|rid:2_0_50_5246413405184694878_0_0_0|short_url:|long_url:|comment_id:|miduid:3290016493|rootmid:4985078474082123|rootuid:3290016493|authorid:|uuid:4985012008255585|is_ad_weibo:0"}}], "title": {"text": "她1-1赞过的微博", "structs": [{"name": "她1-1赞过的微博", "scheme": "sinaweibo://cardlist?containerid=2308696499137849_-_mix", "cleaned": true}]}, "mblogtype": 0, "showFeedRepost": false, "showFeedComment": false, "pictureViewerSign": false, "showPictureViewer": false, "rcList": [], "text": "泰勒·斯威夫特 Taylor Swift&lt;br /&gt;街拍生图&lt;br /&gt;&lt;br /&gt;&lt;a href=\"//s.weibo.com/weibo?q=%23%E9%9C%89%E9%9C%89%20%E4%B8%AD%E6%96%87%E5%AD%97%E5%B9%95%23\" target=\"_blank\"&gt;#霉霉 中文字幕#&lt;/a&gt; ​​​", "region_name": "发布于 浙江", "customIcons": [], "followBtnCode": {"uid": 3290016493}}