{"visible": {"type": 0, "list_id": 0}, "created_at": "Sun Dec 31 23:08:28 +0800 2023", "id": 4985147759265168, "idstr": "4985147759265168", "mid": "4985147759265168", "mblogid": "NzJ55CSic", "user": {"id": 6499137849, "idstr": "6499137849", "pc_new": 7, "screen_name": "冻梨好吃", "profile_image_url": "https://tvax3.sinaimg.cn/crop.0.0.962.962.50/0075PIE1ly8hkxs7vsob4j30qq0qq76e.jpg?KID=imgbed,tva&amp;Expires=1704618326&amp;ssig=hsVH9%2FQ%2Bxi", "profile_url": "/u/6499137849", "verified": false, "verified_type": -1, "domain": "", "weihao": "", "avatar_large": "https://tvax3.sinaimg.cn/crop.0.0.962.962.180/0075PIE1ly8hkxs7vsob4j30qq0qq76e.jpg?KID=imgbed,tva&amp;Expires=1704618326&amp;ssig=56Czk3snkZ", "avatar_hd": "https://tvax3.sinaimg.cn/crop.0.0.962.962.1024/0075PIE1ly8hkxs7vsob4j30qq0qq76e.jpg?KID=imgbed,tva&amp;Expires=1704618326&amp;ssig=nPXumvvZxh", "follow_me": false, "following": false, "mbrank": 0, "mbtype": 0, "v_plus": 0, "planet_video": false, "icon_list": []}, "can_edit": false, "text_raw": "两只萌物[汪洋海蓝比心] http://t.cn/A6lmXPQE", "annotations": [{"client_mblogid": "acdeac3d-c25a-473a-8e95-002429765807"}, {"mapi_request": true}], "source": "Android", "favorited": false, "rid": "4_0_50_5246413405184694878_0_0_0", "pic_ids": [], "pic_num": 0, "is_paid": false, "mblog_vip_type": 0, "number_display_strategy": {"apply_scenario_flag": 3, "display_text_min_number": 1000000, "display_text": "100万+"}, "reposts_count": 0, "comments_count": 0, "attitudes_count": 0, "attitudes_status": 0, "isLongText": false, "mlevel": 0, "content_auth": 0, "is_show_bulletin": 2, "comment_manage_info": {"comment_permission_type": -1, "approval_comment_type": 0, "comment_sort_type": 0}, "repost_type": 1, "share_repost_type": 0, "url_struct": [{"url_title": "查看图片", "url_type_pic": "https://h5.sinaimg.cn/upload/2015/01/21/20/timeline_card_small_photo.png", "ori_url": "https://photo.weibo.com/h5/repost/reppic_id/1022:2307969ef5969bd96e6ed1b95db5ce408fc9bd", "short_url": "http://t.cn/A6lmXPQE", "long_url": "https://photo.weibo.com/h5/repost/reppic_id/1022:2307969ef5969bd96e6ed1b95db5ce408fc9bd", "url_type": 39, "result": false, "actionlog": {"act_type": 1, "act_code": 300, "oid": "1022:2307969ef5969bd96e6ed1b95db5ce408fc9bd", "uuid": 4985147761098846, "cardid": "", "lcardid": "", "uicode": "", "luicode": "", "fid": "1076036499137849_-_WEIBO_SECOND_PROFILE_WEIBO", "lfid": "", "ext": "mid:4985147759265168|rid:4_0_50_5246413405184694878_0_0_0|short_url:http://t.cn/A6lmXPQE|long_url:https://photo.weibo.com/h5/repost/reppic_id/1022:2307969ef5969bd96e6ed1b95db5ce408fc9bd|comment_id:|miduid:6499137849|rootmid:4985147759265168|rootuid:6499137849|authorid:|uuid:4985147761098846|is_ad_weibo:0|analysis_card:url_struct"}, "storage_type": "", "hide": 0, "object_type": "", "position": 2, "pic_infos": {"0075PIE1ly1hlddf9f76jj30u00u044h": {"thumbnail": {"type": "", "url": "http://wx2.sinaimg.cn/thumbnail/0075PIE1ly1hlddf9f76jj30u00u044h.jpg", "cut_type": 1, "width": 120, "height": 120, "croped": false}, "bmiddle": {"type": "", "url": "http://wx2.sinaimg.cn/bmiddle/0075PIE1ly1hlddf9f76jj30u00u044h.jpg", "cut_type": 1, "width": 440, "height": 440, "croped": false}, "large": {"type": "", "url": "http://wx2.sinaimg.cn/large/0075PIE1ly1hlddf9f76jj30u00u044h.jpg", "cut_type": 1, "width": "1080", "height": "1080", "croped": false}, "woriginal": {"type": "", "url": "http://wx2.sinaimg.cn/woriginal/0075PIE1ly1hlddf9f76jj30u00u044h.jpg", "cut_type": 1, "width": "1080", "height": "1080", "croped": false}}}, "pic_ids": ["0075PIE1ly1hlddf9f76jj30u00u044h"], "h5_target_url": "https://photo.weibo.com/h5/repost/reppic_id/1022:2307969ef5969bd96e6ed1b95db5ce408fc9bd?from=1FFFF96039&amp;weiboauthoruid=6499137849", "need_save_obj": 1}], "mblogtype": 0, "showFeedRepost": false, "showFeedComment": false, "pictureViewerSign": false, "showPictureViewer": false, "rcList": [], "text": "两只萌物&lt;img alt=\"[汪洋海蓝比心]\" title=\"[汪洋海蓝比心]\" src=\"https://face.t.sinajs.cn/t4/appstyle/expression/ext/normal/93/2023_BlueSeaHeart_org.png\" /&gt; &lt;a target=\"_blank\" data-pid=0075PIE1ly1hlddf9f76jj30u00u044h  href=\"https://wx2.sinaimg.cn/large/0075PIE1ly1hlddf9f76jj30u00u044h.jpg\"&gt;&lt;img class=\"icon-link\" src=\"https://h5.sinaimg.cn/upload/2015/01/21/20/timeline_card_small_photo_default.png\"/&gt;查看图片&lt;/a&gt;", "region_name": "发布于 辽宁", "customIcons": [], "retweeted_status": {"visible": {"type": 0, "list_id": 0}, "created_at": "Sun Dec 31 21:42:15 +0800 2023", "id": 4985126063180215, "idstr": "4985126063180215", "mid": "4985126063180215", "mblogid": "NzIw6dljN", "user": {"id": 5828449831, "idstr": "5828449831", "pc_new": 7, "screen_name": "Lotte-F", "profile_image_url": "https://tvax4.sinaimg.cn/crop.0.0.836.836.50/006mrA3lly8gfhmuo78lrj30n80n8gnd.jpg?KID=imgbed,tva&amp;Expires=1704618326&amp;ssig=41rLaLX2Gf", "profile_url": "/u/5828449831", "verified": true, "verified_type": 0, "domain": "", "weihao": "", "verified_type_ext": 1, "avatar_large": "https://tvax4.sinaimg.cn/crop.0.0.836.836.180/006mrA3lly8gfhmuo78lrj30n80n8gnd.jpg?KID=imgbed,tva&amp;Expires=1704618326&amp;ssig=iH2jhCf6eI", "avatar_hd": "https://tvax4.sinaimg.cn/crop.0.0.836.836.1024/006mrA3lly8gfhmuo78lrj30n80n8gnd.jpg?KID=imgbed,tva&amp;Expires=1704618326&amp;ssig=K6e21Aofgh", "follow_me": false, "following": false, "mbrank": 2, "mbtype": 12, "v_plus": 0, "planet_video": false, "icon_list": [{"type": "vip", "data": {"mbrank": 2, "mbtype": 12, "svip": 1, "vvip": 1}}]}, "can_edit": false, "text_raw": "你们俩怎么还说悄悄话 ​​​", "textLength": 20, "annotations": [{"photo_sub_type": "0"}, {"client_mblogid": "iPhone-6A8A99E1-3CC3-4B20-950B-77ADA548890F"}, {"source_text": "", "phone_id": "-1"}, {"mapi_request": true}], "source": "", "favorited": false, "buttons": [{"type": "follow", "name": "加关注", "params": {"uid": 5828449831, "disable_group": 1, "extparams": {"followcardid": "1008080010_"}}, "actionlog": {"act_code": "92", "oid": "4985126063180215"}}], "rid": "4_0_50_5246413405184694878_0_0_0", "cardid": "vip_012", "pic_ids": ["006mrA3lly1hldax797xvg30qo0k04ra"], "geo": "", "pic_num": 1, "pic_infos": {"006mrA3lly1hldax797xvg30qo0k04ra": {"thumbnail": {"url": "https://wx3.sinaimg.cn/wap180/006mrA3lly1hldax797xvg30qo0k04ra.gif", "width": 180, "height": 134, "cut_type": 1, "type": ""}, "bmiddle": {"url": "https://wx3.sinaimg.cn/wap360/006mrA3lly1hldax797xvg30qo0k04ra.gif", "width": 360, "height": 269, "cut_type": 1, "type": ""}, "large": {"url": "https://wx3.sinaimg.cn/sti960/006mrA3lly1hldax797xvg30qo0k04ra.gif", "width": 960, "height": 720, "cut_type": 1, "type": ""}, "original": {"url": "https://wx3.sinaimg.cn/orj1080/006mrA3lly1hldax797xvg30qo0k04ra.gif", "width": 960, "height": 720, "cut_type": 1, "type": ""}, "largest": {"url": "https://wx3.sinaimg.cn/large/006mrA3lly1hldax797xvg30qo0k04ra.gif", "width": 960, "height": 720, "cut_type": 1, "type": ""}, "mw2000": {"url": "https://wx3.sinaimg.cn/mw2000/006mrA3lly1hldax797xvg30qo0k04ra.gif", "width": 960, "height": 720, "cut_type": 1, "type": ""}, "object_id": "1042018:daa095e5f9c140fcdd04ad1eb74eefd6", "pic_id": "006mrA3lly1hldax797xvg30qo0k04ra", "photo_tag": 0, "type": "gif", "video_object_id": "1022:2311284985126061539432", "video": "http://g.us.sinaimg.cn/o0/zWbGLmBylx08bnHM0XLi010412000Y7K0E010.mp4?label=gif_mp4&amp;template=960x720.28.0&amp;ssig=Afyr7eNQIK&amp;Expires=1704611126&amp;KID=unistore,video", "pic_status": 1}}, "is_paid": false, "mblog_vip_type": 0, "number_display_strategy": {"apply_scenario_flag": 3, "display_text_min_number": 1000000, "display_text": "100万+"}, "reposts_count": 95, "comments_count": 30, "attitudes_count": 660, "attitudes_status": 0, "isLongText": false, "mlevel": 0, "content_auth": 0, "is_show_bulletin": 2, "comment_manage_info": {"comment_permission_type": -1, "approval_comment_type": 0, "comment_sort_type": 0, "ai_play_picture_type": 0}, "mblogtype": 0, "showFeedRepost": false, "showFeedComment": false, "pictureViewerSign": false, "showPictureViewer": false, "rcList": [], "text": "你们俩怎么还说悄悄话 ​​​", "region_name": "发布于 河北", "customIcons": []}}