{"visible": {"type": 0, "list_id": 0}, "created_at": "Sun Dec 31 22:27:57 +0800 2023", "id": 4985137561606117, "idstr": "4985137561606117", "mid": "4985137561606117", "mblogid": "NzIOE6JP7", "user": {"id": 6499137849, "idstr": "6499137849", "pc_new": 7, "screen_name": "冻梨好吃", "profile_image_url": "https://tvax3.sinaimg.cn/crop.0.0.962.962.50/0075PIE1ly8hkxs7vsob4j30qq0qq76e.jpg?KID=imgbed,tva&amp;Expires=1704618326&amp;ssig=hsVH9%2FQ%2Bxi", "profile_url": "/u/6499137849", "verified": false, "verified_type": -1, "domain": "", "weihao": "", "avatar_large": "https://tvax3.sinaimg.cn/crop.0.0.962.962.180/0075PIE1ly8hkxs7vsob4j30qq0qq76e.jpg?KID=imgbed,tva&amp;Expires=1704618326&amp;ssig=56Czk3snkZ", "avatar_hd": "https://tvax3.sinaimg.cn/crop.0.0.962.962.1024/0075PIE1ly8hkxs7vsob4j30qq0qq76e.jpg?KID=imgbed,tva&amp;Expires=1704618326&amp;ssig=nPXumvvZxh", "follow_me": false, "following": false, "mbrank": 0, "mbtype": 0, "v_plus": 0, "planet_video": false, "icon_list": []}, "can_edit": false, "text_raw": "陪着朋友看阿b的同时，时刻操心着垒垒是不是又电量拉满了[汪洋海蓝比心][汪洋海蓝比心] ​​​", "textLength": 81, "annotations": [{"photo_sub_type": "0,0,0,0"}, {"client_mblogid": "507cc676-6241-40fe-815c-4008f9a7b979"}, {"source_text": "", "phone_id": "266"}, {"mapi_request": true}], "source": "Android", "favorited": false, "rid": "5_0_50_5246413405184694878_0_0_0", "pic_ids": ["0075PIE1ly1hldc7ypu73j30qo106tdp", "0075PIE1ly1hldc7yyf5hj30qo0vqadx", "0075PIE1ly1hldc7z7tquj30ox1d4wk2", "0075PIE1ly1hldc7zhbhdj30ol1gtwk5"], "pic_focus_point": [{"focus_point": {"left": 0.004368995, "top": 0.27943432, "width": 0.99139, "height": 0.46157834}, "pic_id": "0075PIE1ly1hldc7zhbhdj30ol1gtwk5"}, {"focus_point": {"left": 0.011136861, "top": 0.3117677, "width": 0.9823016, "height": 0.4983736}, "pic_id": "0075PIE1ly1hldc7z7tquj30ox1d4wk2"}, {"focus_point": {"left": 0.0442611, "top": 0.12583874, "width": 0.9557388, "height": 0.80323976}, "pic_id": "0075PIE1ly1hldc7yyf5hj30qo0vqadx"}, {"focus_point": {"left": 0.08277714, "top": 0.19599351, "width": 0.91681546, "height": 0.67585754}, "pic_id": "0075PIE1ly1hldc7ypu73j30qo106tdp"}], "pic_num": 4, "pic_infos": {"0075PIE1ly1hldc7ypu73j30qo106tdp": {"thumbnail": {"url": "https://wx3.sinaimg.cn/wap180/0075PIE1ly1hldc7ypu73j30qo106tdp.jpg", "width": 132, "height": 180, "cut_type": 1, "type": ""}, "bmiddle": {"url": "https://wx3.sinaimg.cn/wap360/0075PIE1ly1hldc7ypu73j30qo106tdp.jpg", "width": 265, "height": 360, "cut_type": 1, "type": ""}, "large": {"url": "https://wx3.sinaimg.cn/orj960/0075PIE1ly1hldc7ypu73j30qo106tdp.jpg", "width": 960, "height": 1302, "cut_type": 1, "type": ""}, "original": {"url": "https://wx3.sinaimg.cn/orj1080/0075PIE1ly1hldc7ypu73j30qo106tdp.jpg", "width": 960, "height": 1302, "cut_type": 1, "type": ""}, "largest": {"url": "https://wx3.sinaimg.cn/large/0075PIE1ly1hldc7ypu73j30qo106tdp.jpg", "width": 960, "height": 1302, "cut_type": 1, "type": ""}, "mw2000": {"url": "https://wx3.sinaimg.cn/mw2000/0075PIE1ly1hldc7ypu73j30qo106tdp.jpg", "width": 960, "height": 1302, "cut_type": 1, "type": ""}, "focus_point": {"left": 0.08277714, "top": 0.19599351, "width": 0.91681546, "height": 0.67585754}, "object_id": "1042018:0296adedf4f83fb42a042eddaf49b76a", "pic_id": "0075PIE1ly1hldc7ypu73j30qo106tdp", "photo_tag": 0, "type": "pic", "pic_status": 1}, "0075PIE1ly1hldc7yyf5hj30qo0vqadx": {"thumbnail": {"url": "https://wx3.sinaimg.cn/wap180/0075PIE1ly1hldc7yyf5hj30qo0vqadx.jpg", "width": 151, "height": 180, "cut_type": 1, "type": ""}, "bmiddle": {"url": "https://wx3.sinaimg.cn/wap360/0075PIE1ly1hldc7yyf5hj30qo0vqadx.jpg", "width": 302, "height": 360, "cut_type": 1, "type": ""}, "large": {"url": "https://wx3.sinaimg.cn/orj960/0075PIE1ly1hldc7yyf5hj30qo0vqadx.jpg", "width": 960, "height": 1142, "cut_type": 1, "type": ""}, "original": {"url": "https://wx3.sinaimg.cn/orj1080/0075PIE1ly1hldc7yyf5hj30qo0vqadx.jpg", "width": 960, "height": 1142, "cut_type": 1, "type": ""}, "largest": {"url": "https://wx3.sinaimg.cn/large/0075PIE1ly1hldc7yyf5hj30qo0vqadx.jpg", "width": 960, "height": 1142, "cut_type": 1, "type": ""}, "mw2000": {"url": "https://wx3.sinaimg.cn/mw2000/0075PIE1ly1hldc7yyf5hj30qo0vqadx.jpg", "width": 960, "height": 1142, "cut_type": 1, "type": ""}, "focus_point": {"left": 0.0442611, "top": 0.12583874, "width": 0.9557388, "height": 0.80323976}, "object_id": "1042018:79416fe7147f2d1abf3d2f6ca8ebc6c7", "pic_id": "0075PIE1ly1hldc7yyf5hj30qo0vqadx", "photo_tag": 0, "type": "pic", "pic_status": 1}, "0075PIE1ly1hldc7z7tquj30ox1d4wk2": {"thumbnail": {"url": "https://wx1.sinaimg.cn/wap180/0075PIE1ly1hldc7z7tquj30ox1d4wk2.jpg", "width": 91, "height": 180, "cut_type": 1, "type": ""}, "bmiddle": {"url": "https://wx1.sinaimg.cn/wap360/0075PIE1ly1hldc7z7tquj30ox1d4wk2.jpg", "width": 182, "height": 360, "cut_type": 1, "type": ""}, "large": {"url": "https://wx1.sinaimg.cn/orj960/0075PIE1ly1hldc7z7tquj30ox1d4wk2.jpg", "width": 897, "height": 1768, "cut_type": 1, "type": ""}, "original": {"url": "https://wx1.sinaimg.cn/orj1080/0075PIE1ly1hldc7z7tquj30ox1d4wk2.jpg", "width": 897, "height": 1768, "cut_type": 1, "type": ""}, "largest": {"url": "https://wx1.sinaimg.cn/large/0075PIE1ly1hldc7z7tquj30ox1d4wk2.jpg", "width": 897, "height": 1768, "cut_type": 1, "type": ""}, "mw2000": {"url": "https://wx1.sinaimg.cn/mw2000/0075PIE1ly1hldc7z7tquj30ox1d4wk2.jpg", "width": 897, "height": 1768, "cut_type": 1, "type": ""}, "focus_point": {"left": 0.011136861, "top": 0.3117677, "width": 0.9823016, "height": 0.4983736}, "object_id": "1042018:db2f898e260281616d5896843d504176", "pic_id": "0075PIE1ly1hldc7z7tquj30ox1d4wk2", "photo_tag": 0, "type": "pic", "pic_status": 1}, "0075PIE1ly1hldc7zhbhdj30ol1gtwk5": {"thumbnail": {"url": "https://wx4.sinaimg.cn/wap180/0075PIE1ly1hldc7zhbhdj30ol1gtwk5.jpg", "width": 83, "height": 180, "cut_type": 1, "type": ""}, "bmiddle": {"url": "https://wx4.sinaimg.cn/wap360/0075PIE1ly1hldc7zhbhdj30ol1gtwk5.jpg", "width": 167, "height": 360, "cut_type": 1, "type": ""}, "large": {"url": "https://wx4.sinaimg.cn/orj960/0075PIE1ly1hldc7zhbhdj30ol1gtwk5.jpg", "width": 885, "height": 1901, "cut_type": 1, "type": ""}, "original": {"url": "https://wx4.sinaimg.cn/orj1080/0075PIE1ly1hldc7zhbhdj30ol1gtwk5.jpg", "width": 885, "height": 1901, "cut_type": 1, "type": ""}, "largest": {"url": "https://wx4.sinaimg.cn/large/0075PIE1ly1hldc7zhbhdj30ol1gtwk5.jpg", "width": 885, "height": 1901, "cut_type": 1, "type": ""}, "mw2000": {"url": "https://wx4.sinaimg.cn/mw2000/0075PIE1ly1hldc7zhbhdj30ol1gtwk5.jpg", "width": 885, "height": 1901, "cut_type": 1, "type": ""}, "focus_point": {"left": 0.004368995, "top": 0.27943432, "width": 0.99139, "height": 0.46157834}, "object_id": "1042018:6641986e0cb7a63b40d0d44bc3e7d55c", "pic_id": "0075PIE1ly1hldc7zhbhdj30ol1gtwk5", "photo_tag": 0, "type": "pic", "pic_status": 1}}, "is_paid": false, "mblog_vip_type": 0, "number_display_strategy": {"apply_scenario_flag": 3, "display_text_min_number": 1000000, "display_text": "100万+"}, "reposts_count": 0, "comments_count": 0, "attitudes_count": 0, "attitudes_status": 0, "isLongText": false, "mlevel": 0, "content_auth": 0, "is_show_bulletin": 2, "comment_manage_info": {"comment_permission_type": -1, "approval_comment_type": 0, "comment_sort_type": 0}, "share_repost_type": 0, "mblogtype": 0, "showFeedRepost": false, "showFeedComment": false, "pictureViewerSign": false, "showPictureViewer": false, "rcList": [], "text": "陪着朋友看阿b的同时，时刻操心着垒垒是不是又电量拉满了&lt;img alt=\"[汪洋海蓝比心]\" title=\"[汪洋海蓝比心]\" src=\"https://face.t.sinajs.cn/t4/appstyle/expression/ext/normal/93/2023_BlueSeaHeart_org.png\" /&gt;&lt;img alt=\"[汪洋海蓝比心]\" title=\"[汪洋海蓝比心]\" src=\"https://face.t.sinajs.cn/t4/appstyle/expression/ext/normal/93/2023_BlueSeaHeart_org.png\" /&gt; ​​​", "region_name": "发布于 辽宁", "customIcons": []}