{"visible": {"type": 0, "list_id": 0}, "created_at": "Mon Jan 01 00:34:57 +0800 2024", "id": 4985169522205735, "idstr": "4985169522205735", "mid": "4985169522205735", "mblogid": "NzJEc9fOn", "user": {"id": 3742660887, "idstr": "3742660887", "pc_new": 7, "screen_name": "Atrovirens-孟", "profile_image_url": "https://tvax4.sinaimg.cn/crop.0.0.512.512.50/df147917ly8hle5v4hqgyj20e80e8gm9.jpg?KID=imgbed,tva&amp;Expires=1704618316&amp;ssig=6wawsIkWuH", "profile_url": "/u/3742660887", "verified": true, "verified_type": 0, "domain": "", "weihao": "", "verified_type_ext": 1, "avatar_large": "https://tvax4.sinaimg.cn/crop.0.0.512.512.180/df147917ly8hle5v4hqgyj20e80e8gm9.jpg?KID=imgbed,tva&amp;Expires=1704618316&amp;ssig=CoOd03Sfm%2B", "avatar_hd": "https://tvax4.sinaimg.cn/crop.0.0.512.512.1024/df147917ly8hle5v4hqgyj20e80e8gm9.jpg?KID=imgbed,tva&amp;Expires=1704618316&amp;ssig=1qgwjO2RXv", "follow_me": false, "following": false, "mbrank": 2, "mbtype": 12, "v_plus": 0, "planet_video": false, "icon_list": [{"type": "vip", "data": {"mbrank": 2, "mbtype": 12, "svip": 1, "vvip": 1}}]}, "can_edit": false, "text_raw": "好好好 ​​​", "textLength": 6, "annotations": [{"photo_sub_type": "0"}, {"client_mblogid": "iPhone-6B10A5D0-855D-4637-8617-42399E7D8BF3"}, {"source_text": "", "phone_id": "cvip_1185"}, {"mapi_request": true}], "source": "微博仅供参考", "favorited": false, "buttons": [{"type": "follow", "name": "加关注", "pic": "http://u1.sinaimg.cn/upload/2013/06/14/timeline_card_small_button_icon_add.png", "params": {"uid": 3742660887}, "actionlog": {"act_code": 92, "uicode": "10000100", "oid": "4985169522205735", "cardid": "1076030002_3742660887"}}], "rid": "12_0_50_5135384463311073164_0_0_0", "cardid": "star_1155", "pic_ids": ["df147917ly1hldfx4b9kvj20n01dsjsc"], "pic_focus_point": [{"focus_point": {"left": 0.022649696, "top": 0.36958167, "width": 0.97563654, "height": 0.45089698}, "pic_id": "df147917ly1hldfx4b9kvj20n01dsjsc"}], "pic_num": 1, "pic_infos": {"df147917ly1hldfx4b9kvj20n01dsjsc": {"thumbnail": {"url": "https://wx3.sinaimg.cn/wap180/df147917ly1hldfx4b9kvj20n01dsjsc.jpg", "width": 83, "height": 180, "cut_type": 1, "type": ""}, "bmiddle": {"url": "https://wx3.sinaimg.cn/wap360/df147917ly1hldfx4b9kvj20n01dsjsc.jpg", "width": 166, "height": 360, "cut_type": 1, "type": ""}, "large": {"url": "https://wx3.sinaimg.cn/orj960/df147917ly1hldfx4b9kvj20n01dsjsc.jpg", "width": 828, "height": 1792, "cut_type": 1, "type": ""}, "original": {"url": "https://wx3.sinaimg.cn/orj1080/df147917ly1hldfx4b9kvj20n01dsjsc.jpg", "width": 828, "height": 1792, "cut_type": 1, "type": ""}, "largest": {"url": "https://wx3.sinaimg.cn/large/df147917ly1hldfx4b9kvj20n01dsjsc.jpg", "width": 828, "height": 1792, "cut_type": 1, "type": ""}, "mw2000": {"url": "https://wx3.sinaimg.cn/mw2000/df147917ly1hldfx4b9kvj20n01dsjsc.jpg", "width": 828, "height": 1792, "cut_type": 1, "type": ""}, "focus_point": {"left": 0.022649696, "top": 0.36958167, "width": 0.97563654, "height": 0.45089698}, "object_id": "1042018:eaf3d27f17c5852e211394a39b08aae8", "pic_id": "df147917ly1hldfx4b9kvj20n01dsjsc", "photo_tag": 0, "type": "pic", "pic_status": 1}}, "is_paid": false, "pic_bg_new": "http://vip.storage.weibo.com/feed_cover/star_1155_mobile_new.png?version=2021091501", "mblog_vip_type": 0, "number_display_strategy": {"apply_scenario_flag": 3, "display_text_min_number": 1000000, "display_text": "100万+"}, "reposts_count": 2, "comments_count": 49, "attitudes_count": 260, "attitudes_status": 0, "isLongText": false, "mlevel": 0, "content_auth": 0, "is_show_bulletin": 2, "comment_manage_info": {"comment_permission_type": -1, "approval_comment_type": 0, "comment_sort_type": 0}, "share_repost_type": 0, "title": {"text": "她1-1赞过的微博(4)", "structs": [{"name": "她1-1赞过的微博(4)", "scheme": "sinaweibo://cardlist?containerid=2308696499137849_-_mix", "cleaned": true}]}, "mblogtype": 0, "showFeedRepost": false, "showFeedComment": false, "pictureViewerSign": false, "showPictureViewer": false, "rcList": [], "text": "好好好 ​​​", "region_name": "发布于 安徽", "customIcons": [], "followBtnCode": {"uid": 3742660887}}