{"visible": {"type": 0, "list_id": 0}, "created_at": "Thu Jun 08 22:42:05 +0800 2023", "id": 4910489220423148, "idstr": "4910489220423148", "mid": "4910489220423148", "can_edit": false, "show_additional_indication": 0, "text": "转发微博", "source_allowclick": 1, "source_type": 1, "source": "<a href=\"http://app.weibo.com/t/feed/2VaL9V\" rel=\"nofollow\">HUAWEI Mate 50 Pro</a>", "favorited": false, "truncated": false, "in_reply_to_status_id": "", "in_reply_to_user_id": "", "in_reply_to_screen_name": "", "pic_urls": [], "geo": null, "is_paid": false, "mblog_vip_type": 0, "user": {"id": 2851007075, "idstr": "2851007075", "class": 1, "screen_name": "流泪的鸟2851007075", "name": "流泪的鸟2851007075", "province": "45", "city": "1", "location": "广西 南宁", "description": "和妻子一起养家，读几本喜欢的书，饮几杯香茗，跑几次长跑。", "url": "", "profile_image_url": "https://tva2.sinaimg.cn/crop.0.0.1242.1242.50/a9eeea63jw8exey1sahl2j20yi0yi44n.jpg?KID=imgbed,tva&Expires=1687325939&ssig=ZXBCSJbjtD", "light_ring": false, "cover_image_phone": "https://ww1.sinaimg.cn/crop.0.0.640.640.640/549d0121tw1egm1kjly3jj20hs0hsq4f.jpg", "profile_url": "u/2851007075", "domain": "", "weihao": "", "gender": "m", "followers_count": 104, "followers_count_str": "104", "friends_count": 239, "pagefriends_count": 16, "statuses_count": 8401, "video_status_count": 1, "video_play_count": 0, "super_topic_not_syn_count": 0, "favourites_count": 69, "created_at": "Wed Jul 04 00:00:27 +0800 2012", "following": false, "allow_all_act_msg": false, "geo_enabled": true, "verified": false, "verified_type": -1, "remark": "", "insecurity": {"sexual_content": false}, "ptype": 0, "allow_all_comment": true, "avatar_large": "https://tva2.sinaimg.cn/crop.0.0.1242.1242.180/a9eeea63jw8exey1sahl2j20yi0yi44n.jpg?KID=imgbed,tva&Expires=1687325939&ssig=0emU%2BYJ20h", "avatar_hd": "https://tva2.sinaimg.cn/crop.0.0.1242.1242.1024/a9eeea63jw8exey1sahl2j20yi0yi44n.jpg?KID=imgbed,tva&Expires=1687325939&ssig=JNDPTjBE95", "verified_reason": "", "verified_trade": "", "verified_reason_url": "", "verified_source": "", "verified_source_url": "", "follow_me": false, "like": false, "like_me": false, "online_status": 0, "bi_followers_count": 4, "lang": "zh-cn", "star": 0, "mbtype": 2, "mbrank": 2, "svip": 0, "vvip": 0, "mb_expire_time": 1550419199, "block_word": 0, "block_app": 0, "chaohua_ability": 0, "brand_ability": 0, "nft_ability": 0, "vplus_ability": 0, "wenda_ability": 0, "live_ability": 0, "gongyi_ability": 0, "paycolumn_ability": 0, "newbrand_ability": 0, "ecommerce_ability": 0, "hardfan_ability": 0, "wbcolumn_ability": 0, "interaction_user": 0, "credit_score": 80, "user_ability": 44040192, "urank": 9, "story_read_state": -1, "vclub_member": 0, "is_teenager": 0, "is_guardian": 0, "is_teenager_list": 0, "pc_new": 0, "special_follow": false, "planet_video": 2, "video_mark": 0, "live_status": 0, "user_ability_extend": 0, "status_total_counter": {"total_cnt": 257, "repost_cnt": 88, "comment_cnt": 38, "like_cnt": 131, "comment_like_cnt": 0}, "video_total_counter": {"play_cnt": 35}, "brand_account": 0, "hongbaofei": 0, "tab_manage": "[0, 0]", "reward_status": 0, "green_mode": 0, "urisk": 17179869184, "unfollowing_recom_switch": 1, "avatar_type": 0}, "retweeted_status": {"visible": {"type": 0, "list_id": 0}, "created_at": "Thu Jun 08 12:34:06 +0800 2023", "id": 4910336215876600, "idstr": "4910336215876600", "mid": "4910336215876600", "can_edit": false, "version": 2, "show_additional_indication": 0, "text": "#有图有真相 瓜众自己看# 坐标：宁夏中卫。有图有真相，大家自己看…… http://t.cn/A6pIjBch ​", "textLength": 87, "source_allowclick": 1, "source_type": 2, "source": "", "favorited": false, "truncated": false, "in_reply_to_status_id": "", "in_reply_to_user_id": "", "in_reply_to_screen_name": "", "pic_urls": [], "geo": null, "is_paid": false, "mblog_vip_type": 0, "user": {"id": 3675736060, "idstr": "3675736060", "class": 1, "screen_name": "西子丹聊斋", "name": "西子丹聊斋", "province": "31", "city": "1", "location": "上海 黄浦区", "description": "专注国内外热点事件、新鲜事、揪心事……", "url": "http://blog.sina.com.cn/u/3675736060", "profile_image_url": "https://tva4.sinaimg.cn/crop.186.50.385.385.50/db1747fcjw8ezkk2qznkkj20j90egwga.jpg?KID=imgbed,tva&Expires=1687325939&ssig=7MkqK4gLOf", "light_ring": false, "cover_image": "https://ww3.sinaimg.cn/crop.0.0.920.300/db1747fcgw1elliqcgfgdj20pk08c789.jpg", "cover_image_phone": "https://wx1.sinaimg.cn/crop.0.0.640.640.640/db1747fcgy1hewmxevpnaj20m80m8jtl.jpg", "profile_url": "xizidan67", "domain": "xizidan67", "weihao": "", "gender": "m", "followers_count": 1222702, "followers_count_str": "122.3万", "friends_count": 1767, "pagefriends_count": 20, "statuses_count": 69090, "video_status_count": 10695, "video_play_count": 0, "super_topic_not_syn_count": 0, "favourites_count": 83, "created_at": "Thu Aug 15 09:41:41 +0800 2013", "following": false, "allow_all_act_msg": false, "geo_enabled": false, "verified": true, "verified_type": 0, "remark": "", "insecurity": {"sexual_content": false}, "ptype": 0, "allow_all_comment": true, "avatar_large": "https://tva4.sinaimg.cn/crop.186.50.385.385.180/db1747fcjw8ezkk2qznkkj20j90egwga.jpg?KID=imgbed,tva&Expires=1687325939&ssig=pPwXAG6Mad", "avatar_hd": "https://tva4.sinaimg.cn/crop.186.50.385.385.1024/db1747fcjw8ezkk2qznkkj20j90egwga.jpg?KID=imgbed,tva&Expires=1687325939&ssig=UrI2x82iDt", "verified_reason": "家庭生活垃圾智能处理机 发明人 微博原创视频博主", "verified_trade": "2547", "verified_reason_url": "", "verified_source": "", "verified_source_url": "", "verified_state": 0, "verified_level": 3, "verified_type_ext": 1, "has_service_tel": false, "verified_reason_modified": "", "verified_contact_name": "", "verified_contact_email": "", "verified_contact_mobile": "", "follow_me": false, "like": false, "like_me": false, "online_status": 0, "bi_followers_count": 2065, "lang": "zh-cn", "star": 0, "mbtype": 12, "mbrank": 7, "svip": 0, "vvip": 0, "mb_expire_time": 1447257600, "block_word": 0, "block_app": 1, "chaohua_ability": 0, "brand_ability": 0, "nft_ability": 0, "vplus_ability": 1, "wenda_ability": 0, "live_ability": 0, "gongyi_ability": 0, "paycolumn_ability": 0, "newbrand_ability": 0, "ecommerce_ability": 0, "hardfan_ability": 1, "wbcolumn_ability": 1, "interaction_user": 0, "ability_tags": "社交,生活消费,房地产,文化产业", "credit_score": 80, "user_ability": -2135553496, "cardid": "star_1624", "avatargj_id": "gj_vip_660", "urank": 48, "story_read_state": -1, "verified_detail": {"custom": 1, "data": [{"key": 1, "sub_key": 0, "weight": 10, "desc": "家庭生活垃圾智能处理机 发明人"}, {"key": 8, "sub_key": 0, "weight": 0, "desc": "超话粉丝大咖（西子丹聊斋超话）"}, {"key": 16, "sub_key": 1, "weight": 103, "desc": "微博原创视频博主"}]}, "vclub_member": 0, "is_teenager": 0, "is_guardian": 0, "is_teenager_list": 0, "pc_new": 6, "special_follow": false, "planet_video": 2, "video_mark": 15, "live_status": 0, "user_ability_extend": 0, "status_total_counter": {"total_cnt": 9261354, "repost_cnt": 1851690, "comment_cnt": 1349177, "like_cnt": 3053217, "comment_like_cnt": 3007270}, "video_total_counter": {"play_cnt": 746090539}, "brand_account": 0, "hongbaofei": 0, "tab_manage": "[0, 0]", "reward_status": 0, "green_mode": 0, "urisk": 0, "unfollowing_recom_switch": 1, "avatar_type": 0}, "annotations": [{}, {}, {"client_mblogid": "67e40cb4-cebf-4abc-81c2-bd0ffb3380cd"}, {"source_text": "", "phone_id": "-1"}, {"mapi_request": true}], "reposts_count": 63, "comments_count": 187, "reprint_cmt_count": 0, "attitudes_count": 609, "pending_approval_count": 0, "isLongText": false, "reward_exhibition_type": 0, "hide_flag": 0, "mlevel": 128, "show_mlevel": 0, "biz_ids": [230444], "biz_feature": 4294967304, "page_type": 64, "hasActionTypeCard": 0, "darwin_tags": [], "hot_weibo_tags": [], "text_tag_tips": [], "mblogtype": 0, "userType": 0, "mlevelSource": "monitor", "more_info_type": 0, "cardid": "star_1624", "number_display_strategy": {"apply_scenario_flag": 3, "display_text_min_number": 1000000, "display_text": "100万+"}, "positive_recom_flag": 0, "content_auth": 0, "gif_ids": "", "is_show_bulletin": 2, "comment_manage_info": {"comment_permission_type": -1, "approval_comment_type": 0, "comment_sort_type": 0, "ai_play_picture_type": 0}, "pic_num": 0, "fid": 4910336061997075, "hot_page": {"fid": "232532_mblog", "feed_detail_type": 0}, "can_reprint": false, "new_comment_style": 0}, "annotations": [{"client_mblogid": "78009ffc-15d4-44d2-845f-ef44acf64bf5"}, {"mapi_request": true}], "reposts_count": 0, "comments_count": 0, "reprint_cmt_count": 0, "attitudes_count": 0, "pending_approval_count": 0, "isLongText": false, "reward_exhibition_type": 0, "hide_flag": 0, "mlevel": 0, "show_mlevel": 0, "biz_feature": 0, "hasActionTypeCard": 0, "darwin_tags": [], "hot_weibo_tags": [], "text_tag_tips": [], "mblogtype": 0, "userType": 0, "more_info_type": 0, "number_display_strategy": {"apply_scenario_flag": 3, "display_text_min_number": 1000000, "display_text": "100万+"}, "positive_recom_flag": 0, "content_auth": 0, "gif_ids": "", "is_show_bulletin": 2, "comment_manage_info": {"comment_permission_type": -1, "approval_comment_type": 0, "comment_sort_type": 0}, "repost_type": 1, "pic_num": 0, "alchemy_params": {"ug_red_envelope": false}, "hot_page": {"fid": "232532_mblog", "feed_detail_type": 0}, "can_reprint": false, "new_comment_style": 0, "ab_switcher": 4}