{"0": {"path": "non_spammer/817571314", "label": 1}, "1": {"path": "non_spammer/279316560", "label": 1}, "2": {"path": "non_spammer/334774792", "label": 1}, "3": {"path": "non_spammer/847846436", "label": 1}, "4": {"path": "non_spammer/806774038", "label": 1}, "5": {"path": "non_spammer/480940014", "label": 1}, "6": {"path": "non_spammer/305709123", "label": 1}, "7": {"path": "non_spammer/148357957", "label": 1}, "8": {"path": "non_spammer/578626205", "label": 1}, "9": {"path": "non_spammer/118521402", "label": 1}, "10": {"path": "non_spammer/357130837", "label": 1}, "11": {"path": "non_spammer/339356009", "label": 1}, "12": {"path": "non_spammer/890393229", "label": 1}, "13": {"path": "non_spammer/493541381", "label": 1}, "14": {"path": "non_spammer/447849122", "label": 1}, "15": {"path": "non_spammer/692528242", "label": 1}, "16": {"path": "non_spammer/454201444", "label": 1}, "17": {"path": "non_spammer/709414600", "label": 1}, "18": {"path": "non_spammer/773673775", "label": 1}, "19": {"path": "non_spammer/343455500", "label": 1}, "20": {"path": "non_spammer/472938859", "label": 1}, "21": {"path": "non_spammer/889704239", "label": 1}, "22": {"path": "non_spammer/928851997", "label": 1}, "23": {"path": "non_spammer/765702983", "label": 1}, "24": {"path": "non_spammer/880794715", "label": 1}, "25": {"path": "non_spammer/728424779", "label": 1}, "26": {"path": "non_spammer/260326961", "label": 1}, "27": {"path": "non_spammer/394424848", "label": 1}, "28": {"path": "non_spammer/373311445", "label": 1}, "29": {"path": "non_spammer/631151207", "label": 1}, "30": {"path": "non_spammer/973588838", "label": 1}, "31": {"path": "non_spammer/725632788", "label": 1}, "32": {"path": "non_spammer/894232256", "label": 1}, "33": {"path": "non_spammer/950267014", "label": 1}, "34": {"path": "non_spammer/177485423", "label": 1}, "35": {"path": "non_spammer/144484389", "label": 1}, "36": {"path": "non_spammer/180205527", "label": 1}, "37": {"path": "non_spammer/740960225", "label": 1}, "38": {"path": "non_spammer/531148694", "label": 1}, "39": {"path": "non_spammer/193213349", "label": 1}, "40": {"path": "non_spammer/861413335", "label": 1}, "41": {"path": "spammer/341201199", "label": 0}, "42": {"path": "spammer/863498943", "label": 0}, "43": {"path": "spammer/165177113", "label": 0}, "44": {"path": "spammer/955602709", "label": 0}, "45": {"path": "spammer/245282305", "label": 0}, "46": {"path": "spammer/962840066", "label": 0}, "47": {"path": "spammer/606414015", "label": 0}, "48": {"path": "spammer/251713111", "label": 0}, "49": {"path": "spammer/722956698", "label": 0}, "50": {"path": "spammer/615250508", "label": 0}, "51": {"path": "spammer/516020913", "label": 0}, "52": {"path": "spammer/469217396", "label": 0}, "53": {"path": "spammer/708966013", "label": 0}, "54": {"path": "spammer/245810808", "label": 0}, "55": {"path": "spammer/742813262", "label": 0}, "56": {"path": "spammer/756868765", "label": 0}, "57": {"path": "spammer/659167261", "label": 0}, "58": {"path": "spammer/354252606", "label": 0}, "59": {"path": "spammer/764019845", "label": 0}, "60": {"path": "spammer/608868675", "label": 0}, "61": {"path": "spammer/545034760", "label": 0}, "62": {"path": "spammer/607805763", "label": 0}, "63": {"path": "spammer/698153560", "label": 0}, "64": {"path": "spammer/370278509", "label": 0}, "65": {"path": "spammer/338893920", "label": 0}, "66": {"path": "spammer/668087792", "label": 0}, "67": {"path": "spammer/682447686", "label": 0}, "68": {"path": "spammer/760533244", "label": 0}, "69": {"path": "spammer/566586191", "label": 0}, "70": {"path": "spammer/925264798", "label": 0}, "71": {"path": "spammer/893916274", "label": 0}, "72": {"path": "spammer/960654548", "label": 0}, "73": {"path": "spammer/924414349", "label": 0}, "74": {"path": "spammer/948613342", "label": 0}, "75": {"path": "spammer/690270407", "label": 0}}