{"visible": {"type": 0, "list_id": 0}, "created_at": "Fri Jun 09 08:29:12 +0800 2023", "id": 4910636972641074, "idstr": "4910636972641074", "mid": "4910636972641074", "can_edit": false, "show_additional_indication": 0, "text": "转发微博", "source_allowclick": 1, "source_type": 1, "source": "<a href=\"http://app.weibo.com/t/feed/2uCMZr\" rel=\"nofollow\">OPPO K5</a>", "favorited": false, "truncated": false, "in_reply_to_status_id": "", "in_reply_to_user_id": "", "in_reply_to_screen_name": "", "pic_urls": [], "geo": null, "is_paid": false, "mblog_vip_type": 0, "user": {"id": 6040934657, "idstr": "6040934657", "class": 1, "screen_name": "冯哥很棒", "name": "冯哥很棒", "province": "11", "city": "1000", "location": "北京", "description": "", "url": "", "profile_image_url": "https://tvax3.sinaimg.cn/crop.0.0.1080.1080.50/006AP93Xly8h4fkwc0ca7j30u00u0447.jpg?KID=imgbed,tva&Expires=1687325081&ssig=H39xb20HvJ", "light_ring": false, "cover_image_phone": "https://ww1.sinaimg.cn/crop.0.0.640.640.640/9d44112bjw1f1xl1c10tuj20hs0hs0tw.jpg", "profile_url": "u/6040934657", "domain": "", "weihao": "", "gender": "m", "followers_count": 658, "followers_count_str": "658", "friends_count": 695, "pagefriends_count": 17, "statuses_count": 5918, "video_status_count": 13, "video_play_count": 0, "super_topic_not_syn_count": 0, "favourites_count": 5, "created_at": "Sat Oct 08 17:42:51 +0800 2016", "following": false, "allow_all_act_msg": false, "geo_enabled": true, "verified": false, "verified_type": -1, "remark": "", "insecurity": {"sexual_content": false}, "ptype": 0, "allow_all_comment": true, "avatar_large": "https://tvax3.sinaimg.cn/crop.0.0.1080.1080.180/006AP93Xly8h4fkwc0ca7j30u00u0447.jpg?KID=imgbed,tva&Expires=1687325081&ssig=u%2FxmUKnq3x", "avatar_hd": "https://tvax3.sinaimg.cn/crop.0.0.1080.1080.1024/006AP93Xly8h4fkwc0ca7j30u00u0447.jpg?KID=imgbed,tva&Expires=1687325081&ssig=B4b%2BbHLEWs", "verified_reason": "", "verified_trade": "", "verified_reason_url": "", "verified_source": "", "verified_source_url": "", "follow_me": false, "like": false, "like_me": false, "online_status": 0, "bi_followers_count": 96, "lang": "zh-cn", "star": 0, "mbtype": 12, "mbrank": 4, "svip": 0, "vvip": 0, "mb_expire_time": 1699891200, "block_word": 0, "block_app": 1, "chaohua_ability": 0, "brand_ability": 0, "nft_ability": 0, "vplus_ability": 0, "wenda_ability": 0, "live_ability": 0, "gongyi_ability": 0, "paycolumn_ability": 0, "newbrand_ability": 0, "ecommerce_ability": 0, "hardfan_ability": 0, "wbcolumn_ability": 0, "interaction_user": 0, "credit_score": 80, "user_ability": 2359296, "cardid": "star_11247_common", "avatargj_id": "gj_vip_798", "urank": 4, "story_read_state": -1, "vclub_member": 0, "is_teenager": 0, "is_guardian": 0, "is_teenager_list": 0, "pc_new": 0, "special_follow": false, "planet_video": 2, "video_mark": 0, "live_status": 0, "user_ability_extend": 0, "status_total_counter": {"total_cnt": 1651, "repost_cnt": 592, "comment_cnt": 199, "like_cnt": 831, "comment_like_cnt": 29}, "video_total_counter": {"play_cnt": 6353}, "brand_account": 0, "hongbaofei": 0, "tab_manage": "[0, 0]", "reward_status": 0, "green_mode": 0, "urisk": 17179869184, "unfollowing_recom_switch": 1, "avatar_type": 0}, "retweeted_status": {"visible": {"type": 0, "list_id": 0}, "created_at": "Fri Jun 09 08:20:53 +0800 2023", "id": 4910634879681451, "idstr": "4910634879681451", "mid": "4910634879681451", "edit_count": 1, "can_edit": false, "edit_at": "Fri Jun 09 21:14:46 +0800 2023", "version": 3, "show_additional_indication": 0, "text": "6月8日，浙江丽水（发布时间地点）。拍摄者：黑衣女子疯狂殴打父母，将母亲脖子和脸抓烂，夫亲看妻子被打的太惨，让女儿打自己，吓得母亲不敢靠近。（素材来源：我还是我）。\n\n#浙江一女子街头暴打老人# #网传女子街边暴打老人#http://t.cn/A6pM1Vfu ​", "textLength": 231, "source_allowclick": 1, "source_type": 2, "source": "<a href=\"http://weibo.com/\" rel=\"nofollow\">Android</a>", "favorited": false, "truncated": false, "in_reply_to_status_id": "", "in_reply_to_user_id": "", "in_reply_to_screen_name": "", "pic_urls": [], "geo": null, "is_paid": false, "mblog_vip_type": 0, "user": {"id": 6858239618, "idstr": "6858239618", "class": 1, "screen_name": "说好的5872", "name": "说好的5872", "province": "100", "city": "1000", "location": "其他", "description": "太忙了，私信已关闭，请多包涵。", "url": "", "profile_image_url": "https://tvax4.sinaimg.cn/crop.0.0.466.466.50/007u8tq2ly8h5pu1es532j30cy0cywf1.jpg?KID=imgbed,tva&Expires=1687325081&ssig=62SBnq6Qlt", "light_ring": false, "cover_image_phone": "https://ww1.sinaimg.cn/crop.0.0.640.640.640/549d0121tw1egm1kjly3jj20hs0hsq4f.jpg;https://ww3.sinaimg.cn/crop.0.0.640.640.640/76d0b833jw1f3a68xbe8rj20u00u0acl.jpg", "profile_url": "u/6858239618", "domain": "", "weihao": "", "gender": "m", "followers_count": 232700, "followers_count_str": "23.3万", "friends_count": 500, "pagefriends_count": 14, "statuses_count": 2565, "video_status_count": 1335, "video_play_count": 0, "super_topic_not_syn_count": 0, "favourites_count": 1, "created_at": "Mon Nov 19 16:47:38 +0800 2018", "following": false, "allow_all_act_msg": false, "geo_enabled": true, "verified": true, "verified_type": 0, "remark": "", "insecurity": {"sexual_content": false}, "ptype": 0, "allow_all_comment": false, "avatar_large": "https://tvax4.sinaimg.cn/crop.0.0.466.466.180/007u8tq2ly8h5pu1es532j30cy0cywf1.jpg?KID=imgbed,tva&Expires=1687325081&ssig=sQ76%2Fnnnlk", "avatar_hd": "https://tvax4.sinaimg.cn/crop.0.0.466.466.1024/007u8tq2ly8h5pu1es532j30cy0cywf1.jpg?KID=imgbed,tva&Expires=1687325081&ssig=3GcHn9YjlT", "verified_reason": "视频博主", "verified_trade": "", "verified_reason_url": "", "verified_source": "", "verified_source_url": "", "verified_state": 0, "verified_level": 3, "verified_type_ext": 0, "has_service_tel": false, "verified_reason_modified": "", "verified_contact_name": "", "verified_contact_email": "", "verified_contact_mobile": "", "follow_me": false, "like": false, "like_me": false, "online_status": 0, "bi_followers_count": 440, "lang": "zh-cn", "star": 0, "mbtype": 12, "mbrank": 7, "svip": 0, "vvip": 0, "mb_expire_time": 1694016000, "block_word": 0, "block_app": 1, "chaohua_ability": 0, "brand_ability": 0, "nft_ability": 0, "vplus_ability": 0, "wenda_ability": 0, "live_ability": 0, "gongyi_ability": 0, "paycolumn_ability": 0, "newbrand_ability": 0, "ecommerce_ability": 0, "hardfan_ability": 1, "wbcolumn_ability": 0, "interaction_user": 0, "credit_score": 80, "user_ability": 2359816, "urank": 19, "story_read_state": -1, "verified_detail": {"custom": 0, "data": [{"key": 16, "sub_key": 7, "weight": 103, "desc": "视频博主", "timestamp": 1657261596}]}, "vclub_member": 0, "is_teenager": 0, "is_guardian": 0, "is_teenager_list": 0, "pc_new": 7, "special_follow": false, "planet_video": 2, "video_mark": 2, "live_status": 0, "user_ability_extend": 0, "status_total_counter": {"total_cnt": 11828709, "repost_cnt": 1251509, "comment_cnt": 819480, "like_cnt": 2678018, "comment_like_cnt": 7079702}, "video_total_counter": {"play_cnt": 617390684}, "brand_account": 0, "hongbaofei": 0, "tab_manage": "[0, 0]", "reward_status": 0, "green_mode": 0, "urisk": 0, "unfollowing_recom_switch": 1, "avatar_type": 0}, "annotations": [{}, {}, {"client_mblogid": "46b30f39-6e2c-4068-a041-698251edf794"}, {"source_text": "", "phone_id": "266"}, {"mapi_request": true}], "reposts_count": 18, "comments_count": 41, "reprint_cmt_count": 0, "attitudes_count": 113, "pending_approval_count": 0, "isLongText": false, "reward_exhibition_type": 0, "hide_flag": 0, "mlevel": 128, "show_mlevel": 0, "biz_ids": [230444], "biz_feature": 4294967304, "page_type": 64, "hasActionTypeCard": 0, "darwin_tags": [], "hot_weibo_tags": [], "text_tag_tips": [], "mblogtype": 0, "userType": 0, "mlevelSource": "monitor", "more_info_type": 0, "number_display_strategy": {"apply_scenario_flag": 3, "display_text_min_number": 1000000, "display_text": "100万+"}, "positive_recom_flag": 0, "content_auth": 0, "gif_ids": "", "is_show_bulletin": 2, "comment_manage_info": {"comment_permission_type": -1, "approval_comment_type": 0, "comment_sort_type": 0, "ai_play_picture_type": 0}, "pic_num": 0, "fid": 4910634587390004, "hot_page": {"fid": "232532_mblog", "feed_detail_type": 0}, "can_reprint": false, "new_comment_style": 0}, "annotations": [{"client_mblogid": "5c2abdc9-b131-4e1d-8473-0fd755546b4d"}, {"mapi_request": true}], "reposts_count": 0, "comments_count": 0, "reprint_cmt_count": 0, "attitudes_count": 0, "pending_approval_count": 0, "isLongText": false, "reward_exhibition_type": 0, "hide_flag": 0, "mlevel": 0, "show_mlevel": 0, "biz_feature": 0, "hasActionTypeCard": 0, "darwin_tags": [], "hot_weibo_tags": [], "text_tag_tips": [], "mblogtype": 0, "userType": 0, "more_info_type": 0, "number_display_strategy": {"apply_scenario_flag": 3, "display_text_min_number": 1000000, "display_text": "100万+"}, "positive_recom_flag": 0, "content_auth": 0, "gif_ids": "", "is_show_bulletin": 2, "comment_manage_info": {"comment_permission_type": -1, "approval_comment_type": 0, "comment_sort_type": 0}, "repost_type": 1, "pic_num": 0, "alchemy_params": {"ug_red_envelope": false}, "hot_page": {"fid": "232532_mblog", "feed_detail_type": 0}, "can_reprint": false, "new_comment_style": 0, "ab_switcher": 4}