{"created_at": "Fri Jun 09 21:12:06 +0800 2023", "id": 4910828966906325, "rootid": 4910828966906325, "rootidstr": "4910828966906325", "floor_number": 23, "text": "旁边有人也不管吗", "disable_reply": 0, "restrictOperate": 0, "source_allowclick": 0, "source_type": 4, "source": "<a href=\"\" rel=\"nofollow\">来自江苏</a>", "comment_badge": [{"pic_url": "https://h5.sinaimg.cn/upload/114/962/2022/07/08/member_0_bigfan1_5.png", "name": "loyal_fans", "length": 1.33, "actionlog": {"act_code": "3671", "ext": "status:fans"}, "scheme": "https://kefu.weibo.com/faqdetail?id=20848", "new_icon": true}], "user": {"id": 6029771765, "idstr": "6029771765", "class": 1, "screen_name": "巧克力慕斯2012", "name": "巧克力慕斯2012", "province": "32", "city": "1000", "location": "江苏", "description": "", "url": "", "profile_image_url": "https://tvax2.sinaimg.cn/crop.0.0.888.888.50/006A4j5jly8fslivwf2f6j30oo0oogpg.jpg?KID=imgbed,tva&Expires=1687325025&ssig=C8O%2BZ16slQ", "light_ring": false, "cover_image_phone": "https://ww1.sinaimg.cn/crop.0.0.640.640.640/549d0121tw1egm1kjly3jj20hs0hsq4f.jpg", "profile_url": "u/6029771765", "domain": "", "weihao": "", "gender": "f", "followers_count": 52, "followers_count_str": "52", "friends_count": 68, "pagefriends_count": 3, "statuses_count": 218, "video_status_count": 0, "video_play_count": 0, "super_topic_not_syn_count": 0, "favourites_count": 24, "created_at": "Tue Sep 20 19:02:13 +0800 2016", "following": false, "allow_all_act_msg": false, "geo_enabled": true, "verified": false, "verified_type": -1, "remark": "", "insecurity": {"sexual_content": false}, "ptype": 0, "allow_all_comment": true, "avatar_large": "https://tvax2.sinaimg.cn/crop.0.0.888.888.180/006A4j5jly8fslivwf2f6j30oo0oogpg.jpg?KID=imgbed,tva&Expires=1687325025&ssig=1RXSZKIUJk", "avatar_hd": "https://tvax2.sinaimg.cn/crop.0.0.888.888.1024/006A4j5jly8fslivwf2f6j30oo0oogpg.jpg?KID=imgbed,tva&Expires=1687325025&ssig=ot4oF%2FIMoI", "verified_reason": "", "verified_trade": "", "verified_reason_url": "", "verified_source": "", "verified_source_url": "", "follow_me": false, "like": false, "like_me": false, "online_status": 0, "bi_followers_count": 1, "lang": "zh-cn", "star": 0, "mbtype": 0, "mbrank": 0, "svip": 0, "vvip": 0, "mb_expire_time": 0, "block_word": 0, "block_app": 0, "chaohua_ability": 0, "brand_ability": 0, "nft_ability": 0, "vplus_ability": 0, "wenda_ability": 0, "live_ability": 0, "gongyi_ability": 0, "paycolumn_ability": 0, "newbrand_ability": 0, "ecommerce_ability": 0, "hardfan_ability": 0, "wbcolumn_ability": 0, "interaction_user": 0, "credit_score": 80, "user_ability": 35651584, "urank": 4, "story_read_state": -1, "vclub_member": 0, "is_teenager": 0, "is_guardian": 0, "is_teenager_list": 0, "pc_new": 0, "special_follow": false, "planet_video": 0, "video_mark": 0, "live_status": 0, "user_ability_extend": 0, "status_total_counter": {"total_cnt": 123, "repost_cnt": 89, "comment_cnt": 5, "like_cnt": 29, "comment_like_cnt": 0}, "video_total_counter": {"play_cnt": -1}, "brand_account": 0, "hongbaofei": 0, "tab_manage": "[0, 0]", "reward_status": 0, "green_mode": 0, "urisk": 25769803776, "unfollowing_recom_switch": 1, "avatar_type": 0}, "mid": "4910828966906325", "idstr": "4910828966906325", "status": {"visible": {"type": 0, "list_id": 0}, "created_at": "Fri Jun 09 08:20:53 +0800 2023", "id": 4910634879681451, "idstr": "4910634879681451", "mid": "4910634879681451", "edit_count": 1, "can_edit": false, "edit_at": "Fri Jun 09 21:14:46 +0800 2023", "version": 3, "show_additional_indication": 0, "text": "6月8日，浙江丽水（发布时间地点）。拍摄者：黑衣女子疯狂殴打父母，将母亲脖子和脸抓烂，夫亲看妻子被打的太惨，让女儿打自己，吓得母亲不敢靠近。（素材来源：我还是我）。\n\n#浙江一女子街头暴打老人# #网传女子街边暴打老人#http://t.cn/A6pM1Vfu ​", "textLength": 231, "source_allowclick": 1, "source_type": 2, "source": "<a href=\"http://weibo.com/\" rel=\"nofollow\">Android</a>", "favorited": false, "truncated": false, "in_reply_to_status_id": "", "in_reply_to_user_id": "", "in_reply_to_screen_name": "", "pic_urls": [], "geo": null, "is_paid": false, "mblog_vip_type": 0, "user": {"id": 6858239618, "idstr": "6858239618", "class": 1, "screen_name": "说好的5872", "name": "说好的5872", "province": "100", "city": "1000", "location": "其他", "description": "太忙了，私信已关闭，请多包涵。", "url": "", "profile_image_url": "https://tvax4.sinaimg.cn/crop.0.0.466.466.50/007u8tq2ly8h5pu1es532j30cy0cywf1.jpg?KID=imgbed,tva&Expires=1687325025&ssig=6X2MAC5cyh", "light_ring": false, "cover_image_phone": "https://ww1.sinaimg.cn/crop.0.0.640.640.640/549d0121tw1egm1kjly3jj20hs0hsq4f.jpg;https://ww3.sinaimg.cn/crop.0.0.640.640.640/76d0b833jw1f3a68xbe8rj20u00u0acl.jpg", "profile_url": "u/6858239618", "domain": "", "weihao": "", "gender": "m", "followers_count": 232700, "followers_count_str": "23.3万", "friends_count": 500, "pagefriends_count": 14, "statuses_count": 2565, "video_status_count": 1335, "video_play_count": 0, "super_topic_not_syn_count": 0, "favourites_count": 1, "created_at": "Mon Nov 19 16:47:38 +0800 2018", "following": false, "allow_all_act_msg": false, "geo_enabled": true, "verified": true, "verified_type": 0, "remark": "", "insecurity": {"sexual_content": false}, "ptype": 0, "allow_all_comment": false, "avatar_large": "https://tvax4.sinaimg.cn/crop.0.0.466.466.180/007u8tq2ly8h5pu1es532j30cy0cywf1.jpg?KID=imgbed,tva&Expires=1687325025&ssig=%2BUUVp0rMEF", "avatar_hd": "https://tvax4.sinaimg.cn/crop.0.0.466.466.1024/007u8tq2ly8h5pu1es532j30cy0cywf1.jpg?KID=imgbed,tva&Expires=1687325025&ssig=GMOJO5%2BQOc", "verified_reason": "视频博主", "verified_trade": "", "verified_reason_url": "", "verified_source": "", "verified_source_url": "", "verified_state": 0, "verified_level": 3, "verified_type_ext": 0, "has_service_tel": false, "verified_reason_modified": "", "verified_contact_name": "", "verified_contact_email": "", "verified_contact_mobile": "", "follow_me": false, "like": false, "like_me": false, "online_status": 0, "bi_followers_count": 440, "lang": "zh-cn", "star": 0, "mbtype": 12, "mbrank": 7, "svip": 0, "vvip": 0, "mb_expire_time": 1694016000, "block_word": 0, "block_app": 1, "chaohua_ability": 0, "brand_ability": 0, "nft_ability": 0, "vplus_ability": 0, "wenda_ability": 0, "live_ability": 0, "gongyi_ability": 0, "paycolumn_ability": 0, "newbrand_ability": 0, "ecommerce_ability": 0, "hardfan_ability": 1, "wbcolumn_ability": 0, "interaction_user": 0, "credit_score": 80, "user_ability": 2359816, "urank": 19, "story_read_state": -1, "verified_detail": {"custom": 0, "data": [{"key": 16, "sub_key": 7, "weight": 103, "desc": "视频博主", "timestamp": 1657261596}]}, "vclub_member": 0, "is_teenager": 0, "is_guardian": 0, "is_teenager_list": 0, "pc_new": 7, "special_follow": false, "planet_video": 2, "video_mark": 2, "live_status": 0, "user_ability_extend": 0, "status_total_counter": {"total_cnt": 11828709, "repost_cnt": 1251509, "comment_cnt": 819480, "like_cnt": 2678018, "comment_like_cnt": 7079702}, "video_total_counter": {"play_cnt": 617390684}, "brand_account": 0, "hongbaofei": 0, "tab_manage": "[0, 0]", "reward_status": 0, "green_mode": 0, "urisk": 0, "unfollowing_recom_switch": 1, "avatar_type": 0}, "annotations": [{}, {}, {"client_mblogid": "46b30f39-6e2c-4068-a041-698251edf794"}, {"source_text": "", "phone_id": "266"}, {"mapi_request": true}], "reposts_count": 0, "comments_count": 0, "reprint_cmt_count": 0, "attitudes_count": 0, "pending_approval_count": 0, "isLongText": false, "reward_exhibition_type": 0, "hide_flag": 0, "mlevel": 128, "show_mlevel": 0, "biz_ids": [230444], "biz_feature": 4294967304, "page_type": 64, "hasActionTypeCard": 0, "darwin_tags": [], "hot_weibo_tags": [], "text_tag_tips": [], "mblogtype": 0, "userType": 0, "mlevelSource": "monitor", "more_info_type": 0, "number_display_strategy": {"apply_scenario_flag": 3, "display_text_min_number": 1000000, "display_text": "100万+"}, "positive_recom_flag": 0, "content_auth": 0, "gif_ids": "", "is_show_bulletin": 2, "comment_manage_info": {"comment_permission_type": -1, "approval_comment_type": 0, "comment_sort_type": 0, "ai_play_picture_type": 0}, "pic_num": 0, "fid": 4910634587390004, "hot_page": {"fid": "232532_mblog", "feed_detail_type": 0}, "can_reprint": false, "new_comment_style": 0}, "readtimetype": "comment", "analysis_extra": "author_uid:6858239618|mid:4910634879681451", "comment_dynamic_message": {"id": "0", "start_color": "#00FFFFFF", "end_color": "#1AFFFFFF", "start_color_dark": "#003A3A3A", "end_color_dark": "#333A3A3A", "name": {"zh_CN": "默认", "zh_HK": "默認", "en_US": "default"}, "scheme": "https://new.vip.weibo.cn/bubble/mall?showmenu=0&decorateId=0&uid=6029771765", "allow_vip_box_content": "用此评论气泡", "allow_vip_box_icon": "https://h5.sinaimg.cn/upload/100/1720/2022/08/08/icon_VIP_for_comment_bubble.png"}, "match_ai_play_picture": false}