{"created_at": "Fri Jun 09 13:29:50 +0800 2023", "id": 4910712630019001, "rootid": 4910636654400154, "rootidstr": "4910636654400154", "floor_number": 0, "text": "回复@说好的5872:黑心棉做的小棉袄吧", "disable_reply": 0, "restrictOperate": 0, "source_allowclick": 0, "source_type": 4, "source": "<a href=\"\" rel=\"nofollow\">来自四川</a>", "comment_badge": [{"pic_url": "https://h5.sinaimg.cn/upload/114/962/2022/07/08/member_0_bigfan2_4.png", "name": "loyal_fans", "length": 1.33, "actionlog": {"act_code": "3671", "ext": "status:fans"}, "scheme": "https://kefu.weibo.com/faqdetail?id=20848", "new_icon": true}], "user": {"id": 2500301457, "idstr": "2500301457", "class": 1, "screen_name": "24号楼下的白杨", "name": "24号楼下的白杨", "province": "100", "city": "1000", "location": "其他", "description": "书到用时方恨少", "url": "", "profile_image_url": "https://tvax2.sinaimg.cn/crop.0.0.996.996.50/95079291ly8fth7vwg0fij20ro0roadh.jpg?KID=imgbed,tva&Expires=1687325025&ssig=cEKTQNXfmX", "light_ring": false, "cover_image_phone": "https://ww1.sinaimg.cn/crop.0.0.640.640.640/549d0121tw1egm1kjly3jj20hs0hsq4f.jpg", "profile_url": "u/2500301457", "domain": "", "weihao": "", "gender": "m", "followers_count": 195, "followers_count_str": "195", "friends_count": 340, "pagefriends_count": 39, "statuses_count": 4642, "video_status_count": 1, "video_play_count": 0, "super_topic_not_syn_count": 0, "favourites_count": 36, "created_at": "Tue Nov 29 21:51:03 +0800 2011", "following": false, "allow_all_act_msg": false, "geo_enabled": true, "verified": false, "verified_type": -1, "remark": "", "insecurity": {"sexual_content": false}, "ptype": 0, "allow_all_comment": false, "avatar_large": "https://tvax2.sinaimg.cn/crop.0.0.996.996.180/95079291ly8fth7vwg0fij20ro0roadh.jpg?KID=imgbed,tva&Expires=1687325025&ssig=XmBBkeXFsv", "avatar_hd": "https://tvax2.sinaimg.cn/crop.0.0.996.996.1024/95079291ly8fth7vwg0fij20ro0roadh.jpg?KID=imgbed,tva&Expires=1687325025&ssig=F4Gj2gu2P9", "verified_reason": "", "verified_trade": "", "verified_reason_url": "", "verified_source": "", "verified_source_url": "", "follow_me": false, "like": false, "like_me": false, "online_status": 0, "bi_followers_count": 57, "lang": "zh-cn", "star": 0, "mbtype": 2, "mbrank": 1, "svip": 0, "vvip": 0, "mb_expire_time": 1534435199, "block_word": 0, "block_app": 0, "chaohua_ability": 0, "brand_ability": 0, "nft_ability": 0, "vplus_ability": 0, "wenda_ability": 0, "live_ability": 0, "gongyi_ability": 0, "paycolumn_ability": 0, "newbrand_ability": 0, "ecommerce_ability": 0, "hardfan_ability": 0, "wbcolumn_ability": 0, "interaction_user": 0, "credit_score": 80, "user_ability": 2359296, "urank": 27, "story_read_state": -1, "vclub_member": 0, "is_teenager": 0, "is_guardian": 0, "is_teenager_list": 0, "pc_new": 0, "special_follow": false, "planet_video": 2, "video_mark": 2, "live_status": 0, "user_ability_extend": 0, "status_total_counter": {"total_cnt": 2029, "repost_cnt": 422, "comment_cnt": 346, "like_cnt": 1257, "comment_like_cnt": 4}, "video_total_counter": {"play_cnt": 254}, "brand_account": 0, "hongbaofei": 0, "tab_manage": "[0, 0]", "reward_status": 0, "green_mode": 0, "urisk": 17179869184, "unfollowing_recom_switch": 1, "avatar_type": 0}, "mid": "4910712630019001", "idstr": "4910712630019001", "status": {"visible": {"type": 0, "list_id": 0}, "created_at": "Fri Jun 09 08:20:53 +0800 2023", "id": 4910634879681451, "idstr": "4910634879681451", "mid": "4910634879681451", "edit_count": 1, "can_edit": false, "edit_at": "Fri Jun 09 21:14:46 +0800 2023", "version": 3, "show_additional_indication": 0, "text": "6月8日，浙江丽水（发布时间地点）。拍摄者：黑衣女子疯狂殴打父母，将母亲脖子和脸抓烂，夫亲看妻子被打的太惨，让女儿打自己，吓得母亲不敢靠近。（素材来源：我还是我）。\n\n#浙江一女子街头暴打老人# #网传女子街边暴打老人#http://t.cn/A6pM1Vfu ​", "textLength": 231, "source_allowclick": 1, "source_type": 2, "source": "<a href=\"http://weibo.com/\" rel=\"nofollow\">Android</a>", "favorited": false, "truncated": false, "in_reply_to_status_id": "", "in_reply_to_user_id": "", "in_reply_to_screen_name": "", "pic_urls": [], "geo": null, "is_paid": false, "mblog_vip_type": 0, "user": {"id": 6858239618, "idstr": "6858239618", "class": 1, "screen_name": "说好的5872", "name": "说好的5872", "province": "100", "city": "1000", "location": "其他", "description": "太忙了，私信已关闭，请多包涵。", "url": "", "profile_image_url": "https://tvax4.sinaimg.cn/crop.0.0.466.466.50/007u8tq2ly8h5pu1es532j30cy0cywf1.jpg?KID=imgbed,tva&Expires=1687325025&ssig=6X2MAC5cyh", "light_ring": false, "cover_image_phone": "https://ww1.sinaimg.cn/crop.0.0.640.640.640/549d0121tw1egm1kjly3jj20hs0hsq4f.jpg;https://ww3.sinaimg.cn/crop.0.0.640.640.640/76d0b833jw1f3a68xbe8rj20u00u0acl.jpg", "profile_url": "u/6858239618", "domain": "", "weihao": "", "gender": "m", "followers_count": 232700, "followers_count_str": "23.3万", "friends_count": 500, "pagefriends_count": 14, "statuses_count": 2565, "video_status_count": 1335, "video_play_count": 0, "super_topic_not_syn_count": 0, "favourites_count": 1, "created_at": "Mon Nov 19 16:47:38 +0800 2018", "following": false, "allow_all_act_msg": false, "geo_enabled": true, "verified": true, "verified_type": 0, "remark": "", "insecurity": {"sexual_content": false}, "ptype": 0, "allow_all_comment": false, "avatar_large": "https://tvax4.sinaimg.cn/crop.0.0.466.466.180/007u8tq2ly8h5pu1es532j30cy0cywf1.jpg?KID=imgbed,tva&Expires=1687325025&ssig=%2BUUVp0rMEF", "avatar_hd": "https://tvax4.sinaimg.cn/crop.0.0.466.466.1024/007u8tq2ly8h5pu1es532j30cy0cywf1.jpg?KID=imgbed,tva&Expires=1687325025&ssig=GMOJO5%2BQOc", "verified_reason": "视频博主", "verified_trade": "", "verified_reason_url": "", "verified_source": "", "verified_source_url": "", "verified_state": 0, "verified_level": 3, "verified_type_ext": 0, "has_service_tel": false, "verified_reason_modified": "", "verified_contact_name": "", "verified_contact_email": "", "verified_contact_mobile": "", "follow_me": false, "like": false, "like_me": false, "online_status": 0, "bi_followers_count": 440, "lang": "zh-cn", "star": 0, "mbtype": 12, "mbrank": 7, "svip": 0, "vvip": 0, "mb_expire_time": 1694016000, "block_word": 0, "block_app": 1, "chaohua_ability": 0, "brand_ability": 0, "nft_ability": 0, "vplus_ability": 0, "wenda_ability": 0, "live_ability": 0, "gongyi_ability": 0, "paycolumn_ability": 0, "newbrand_ability": 0, "ecommerce_ability": 0, "hardfan_ability": 1, "wbcolumn_ability": 0, "interaction_user": 0, "credit_score": 80, "user_ability": 2359816, "urank": 19, "story_read_state": -1, "verified_detail": {"custom": 0, "data": [{"key": 16, "sub_key": 7, "weight": 103, "desc": "视频博主", "timestamp": 1657261596}]}, "vclub_member": 0, "is_teenager": 0, "is_guardian": 0, "is_teenager_list": 0, "pc_new": 7, "special_follow": false, "planet_video": 2, "video_mark": 2, "live_status": 0, "user_ability_extend": 0, "status_total_counter": {"total_cnt": 11828709, "repost_cnt": 1251509, "comment_cnt": 819480, "like_cnt": 2678018, "comment_like_cnt": 7079702}, "video_total_counter": {"play_cnt": 617390684}, "brand_account": 0, "hongbaofei": 0, "tab_manage": "[0, 0]", "reward_status": 0, "green_mode": 0, "urisk": 0, "unfollowing_recom_switch": 1, "avatar_type": 0}, "annotations": [{}, {}, {"client_mblogid": "46b30f39-6e2c-4068-a041-698251edf794"}, {"source_text": "", "phone_id": "266"}, {"mapi_request": true}], "reposts_count": 0, "comments_count": 0, "reprint_cmt_count": 0, "attitudes_count": 0, "pending_approval_count": 0, "isLongText": false, "reward_exhibition_type": 0, "hide_flag": 0, "mlevel": 128, "show_mlevel": 0, "biz_ids": [230444], "biz_feature": 4294967304, "page_type": 64, "hasActionTypeCard": 0, "darwin_tags": [], "hot_weibo_tags": [], "text_tag_tips": [], "mblogtype": 0, "userType": 0, "mlevelSource": "monitor", "more_info_type": 0, "number_display_strategy": {"apply_scenario_flag": 3, "display_text_min_number": 1000000, "display_text": "100万+"}, "positive_recom_flag": 0, "content_auth": 0, "gif_ids": "", "is_show_bulletin": 2, "comment_manage_info": {"comment_permission_type": -1, "approval_comment_type": 0, "comment_sort_type": 0, "ai_play_picture_type": 0}, "pic_num": 0, "fid": 4910634587390004, "hot_page": {"fid": "232532_mblog", "feed_detail_type": 0}, "can_reprint": false, "new_comment_style": 0}, "reply_comment": {"created_at": "Fri Jun 09 08:27:56 +0800 2023", "id": 4910636654400154, "rootid": 4910636654400154, "rootidstr": "4910636654400154", "floor_number": 3, "text": "发布者描述 http://t.cn/A6pM1HWY", "disable_reply": 0, "is_mblog_author": true, "restrictOperate": 0, "comment_badge": [{"pic_url": "https://h5.sinaimg.cn/upload/1007/25/2019/05/17/feed_icon_poster_identity133low.png", "name": "blogger", "length": 1.33, "actionlog": {"act_code": "3671", "ext": "status:author"}, "scheme": "https://kefu.weibo.com/faqdetail?id=20848"}, {"pic_url": "https://h5.sinaimg.cn/upload/1007/25/2019/05/17/feed_icon_poster_identity133low.png", "name": "blogger", "length": 1.33, "actionlog": {"act_code": "3671", "ext": "status:author"}, "scheme": "https://kefu.weibo.com/faqdetail?id=20848"}, {"pic_url": "https://h5.sinaimg.cn/upload/1007/25/2019/05/17/feed_icon_poster_identity133low.png", "name": "blogger", "length": 1.33, "actionlog": {"act_code": "3671", "ext": "status:author"}, "scheme": "https://kefu.weibo.com/faqdetail?id=20848"}, {"pic_url": "https://h5.sinaimg.cn/upload/1007/25/2019/05/17/feed_icon_poster_identity133low.png", "name": "blogger", "length": 1.33, "actionlog": {"act_code": "3671", "ext": "status:author"}, "scheme": "https://kefu.weibo.com/faqdetail?id=20848"}], "user": {"id": 6858239618, "idstr": "6858239618", "class": 1, "screen_name": "说好的5872", "name": "说好的5872", "province": "100", "city": "1000", "location": "其他", "description": "太忙了，私信已关闭，请多包涵。", "url": "", "profile_image_url": "https://tvax4.sinaimg.cn/crop.0.0.466.466.50/007u8tq2ly8h5pu1es532j30cy0cywf1.jpg?KID=imgbed,tva&Expires=1687325025&ssig=6X2MAC5cyh", "light_ring": false, "cover_image_phone": "https://ww1.sinaimg.cn/crop.0.0.640.640.640/549d0121tw1egm1kjly3jj20hs0hsq4f.jpg;https://ww3.sinaimg.cn/crop.0.0.640.640.640/76d0b833jw1f3a68xbe8rj20u00u0acl.jpg", "profile_url": "u/6858239618", "domain": "", "weihao": "", "gender": "m", "followers_count": 232700, "followers_count_str": "23.3万", "friends_count": 500, "pagefriends_count": 14, "statuses_count": 2565, "video_status_count": 1335, "video_play_count": 0, "super_topic_not_syn_count": 0, "favourites_count": 1, "created_at": "Mon Nov 19 16:47:38 +0800 2018", "following": false, "allow_all_act_msg": false, "geo_enabled": true, "verified": true, "verified_type": 0, "remark": "", "insecurity": {"sexual_content": false}, "ptype": 0, "allow_all_comment": false, "avatar_large": "https://tvax4.sinaimg.cn/crop.0.0.466.466.180/007u8tq2ly8h5pu1es532j30cy0cywf1.jpg?KID=imgbed,tva&Expires=1687325025&ssig=%2BUUVp0rMEF", "avatar_hd": "https://tvax4.sinaimg.cn/crop.0.0.466.466.1024/007u8tq2ly8h5pu1es532j30cy0cywf1.jpg?KID=imgbed,tva&Expires=1687325025&ssig=GMOJO5%2BQOc", "verified_reason": "视频博主", "verified_trade": "", "verified_reason_url": "", "verified_source": "", "verified_source_url": "", "verified_state": 0, "verified_level": 3, "verified_type_ext": 0, "has_service_tel": false, "verified_reason_modified": "", "verified_contact_name": "", "verified_contact_email": "", "verified_contact_mobile": "", "follow_me": false, "like": false, "like_me": false, "online_status": 0, "bi_followers_count": 440, "lang": "zh-cn", "star": 0, "mbtype": 12, "mbrank": 7, "svip": 0, "vvip": 0, "mb_expire_time": 1694016000, "block_word": 0, "block_app": 1, "chaohua_ability": 0, "brand_ability": 0, "nft_ability": 0, "vplus_ability": 0, "wenda_ability": 0, "live_ability": 0, "gongyi_ability": 0, "paycolumn_ability": 0, "newbrand_ability": 0, "ecommerce_ability": 0, "hardfan_ability": 1, "wbcolumn_ability": 0, "interaction_user": 0, "credit_score": 80, "user_ability": 2359816, "urank": 19, "story_read_state": -1, "verified_detail": {"custom": 0, "data": [{"key": 16, "sub_key": 7, "weight": 103, "desc": "视频博主", "timestamp": 1657261596}]}, "vclub_member": 0, "is_teenager": 0, "is_guardian": 0, "is_teenager_list": 0, "pc_new": 7, "special_follow": false, "planet_video": 2, "video_mark": 2, "live_status": 0, "user_ability_extend": 0, "status_total_counter": {"total_cnt": 11828709, "repost_cnt": 1251509, "comment_cnt": 819480, "like_cnt": 2678018, "comment_like_cnt": 7079702}, "video_total_counter": {"play_cnt": 617390684}, "brand_account": 0, "hongbaofei": 0, "tab_manage": "[0, 0]", "reward_status": 0, "green_mode": 0, "urisk": 0, "unfollowing_recom_switch": 1, "avatar_type": 0}, "mid": "4910636654400154", "idstr": "4910636654400154", "match_ai_play_picture": false}, "reply_original_text": "黑心棉做的小棉袄吧", "readtimetype": "comment_reply", "analysis_extra": "author_uid:6858239618|mid:4910634879681451", "match_ai_play_picture": false}