{"created_at": "Tue Jun 13 13:22:47 +0800 2023", "id": 4912160406242968, "rootid": 4912160406242968, "rootidstr": "4912160406242968", "floor_number": 6, "text": "如果真的也算好的了，就是有个案底。黄车单位不开除吗，他这么一搞，老板的合同没了。", "disable_reply": 0, "restrictOperate": 0, "source_allowclick": 0, "source_type": 4, "source": "<a href=\"\" rel=\"nofollow\">来自上海</a>", "comment_badge": [{"pic_url": "https://h5.sinaimg.cn/upload/114/962/2022/07/08/member_7_bigfan1_1.png", "name": "loyal_fans", "length": 1.33, "actionlog": {"act_code": "3671", "ext": "status:fans"}, "scheme": "https://kefu.weibo.com/faqdetail?id=20848", "new_icon": true}], "user": {"id": 1745020617, "idstr": "1745020617", "class": 1, "screen_name": "默默半支烟", "name": "默默半支烟", "province": "31", "city": "1000", "location": "上海", "description": "静默中快乐，忍耐中成长！", "url": "", "profile_image_url": "https://tvax4.sinaimg.cn/crop.0.0.1080.1080.50/6802e6c9ly8hckzkx73zkj20u00u0q6y.jpg?KID=imgbed,tva&Expires=1687264317&ssig=dGJF%2BSsw8t", "light_ring": false, "cover_image_phone": "https://wx2.sinaimg.cn/crop.0.0.640.640.640/6802e6c9ly1hckzin4q88j20u00u0gs2.jpg", "profile_url": "315769992", "domain": "yuyongdidi", "weihao": "315769992", "gender": "m", "followers_count": 460, "followers_count_str": "460", "friends_count": 589, "pagefriends_count": 6, "statuses_count": 5476, "video_status_count": 0, "video_play_count": 0, "super_topic_not_syn_count": 0, "favourites_count": 104, "created_at": "Fri May 21 22:56:29 +0800 2010", "following": false, "allow_all_act_msg": false, "geo_enabled": false, "verified": false, "verified_type": 220, "remark": "", "insecurity": {"sexual_content": false}, "ptype": 0, "allow_all_comment": true, "avatar_large": "https://tvax4.sinaimg.cn/crop.0.0.1080.1080.180/6802e6c9ly8hckzkx73zkj20u00u0q6y.jpg?KID=imgbed,tva&Expires=1687264317&ssig=P0lUcM2%2Faj", "avatar_hd": "https://tvax4.sinaimg.cn/crop.0.0.1080.1080.1024/6802e6c9ly8hckzkx73zkj20u00u0q6y.jpg?KID=imgbed,tva&Expires=1687264317&ssig=hMaJRVJS2O", "verified_reason": "", "verified_trade": "", "verified_reason_url": "", "verified_source": "", "verified_source_url": "", "follow_me": false, "like": false, "like_me": false, "online_status": 0, "bi_followers_count": 105, "lang": "zh-cn", "star": 0, "mbtype": 12, "mbrank": 7, "svip": 0, "vvip": 0, "mb_expire_time": 1746979200, "block_word": 0, "block_app": 1, "chaohua_ability": 0, "brand_ability": 0, "nft_ability": 0, "vplus_ability": 0, "wenda_ability": 0, "live_ability": 0, "gongyi_ability": 0, "paycolumn_ability": 0, "newbrand_ability": 0, "ecommerce_ability": 0, "hardfan_ability": 0, "wbcolumn_ability": 0, "interaction_user": 0, "credit_score": 80, "user_ability": 2359296, "cardid": "star_1666", "urank": 34, "story_read_state": -1, "vclub_member": 0, "is_teenager": 0, "is_guardian": 0, "is_teenager_list": 0, "pc_new": 0, "special_follow": false, "planet_video": 2, "video_mark": 0, "live_status": 0, "user_ability_extend": 0, "video_cover": {"mid": 4765023312020389}, "status_total_counter": {"total_cnt": 5893, "repost_cnt": 1039, "comment_cnt": 4654, "like_cnt": 200, "comment_like_cnt": 0}, "video_total_counter": {"play_cnt": 10}, "brand_account": 0, "hongbaofei": 0, "tab_manage": "[0, 0]", "reward_status": 0, "green_mode": 0, "mb_like_privilege": {"like_id": "0080", "like_desc": "谢谢你的赞~"}, "urisk": 0, "unfollowing_recom_switch": 1, "avatar_type": 0}, "mid": "4912160406242968", "idstr": "4912160406242968", "status": {"visible": {"type": 0, "list_id": 0}, "created_at": "Tue Jun 13 11:03:16 +0800 2023", "id": 4912125295988188, "idstr": "4912125295988188", "mid": "4912125295988188", "can_edit": false, "version": 2, "show_additional_indication": 0, "text": "上海两辆斗气车，处理结果出来：双方各打50大板，你觉得这种处理恰当吗？[笑cry] ​", "textLength": 75, "source_allowclick": 0, "source_type": 1, "source": "<a href=\"http://app.weibo.com/t/feed/xEsRX\" rel=\"nofollow\">微博网页版</a>", "favorited": false, "truncated": false, "in_reply_to_status_id": "", "in_reply_to_user_id": "", "in_reply_to_screen_name": "", "pic_urls": [{"thumbnail_pic": "http://wx4.sinaimg.cn/thumbnail/bf54362bgy1hewetwd76yj20yi22oatx.jpg"}], "thumbnail_pic": "http://wx4.sinaimg.cn/thumbnail/bf54362bgy1hewetwd76yj20yi22oatx.jpg", "bmiddle_pic": "http://wx4.sinaimg.cn/bmiddle/bf54362bgy1hewetwd76yj20yi22oatx.jpg", "original_pic": "http://wx4.sinaimg.cn/large/bf54362bgy1hewetwd76yj20yi22oatx.jpg", "geo": null, "is_paid": false, "mblog_vip_type": 0, "user": {"id": 3209967147, "idstr": "3209967147", "class": 1, "screen_name": "上海房多多", "name": "上海房多多", "province": "31", "city": "1000", "location": "上海", "description": "笃思房产理论，躬行楼市实践，非房多多中介公司微博号（巧合）。长三角投资置业交流，请加微信号：jamesleesisu", "url": "", "profile_image_url": "https://tva1.sinaimg.cn/crop.52.0.183.183.50/bf54362bjw8f885ffnhwtj20960643yl.jpg?KID=imgbed,tva&Expires=1687264317&ssig=Xg%2Bu3r3Y%2Bk", "light_ring": false, "cover_image_phone": "https://ww1.sinaimg.cn/crop.0.0.640.640.640/549d0121tw1egm1kjly3jj20hs0hsq4f.jpg", "profile_url": "shanghaifangduoduo", "domain": "shanghaifangduoduo", "weihao": "", "gender": "m", "followers_count": 465730, "followers_count_str": "46.6万", "friends_count": 1678, "pagefriends_count": 59, "statuses_count": 24547, "video_status_count": 243, "video_play_count": 0, "super_topic_not_syn_count": 2, "favourites_count": 12, "created_at": "Mon Dec 31 18:52:18 +0800 2012", "following": false, "allow_all_act_msg": false, "geo_enabled": true, "verified": true, "verified_type": 0, "remark": "", "insecurity": {"sexual_content": false}, "ptype": 0, "allow_all_comment": true, "avatar_large": "https://tva1.sinaimg.cn/crop.52.0.183.183.180/bf54362bjw8f885ffnhwtj20960643yl.jpg?KID=imgbed,tva&Expires=1687264317&ssig=ohENH0VNlc", "avatar_hd": "https://tva1.sinaimg.cn/crop.52.0.183.183.1024/bf54362bjw8f885ffnhwtj20960643yl.jpg?KID=imgbed,tva&Expires=1687264317&ssig=RRFZON21la", "verified_reason": "房产专家 头条文章作者", "verified_trade": "1353", "verified_reason_url": "", "verified_source": "", "verified_source_url": "", "verified_state": 0, "verified_level": 3, "verified_type_ext": 0, "has_service_tel": false, "verified_reason_modified": "", "verified_contact_name": "", "verified_contact_email": "", "verified_contact_mobile": "", "follow_me": false, "like": false, "like_me": false, "online_status": 0, "bi_followers_count": 486, "lang": "zh-cn", "star": 0, "mbtype": 12, "mbrank": 7, "svip": 0, "vvip": 0, "mb_expire_time": 1722268800, "block_word": 0, "block_app": 1, "chaohua_ability": 0, "brand_ability": 0, "nft_ability": 0, "vplus_ability": 1, "wenda_ability": 0, "live_ability": 0, "gongyi_ability": 0, "paycolumn_ability": 0, "newbrand_ability": 0, "ecommerce_ability": 0, "hardfan_ability": 0, "wbcolumn_ability": 1, "interaction_user": 0, "credit_score": 78, "user_ability": -2135553528, "cardid": "star_1624", "avatargj_id": "gj_vip_594", "urank": 40, "story_read_state": -1, "verified_detail": {"custom": 1, "data": [{"key": 4, "sub_key": 9, "weight": 999, "desc": "头条文章作者", "timestamp": 0}, {"key": 1, "sub_key": 0, "weight": 10, "desc": "房产专家", "timestamp": 0, "verify_extend": {"real_name_verified": "1"}}]}, "vclub_member": 0, "is_teenager": 0, "is_guardian": 0, "is_teenager_list": 0, "pc_new": 7, "special_follow": false, "planet_video": 2, "video_mark": 14, "live_status": 0, "user_ability_extend": 0, "status_total_counter": {"total_cnt": 1772053, "repost_cnt": 109192, "comment_cnt": 277828, "like_cnt": 1152891, "comment_like_cnt": 232142}, "video_total_counter": {"play_cnt": 5793708}, "brand_account": 0, "hongbaofei": 0, "tab_manage": "[0, 0]", "reward_status": 0, "green_mode": 0, "urisk": 0, "unfollowing_recom_switch": 1, "avatar_type": 0}, "annotations": [{"photo_sub_type": "0"}, {}, {"source_text": "", "phone_id": ""}, {"mapi_request": true}], "picStatus": "0:1", "reposts_count": 0, "comments_count": 0, "reprint_cmt_count": 0, "attitudes_count": 0, "pending_approval_count": 0, "isLongText": false, "reward_exhibition_type": 0, "hide_flag": 0, "mlevel": 128, "show_mlevel": 0, "biz_feature": 4294967300, "hasActionTypeCard": 0, "darwin_tags": [], "hot_weibo_tags": [], "text_tag_tips": [], "mblogtype": 0, "userType": 0, "mlevelSource": "monitor", "more_info_type": 0, "cardid": "star_1624", "number_display_strategy": {"apply_scenario_flag": 3, "display_text_min_number": 1000000, "display_text": "100万+"}, "positive_recom_flag": 0, "content_auth": 0, "gif_ids": "", "is_show_bulletin": 2, "comment_manage_info": {"comment_permission_type": -1, "approval_comment_type": 0, "comment_sort_type": 0, "ai_play_picture_type": 0}, "pic_num": 1, "hot_page": {"fid": "232532_mblog", "feed_detail_type": 0}, "can_reprint": false, "new_comment_style": 0}, "readtimetype": "comment", "analysis_extra": "author_uid:3209967147|mid:4912125295988188", "comment_dynamic_message": {"id": "0138", "icon_url": "https://h5.sinaimg.cn/upload/1073/1841/2023/03/21/chunri1.png", "tag_text": "年费", "start_color": "#00FF8F56", "end_color": "#1AFF8656", "start_color_dark": "#00FF8F56", "end_color_dark": "#1AFF8656", "name": {"zh_CN": "郁金香", "zh_HK": "鬱金香", "en_US": "tulip"}, "scheme": "https://new.vip.weibo.cn/bubble/mall?showmenu=0&decorateId=0138&uid=1745020617", "allow_vip_box_content": "用此评论气泡", "allow_vip_box_icon": "https://h5.sinaimg.cn/upload/100/1720/2022/08/08/icon_VIP_for_comment_bubble.png"}, "match_ai_play_picture": false}