{"0": {"path": "non_spammer/7395250353", "label": 1}, "1": {"path": "non_spammer/7764175917", "label": 1}, "2": {"path": "non_spammer/5993119278", "label": 1}, "3": {"path": "non_spammer/6233394757", "label": 1}, "4": {"path": "non_spammer/5512724394", "label": 1}, "5": {"path": "non_spammer/2214589311", "label": 1}, "6": {"path": "non_spammer/7817749307", "label": 1}, "7": {"path": "non_spammer/7877964425", "label": 1}, "8": {"path": "non_spammer/3137532517", "label": 1}, "9": {"path": "non_spammer/7816719174", "label": 1}, "10": {"path": "non_spammer/7806606647", "label": 1}, "11": {"path": "non_spammer/5547788001", "label": 1}, "12": {"path": "non_spammer/5937769224", "label": 1}, "13": {"path": "non_spammer/7055099262", "label": 1}, "14": {"path": "non_spammer/3387531414", "label": 1}, "15": {"path": "non_spammer/6442638039", "label": 1}, "16": {"path": "non_spammer/1739078667", "label": 1}, "17": {"path": "non_spammer/6500982977", "label": 1}, "18": {"path": "non_spammer/7040062020", "label": 1}, "19": {"path": "non_spammer/7581067023", "label": 1}, "20": {"path": "non_spammer/6467946959", "label": 1}, "21": {"path": "non_spammer/2670651451", "label": 1}, "22": {"path": "non_spammer/5304098613", "label": 1}, "23": {"path": "non_spammer/6471076591", "label": 1}, "24": {"path": "non_spammer/5822026464", "label": 1}, "25": {"path": "non_spammer/3033752507", "label": 1}, "26": {"path": "non_spammer/5889839587", "label": 1}, "27": {"path": "non_spammer/6025759555", "label": 1}, "28": {"path": "non_spammer/7880276859", "label": 1}, "29": {"path": "non_spammer/1850436450", "label": 1}, "30": {"path": "non_spammer/3704722372", "label": 1}, "31": {"path": "non_spammer/6616452250", "label": 1}, "32": {"path": "non_spammer/6198774314", "label": 1}, "33": {"path": "non_spammer/5969471652", "label": 1}, "34": {"path": "non_spammer/6172116448", "label": 1}, "35": {"path": "non_spammer/3861674840", "label": 1}, "36": {"path": "non_spammer/7876485958", "label": 1}, "37": {"path": "non_spammer/7728745629", "label": 1}, "38": {"path": "non_spammer/6753710379", "label": 1}, "39": {"path": "non_spammer/1830058127", "label": 1}, "40": {"path": "non_spammer/1938741001", "label": 1}, "41": {"path": "non_spammer/6615819668", "label": 1}, "42": {"path": "non_spammer/5958500930", "label": 1}, "43": {"path": "non_spammer/6335331379", "label": 1}, "44": {"path": "non_spammer/7877028082", "label": 1}, "45": {"path": "non_spammer/2030112487", "label": 1}, "46": {"path": "non_spammer/6911855977", "label": 1}, "47": {"path": "non_spammer/5220308613", "label": 1}, "48": {"path": "non_spammer/5573718413", "label": 1}, "49": {"path": "non_spammer/6074654163", "label": 1}, "50": {"path": "non_spammer/7787633272", "label": 1}, "51": {"path": "non_spammer/7878199977", "label": 1}, "52": {"path": "non_spammer/2194150272", "label": 1}, "53": {"path": "non_spammer/6361174633", "label": 1}, "54": {"path": "non_spammer/6528652270", "label": 1}, "55": {"path": "non_spammer/7810683638", "label": 1}, "56": {"path": "non_spammer/6025697827", "label": 1}, "57": {"path": "non_spammer/2062355572", "label": 1}, "58": {"path": "non_spammer/2286908003", "label": 1}, "59": {"path": "non_spammer/5652632511", "label": 1}, "60": {"path": "non_spammer/6128448918", "label": 1}, "61": {"path": "non_spammer/7690708612", "label": 1}, "62": {"path": "non_spammer/5679399630", "label": 1}, "63": {"path": "non_spammer/7875436230", "label": 1}, "64": {"path": "non_spammer/6541259555", "label": 1}, "65": {"path": "non_spammer/1937236877", "label": 1}, "66": {"path": "non_spammer/5297670040", "label": 1}, "67": {"path": "non_spammer/7865951271", "label": 1}, "68": {"path": "non_spammer/6579479488", "label": 1}, "69": {"path": "non_spammer/6750628883", "label": 1}, "70": {"path": "non_spammer/2371181200", "label": 1}, "71": {"path": "non_spammer/7633665161", "label": 1}, "72": {"path": "non_spammer/7724474872", "label": 1}, "73": {"path": "non_spammer/7448292615", "label": 1}, "74": {"path": "non_spammer/1244065834", "label": 1}, "75": {"path": "non_spammer/5914099544", "label": 1}, "76": {"path": "non_spammer/7726610093", "label": 1}, "77": {"path": "non_spammer/5077825489", "label": 1}, "78": {"path": "non_spammer/7881500427", "label": 1}, "79": {"path": "non_spammer/6726611582", "label": 1}, "80": {"path": "non_spammer/7801322009", "label": 1}, "81": {"path": "non_spammer/5677786068", "label": 1}, "82": {"path": "non_spammer/5556590381", "label": 1}, "83": {"path": "non_spammer/2461381964", "label": 1}, "84": {"path": "non_spammer/6140980818", "label": 1}, "85": {"path": "non_spammer/1864197873", "label": 1}, "86": {"path": "non_spammer/3262284775", "label": 1}, "87": {"path": "non_spammer/5861820991", "label": 1}, "88": {"path": "non_spammer/2655802825", "label": 1}, "89": {"path": "non_spammer/6611715015", "label": 1}, "90": {"path": "non_spammer/7741117532", "label": 1}, "91": {"path": "non_spammer/5756404150", "label": 1}, "92": {"path": "non_spammer/2532554510", "label": 1}, "93": {"path": "non_spammer/6352657090", "label": 1}, "94": {"path": "non_spammer/7537856672", "label": 1}, "95": {"path": "non_spammer/5333924456", "label": 1}, "96": {"path": "non_spammer/5509964643", "label": 1}, "97": {"path": "non_spammer/6718953060", "label": 1}, "98": {"path": "non_spammer/7538208840", "label": 1}, "99": {"path": "non_spammer/3923808094", "label": 1}, "100": {"path": "non_spammer/6094511889", "label": 1}, "101": {"path": "non_spammer/2137161120", "label": 1}, "102": {"path": "non_spammer/6564629398", "label": 1}, "103": {"path": "non_spammer/3126228253", "label": 1}, "104": {"path": "non_spammer/1748548681", "label": 1}, "105": {"path": "non_spammer/3297973875", "label": 1}, "106": {"path": "non_spammer/7794950625", "label": 1}, "107": {"path": "non_spammer/6427033166", "label": 1}, "108": {"path": "non_spammer/2865561790", "label": 1}, "109": {"path": "non_spammer/7430476970", "label": 1}, "110": {"path": "non_spammer/6469005251", "label": 1}, "111": {"path": "non_spammer/2803301701", "label": 1}, "112": {"path": "non_spammer/5216687978", "label": 1}, "113": {"path": "non_spammer/6960734090", "label": 1}, "114": {"path": "non_spammer/1241148864", "label": 1}, "115": {"path": "non_spammer/6141891151", "label": 1}, "116": {"path": "non_spammer/5831481714", "label": 1}, "117": {"path": "non_spammer/6518626096", "label": 1}, "118": {"path": "non_spammer/7807383327", "label": 1}, "119": {"path": "non_spammer/5080678498", "label": 1}, "120": {"path": "non_spammer/2675801331", "label": 1}, "121": {"path": "non_spammer/6398544506", "label": 1}, "122": {"path": "non_spammer/7806619969", "label": 1}, "123": {"path": "non_spammer/5613518768", "label": 1}, "124": {"path": "non_spammer/2643377963", "label": 1}, "125": {"path": "non_spammer/7584275533", "label": 1}, "126": {"path": "non_spammer/2814035907", "label": 1}, "127": {"path": "non_spammer/5732131112", "label": 1}, "128": {"path": "non_spammer/7435176677", "label": 1}, "129": {"path": "non_spammer/7883355702", "label": 1}, "130": {"path": "non_spammer/5598574734", "label": 1}, "131": {"path": "non_spammer/2656274875", "label": 1}, "132": {"path": "non_spammer/7634582743", "label": 1}, "133": {"path": "non_spammer/7529799195", "label": 1}, "134": {"path": "non_spammer/1703371307", "label": 1}, "135": {"path": "non_spammer/5417421784", "label": 1}, "136": {"path": "non_spammer/5232652597", "label": 1}, "137": {"path": "non_spammer/6089134553", "label": 1}, "138": {"path": "non_spammer/7811991773", "label": 1}, "139": {"path": "non_spammer/7817307509", "label": 1}, "140": {"path": "non_spammer/5590206942", "label": 1}, "141": {"path": "non_spammer/2723063215", "label": 1}, "142": {"path": "non_spammer/1110349944", "label": 1}, "143": {"path": "non_spammer/6491880144", "label": 1}, "144": {"path": "non_spammer/1586862910", "label": 1}, "145": {"path": "non_spammer/1935847212", "label": 1}, "146": {"path": "non_spammer/1006043663", "label": 1}, "147": {"path": "non_spammer/7868306806", "label": 1}, "148": {"path": "non_spammer/6626934496", "label": 1}, "149": {"path": "non_spammer/7876385107", "label": 1}, "150": {"path": "non_spammer/6600765351", "label": 1}, "151": {"path": "non_spammer/2821674212", "label": 1}, "152": {"path": "non_spammer/3647268000", "label": 1}, "153": {"path": "non_spammer/7017597274", "label": 1}, "154": {"path": "non_spammer/6065605568", "label": 1}, "155": {"path": "non_spammer/1904947977", "label": 1}, "156": {"path": "non_spammer/2102820875", "label": 1}, "157": {"path": "non_spammer/5993398710", "label": 1}, "158": {"path": "non_spammer/7840704187", "label": 1}, "159": {"path": "non_spammer/1699432410", "label": 1}, "160": {"path": "non_spammer/6903556454", "label": 1}, "161": {"path": "non_spammer/2441228077", "label": 1}, "162": {"path": "non_spammer/1881015955", "label": 1}, "163": {"path": "non_spammer/6300348261", "label": 1}, "164": {"path": "non_spammer/2212869385", "label": 1}, "165": {"path": "non_spammer/6553885120", "label": 1}, "166": {"path": "non_spammer/5341761974", "label": 1}, "167": {"path": "non_spammer/6454490937", "label": 1}, "168": {"path": "non_spammer/3119002971", "label": 1}, "169": {"path": "non_spammer/7750066664", "label": 1}, "170": {"path": "non_spammer/2216797355", "label": 1}, "171": {"path": "non_spammer/5514146941", "label": 1}, "172": {"path": "non_spammer/2343265447", "label": 1}, "173": {"path": "non_spammer/5826182148", "label": 1}, "174": {"path": "non_spammer/3730256351", "label": 1}, "175": {"path": "non_spammer/2729162713", "label": 1}, "176": {"path": "non_spammer/7798650793", "label": 1}, "177": {"path": "non_spammer/1847900212", "label": 1}, "178": {"path": "non_spammer/5094811304", "label": 1}, "179": {"path": "non_spammer/6357347018", "label": 1}, "180": {"path": "non_spammer/5622278567", "label": 1}, "181": {"path": "non_spammer/2629140795", "label": 1}, "182": {"path": "non_spammer/5260460976", "label": 1}, "183": {"path": "non_spammer/2166592915", "label": 1}, "184": {"path": "non_spammer/7813966390", "label": 1}, "185": {"path": "non_spammer/5872398400", "label": 1}, "186": {"path": "non_spammer/1834783273", "label": 1}, "187": {"path": "non_spammer/7887938075", "label": 1}, "188": {"path": "non_spammer/5808556480", "label": 1}, "189": {"path": "non_spammer/2748606854", "label": 1}, "190": {"path": "non_spammer/7868283775", "label": 1}, "191": {"path": "non_spammer/5727611480", "label": 1}, "192": {"path": "non_spammer/7879140253", "label": 1}, "193": {"path": "non_spammer/7816603536", "label": 1}, "194": {"path": "non_spammer/6372686323", "label": 1}, "195": {"path": "non_spammer/6230497230", "label": 1}, "196": {"path": "non_spammer/3674381415", "label": 1}, "197": {"path": "non_spammer/6889892546", "label": 1}, "198": {"path": "non_spammer/6301326553", "label": 1}, "199": {"path": "non_spammer/5635374045", "label": 1}, "200": {"path": "non_spammer/5211390596", "label": 1}, "201": {"path": "non_spammer/1818087960", "label": 1}, "202": {"path": "non_spammer/7872904380", "label": 1}, "203": {"path": "non_spammer/1788905511", "label": 1}, "204": {"path": "non_spammer/1103123315", "label": 1}, "205": {"path": "non_spammer/2629476397", "label": 1}, "206": {"path": "non_spammer/3202111700", "label": 1}, "207": {"path": "non_spammer/1195201334", "label": 1}, "208": {"path": "non_spammer/3303944375", "label": 1}, "209": {"path": "non_spammer/5662639930", "label": 1}, "210": {"path": "non_spammer/7876623207", "label": 1}, "211": {"path": "non_spammer/5208603396", "label": 1}, "212": {"path": "non_spammer/1705960475", "label": 1}, "213": {"path": "non_spammer/7846140004", "label": 1}, "214": {"path": "non_spammer/1743023794", "label": 1}, "215": {"path": "non_spammer/7097052639", "label": 1}, "216": {"path": "non_spammer/7868366396", "label": 1}, "217": {"path": "non_spammer/5148374292", "label": 1}, "218": {"path": "non_spammer/2090484467", "label": 1}, "219": {"path": "non_spammer/5041841475", "label": 1}, "220": {"path": "non_spammer/6980515632", "label": 1}, "221": {"path": "non_spammer/2552491022", "label": 1}, "222": {"path": "non_spammer/5289124734", "label": 1}, "223": {"path": "non_spammer/7838010051", "label": 1}, "224": {"path": "non_spammer/2810373291", "label": 1}, "225": {"path": "non_spammer/7868785622", "label": 1}, "226": {"path": "non_spammer/7878977457", "label": 1}, "227": {"path": "non_spammer/7659597238", "label": 1}, "228": {"path": "non_spammer/1676679984", "label": 1}, "229": {"path": "non_spammer/2322616045", "label": 1}, "230": {"path": "non_spammer/7792880089", "label": 1}, "231": {"path": "non_spammer/6600332161", "label": 1}, "232": {"path": "non_spammer/5472873347", "label": 1}, "233": {"path": "non_spammer/7796806509", "label": 1}, "234": {"path": "non_spammer/7812991143", "label": 1}, "235": {"path": "non_spammer/1189465042", "label": 1}, "236": {"path": "non_spammer/1897692105", "label": 1}, "237": {"path": "non_spammer/5698446093", "label": 1}, "238": {"path": "non_spammer/2775879371", "label": 1}, "239": {"path": "non_spammer/3266943013", "label": 1}, "240": {"path": "non_spammer/6454367876", "label": 1}, "241": {"path": "non_spammer/7816978938", "label": 1}, "242": {"path": "non_spammer/2247566725", "label": 1}, "243": {"path": "non_spammer/2514745371", "label": 1}, "244": {"path": "non_spammer/6338273044", "label": 1}, "245": {"path": "non_spammer/6331317610", "label": 1}, "246": {"path": "non_spammer/5263327893", "label": 1}, "247": {"path": "non_spammer/5226326145", "label": 1}, "248": {"path": "non_spammer/6161696320", "label": 1}, "249": {"path": "non_spammer/5819340609", "label": 1}, "250": {"path": "non_spammer/1698299691", "label": 1}, "251": {"path": "non_spammer/7740720790", "label": 1}, "252": {"path": "non_spammer/6615875695", "label": 1}, "253": {"path": "non_spammer/5704056946", "label": 1}, "254": {"path": "non_spammer/5042958097", "label": 1}, "255": {"path": "non_spammer/2057817622", "label": 1}, "256": {"path": "non_spammer/7872901943", "label": 1}, "257": {"path": "non_spammer/1568061967", "label": 1}, "258": {"path": "non_spammer/6810912632", "label": 1}, "259": {"path": "non_spammer/6083646954", "label": 1}, "260": {"path": "non_spammer/3310901145", "label": 1}, "261": {"path": "non_spammer/1221532147", "label": 1}, "262": {"path": "non_spammer/5238315108", "label": 1}, "263": {"path": "non_spammer/1451813704", "label": 1}, "264": {"path": "non_spammer/5342886148", "label": 1}, "265": {"path": "non_spammer/2589226843", "label": 1}, "266": {"path": "non_spammer/6189915676", "label": 1}, "267": {"path": "non_spammer/6582842337", "label": 1}, "268": {"path": "non_spammer/1650674685", "label": 1}, "269": {"path": "non_spammer/6602313436", "label": 1}, "270": {"path": "non_spammer/3421541842", "label": 1}, "271": {"path": "non_spammer/1896635132", "label": 1}, "272": {"path": "non_spammer/1824151961", "label": 1}, "273": {"path": "non_spammer/1617746261", "label": 1}, "274": {"path": "non_spammer/1810894940", "label": 1}, "275": {"path": "non_spammer/7872351375", "label": 1}, "276": {"path": "non_spammer/7613155879", "label": 1}, "277": {"path": "non_spammer/6025851218", "label": 1}, "278": {"path": "non_spammer/7504935411", "label": 1}, "279": {"path": "non_spammer/7863128516", "label": 1}, "280": {"path": "non_spammer/6765625219", "label": 1}, "281": {"path": "non_spammer/6247268113", "label": 1}, "282": {"path": "non_spammer/7745049728", "label": 1}, "283": {"path": "non_spammer/2574231653", "label": 1}, "284": {"path": "non_spammer/5033686911", "label": 1}, "285": {"path": "non_spammer/7796156771", "label": 1}, "286": {"path": "non_spammer/2918597115", "label": 1}, "287": {"path": "non_spammer/1625937287", "label": 1}, "288": {"path": "non_spammer/6255793650", "label": 1}, "289": {"path": "non_spammer/5355559625", "label": 1}, "290": {"path": "non_spammer/5932615196", "label": 1}, "291": {"path": "non_spammer/6638889898", "label": 1}, "292": {"path": "non_spammer/2825540457", "label": 1}, "293": {"path": "non_spammer/7822020926", "label": 1}, "294": {"path": "non_spammer/6343390846", "label": 1}, "295": {"path": "non_spammer/7621260807", "label": 1}, "296": {"path": "non_spammer/2639543255", "label": 1}, "297": {"path": "non_spammer/5303797561", "label": 1}, "298": {"path": "non_spammer/6612028861", "label": 1}, "299": {"path": "non_spammer/7803075950", "label": 1}, "300": {"path": "non_spammer/6033448226", "label": 1}, "301": {"path": "non_spammer/5457420101", "label": 1}, "302": {"path": "non_spammer/5213431657", "label": 1}, "303": {"path": "non_spammer/2017113195", "label": 1}, "304": {"path": "non_spammer/5259434254", "label": 1}, "305": {"path": "non_spammer/2827205010", "label": 1}, "306": {"path": "non_spammer/1012083070", "label": 1}, "307": {"path": "non_spammer/3181813383", "label": 1}, "308": {"path": "non_spammer/6613923184", "label": 1}, "309": {"path": "spammer/1015491493", "label": 0}, "310": {"path": "spammer/2776761525", "label": 0}, "311": {"path": "spammer/3527687082", "label": 0}, "312": {"path": "spammer/3895107933", "label": 0}, "313": {"path": "spammer/1562800575", "label": 0}, "314": {"path": "spammer/1792157654", "label": 0}, "315": {"path": "spammer/2728011814", "label": 0}, "316": {"path": "spammer/5827568512", "label": 0}, "317": {"path": "spammer/1047125861", "label": 0}, "318": {"path": "spammer/1287656950", "label": 0}, "319": {"path": "spammer/5941666753", "label": 0}, "320": {"path": "spammer/2895759815", "label": 0}, "321": {"path": "spammer/1355897414", "label": 0}, "322": {"path": "spammer/5908247668", "label": 0}, "323": {"path": "spammer/6364086533", "label": 0}, "324": {"path": "spammer/1149665262", "label": 0}, "325": {"path": "spammer/1504170392", "label": 0}, "326": {"path": "spammer/5600345655", "label": 0}, "327": {"path": "spammer/5986066272", "label": 0}, "328": {"path": "spammer/1157539917", "label": 0}, "329": {"path": "spammer/1596987345", "label": 0}, "330": {"path": "spammer/3176105483", "label": 0}, "331": {"path": "spammer/1665372060", "label": 0}, "332": {"path": "spammer/1229607617", "label": 0}, "333": {"path": "spammer/7816252934", "label": 0}, "334": {"path": "spammer/7362321772", "label": 0}, "335": {"path": "spammer/2197546765", "label": 0}, "336": {"path": "spammer/1306293665", "label": 0}, "337": {"path": "spammer/5619058130", "label": 0}, "338": {"path": "spammer/1654888711", "label": 0}, "339": {"path": "spammer/1229689043", "label": 0}, "340": {"path": "spammer/2428139667", "label": 0}, "341": {"path": "spammer/5148538440", "label": 0}, "342": {"path": "spammer/1237389341", "label": 0}, "343": {"path": "spammer/1057479665", "label": 0}, "344": {"path": "spammer/1215636055", "label": 0}, "345": {"path": "spammer/1304426924", "label": 0}, "346": {"path": "spammer/1008375914", "label": 0}, "347": {"path": "spammer/1198220993", "label": 0}, "348": {"path": "spammer/1564617371", "label": 0}, "349": {"path": "spammer/1642482194", "label": 0}, "350": {"path": "spammer/5057328256", "label": 0}, "351": {"path": "spammer/6343705644", "label": 0}, "352": {"path": "spammer/1426776827", "label": 0}, "353": {"path": "spammer/1322433575", "label": 0}, "354": {"path": "spammer/1664463177", "label": 0}, "355": {"path": "spammer/1644709497", "label": 0}, "356": {"path": "spammer/1712295232", "label": 0}, "357": {"path": "spammer/1400546183", "label": 0}, "358": {"path": "spammer/1302507521", "label": 0}, "359": {"path": "spammer/1283431191", "label": 0}, "360": {"path": "spammer/6444840645", "label": 0}, "361": {"path": "spammer/5296350094", "label": 0}, "362": {"path": "spammer/1260946965", "label": 0}, "363": {"path": "spammer/1273339435", "label": 0}, "364": {"path": "spammer/1366411943", "label": 0}, "365": {"path": "spammer/1653076903", "label": 0}, "366": {"path": "spammer/1325414512", "label": 0}, "367": {"path": "spammer/1699749651", "label": 0}, "368": {"path": "spammer/1217330363", "label": 0}, "369": {"path": "spammer/1110350990", "label": 0}, "370": {"path": "spammer/7733093660", "label": 0}, "371": {"path": "spammer/1656599057", "label": 0}, "372": {"path": "spammer/6504099247", "label": 0}, "373": {"path": "spammer/1173117595", "label": 0}, "374": {"path": "spammer/6532119230", "label": 0}, "375": {"path": "spammer/1692854357", "label": 0}, "376": {"path": "spammer/1655947827", "label": 0}, "377": {"path": "spammer/5657187994", "label": 0}, "378": {"path": "spammer/1304552850", "label": 0}, "379": {"path": "spammer/1400887105", "label": 0}, "380": {"path": "spammer/2523256145", "label": 0}, "381": {"path": "spammer/1099356991", "label": 0}, "382": {"path": "spammer/1067775012", "label": 0}, "383": {"path": "spammer/5480201571", "label": 0}, "384": {"path": "spammer/5391596582", "label": 0}, "385": {"path": "spammer/1047780631", "label": 0}, "386": {"path": "spammer/7732976376", "label": 0}, "387": {"path": "spammer/6226335615", "label": 0}, "388": {"path": "spammer/1692330003", "label": 0}, "389": {"path": "spammer/2264635847", "label": 0}, "390": {"path": "spammer/1224941885", "label": 0}, "391": {"path": "spammer/6118391915", "label": 0}, "392": {"path": "spammer/1632067682", "label": 0}, "393": {"path": "spammer/1008640601", "label": 0}, "394": {"path": "spammer/1271366733", "label": 0}, "395": {"path": "spammer/1695401162", "label": 0}, "396": {"path": "spammer/6284509007", "label": 0}, "397": {"path": "spammer/1435905957", "label": 0}, "398": {"path": "spammer/1285225304", "label": 0}, "399": {"path": "spammer/1650093187", "label": 0}, "400": {"path": "spammer/1247848295", "label": 0}, "401": {"path": "spammer/1093289764", "label": 0}, "402": {"path": "spammer/5319836265", "label": 0}, "403": {"path": "spammer/1579831193", "label": 0}, "404": {"path": "spammer/7512615128", "label": 0}, "405": {"path": "spammer/1275602030", "label": 0}, "406": {"path": "spammer/3972729684", "label": 0}, "407": {"path": "spammer/1273553751", "label": 0}, "408": {"path": "spammer/1112928761", "label": 0}, "409": {"path": "spammer/1661909073", "label": 0}, "410": {"path": "spammer/7517947352", "label": 0}, "411": {"path": "spammer/1617238503", "label": 0}, "412": {"path": "spammer/1681841900", "label": 0}, "413": {"path": "spammer/1075556514", "label": 0}, "414": {"path": "spammer/1577096802", "label": 0}, "415": {"path": "spammer/1101928651", "label": 0}, "416": {"path": "spammer/7038792573", "label": 0}, "417": {"path": "spammer/1051292340", "label": 0}, "418": {"path": "spammer/1697828672", "label": 0}, "419": {"path": "spammer/1256363904", "label": 0}, "420": {"path": "spammer/1506263864", "label": 0}, "421": {"path": "spammer/3977676625", "label": 0}, "422": {"path": "spammer/1214455430", "label": 0}, "423": {"path": "spammer/1347322121", "label": 0}, "424": {"path": "spammer/1067459873", "label": 0}, "425": {"path": "spammer/2128372947", "label": 0}, "426": {"path": "spammer/1221228832", "label": 0}, "427": {"path": "spammer/5960437549", "label": 0}, "428": {"path": "spammer/5371249259", "label": 0}, "429": {"path": "spammer/1286293690", "label": 0}, "430": {"path": "spammer/1791440130", "label": 0}, "431": {"path": "spammer/2728749874", "label": 0}, "432": {"path": "spammer/1107992540", "label": 0}, "433": {"path": "spammer/1664328072", "label": 0}, "434": {"path": "spammer/6444537222", "label": 0}, "435": {"path": "spammer/1109845441", "label": 0}, "436": {"path": "spammer/1074822214", "label": 0}, "437": {"path": "spammer/5611061334", "label": 0}, "438": {"path": "spammer/1999797901", "label": 0}, "439": {"path": "spammer/1424141433", "label": 0}, "440": {"path": "spammer/2036161077", "label": 0}, "441": {"path": "spammer/1577794853", "label": 0}, "442": {"path": "spammer/6033325143", "label": 0}, "443": {"path": "spammer/1407130812", "label": 0}, "444": {"path": "spammer/1100483814", "label": 0}, "445": {"path": "spammer/1280581912", "label": 0}, "446": {"path": "spammer/6585245516", "label": 0}, "447": {"path": "spammer/1657811073", "label": 0}, "448": {"path": "spammer/1476067807", "label": 0}, "449": {"path": "spammer/1303834011", "label": 0}, "450": {"path": "spammer/1368785985", "label": 0}, "451": {"path": "spammer/5489765072", "label": 0}, "452": {"path": "spammer/1595780944", "label": 0}, "453": {"path": "spammer/6804728087", "label": 0}, "454": {"path": "spammer/1497305883", "label": 0}, "455": {"path": "spammer/1692900853", "label": 0}, "456": {"path": "spammer/1630426587", "label": 0}, "457": {"path": "spammer/1006657733", "label": 0}, "458": {"path": "spammer/1221918363", "label": 0}, "459": {"path": "spammer/1807715644", "label": 0}, "460": {"path": "spammer/1230801857", "label": 0}, "461": {"path": "spammer/1179198244", "label": 0}, "462": {"path": "spammer/5570283618", "label": 0}, "463": {"path": "spammer/1888781280", "label": 0}, "464": {"path": "spammer/5554962197", "label": 0}, "465": {"path": "spammer/2078072110", "label": 0}, "466": {"path": "spammer/2482816377", "label": 0}, "467": {"path": "spammer/1234139431", "label": 0}, "468": {"path": "spammer/1145220862", "label": 0}, "469": {"path": "spammer/1861477054", "label": 0}, "470": {"path": "spammer/1888415301", "label": 0}, "471": {"path": "spammer/1761674665", "label": 0}, "472": {"path": "spammer/2660439401", "label": 0}, "473": {"path": "spammer/2199841250", "label": 0}, "474": {"path": "spammer/7522215527", "label": 0}, "475": {"path": "spammer/3608774212", "label": 0}, "476": {"path": "spammer/1650382703", "label": 0}, "477": {"path": "spammer/1559520300", "label": 0}, "478": {"path": "spammer/1320153481", "label": 0}, "479": {"path": "spammer/1100001644", "label": 0}, "480": {"path": "spammer/1591336454", "label": 0}, "481": {"path": "spammer/2189497122", "label": 0}, "482": {"path": "spammer/1370850505", "label": 0}, "483": {"path": "spammer/1690185215", "label": 0}, "484": {"path": "spammer/1653143287", "label": 0}, "485": {"path": "spammer/1411308225", "label": 0}, "486": {"path": "spammer/1632155184", "label": 0}, "487": {"path": "spammer/1236306331", "label": 0}, "488": {"path": "spammer/1043604822", "label": 0}, "489": {"path": "spammer/7276195549", "label": 0}, "490": {"path": "spammer/7795833458", "label": 0}, "491": {"path": "spammer/6435242199", "label": 0}, "492": {"path": "spammer/1370348595", "label": 0}, "493": {"path": "spammer/5532347313", "label": 0}, "494": {"path": "spammer/3209967147", "label": 0}, "495": {"path": "spammer/3519697541", "label": 0}, "496": {"path": "spammer/3675736060", "label": 0}, "497": {"path": "spammer/1630373525", "label": 0}, "498": {"path": "spammer/1574597861", "label": 0}, "499": {"path": "spammer/1654701522", "label": 0}, "500": {"path": "spammer/5653416257", "label": 0}, "501": {"path": "spammer/3628871824", "label": 0}, "502": {"path": "spammer/1268941197", "label": 0}, "503": {"path": "spammer/1198897315", "label": 0}, "504": {"path": "spammer/1659126972", "label": 0}, "505": {"path": "spammer/1466623433", "label": 0}, "506": {"path": "spammer/1356658417", "label": 0}, "507": {"path": "spammer/1134411033", "label": 0}, "508": {"path": "spammer/1403418835", "label": 0}, "509": {"path": "spammer/1221684892", "label": 0}, "510": {"path": "spammer/1599589333", "label": 0}, "511": {"path": "spammer/5333693607", "label": 0}, "512": {"path": "spammer/1504398223", "label": 0}, "513": {"path": "spammer/1444114971", "label": 0}, "514": {"path": "spammer/3049717301", "label": 0}, "515": {"path": "spammer/1283001213", "label": 0}, "516": {"path": "spammer/1600463082", "label": 0}, "517": {"path": "spammer/1568295392", "label": 0}, "518": {"path": "spammer/1416711183", "label": 0}, "519": {"path": "spammer/7411822184", "label": 0}, "520": {"path": "spammer/1600192452", "label": 0}, "521": {"path": "spammer/1089314290", "label": 0}, "522": {"path": "spammer/1789086625", "label": 0}, "523": {"path": "spammer/1265281283", "label": 0}, "524": {"path": "spammer/1215208533", "label": 0}, "525": {"path": "spammer/7296259464", "label": 0}, "526": {"path": "spammer/1110811607", "label": 0}, "527": {"path": "spammer/1161404715", "label": 0}, "528": {"path": "spammer/1944375784", "label": 0}, "529": {"path": "spammer/1278592557", "label": 0}, "530": {"path": "spammer/1166013142", "label": 0}, "531": {"path": "spammer/1234865357", "label": 0}, "532": {"path": "spammer/1212560101", "label": 0}, "533": {"path": "spammer/1288328000", "label": 0}, "534": {"path": "spammer/5370248051", "label": 0}, "535": {"path": "spammer/5384771805", "label": 0}, "536": {"path": "spammer/3163693955", "label": 0}, "537": {"path": "spammer/1199816942", "label": 0}, "538": {"path": "spammer/1146272044", "label": 0}, "539": {"path": "spammer/1280289893", "label": 0}, "540": {"path": "spammer/1455153401", "label": 0}, "541": {"path": "spammer/1738597333", "label": 0}, "542": {"path": "spammer/1617088320", "label": 0}, "543": {"path": "spammer/1597058413", "label": 0}, "544": {"path": "spammer/1412840192", "label": 0}, "545": {"path": "spammer/1095113683", "label": 0}, "546": {"path": "spammer/1094415794", "label": 0}, "547": {"path": "spammer/1631886820", "label": 0}, "548": {"path": "spammer/1432163715", "label": 0}, "549": {"path": "spammer/1551631093", "label": 0}, "550": {"path": "spammer/5637506217", "label": 0}, "551": {"path": "spammer/7365784602", "label": 0}, "552": {"path": "spammer/1562273464", "label": 0}, "553": {"path": "spammer/1160715864", "label": 0}, "554": {"path": "spammer/1264903277", "label": 0}, "555": {"path": "spammer/1841017701", "label": 0}, "556": {"path": "spammer/1262830097", "label": 0}, "557": {"path": "spammer/1031054022", "label": 0}, "558": {"path": "spammer/1553177803", "label": 0}, "559": {"path": "spammer/1011425537", "label": 0}, "560": {"path": "spammer/1168641102", "label": 0}, "561": {"path": "spammer/5086160970", "label": 0}, "562": {"path": "spammer/5678690954", "label": 0}, "563": {"path": "spammer/1407295172", "label": 0}, "564": {"path": "spammer/1906856481", "label": 0}, "565": {"path": "spammer/6517802865", "label": 0}, "566": {"path": "spammer/1060239831", "label": 0}, "567": {"path": "spammer/1653187584", "label": 0}, "568": {"path": "spammer/5227820733", "label": 0}, "569": {"path": "spammer/1649228787", "label": 0}, "570": {"path": "spammer/5822570862", "label": 0}, "571": {"path": "spammer/1650434491", "label": 0}, "572": {"path": "spammer/1623404035", "label": 0}, "573": {"path": "spammer/7440341419", "label": 0}, "574": {"path": "spammer/1224900857", "label": 0}, "575": {"path": "spammer/1303241892", "label": 0}, "576": {"path": "spammer/6544640629", "label": 0}, "577": {"path": "spammer/1638974654", "label": 0}, "578": {"path": "spammer/7772937710", "label": 0}, "579": {"path": "spammer/1595247321", "label": 0}, "580": {"path": "spammer/1409194012", "label": 0}, "581": {"path": "spammer/6427263349", "label": 0}, "582": {"path": "spammer/1171326193", "label": 0}, "583": {"path": "spammer/1107368507", "label": 0}, "584": {"path": "spammer/1163390501", "label": 0}, "585": {"path": "spammer/1818950785", "label": 0}, "586": {"path": "spammer/1677833577", "label": 0}, "587": {"path": "spammer/3825828234", "label": 0}, "588": {"path": "spammer/5280953479", "label": 0}, "589": {"path": "spammer/1681796181", "label": 0}, "590": {"path": "spammer/5057328246", "label": 0}, "591": {"path": "spammer/1427003547", "label": 0}, "592": {"path": "spammer/1672317570", "label": 0}, "593": {"path": "spammer/1344592244", "label": 0}, "594": {"path": "spammer/2510980482", "label": 0}, "595": {"path": "spammer/1567659565", "label": 0}, "596": {"path": "spammer/6511558252", "label": 0}, "597": {"path": "spammer/1630408992", "label": 0}, "598": {"path": "spammer/1300888991", "label": 0}, "599": {"path": "spammer/1635386337", "label": 0}, "600": {"path": "spammer/1218346612", "label": 0}, "601": {"path": "spammer/3054302093", "label": 0}, "602": {"path": "spammer/1368961974", "label": 0}, "603": {"path": "spammer/1618819632", "label": 0}, "604": {"path": "spammer/1196608284", "label": 0}, "605": {"path": "spammer/1720464350", "label": 0}, "606": {"path": "spammer/1413320982", "label": 0}, "607": {"path": "spammer/5885526534", "label": 0}, "608": {"path": "spammer/1205073895", "label": 0}, "609": {"path": "spammer/1448589414", "label": 0}, "610": {"path": "spammer/1863031164", "label": 0}, "611": {"path": "spammer/1179737915", "label": 0}, "612": {"path": "spammer/1229253383", "label": 0}, "613": {"path": "spammer/7561300404", "label": 0}, "614": {"path": "spammer/1293758223", "label": 0}, "615": {"path": "spammer/1662908172", "label": 0}}