{"created_at": "Mon Sep 19 14:27:53 +0800 2022", "id": 4815419233799045, "root_id": 4815413446445866, "text": "做好事没有你，说风凉话倒是在行", "user": {"id": 5153194149, "class": 1, "name": "一个嫁给暖气的女人", "province": "33", "city": "1000", "location": "浙江", "description": "好好睡觉好好吃饭好好学习", "gender": "f", "followers_count": 355, "friends_count": 270, "weibo_count": 26201, "created_at": "Sun May 25 18:35:37 +0800 2014", "verified": false, "bi_followers_count": 21, "lang": "zh-cn"}}