{"created_at": "Mon Sep 19 14:26:41 +0800 2022", "id": 4815418931282058, "root_id": 4815418931282058, "text": "[good][good]", "user": {"id": 6439350902, "class": 1, "name": "我甜甜的_", "province": "43", "city": "9", "location": "湖南 益阳", "description": "人出生两次吗？是的。头一次，是在人开始生活的那一天；第二次，则是在萌发爱情的那一天。", "gender": "m", "followers_count": 573, "friends_count": 264, "weibo_count": 496, "created_at": "Fri Dec 29 19:25:34 +0800 2017", "verified": false, "bi_followers_count": 15, "lang": "zh-cn"}}