{"created_at": "Mon Sep 19 14:03:23 +0800 2022", "id": 4815413068432395, "root_id": 4815413068432395, "text": "这孩子甚至还想再往下滑", "user": {"id": 5596895872, "class": 1, "name": "套汉子的马大哈", "province": "41", "city": "16", "location": "河南 周口", "description": "事已至此，先吃饭吧", "gender": "m", "followers_count": 269, "friends_count": 329, "weibo_count": 262, "created_at": "Mon Apr 27 23:31:06 +0800 2015", "verified": false, "bi_followers_count": 50, "lang": "zh-cn"}}