{"created_at": "Mon Sep 19 14:03:15 +0800 2022", "id": 4815413031210697, "root_id": 4815413031210697, "text": "一人血书求下架张翰新剧[泪][泪]看不下去了", "user": {"id": 6065644040, "class": 1, "name": "是一颗软糖怪呀", "province": "44", "city": "4", "location": "广东 珠海", "description": "挂个糊糊群号822312979", "gender": "f", "followers_count": 88, "friends_count": 122, "weibo_count": 339, "created_at": "Mon Nov 07 17:42:02 +0800 2016", "verified": false, "bi_followers_count": 5, "lang": "zh-cn"}}