{"created_at": "Mon Sep 19 14:04:31 +0800 2022", "id": 4815413348670371, "root_id": 4815413348670371, "text": "令人感动的好孩子[中国赞]", "user": {"id": 1768672840, "class": 1, "name": "瑜喜", "province": "22", "city": "1000", "location": "吉林", "description": "多巴胺分泌异常患者………", "gender": "f", "followers_count": 614, "friends_count": 65, "weibo_count": 370, "created_at": "Fri Nov 05 12:14:42 +0800 2010", "verified": true, "bi_followers_count": 47, "lang": "zh-cn"}}