{"created_at": "Mon Sep 19 14:07:26 +0800 2022", "id": 4815414082931597, "root_id": 4815413022295534, "text": "回复@R1xk:新疆人都这么逗比吗[doge]", "user": {"id": 1237885932, "class": 1, "name": "虫子他舅", "province": "100", "city": "1000", "location": "其他", "description": "不需要伪装，在这里我想说什么就说什么!", "gender": "m", "followers_count": 202, "friends_count": 369, "weibo_count": 1491, "created_at": "Wed Apr 11 16:49:45 +0800 2012", "verified": false, "bi_followers_count": 34, "lang": "zh-cn"}}