{"created_at": "Mon Sep 19 14:18:45 +0800 2022", "id": 4815416931648100, "root_id": 4815413030158406, "text": "幸亏遇见的是少年而不是老人", "user": {"id": 1784785553, "class": 1, "name": "伲萧行", "province": "41", "city": "3", "location": "河南 洛阳", "description": "在这样的小城市，冰球是奢侈运动。", "gender": "m", "followers_count": 292, "friends_count": 90, "weibo_count": 2310, "created_at": "Mon Jul 26 21:40:15 +0800 2010", "verified": false, "bi_followers_count": 30, "lang": "zh-cn"}}