{"created_at": "Mon Sep 19 14:23:33 +0800 2022", "id": 4815418139612475, "root_id": 4815418139612475, "text": "[赞][赞]", "user": {"id": 1261102841, "class": 1, "name": "foreverMuse", "province": "400", "city": "1000", "location": "海外", "description": "竞技体育永远第一位 | 二极管/脑残粉/嗑药鸡/洗脑包爱好者退散 | 不掺和任何粉丝团体，别关注我 | 给体圈留点净土吧", "gender": "f", "followers_count": 720, "friends_count": 446, "weibo_count": 12545, "created_at": "Thu Sep 18 15:37:03 +0800 2014", "verified": false, "bi_followers_count": 59, "lang": "zh-cn"}}