{"created_at": "Mon Sep 19 14:16:39 +0800 2022", "id": 4815416402906532, "root_id": 4815413152844569, "text": "回复@梅德没有姐夫:我们小时候一群小孩爬到二楼往下跳，一个接一个，跟下饺子似的，地面上有个干草堆，可草堆下是水泥地啊，跳偏了就要命了[允悲]", "user": {"id": 2086831363, "class": 1, "name": "红妆曼舞", "province": "32", "city": "5", "location": "江苏 苏州", "description": "不介绍", "gender": "f", "followers_count": 110, "friends_count": 36, "weibo_count": 2, "created_at": "Thu Apr 14 19:07:40 +0800 2011", "verified": false, "bi_followers_count": 5, "lang": "zh-cn"}}