{"created_at": "Mon Sep 19 14:22:25 +0800 2022", "id": 4815417857802676, "root_id": 4815413152844569, "text": "回复@宋英豪2021:我们矿上可不一样，都是大卡车[允悲]", "user": {"id": 5546960779, "class": 1, "name": "梅德没有姐夫", "province": "100", "city": "1000", "location": "其他", "description": "商务勿扰，公众号：梅德没姐夫", "gender": "m", "followers_count": 317283, "friends_count": 103, "weibo_count": 1772, "created_at": "Wed May 20 02:17:35 +0800 2015", "verified": true, "bi_followers_count": 17, "lang": "zh-cn"}}