{"created_at": "Mon Sep 19 14:04:38 +0800 2022", "id": 4815413379077244, "root_id": 4815413379077244, "text": "嘉奖是应该得。少年腿应该都擦伤了，有点瘸", "user": {"id": 3203013604, "class": 1, "name": "飘摇的棉花", "province": "34", "city": "8", "location": "安徽 安庆", "description": "~", "gender": "f", "followers_count": 289, "friends_count": 310, "weibo_count": 10527, "created_at": "Mon Feb 25 17:45:56 +0800 2013", "verified": false, "bi_followers_count": 4, "lang": "zh-cn"}}