{"created_at": "Mon Sep 19 14:28:23 +0800 2022", "id": 4815419356221705, "root_id": 4815419356221705, "text": "飞身救男童，少年被表彰。", "user": {"id": 3814822831, "class": 1, "name": "王大学王宗瑞", "province": "51", "city": "1", "location": "四川 成都", "description": "已所不欲，勿施于人。主观努力，客观行亊。不急不躁，抓住时机。", "gender": "m", "followers_count": 2509, "friends_count": 101, "weibo_count": 60701, "created_at": "Tue Sep 24 18:30:52 +0800 2013", "verified": false, "bi_followers_count": 19, "lang": "zh-cn"}}