{"created_at": "Mon Sep 19 14:26:18 +0800 2022", "id": 4815418830883414, "root_id": 4815413068432395, "text": "回复@套汉子的马大哈:下坡，应该是起来时候的惯性", "user": {"id": 1833269513, "class": 1, "name": "要超级努力才可以喔", "province": "100", "city": "1000", "location": "其他", "description": "🍭", "gender": "f", "followers_count": 384, "friends_count": 139, "weibo_count": 248, "created_at": "Mon Oct 18 23:41:18 +0800 2010", "verified": false, "bi_followers_count": 11, "lang": "zh-cn"}}