{"created_at": "Mon Sep 19 14:04:33 +0800 2022", "id": 4815413362295025, "root_id": 4815413362295025, "text": "小朋友棒棒哒！[心][心][心]", "user": {"id": 7452959887, "class": 1, "name": "徐苑XY", "province": "100", "city": "1000", "location": "其他", "description": "佛系女码农一枚！！！", "gender": "f", "followers_count": 19, "friends_count": 67, "weibo_count": 1466, "created_at": "Fri May 08 12:58:21 +0800 2020", "verified": false, "bi_followers_count": 17, "lang": "zh-cn"}}