{"created_at": "Mon Sep 19 14:07:58 +0800 2022", "id": 4815414216887165, "root_id": 4815413022295534, "text": "回复@人类精神病总院:我19年高考(´-ω-`)19年的时候百色有些县的壮族人是能加15、20分的，十分说少了", "user": {"id": 2388062135, "class": 1, "name": "勇猛斗士吾铜", "province": "100", "city": "1000", "location": "其他", "description": "没有深度但有宽度的人，因为胖", "gender": "f", "followers_count": 839, "friends_count": 245, "weibo_count": 8442, "created_at": "Thu Sep 29 13:30:02 +0800 2011", "verified": false, "bi_followers_count": 73, "lang": "zh-cn"}}