{"created_at": "Mon Sep 19 14:29:16 +0800 2022", "id": 4815419581399343, "root_id": 4815413022295534, "text": "回复@人类精神病总院:醒醒，你没有驾照[doge]", "user": {"id": 6417768774, "class": 1, "name": "颜雪姿_", "province": "100", "city": "1000", "location": "其他", "description": "🎵", "gender": "f", "followers_count": 3, "friends_count": 30, "weibo_count": 835, "created_at": "Wed Jan 17 12:20:19 +0800 2018", "verified": false, "bi_followers_count": 0, "lang": "zh-cn"}}