{"created_at": "Mon Sep 19 14:24:28 +0800 2022", "id": 4815418370033807, "root_id": 4815413446445866, "text": "回复@矣凉:这是鼓励其他人不做旁观者，人是第一个少年救的，但其他几个也是热心人。", "user": {"id": 1810476424, "class": 1, "name": "夏盈风", "province": "100", "city": "1000", "location": "其他", "description": "", "gender": "f", "followers_count": 253, "friends_count": 205, "weibo_count": 7586, "created_at": "Sat Sep 11 14:21:27 +0800 2010", "verified": false, "bi_followers_count": 6, "lang": "zh-cn"}}