{"created_at": "Mon Sep 19 14:09:08 +0800 2022", "id": 4815414514943619, "root_id": 4815414514943619, "text": "好样的！为好少年点赞！", "user": {"id": 7748648801, "class": 1, "name": "五菱宏光买旺旺雪饼in", "province": "45", "city": "1000", "location": "广西", "description": "又来看你爹了！儿子真乖！", "gender": "m", "followers_count": 7, "friends_count": 141, "weibo_count": 580, "created_at": "Wed Mar 30 12:06:46 +0800 2022", "verified": false, "bi_followers_count": 0, "lang": "zh-cn"}}