{"created_at": "Mon Sep 19 14:29:26 +0800 2022", "id": 4815419620198516, "root_id": 4815419620198516, "text": "为少年们点赞！也为学校点赞！[good][good][good]", "user": {"id": 2371714217, "class": 1, "name": "墨墨妈11", "province": "11", "city": "1000", "location": "北京", "description": "", "gender": "f", "followers_count": 21, "friends_count": 110, "weibo_count": 1379, "created_at": "Tue Sep 20 16:55:15 +0800 2011", "verified": false, "bi_followers_count": 12, "lang": "zh-cn"}}