{"created_at": "Mon Sep 19 14:08:28 +0800 2022", "id": 4815414343765975, "root_id": 4815414343765975, "text": "不是每一次都这么凑巧啊[泪][泪]", "user": {"id": 3181170011, "class": 1, "name": "波猪i", "province": "44", "city": "3", "location": "广东 深圳", "description": "/ 戴上耳机 世界才会出现 。", "gender": "m", "followers_count": 10770, "friends_count": 583, "weibo_count": 1772, "created_at": "Wed Jan 23 19:49:41 +0800 2013", "verified": true, "bi_followers_count": 587, "lang": "zh-cn"}}