{"created_at": "Mon Sep 19 14:03:03 +0800 2022", "id": 4815412979827925, "root_id": 4815412979827925, "text": "好人一生平安[月亮代表我的心]", "user": {"id": 1763759717, "class": 1, "name": "傲娇傲娇傲娇的Dragon", "province": "44", "city": "1000", "location": "广东", "description": "水彩插画师", "gender": "f", "followers_count": 1408, "friends_count": 380, "weibo_count": 1634, "created_at": "Sun Jun 27 20:52:33 +0800 2010", "verified": true, "bi_followers_count": 132, "lang": "zh-tw"}}