{"created_at": "Mon Sep 19 14:21:39 +0800 2022", "id": 4815417660674981, "root_id": 4815417660674981, "text": "应当把见义勇为，义务劳动都算进中考和高考加分项", "user": {"id": 6170661778, "class": 1, "name": "JamesHexi", "province": "400", "city": "7", "location": "海外 澳大利亚", "description": "", "gender": "m", "followers_count": 5, "friends_count": 326, "weibo_count": 6, "created_at": "Wed Mar 22 02:22:34 +0800 2017", "verified": false, "bi_followers_count": 2, "lang": "zh-cn"}}