{"created_at": "Mon Sep 19 14:14:47 +0800 2022", "id": 4815415932619360, "root_id": 4815415932619360, "text": "我们这的，坡下面就是大路了，车来车往的。 给少年点赞👍", "user": {"id": 1768047481, "class": 1, "name": "透明的小透明-", "province": "45", "city": "10", "location": "广西 百色", "description": "给时间一点时间", "gender": "f", "followers_count": 54, "friends_count": 110, "weibo_count": 105, "created_at": "Sun Jul 04 23:04:00 +0800 2010", "verified": false, "bi_followers_count": 0, "lang": "zh-cn"}}