{"created_at": "Mon Sep 19 14:14:33 +0800 2022", "id": 4815415873900768, "root_id": 4815415873900768, "text": "见义勇为好少年[赞][赞]为勇敢有爱心的少年点赞[赞][赞]", "user": {"id": 7455910910, "class": 1, "name": "热爱可抵岁月漫长向阳而生", "province": "51", "city": "10", "location": "四川 内江", "description": "", "gender": "f", "followers_count": 3947, "friends_count": 3536, "weibo_count": 19248, "created_at": "Thu May 14 19:12:58 +0800 2020", "verified": true, "bi_followers_count": 3222, "lang": "zh-cn"}}