{"created_at": "Mon Sep 19 14:09:08 +0800 2022", "id": 4815414510493144, "root_id": 4815414510493144, "text": "要奖励！这么棒的榜样！[good]", "user": {"id": 2380100214, "class": 1, "name": "旁若无人的冬兒", "province": "31", "city": "12", "location": "上海 闵行区", "description": "对男人无感的女人，只喜欢美女。张云雷铁粉，博君一肖CP粉。", "gender": "f", "followers_count": 499, "friends_count": 461, "weibo_count": 1632, "created_at": "Thu Sep 08 11:11:00 +0800 2011", "verified": true, "bi_followers_count": 36, "lang": "zh-cn"}}