{"created_at": "Mon Sep 19 14:03:36 +0800 2022", "id": 4815413118767487, "root_id": 4815413118767487, "text": "好孩子，要好好褒奖[good][good][good]赞", "user": {"id": 1870407607, "class": 1, "name": "佳佳不是猴子", "province": "42", "city": "1000", "location": "湖北", "description": "彭冠英家的人", "gender": "f", "followers_count": 498, "friends_count": 423, "weibo_count": 3906, "created_at": "Mon Jan 17 09:46:42 +0800 2011", "verified": true, "bi_followers_count": 195, "lang": "zh-cn"}}