{"created_at": "Mon Sep 19 14:07:26 +0800 2022", "id": 4815414087385944, "root_id": 4815414087385944, "text": "毫不犹豫[good][good][good]", "user": {"id": 6582628786, "class": 1, "name": "上海恩三青年发展促进中心", "province": "100", "city": "1000", "location": "其他", "description": "", "gender": "f", "followers_count": 1366, "friends_count": 302, "weibo_count": 13477, "created_at": "Sun Jun 24 15:03:40 +0800 2018", "verified": true, "bi_followers_count": 54, "lang": "zh-cn"}}