{"created_at": "Mon Sep 19 14:31:25 +0800 2022", "id": 4815420118273250, "root_id": 4815420118273250, "text": "很庆幸放任小孩的事中老年人，拦住小孩的是年轻人", "user": {"id": 2950303695, "class": 1, "name": "做好清洁", "province": "100", "city": "1000", "location": "其他", "description": "", "gender": "m", "followers_count": 100, "friends_count": 332, "weibo_count": 317, "created_at": "Sun Sep 16 11:08:11 +0800 2012", "verified": false, "bi_followers_count": 0, "lang": "zh-cn"}}