{"created_at": "Mon Sep 19 14:23:01 +0800 2022", "id": 4815418005131190, "root_id": 4815413022295534, "text": "回复@人类精神病总院:我要笑死了 这层都有责任[哈哈]", "user": {"id": 6430950904, "class": 1, "name": "月野兔00145", "province": "100", "city": "1000", "location": "其他", "description": "", "gender": "f", "followers_count": 26, "friends_count": 180, "weibo_count": 591, "created_at": "Mon Dec 18 14:33:22 +0800 2017", "verified": false, "bi_followers_count": 14, "lang": "zh-cn"}}