{"created_at": "Mon Sep 19 14:28:47 +0800 2022", "id": 4815419456097188, "root_id": 4815413022295534, "text": "回复@人类精神病总院:可以扣你驾照12分吗", "user": {"id": 1994405437, "class": 1, "name": "西兰发炒又片", "province": "44", "city": "1000", "location": "广东", "description": "", "gender": "m", "followers_count": 275, "friends_count": 190, "weibo_count": 592, "created_at": "Sun Feb 27 10:56:16 +0800 2011", "verified": false, "bi_followers_count": 3, "lang": "zh-cn"}}