{"created_at": "Mon Sep 19 14:40:12 +0800 2022", "id": 4815422328671982, "root_id": 4815422328671982, "text": "这个要多宣传[哈哈][哈哈][哈哈]", "user": {"id": 5892239956, "class": 1, "name": "李凡o", "province": "44", "city": "3", "location": "广东 深圳", "description": "但行好事莫问前程", "gender": "m", "followers_count": 454, "friends_count": 395, "weibo_count": 632, "created_at": "Sat Apr 02 22:00:40 +0800 2016", "verified": false, "bi_followers_count": 8, "lang": "zh-cn"}}