{"created_at": "Mon Sep 19 14:14:43 +0800 2022", "id": 4815415915582717, "root_id": 4815413030158406, "text": "回复@医美小卖部-:广东自扣10分[允悲]", "user": {"id": 3949515073, "class": 1, "name": "星空学问", "province": "44", "city": "6", "location": "广东 佛山", "description": "现在的手机没有一块净土了，到处都是广告牌。。。。", "gender": "m", "followers_count": 504, "friends_count": 1402, "weibo_count": 12519, "created_at": "Sun Dec 22 10:19:11 +0800 2013", "verified": false, "bi_followers_count": 20, "lang": "zh-cn"}}