{"created_at": "Mon Sep 19 14:03:14 +0800 2022", "id": 4815413026752216, "root_id": 4815413026752216, "text": "[赞]", "user": {"id": 2995876483, "class": 1, "name": "in_啾星_ni", "province": "100", "city": "1000", "location": "其他", "description": "你是我全部视线的终点，山海间唯热爱无可遮掩。", "gender": "f", "followers_count": 86, "friends_count": 637, "weibo_count": 8722, "created_at": "Thu Oct 11 21:50:21 +0800 2012", "verified": true, "bi_followers_count": 34, "lang": "zh-cn"}}