{"created_at": "Mon Sep 19 14:22:07 +0800 2022", "id": 4815417778375059, "root_id": 4815417778375059, "text": "这幸好有监控，孩子父母也讲理…唉………", "user": {"id": 7399163629, "class": 1, "name": "Mu_过过过", "province": "22", "city": "1000", "location": "吉林", "description": "生活应该是温暖和浪漫的", "gender": "m", "followers_count": 93, "friends_count": 179, "weibo_count": 342, "created_at": "Tue Feb 25 13:49:45 +0800 2020", "verified": false, "bi_followers_count": 14, "lang": "zh-cn"}}