{"created_at": "Mon Sep 19 14:11:00 +0800 2022", "id": 4815414980776100, "root_id": 4815414980776100, "text": "好样的", "user": {"id": 5934424643, "class": 1, "name": "向阳谈期货", "province": "32", "city": "1000", "location": "江苏", "description": "“80%的投资收益，（qsxy519）来自20%的时间”，学会生存", "gender": "m", "followers_count": 15780, "friends_count": 81, "weibo_count": 4027, "created_at": "Mon May 16 10:20:35 +0800 2016", "verified": true, "bi_followers_count": 19, "lang": "zh-cn"}}