{"created_at": "Mon Sep 19 14:08:56 +0800 2022", "id": 4815414461203468, "root_id": 4815414461203468, "text": "[送花花][送花花][送花花]", "user": {"id": 6473504233, "class": 1, "name": "被神明喜欢呢", "province": "50", "city": "1000", "location": "重庆", "description": "真爱没有结界，鱼会亲吻蝴蝶🐟🦋", "gender": "f", "followers_count": 35, "friends_count": 61, "weibo_count": 84, "created_at": "Mon Jan 29 15:52:54 +0800 2018", "verified": false, "bi_followers_count": 3, "lang": "zh-cn"}}