{"created_at": "Mon Sep 19 14:11:02 +0800 2022", "id": 4815414989165350, "root_id": 4815414989165350, "text": "好孩子，还是个帅哥[good][good][good]", "user": {"id": 6215281494, "class": 1, "name": "风过清无痕", "province": "11", "city": "8", "location": "北京 海淀区", "description": "看热闹爱好者，吃瓜群众一枚", "gender": "m", "followers_count": 36, "friends_count": 155, "weibo_count": 2631, "created_at": "Mon Apr 17 19:06:29 +0800 2017", "verified": false, "bi_followers_count": 4, "lang": "zh-cn"}}