{"created_at": "Mon Sep 19 14:09:11 +0800 2022", "id": 4815414523595672, "root_id": 4815414523595672, "text": "好样的[赞][赞][赞]", "user": {"id": 1767349535, "class": 1, "name": "新鲜芒果酱", "province": "43", "city": "1000", "location": "湖南", "description": "🍀、墙头很多随时换，别跑来瞎逼逼。", "gender": "m", "followers_count": 3702, "friends_count": 202, "weibo_count": 6362, "created_at": "Sat Jul 03 20:20:45 +0800 2010", "verified": true, "bi_followers_count": 77, "lang": "zh-tw"}}