{"created_at": "Mon Sep 19 14:17:03 +0800 2022", "id": 4815416502786652, "root_id": 4815416502786652, "text": "好孩子！[鲜花][鲜花][鲜花]", "user": {"id": 1421698645, "class": 1, "name": "江淮牧鸽", "province": "34", "city": "1000", "location": "安徽", "description": "大千世界，无奇不有。稀奇古怪、千姿百态。见怪不怪，见奇不奇，见贤思齐，见义勇为！", "gender": "m", "followers_count": 2243, "friends_count": 1878, "weibo_count": 6111, "created_at": "Sun Feb 12 12:29:58 +0800 2012", "verified": true, "bi_followers_count": 1790, "lang": "zh-cn"}}