{"created_at": "Mon Sep 19 14:23:56 +0800 2022", "id": 4815418235817144, "root_id": 4815413022295534, "text": "回复@人类精神病总院:你有驾照吗。？", "user": {"id": 2502430773, "class": 1, "name": "请叫我冠军哥哥", "province": "51", "city": "1000", "location": "四川", "description": "工欲善其事，必先利其器。", "gender": "m", "followers_count": 213, "friends_count": 207, "weibo_count": 391, "created_at": "Wed Nov 30 19:28:02 +0800 2011", "verified": false, "bi_followers_count": 76, "lang": "zh-cn"}}