{"created_at": "Mon Sep 19 14:05:54 +0800 2022", "id": 4815413698104929, "root_id": 4815413698104929, "text": "少年英雄[赞]真的眼疾手快[赞]", "user": {"id": 6642459640, "class": 1, "name": "你猜我的微博仅自己可见了吗", "province": "11", "city": "2", "location": "北京 西城区", "description": "话唠请慎关  爱追剧追综艺看电影 爱分享喜欢的音乐 爱发感想 偶尔也吐槽", "gender": "f", "followers_count": 29, "friends_count": 132, "weibo_count": 6034, "created_at": "Fri Aug 17 20:13:42 +0800 2018", "verified": false, "bi_followers_count": 1, "lang": "zh-cn"}}