{"created_at": "Mon Sep 19 14:04:44 +0800 2022", "id": 4815413408695699, "root_id": 4815413408695699, "text": "点赞少年[赞][赞]", "user": {"id": 7734046300, "class": 1, "name": "周末德凯", "province": "44", "city": "1000", "location": "广东", "description": "我的名字是哈乃2，很高兴认识你！", "gender": "f", "followers_count": 35, "friends_count": 29, "weibo_count": 122, "created_at": "Thu Jan 06 23:27:03 +0800 2022", "verified": false, "bi_followers_count": 1, "lang": "zh-cn"}}