{"created_at": "Mon Sep 19 14:28:32 +0800 2022", "id": 4815419397899551, "root_id": 4815419397899551, "text": "有正义感的少年！为这位少年点赞！！！", "user": {"id": 6037061644, "class": 1, "name": "洛希1823", "province": "41", "city": "13", "location": "河南 南阳", "description": "当颗星星，有棱有角，还会发光", "gender": "f", "followers_count": 7, "friends_count": 176, "weibo_count": 405, "created_at": "Mon Oct 03 13:54:35 +0800 2016", "verified": false, "bi_followers_count": 7, "lang": "zh-cn"}}