{"created_at": "Mon Sep 19 14:07:51 +0800 2022", "id": 4815414187528567, "root_id": 4815413068432395, "text": "回复@套汉子的马大哈:不是他想，是还在坡上控制不住", "user": {"id": 6185146508, "class": 1, "name": "没练出腹肌绝不改名", "province": "400", "city": "2", "location": "海外 英国", "description": "八成是网络毒瘤吧", "gender": "f", "followers_count": 27, "friends_count": 286, "weibo_count": 683, "created_at": "Thu Mar 23 08:42:10 +0800 2017", "verified": false, "bi_followers_count": 4, "lang": "zh-cn"}}