{"created_at": "Mon Sep 19 14:23:44 +0800 2022", "id": 4815418186010535, "root_id": 4815418186010535, "text": "转发微博", "user": {"id": 5718533799, "class": 1, "name": "诗人苏雅", "province": "32", "city": "1000", "location": "江苏", "description": "我的原创，我的世界，我的心💪", "gender": "f", "followers_count": 15467, "friends_count": 5498, "weibo_count": 162510, "created_at": "Tue Oct 06 06:25:53 +0800 2015", "verified": true, "bi_followers_count": 5200, "lang": "zh-cn"}}