{"created_at": "Mon Sep 19 14:36:47 +0800 2022", "id": 4815421469102696, "root_id": 4815421469102696, "text": "棒", "user": {"id": 6578945792, "class": 1, "name": "奶茶喝五分糖", "province": "44", "city": "1000", "location": "广东", "description": "永远浪漫，我的不吝，我的Charlene💞", "gender": "f", "followers_count": 1033, "friends_count": 106, "weibo_count": 3170, "created_at": "Wed Jun 20 00:42:13 +0800 2018", "verified": true, "bi_followers_count": 55, "lang": "zh-cn"}}