{"created_at": "Mon Sep 19 14:19:22 +0800 2022", "id": 4815417086314074, "root_id": 4815413022295534, "text": "回复@人类精神病总院:@朝阳区金城武", "user": {"id": 1858307020, "class": 1, "name": "什么都有Zhang", "province": "61", "city": "1", "location": "陕西 西安", "description": "", "gender": "f", "followers_count": 794, "friends_count": 198, "weibo_count": 877, "created_at": "Tue Oct 19 14:06:05 +0800 2010", "verified": false, "bi_followers_count": 62, "lang": "zh-cn"}}