{"created_at": "Mon Sep 19 14:08:59 +0800 2022", "id": 4815414473789253, "root_id": 4815414473789253, "text": "点赞👍🏻", "user": {"id": 6483015856, "class": 1, "name": "NomiMeMe糯米和妹妹", "province": "400", "city": "1000", "location": "海外", "description": "I’m always here for ya! 😘", "gender": "f", "followers_count": 561, "friends_count": 421, "weibo_count": 2575, "created_at": "Sat Feb 10 01:13:59 +0800 2018", "verified": true, "bi_followers_count": 291, "lang": "zh-cn"}}