{"created_at": "Mon Sep 19 14:21:21 +0800 2022", "id": 4815417585697869, "root_id": 4815413152844569, "text": "回复@梅德没有姐夫:小时候汽车没那么多，滑下来减速也还好。现在车多，很危险了。", "user": {"id": 5529798000, "class": 1, "name": "宋英豪2021", "province": "100", "city": "1000", "location": "其他", "description": "", "gender": "m", "followers_count": 0, "friends_count": 16, "weibo_count": 1, "created_at": "Thu Feb 19 23:30:56 +0800 2015", "verified": false, "bi_followers_count": 0, "lang": "zh-cn"}}