{"created_at": "Mon Sep 19 14:35:02 +0800 2022", "id": 4815421029223476, "root_id": 4815421029223476, "text": "平均主义[汗][汗]", "user": {"id": 1500830507, "class": 1, "name": "喜杨杨---浦东", "province": "31", "city": "15", "location": "上海 浦东新区", "description": "不相信：没有完成不了的任务！没有克服不了困难！没有战胜不了的敌人！", "gender": "m", "followers_count": 307, "friends_count": 99, "weibo_count": 1, "created_at": "Sat Aug 06 18:11:22 +0800 2011", "verified": false, "bi_followers_count": 8, "lang": "zh-cn"}}