{"created_at": "Mon Sep 19 14:14:37 +0800 2022", "id": 4815415895916964, "root_id": 4815415895916964, "text": "[心]", "user": {"id": 1256528170, "class": 1, "name": "惊蛰芽", "province": "12", "city": "1", "location": "天津 和平区", "description": "浅谈英格兰女足、浦浦女足。记录她们的点点滴滴。", "gender": "m", "followers_count": 395, "friends_count": 85, "weibo_count": 3135, "created_at": "Fri Aug 26 13:09:03 +0800 2011", "verified": true, "bi_followers_count": 40, "lang": "zh-cn"}}