{"created_at": "Mon Sep 19 14:07:59 +0800 2022", "id": 4815414226322855, "root_id": 4815414226322855, "text": "好少年~", "user": {"id": 5529257379, "class": 1, "name": "花有清香玥有音", "province": "11", "city": "1000", "location": "北京", "description": "有趣的灵魂，心有天空，微笑生活。", "gender": "f", "followers_count": 296, "friends_count": 321, "weibo_count": 1375, "created_at": "Thu Feb 19 22:25:36 +0800 2015", "verified": false, "bi_followers_count": 185, "lang": "zh-cn"}}