{"created_at": "Mon Sep 19 14:16:46 +0800 2022", "id": 4815416431744209, "root_id": 4815413030158406, "text": "回复@医美小卖部-:了解一下现在小孩子用的东西吧[允悲][允悲]玩具车子衣服鞋子都带灯光", "user": {"id": 3700292504, "class": 1, "name": "难织双飞燕", "province": "37", "city": "13", "location": "山东 临沂", "description": "珍惜现在所拥有的，也许下一秒就不再属于你。", "gender": "f", "followers_count": 61, "friends_count": 85, "weibo_count": 1832, "created_at": "Wed Feb 26 15:21:52 +0800 2014", "verified": false, "bi_followers_count": 9, "lang": "zh-cn"}}