{"created_at": "Mon Sep 19 14:13:58 +0800 2022", "id": 4815415728145561, "root_id": 4815413022295534, "text": "回复@人类精神病总院:@CaiCai-7 哈哈哈哈哈哈哈哈哈", "user": {"id": 6083942898, "class": 1, "name": "是叫小玉嗎", "province": "100", "city": "1000", "location": "其他", "description": "沟通困难就接吻", "gender": "f", "followers_count": 40, "friends_count": 131, "weibo_count": 44, "created_at": "Fri Dec 16 14:10:24 +0800 2016", "verified": false, "bi_followers_count": 5, "lang": "zh-cn"}}