{"created_at": "Mon Sep 19 14:07:18 +0800 2022", "id": 4815414049639795, "root_id": 4815413068432395, "text": "回复@套汉子的马大哈:不仅要表彰救人少年，至少还要批评熊孩子或者冒失家长", "user": {"id": 5574547510, "class": 1, "name": "保护我方特拉仔", "province": "32", "city": "2", "location": "江苏 无锡", "description": "别日我wb 妈的爬坑爬了一年没爬掉", "gender": "f", "followers_count": 370, "friends_count": 480, "weibo_count": 761, "created_at": "Fri Mar 27 21:00:31 +0800 2015", "verified": false, "bi_followers_count": 118, "lang": "zh-cn"}}