{"created_at": "Mon Sep 19 14:23:11 +0800 2022", "id": 4815418046289540, "root_id": 4815418046289540, "text": "玩的好好的 干嘛拦着我", "user": {"id": 1812074621, "class": 1, "name": "于泳傑", "province": "23", "city": "7", "location": "黑龙江 伊春", "description": "高级教师资格证持有者", "gender": "m", "followers_count": 4280, "friends_count": 588, "weibo_count": 851, "created_at": "Sun Sep 05 18:19:41 +0800 2010", "verified": true, "bi_followers_count": 103, "lang": "zh-cn"}}