{"created_at": "Mon Sep 19 14:07:35 +0800 2022", "id": 4815414120943025, "root_id": 4815414120943025, "text": "好孩子，好样的[赞]", "user": {"id": 5780900892, "class": 1, "name": "是今天也要早睡啊", "province": "42", "city": "1000", "location": "湖北", "description": "一个没脱离低级趣味的人", "gender": "f", "followers_count": 1, "friends_count": 29, "weibo_count": 362, "created_at": "Fri Dec 04 10:35:59 +0800 2015", "verified": false, "bi_followers_count": 1, "lang": "zh-cn"}}