{"created_at": "Mon Sep 19 14:04:06 +0800 2022", "id": 4815413244593852, "root_id": 4815413244593852, "text": "[good]", "user": {"id": 6743939542, "class": 1, "name": "九凰沐晴", "province": "100", "city": "1000", "location": "其他", "description": "人不犯我，我不犯人，人若犯我，我犯死你", "gender": "f", "followers_count": 10, "friends_count": 82, "weibo_count": 1072, "created_at": "Fri Oct 05 12:18:27 +0800 2018", "verified": false, "bi_followers_count": 2, "lang": "zh-cn"}}