{"created_at": "Mon Sep 19 14:10:41 +0800 2022", "id": 4815414904750560, "root_id": 4815414904750560, "text": "河南南阳对深圳回乡一刀切，不区分区域，低风险要和中高风险一块去酒店隔离，且自费，这个问题谁能解决？@健康中国 @央视新闻 @河南省卫生健康委", "user": {"id": 2397674924, "class": 1, "name": "齐的向日葵", "province": "400", "city": "7", "location": "海外 澳大利亚", "description": "蹦擦擦蹦擦擦蹦～～～擦擦", "gender": "f", "followers_count": 171, "friends_count": 105, "weibo_count": 50, "created_at": "Thu Sep 15 19:42:55 +0800 2011", "verified": false, "bi_followers_count": 42, "lang": "zh-cn"}}