{"created_at": "Mon Sep 19 14:42:08 +0800 2022", "id": 4815422819926752, "root_id": 4815422819926752, "text": "善良的孩子[good]", "user": {"id": 7713253605, "class": 1, "name": "若离Nadia", "province": "37", "city": "8", "location": "山东 济宁", "description": "摩登兄弟刘宇宁的灵魂粉，爱写zqsg的小作文。✨", "gender": "f", "followers_count": 5, "friends_count": 61, "weibo_count": 232, "created_at": "Thu Oct 14 22:32:12 +0800 2021", "verified": false, "bi_followers_count": 4, "lang": "zh-cn"}}