{"created_at": "Mon Sep 19 14:19:26 +0800 2022", "id": 4815417102571135, "root_id": 4815413030158406, "text": "回复@医美小卖部-:兄弟，那是车轮的彩灯[doge]", "user": {"id": 2614199551, "class": 1, "name": "司徒南先生", "province": "35", "city": "1000", "location": "福建", "description": "给我点赞的人，后来都好运了！", "gender": "m", "followers_count": 129903, "friends_count": 45, "weibo_count": 1933, "created_at": "Sun Feb 12 17:57:28 +0800 2012", "verified": true, "bi_followers_count": 8, "lang": "zh-cn"}}