{"created_at": "Mon Sep 19 14:10:04 +0800 2022", "id": 4815414745893696, "root_id": 4815414745893696, "text": "聋哑大爷的后续呢？  没有颁奖？  [黑线]", "user": {"id": 5940853772, "class": 1, "name": "往昔awk", "province": "12", "city": "4", "location": "天津 南开区", "description": "幽默", "gender": "m", "followers_count": 102, "friends_count": 236, "weibo_count": 86, "created_at": "Fri May 27 19:13:50 +0800 2016", "verified": false, "bi_followers_count": 4, "lang": "zh-cn"}}