{"created_at": "Mon Sep 19 14:10:36 +0800 2022", "id": 4815414880111174, "root_id": 4815414880111174, "text": "duan断送了一个玩极限运动的娃[允悲]", "user": {"id": 6878232473, "class": 1, "name": "contax宇宙第一", "province": "81", "city": "1", "location": "香港 其他", "description": "祖国是母亲，我对自己妈抱怨几句也未尝不可吧，顶顶嘴而已啦", "gender": "m", "followers_count": 12, "friends_count": 31, "weibo_count": 22, "created_at": "Sat Dec 08 22:43:55 +0800 2018", "verified": false, "bi_followers_count": 0, "lang": "zh-cn"}}