{"created_at": "Mon Sep 19 14:03:12 +0800 2022", "id": 4815413018103631, "root_id": 4815413018103631, "text": "[good]", "user": {"id": 3839405611, "class": 1, "name": "堕入凡间的女神smile", "province": "100", "city": "1000", "location": "其他", "description": "那时我们有梦，关于文学，关于爱情，关于穿越世界的旅行。如今我们深夜饮酒，杯子碰到一起，都是梦破碎的声音。", "gender": "f", "followers_count": 139, "friends_count": 41, "weibo_count": 195, "created_at": "Mon Oct 07 21:30:28 +0800 2013", "verified": false, "bi_followers_count": 10, "lang": "zh-cn"}}