{"created_at": "Mon Sep 19 14:05:06 +0800 2022", "id": 4815413495466923, "root_id": 4815413495466923, "text": "为什么在广西，却是深圳校服[允悲]", "user": {"id": 6718142225, "class": 1, "name": "你该努力了23333", "province": "44", "city": "3", "location": "广东 深圳", "description": "懒癌孤独患者", "gender": "m", "followers_count": 13, "friends_count": 111, "weibo_count": 121, "created_at": "Sat Sep 22 20:43:40 +0800 2018", "verified": false, "bi_followers_count": 10, "lang": "zh-cn"}}