{"created_at": "Mon Sep 19 14:05:47 +0800 2022", "id": 4815413667695206, "root_id": 4815413667695206, "text": "#贵阳通报向全社会作出诚恳道歉#", "user": {"id": 1785567082, "class": 1, "name": "asdfghj145517", "province": "15", "city": "1000", "location": "内蒙古", "description": "美丽心情。", "gender": "f", "followers_count": 531, "friends_count": 987, "weibo_count": 2961, "created_at": "Tue Aug 03 01:29:04 +0800 2010", "verified": false, "bi_followers_count": 27, "lang": "zh-cn"}}