{"created_at": "Mon Sep 19 14:03:02 +0800 2022", "id": 4815412980089362, "root_id": 4815412850070262, "text": "回复@狂奔的狗蛋儿:没毛病[允悲]", "user": {"id": 3085402971, "class": 1, "name": "青岛港crypto小毛睿", "province": "37", "city": "2", "location": "山东 青岛", "description": "人呢，悲喜自渡，他人难悟", "gender": "m", "followers_count": 1595, "friends_count": 301, "weibo_count": 226, "created_at": "Wed Oct 31 17:47:46 +0800 2012", "verified": false, "bi_followers_count": 37, "lang": "zh-cn"}}