{"created_at": "Mon Sep 19 14:02:49 +0800 2022", "id": 4815412921638264, "root_id": 4815412921638264, "text": "好样的！为好少年点赞！", "user": {"id": 6134442031, "class": 1, "name": "LI辰晨", "province": "41", "city": "1000", "location": "河南", "description": "I have always been with you @张佳宁", "gender": "f", "followers_count": 5643, "friends_count": 161, "weibo_count": 463, "created_at": "Tue Feb 07 11:18:25 +0800 2017", "verified": true, "bi_followers_count": 54, "lang": "zh-cn"}}