{"created_at": "Mon Sep 19 14:04:14 +0800 2022", "id": 4815413278152212, "root_id": 4815413278152212, "text": "少年好样的", "user": {"id": 2935818123, "class": 1, "name": "乌托邦主义_", "province": "11", "city": "1000", "location": "北京", "description": "～只认王一博  ❌多担❌任何cp！！！", "gender": "m", "followers_count": 641, "friends_count": 183, "weibo_count": 26785, "created_at": "Fri Aug 14 14:06:43 +0800 2015", "verified": false, "bi_followers_count": 3, "lang": "zh-cn"}}