{"created_at": "Mon Sep 19 14:18:35 +0800 2022", "id": 4815416889969065, "root_id": 4815416889969065, "text": "#少年飞身挡住滑板救下男童#  建议这种好人好事，见义勇为多上热搜", "user": {"id": 5579645055, "class": 1, "name": "留小羊啊", "province": "21", "city": "1000", "location": "辽宁", "description": "强大到拥有真正的选择权", "gender": "f", "followers_count": 160, "friends_count": 385, "weibo_count": 1125, "created_at": "Sun Apr 05 18:40:44 +0800 2015", "verified": false, "bi_followers_count": 34, "lang": "zh-cn"}}