{"created_at": "Mon Sep 19 14:04:06 +0800 2022", "id": 4815413244334810, "root_id": 4815412921638264, "text": "回复@LI辰晨:想用脚但是来不及了，还是用手稳妥", "user": {"id": 7521933884, "class": 1, "name": "日月遗忘老夏天", "province": "100", "city": "1000", "location": "其他", "description": "做一个洒脱直率的人，不必在意那些小丑的攻击，因为难受的是你们，不是我", "gender": "m", "followers_count": 43, "friends_count": 18, "weibo_count": 0, "created_at": "Fri Nov 13 11:21:07 +0800 2020", "verified": false, "bi_followers_count": 3, "lang": "zh-cn"}}