{"created_at": "Mon Sep 19 14:27:53 +0800 2022", "id": 4815419229606253, "root_id": 4815413152844569, "text": "回复@梅德没有姐夫:命好[doge]", "user": {"id": 5670457358, "class": 1, "name": "约德尔喵星人zZ", "province": "100", "city": "1000", "location": "其他", "description": "约德尔战场～", "gender": "f", "followers_count": 113, "friends_count": 197, "weibo_count": 750, "created_at": "Wed Aug 26 16:54:25 +0800 2015", "verified": false, "bi_followers_count": 17, "lang": "zh-cn"}}