{"created_at": "Mon Sep 19 14:06:09 +0800 2022", "id": 4815413760497828, "root_id": 4815413760497828, "text": "点赞！", "user": {"id": 2937432867, "class": 1, "name": "我要和霞姐做姐妹a2", "province": "32", "city": "2", "location": "江苏 无锡", "description": "我遇见我！我遇见你！ 遇见最好的你！遇见你变成最好的我！", "gender": "f", "followers_count": 13, "friends_count": 291, "weibo_count": 358, "created_at": "Mon Sep 03 10:59:51 +0800 2012", "verified": false, "bi_followers_count": 11, "lang": "zh-cn"}}