{"created_at": "Mon Sep 19 14:41:35 +0800 2022", "id": 4815422678109142, "root_id": 4815422678109142, "text": "这样的17岁少年值得点赞[666]", "user": {"id": 7757813704, "class": 1, "name": "霁暝疏雨", "province": "51", "city": "16", "location": "四川 广安", "description": "晋江预备签约作者 决战平安京菜鸟级别啥都不会玩家 B站N流up主 混迹OPL各个比赛的电竞少女 各个平台ID均为“霁暝疏雨” 顺手点个关注吧！", "gender": "f", "followers_count": 15, "friends_count": 19, "weibo_count": 30, "created_at": "Sat May 14 16:20:37 +0800 2022", "verified": false, "bi_followers_count": 2, "lang": "zh-cn"}}