{"created_at": "Mon Sep 19 14:04:48 +0800 2022", "id": 4815413419973896, "root_id": 4815413030158406, "text": "回复@医美小卖部-:[允悲]那是滑板的彩灯吧", "user": {"id": 2139235692, "class": 1, "name": "黎知与温老伯", "province": "62", "city": "1", "location": "甘肃 兰州", "description": "", "gender": "f", "followers_count": 8, "friends_count": 46, "weibo_count": 108, "created_at": "Mon Jul 28 00:20:13 +0800 2014", "verified": false, "bi_followers_count": 0, "lang": "zh-cn"}}