{"created_at": "Mon Sep 19 14:05:01 +0800 2022", "id": 4815413478686757, "root_id": 4815413030158406, "text": "回复@医美小卖部-:[允悲]那是灯光……", "user": {"id": 5690316764, "class": 1, "name": "落云之木", "province": "51", "city": "1000", "location": "四川", "description": "一个过气的透明写手。", "gender": "f", "followers_count": 10888, "friends_count": 209, "weibo_count": 508, "created_at": "Mon Aug 31 21:48:03 +0800 2015", "verified": true, "bi_followers_count": 171, "lang": "zh-cn"}}