{"created_at": "Mon Sep 19 14:04:10 +0800 2022", "id": 4815413261898910, "root_id": 4815413261898910, "text": "多亏了这个勇敢的少年 要不然小娃娃滑下去后果不敢想象 为勇敢的少年点赞[鼓掌]", "user": {"id": 7469135578, "class": 1, "name": "越野大兔cheese", "province": "11", "city": "1000", "location": "北京", "description": "多喜乐 长安宁", "gender": "f", "followers_count": 72, "friends_count": 96, "weibo_count": 504, "created_at": "Mon Jun 08 23:29:10 +0800 2020", "verified": true, "bi_followers_count": 67, "lang": "zh-cn"}}