{"created_at": "Mon Sep 19 14:13:14 +0800 2022", "id": 4815415543599340, "root_id": 4815415543599340, "text": "为什么我觉得小孩子还想继续再滑一次的[笑cry][笑cry][笑cry][笑cry]", "user": {"id": 1519085602, "class": 1, "name": "chochochan", "province": "44", "city": "6", "location": "广东 佛山", "description": "chocho ['tʃəʊtʃəʊ] n.佛手瓜(或其果实)", "gender": "f", "followers_count": 345, "friends_count": 737, "weibo_count": 3385, "created_at": "Sun Jun 06 22:11:20 +0800 2010", "verified": false, "bi_followers_count": 135, "lang": "zh-cn"}}