{"created_at": "Mon Sep 19 14:21:48 +0800 2022", "id": 4815417698160214, "root_id": 4815417698160214, "text": "真的是好孩子啊[抱一抱][抱一抱]", "user": {"id": 5867611190, "class": 1, "name": "悠悅晴風", "province": "100", "city": "1000", "location": "其他", "description": "少事，少務，少語 ，多看，多做，多聽", "gender": "f", "followers_count": 806, "friends_count": 935, "weibo_count": 4092, "created_at": "Thu Feb 25 16:50:37 +0800 2016", "verified": false, "bi_followers_count": 723, "lang": "zh-cn"}}