{"created_at": "Mon Sep 19 14:10:57 +0800 2022", "id": 4815414968714775, "root_id": 4815414968714775, "text": "少年好样的👏", "user": {"id": 2322656180, "class": 1, "name": "白日梦予我-", "province": "44", "city": "1000", "location": "广东", "description": "路要朝前走，人往未来看。", "gender": "f", "followers_count": 1513, "friends_count": 434, "weibo_count": 6776, "created_at": "Fri Aug 19 15:37:17 +0800 2011", "verified": false, "bi_followers_count": 99, "lang": "zh-cn"}}