{"created_at": "Mon Sep 19 14:03:00 +0800 2022", "id": 4815412966988035, "root_id": 4815412966988035, "text": "勇敢少年[心]为他点赞👍", "user": {"id": 2238703082, "class": 1, "name": "猫猫and毛线团", "province": "31", "city": "1000", "location": "上海", "description": "尊重别人就是尊重你自己。", "gender": "f", "followers_count": 26, "friends_count": 423, "weibo_count": 7341, "created_at": "Mon Jul 11 00:36:46 +0800 2011", "verified": false, "bi_followers_count": 4, "lang": "zh-cn"}}