{"created_at": "Mon Sep 19 14:03:13 +0800 2022", "id": 4815413021513260, "root_id": 4815413021513260, "text": "[心]", "user": {"id": 6019702414, "class": 1, "name": "蓝白梦2022", "province": "100", "city": "1000", "location": "其他", "description": "【勇敢点~】为马龙加油，为阿根廷呐喊，20212022等你。", "gender": "m", "followers_count": 65, "friends_count": 159, "weibo_count": 14828, "created_at": "Mon Sep 12 01:23:25 +0800 2016", "verified": false, "bi_followers_count": 0, "lang": "zh-cn"}}