{"created_at": "Mon Sep 19 14:03:14 +0800 2022", "id": 4815413030158406, "root_id": 4815413030158406, "text": "滑板火花都出来了，还好被少年拦住，不然后果不堪设想", "user": {"id": 6636880356, "class": 1, "name": "医美小卖部-", "province": "43", "city": "1000", "location": "湖南", "description": "你今天睡觉了吗", "gender": "f", "followers_count": 1197, "friends_count": 355, "weibo_count": 191, "created_at": "Thu Aug 16 00:22:40 +0800 2018", "verified": false, "bi_followers_count": 17, "lang": "zh-cn"}}