{"created_at": "Mon Sep 19 14:04:13 +0800 2022", "id": 4815413273692157, "root_id": 4815413273692157, "text": "点赞[赞][赞]", "user": {"id": 7091830091, "class": 1, "name": "番茄酥肉饭-", "province": "51", "city": "1000", "location": "四川", "description": "番茄酥肉饭真的很好吃（没给广告费）", "gender": "m", "followers_count": 1079, "friends_count": 914, "weibo_count": 8668, "created_at": "Sun Apr 21 17:14:27 +0800 2019", "verified": true, "bi_followers_count": 519, "lang": "zh-cn"}}