{"created_at": "Mon Sep 19 14:04:02 +0800 2022", "id": 4815413228342743, "root_id": 4815413228342743, "text": "值得表扬", "user": {"id": 7334753230, "class": 1, "name": "乎乎正在冲浪", "province": "33", "city": "1000", "location": "浙江", "description": "暖暖＆杨玉环双推 偶尔会整活  不追⭐ 哦", "gender": "m", "followers_count": 908, "friends_count": 205, "weibo_count": 516, "created_at": "Sat Nov 09 20:51:30 +0800 2019", "verified": true, "bi_followers_count": 98, "lang": "zh-cn"}}