{"created_at": "Mon Sep 19 14:03:52 +0800 2022", "id": 4815413185878857, "root_id": 4815413185878857, "text": "为少年点赞[赞]", "user": {"id": 7277614723, "class": 1, "name": "镇车", "province": "44", "city": "17", "location": "广东 阳江", "description": "走自己的路，让别人说去吧", "gender": "f", "followers_count": 398, "friends_count": 1091, "weibo_count": 1256, "created_at": "Fri Aug 09 16:56:47 +0800 2019", "verified": false, "bi_followers_count": 277, "lang": "zh-cn"}}