{"created_at": "Mon Sep 19 14:34:44 +0800 2022", "id": 4815420953201941, "root_id": 4815413022295534, "text": "回复@人类精神病总院:如果你换个名字，可能我就信了[doge]", "user": {"id": 3470774622, "class": 1, "name": "梨花控mmmmm-", "province": "32", "city": "5", "location": "江苏 苏州", "description": "💕追剧+磕颜 不磕真人CP💕", "gender": "f", "followers_count": 3297, "friends_count": 106, "weibo_count": 9541, "created_at": "Thu May 16 13:15:40 +0800 2013", "verified": true, "bi_followers_count": 81, "lang": "zh-cn"}}