{"created_at": "Mon Sep 19 14:15:38 +0800 2022", "id": 4815416146265253, "root_id": 4815416146265253, "text": "好好少年", "user": {"id": 6315470111, "class": 1, "name": "想与梦想一起飞", "province": "100", "city": "1000", "location": "其他", "description": "一只有梦想的种花家的兔子🐰", "gender": "f", "followers_count": 42, "friends_count": 301, "weibo_count": 3725, "created_at": "Wed Jul 12 12:28:42 +0800 2017", "verified": false, "bi_followers_count": 0, "lang": "zh-cn"}}