{"created_at": "Mon Sep 19 14:03:39 +0800 2022", "id": 4815413131087905, "root_id": 4815413131087905, "text": "少年强[抱一抱]", "user": {"id": 6346632519, "class": 1, "name": "白6拜", "province": "400", "city": "1", "location": "海外 美国", "description": "即刻起，为梦想奋斗，让今天的梦想成为明天的现实", "gender": "f", "followers_count": 76, "friends_count": 900, "weibo_count": 278, "created_at": "Fri Aug 18 20:23:20 +0800 2017", "verified": false, "bi_followers_count": 6, "lang": "zh-cn"}}