{"created_at": "Mon Sep 19 14:25:30 +0800 2022", "id": 4815418634011769, "root_id": 4815418634011769, "text": "有没有发现小孩是故意从上面滑下来的，那个男生拉他，他还不愿意呢[笑cry]，还想往前跑", "user": {"id": 5857963859, "class": 1, "name": "hi果冻", "province": "37", "city": "1", "location": "山东 济南", "description": "", "gender": "f", "followers_count": 55, "friends_count": 75, "weibo_count": 70, "created_at": "Sun Feb 14 01:18:45 +0800 2016", "verified": false, "bi_followers_count": 2, "lang": "zh-cn"}}