{"created_at": "Mon Sep 19 14:14:03 +0800 2022", "id": 4815415748071900, "root_id": 4815415748071900, "text": "[good][good][good]", "user": {"id": 2364459567, "class": 1, "name": "猪猪是双鱼座", "province": "100", "city": "1000", "location": "其他", "description": "心里藏着小星星✨，生活才能亮晶晶。", "gender": "f", "followers_count": 187, "friends_count": 123, "weibo_count": 249, "created_at": "Sat Sep 17 09:57:03 +0800 2011", "verified": true, "bi_followers_count": 63, "lang": "zh-cn"}}