{"created_at": "Mon Sep 19 14:04:06 +0800 2022", "id": 4815413243806903, "root_id": 4815413030158406, "text": "回复@医美小卖部-:那是灯[笑cry]", "user": {"id": 6596432341, "class": 1, "name": "柳亭侯公子", "province": "31", "city": "15", "location": "上海 浦东新区", "description": "重症心无力患者", "gender": "m", "followers_count": 244, "friends_count": 92, "weibo_count": 295, "created_at": "Mon Jul 09 22:34:50 +0800 2018", "verified": false, "bi_followers_count": 4, "lang": "zh-cn"}}