{"created_at": "Mon Sep 19 14:04:23 +0800 2022", "id": 4815413316159727, "root_id": 4815413316159727, "text": "wow，好帅！给帅气弟弟赞一个！", "user": {"id": 6120739185, "class": 1, "name": "_白衣拂雪", "province": "37", "city": "2", "location": "山东 青岛", "description": "既有自己做情人，何必费心劳力爱世人", "gender": "f", "followers_count": 91, "friends_count": 417, "weibo_count": 61, "created_at": "Mon Jan 30 19:55:36 +0800 2017", "verified": false, "bi_followers_count": 18, "lang": "zh-cn"}}