{"created_at": "Mon Sep 19 14:03:44 +0800 2022", "id": 4815413152844569, "root_id": 4815413152844569, "text": "这么小的小孩，这么大的坡，心真大[允悲]不过我们矿也都是这种大坡，小时候也不知道咋活下来的", "user": {"id": 5546960779, "class": 1, "name": "梅德没有姐夫", "province": "100", "city": "1000", "location": "其他", "description": "商务勿扰，公众号：梅德没姐夫", "gender": "m", "followers_count": 317283, "friends_count": 103, "weibo_count": 1772, "created_at": "Wed May 20 02:17:35 +0800 2015", "verified": true, "bi_followers_count": 17, "lang": "zh-cn"}}