{"created_at": "Mon Sep 19 14:36:32 +0800 2022", "id": 4815421406189212, "root_id": 4815421406189212, "text": "好英勇的少年[赞]", "user": {"id": 7609025620, "class": 1, "name": "为了深深注册微博的生米", "province": "400", "city": "10", "location": "海外 马来西亚", "description": "喜欢听深深的歌，想要支持深深才来这里的...", "gender": "f", "followers_count": 1, "friends_count": 40, "weibo_count": 236, "created_at": "Fri May 14 09:45:38 +0800 2021", "verified": false, "bi_followers_count": 0, "lang": "zh-cn"}}