{"created_at": "Mon Sep 19 14:02:37 +0800 2022", "id": 4815412870781089, "root_id": 4815412870781089, "text": "为少年点赞，这一下真的好帅！", "user": {"id": 7732701943, "class": 1, "name": "芝芝奶包乐", "province": "11", "city": "5", "location": "北京 朝阳区", "description": "挣扎，只看好的", "gender": "m", "followers_count": 1429, "friends_count": 466, "weibo_count": 3313, "created_at": "Sat Jan 08 19:53:19 +0800 2022", "verified": false, "bi_followers_count": 165, "lang": "zh-cn"}}