{"created_at": "Mon Sep 19 14:13:35 +0800 2022", "id": 4815415631416214, "root_id": 4815413022295534, "text": "回复@人类精神病总院:哈哈被你整破防了[允悲]", "user": {"id": 3084848543, "class": 1, "name": "我爱吃红烧肉和水果", "province": "100", "city": "1000", "location": "其他", "description": "永远相信 美好的事情 即将发生", "gender": "f", "followers_count": 120, "friends_count": 1994, "weibo_count": 2301, "created_at": "Fri Nov 02 21:03:19 +0800 2012", "verified": false, "bi_followers_count": 7, "lang": "zh-cn"}}