{"created_at": "Mon Sep 19 14:03:16 +0800 2022", "id": 4815413035404289, "root_id": 4815412850070262, "text": "有海外狗什么事儿[二哈]", "user": {"id": 2663357251, "class": 1, "name": "小小小糊涂糊涂神", "province": "100", "city": "1000", "location": "其他", "description": "自干五，专骂SB汉奸卖国贼，请勿关注。", "gender": "f", "followers_count": 0, "friends_count": 550, "weibo_count": 123, "created_at": "Wed Mar 14 23:27:16 +0800 2012", "verified": false, "bi_followers_count": 0, "lang": "zh-cn"}}