{"created_at": "Mon Sep 19 14:26:24 +0800 2022", "id": 4815418856052513, "root_id": 4815418856052513, "text": "为少年点赞[赞]", "user": {"id": 1750197355, "class": 1, "name": "栗香派派", "province": "44", "city": "1000", "location": "广东", "description": "有些笑容背后是咬紧牙关的灵魂", "gender": "f", "followers_count": 136633, "friends_count": 96, "weibo_count": 6196, "created_at": "Thu Jun 03 00:23:36 +0800 2010", "verified": true, "bi_followers_count": 58, "lang": "zh-tw"}}