{"created_at": "Mon Sep 19 14:11:29 +0800 2022", "id": 4815415102934790, "root_id": 4815415102934790, "text": "这才是少年该有的样子[鼓掌]", "user": {"id": 2592825801, "class": 1, "name": "_鸣贝勒爷", "province": "21", "city": "1", "location": "辽宁 沈阳", "description": "外向是生活所需、孤独才是自我享受", "gender": "m", "followers_count": 3141, "friends_count": 1415, "weibo_count": 1276, "created_at": "Mon Jan 16 09:11:20 +0800 2012", "verified": false, "bi_followers_count": 1039, "lang": "zh-cn"}}