{"created_at": "Mon Sep 19 14:23:50 +0800 2022", "id": 4815418214319878, "root_id": 4815413030158406, "text": "回复@医美小卖部-:不是火是有的轮子跑起来会有灯", "user": {"id": 5857963859, "class": 1, "name": "hi果冻", "province": "37", "city": "1", "location": "山东 济南", "description": "", "gender": "f", "followers_count": 55, "friends_count": 75, "weibo_count": 70, "created_at": "Sun Feb 14 01:18:45 +0800 2016", "verified": false, "bi_followers_count": 2, "lang": "zh-cn"}}