{"created_at": "Mon Sep 19 14:11:22 +0800 2022", "id": 4815415072791864, "root_id": 4815415072791864, "text": "飞身一挡！这位白衣少年太帅了！[good]", "user": {"id": 5951888263, "class": 1, "name": "逃离陌上的软耳甜兔", "province": "21", "city": "1000", "location": "辽宁", "description": "女人懂得相守，男人懂得感恩。", "gender": "f", "followers_count": 6611, "friends_count": 254, "weibo_count": 37468, "created_at": "Sat Jun 11 19:38:00 +0800 2016", "verified": true, "bi_followers_count": 152, "lang": "zh-cn"}}