{"created_at": "Mon Sep 19 14:15:07 +0800 2022", "id": 4815416017554304, "root_id": 4815413022295534, "text": "回复@人类精神病总院:我也出10分[doge][doge]", "user": {"id": 3296242424, "class": 1, "name": "我有一个关于两个人的秘密", "province": "32", "city": "1", "location": "江苏 南京", "description": "我深爱着一颗寂寞的星星❤️.", "gender": "f", "followers_count": 66, "friends_count": 303, "weibo_count": 2125, "created_at": "Wed May 01 18:58:35 +0800 2013", "verified": true, "bi_followers_count": 17, "lang": "zh-cn"}}