{"created_at": "Mon Sep 19 14:04:41 +0800 2022", "id": 4815413394801804, "root_id": 4815413022295534, "text": "回复@人类精神病总院:叫这个名字不是没有原因的[喵喵]", "user": {"id": 7724607223, "class": 1, "name": "臭脚粉丝嘴臭臭", "province": "100", "city": "1000", "location": "其他", "description": "不主张整容❤️", "gender": "f", "followers_count": 138, "friends_count": 83, "weibo_count": 311, "created_at": "Sun Nov 28 14:04:39 +0800 2021", "verified": false, "bi_followers_count": 36, "lang": "zh-cn"}}