{"created_at": "Mon Sep 19 14:18:40 +0800 2022", "id": 4815416910417862, "root_id": 4815413030158406, "text": "回复@医美小卖部-:哈哈哈哈哈哈！", "user": {"id": 1700145871, "class": 1, "name": "漫步者", "province": "11", "city": "8", "location": "北京 海淀区", "description": "秉工匠精神 以声音赋能", "gender": "m", "followers_count": 858098, "friends_count": 667, "weibo_count": 14439, "created_at": "Thu Feb 25 17:00:07 +0800 2010", "verified": true, "bi_followers_count": 235, "lang": "zh-cn"}}