{"created_at": "Mon Sep 19 14:05:36 +0800 2022", "id": 4815413621294935, "root_id": 4815413152844569, "text": "回复@梅德没有姐夫:奇迹哈哈哈", "user": {"id": 5655370656, "class": 1, "name": "邓闻钦", "province": "50", "city": "81", "location": "重庆 江津区", "description": "春花秋月，夏风冬雪。希望总有一样，能让你仍觉世间美好！", "gender": "m", "followers_count": 277, "friends_count": 283, "weibo_count": 872, "created_at": "Fri Jul 17 11:40:35 +0800 2015", "verified": false, "bi_followers_count": 18, "lang": "zh-cn"}}