{"created_at": "Mon Sep 19 14:03:12 +0800 2022", "id": 4815413022295534, "root_id": 4815413022295534, "text": "高考给他加10分，从我驾照里面扣", "user": {"id": 7748036180, "class": 1, "name": "人类精神病总院", "province": "50", "city": "1000", "location": "重庆", "description": "你好，住院吗？", "gender": "m", "followers_count": 714, "friends_count": 107, "weibo_count": 129, "created_at": "Mon Mar 21 19:38:08 +0800 2022", "verified": false, "bi_followers_count": 4, "lang": "zh-cn"}}