{"created_at": "Mon Sep 19 14:04:55 +0800 2022", "id": 4815413449852354, "root_id": 4815413449852354, "text": "应该惩罚一下男孩的家长", "user": {"id": 1771795837, "class": 1, "name": "JEWELZzzz333", "province": "44", "city": "1000", "location": "广东", "description": "because anything that can be bought, has no real value.", "gender": "m", "followers_count": 240, "friends_count": 151, "weibo_count": 3643, "created_at": "Fri Jul 09 22:14:35 +0800 2010", "verified": false, "bi_followers_count": 25, "lang": "zh-cn"}}