{"created_at": "Mon Sep 19 14:19:16 +0800 2022", "id": 4815417061410752, "root_id": 4815417061410752, "text": "小孩儿撞到人了还想跑啊。[哈欠]", "user": {"id": 6395335594, "class": 1, "name": "举长矢兮_61666", "province": "42", "city": "1000", "location": "湖北", "description": "期货交易中 我们不为预测未来 我们创造未来", "gender": "m", "followers_count": 284, "friends_count": 28, "weibo_count": 743, "created_at": "Wed Nov 08 10:23:05 +0800 2017", "verified": false, "bi_followers_count": 1, "lang": "zh-cn"}}