{"created_at": "Sat Jun 10 07:03:44 +0800 2023", "id": 4910977852900237, "rootid": 4910533889753175, "rootidstr": "4910533889753175", "floor_number": 0, "text": "回复@行者梵摩:字多不一定有道理。", "disable_reply": 0, "restrictOperate": 0, "source_allowclick": 0, "source_type": 4, "source": "<a href=\"\" rel=\"nofollow\">来自河南</a>", "user": {"id": 1463956993, "idstr": "1463956993", "class": 1, "screen_name": "本立而道生70", "name": "本立而道生70", "province": "41", "city": "1000", "location": "河南", "description": "守护故土，志在四方。丈夫蓄志，女儿英傥。陌刀为节，玄甲为裳。马蹄踏处，即为大唐！", "url": "", "profile_image_url": "https://tva4.sinaimg.cn/crop.0.0.996.996.50/57423601jw8f9zws107nkj20ro0rp7bb.jpg?KID=imgbed,tva&Expires=1687325912&ssig=QJfmeNRjnw", "light_ring": false, "cover_image_phone": "https://ww1.sinaimg.cn/crop.0.0.640.640.640/549d0121tw1egm1kjly3jj20hs0hsq4f.jpg", "profile_url": "u/1463956993", "domain": "", "weihao": "", "gender": "m", "followers_count": 36, "followers_count_str": "36", "friends_count": 168, "pagefriends_count": 10, "statuses_count": 42, "video_status_count": 0, "video_play_count": 0, "super_topic_not_syn_count": 0, "favourites_count": 2, "created_at": "Mon Dec 17 10:08:07 +0800 2012", "following": false, "allow_all_act_msg": false, "geo_enabled": true, "verified": false, "verified_type": -1, "remark": "", "insecurity": {"sexual_content": false}, "ptype": 0, "allow_all_comment": true, "avatar_large": "https://tva4.sinaimg.cn/crop.0.0.996.996.180/57423601jw8f9zws107nkj20ro0rp7bb.jpg?KID=imgbed,tva&Expires=1687325912&ssig=TQgdXvVp5Y", "avatar_hd": "https://tva4.sinaimg.cn/crop.0.0.996.996.1024/57423601jw8f9zws107nkj20ro0rp7bb.jpg?KID=imgbed,tva&Expires=1687325912&ssig=inJpxom0vF", "verified_reason": "", "verified_trade": "", "verified_reason_url": "", "verified_source": "", "verified_source_url": "", "follow_me": false, "like": false, "like_me": false, "online_status": 0, "bi_followers_count": 10, "lang": "zh-cn", "star": 0, "mbtype": 0, "mbrank": 0, "svip": 0, "vvip": 0, "mb_expire_time": 0, "block_word": 0, "block_app": 0, "chaohua_ability": 0, "brand_ability": 0, "nft_ability": 0, "vplus_ability": 0, "wenda_ability": 0, "live_ability": 0, "gongyi_ability": 0, "paycolumn_ability": 0, "newbrand_ability": 0, "ecommerce_ability": 0, "hardfan_ability": 0, "wbcolumn_ability": 0, "interaction_user": 0, "credit_score": 80, "user_ability": 2097152, "urank": 7, "story_read_state": -1, "vclub_member": 0, "is_teenager": 0, "is_guardian": 0, "is_teenager_list": 0, "pc_new": 0, "special_follow": false, "planet_video": 2, "video_mark": 0, "live_status": 0, "user_ability_extend": 0, "status_total_counter": {"total_cnt": 9, "repost_cnt": 0, "comment_cnt": 1, "like_cnt": 8, "comment_like_cnt": 0}, "video_total_counter": {"play_cnt": 0}, "brand_account": 0, "hongbaofei": 0, "tab_manage": "[0, 0]", "reward_status": 0, "green_mode": 0, "urisk": 0, "unfollowing_recom_switch": 1, "avatar_type": 0}, "mid": "4910977852900237", "idstr": "4910977852900237", "status": {"visible": {"type": 0, "list_id": 0}, "created_at": "Thu Jun 08 12:34:06 +0800 2023", "id": 4910336215876600, "idstr": "4910336215876600", "mid": "4910336215876600", "can_edit": false, "version": 2, "show_additional_indication": 0, "text": "#有图有真相 瓜众自己看# 坐标：宁夏中卫。有图有真相，大家自己看…… http://t.cn/A6pIjBch ​", "textLength": 87, "source_allowclick": 1, "source_type": 2, "source": "", "favorited": false, "truncated": false, "in_reply_to_status_id": "", "in_reply_to_user_id": "", "in_reply_to_screen_name": "", "pic_urls": [], "geo": null, "is_paid": false, "mblog_vip_type": 0, "user": {"id": 3675736060, "idstr": "3675736060", "class": 1, "screen_name": "西子丹聊斋", "name": "西子丹聊斋", "province": "31", "city": "1", "location": "上海 黄浦区", "description": "专注国内外热点事件、新鲜事、揪心事……", "url": "http://blog.sina.com.cn/u/3675736060", "profile_image_url": "https://tva4.sinaimg.cn/crop.186.50.385.385.50/db1747fcjw8ezkk2qznkkj20j90egwga.jpg?KID=imgbed,tva&Expires=1687325912&ssig=Y3SYTWxlv%2F", "light_ring": false, "cover_image": "https://ww3.sinaimg.cn/crop.0.0.920.300/db1747fcgw1elliqcgfgdj20pk08c789.jpg", "cover_image_phone": "https://wx1.sinaimg.cn/crop.0.0.640.640.640/db1747fcgy1hewmxevpnaj20m80m8jtl.jpg", "profile_url": "xizidan67", "domain": "xizidan67", "weihao": "", "gender": "m", "followers_count": 1221659, "followers_count_str": "122.2万", "friends_count": 1767, "pagefriends_count": 20, "statuses_count": 69070, "video_status_count": 10695, "video_play_count": 0, "super_topic_not_syn_count": 0, "favourites_count": 83, "created_at": "Thu Aug 15 09:41:41 +0800 2013", "following": false, "allow_all_act_msg": false, "geo_enabled": false, "verified": true, "verified_type": 0, "remark": "", "insecurity": {"sexual_content": false}, "ptype": 0, "allow_all_comment": true, "avatar_large": "https://tva4.sinaimg.cn/crop.186.50.385.385.180/db1747fcjw8ezkk2qznkkj20j90egwga.jpg?KID=imgbed,tva&Expires=1687325912&ssig=rzUcXFEt%2FQ", "avatar_hd": "https://tva4.sinaimg.cn/crop.186.50.385.385.1024/db1747fcjw8ezkk2qznkkj20j90egwga.jpg?KID=imgbed,tva&Expires=1687325912&ssig=aYkBpe36Yq", "verified_reason": "家庭生活垃圾智能处理机 发明人 微博原创视频博主", "verified_trade": "2547", "verified_reason_url": "", "verified_source": "", "verified_source_url": "", "verified_state": 0, "verified_level": 3, "verified_type_ext": 1, "has_service_tel": false, "verified_reason_modified": "", "verified_contact_name": "", "verified_contact_email": "", "verified_contact_mobile": "", "follow_me": false, "like": false, "like_me": false, "online_status": 0, "bi_followers_count": 2065, "lang": "zh-cn", "star": 0, "mbtype": 12, "mbrank": 7, "svip": 0, "vvip": 0, "mb_expire_time": 1447257600, "block_word": 0, "block_app": 1, "chaohua_ability": 0, "brand_ability": 0, "nft_ability": 0, "vplus_ability": 1, "wenda_ability": 0, "live_ability": 0, "gongyi_ability": 0, "paycolumn_ability": 0, "newbrand_ability": 0, "ecommerce_ability": 0, "hardfan_ability": 1, "wbcolumn_ability": 1, "interaction_user": 0, "ability_tags": "社交,生活消费,房地产,文化产业", "credit_score": 80, "user_ability": -2135553496, "cardid": "star_1624", "avatargj_id": "gj_vip_660", "urank": 48, "story_read_state": -1, "verified_detail": {"custom": 1, "data": [{"key": 1, "sub_key": 0, "weight": 10, "desc": "家庭生活垃圾智能处理机 发明人"}, {"key": 8, "sub_key": 0, "weight": 0, "desc": "超话粉丝大咖（西子丹聊斋超话）"}, {"key": 16, "sub_key": 1, "weight": 103, "desc": "微博原创视频博主"}]}, "vclub_member": 0, "is_teenager": 0, "is_guardian": 0, "is_teenager_list": 0, "pc_new": 6, "special_follow": false, "planet_video": 2, "video_mark": 15, "live_status": 0, "user_ability_extend": 0, "status_total_counter": {"total_cnt": 9261354, "repost_cnt": 1851690, "comment_cnt": 1349177, "like_cnt": 3053217, "comment_like_cnt": 3007270}, "video_total_counter": {"play_cnt": 746090539}, "brand_account": 0, "hongbaofei": 0, "tab_manage": "[0, 0]", "reward_status": 0, "green_mode": 0, "urisk": 0, "unfollowing_recom_switch": 1, "avatar_type": 0}, "annotations": [{}, {}, {"client_mblogid": "67e40cb4-cebf-4abc-81c2-bd0ffb3380cd"}, {"source_text": "", "phone_id": "-1"}, {"mapi_request": true}], "reposts_count": 0, "comments_count": 0, "reprint_cmt_count": 0, "attitudes_count": 0, "pending_approval_count": 0, "isLongText": false, "reward_exhibition_type": 0, "hide_flag": 0, "mlevel": 128, "show_mlevel": 0, "biz_ids": [230444], "biz_feature": 4294967304, "page_type": 64, "hasActionTypeCard": 0, "darwin_tags": [], "hot_weibo_tags": [], "text_tag_tips": [], "mblogtype": 0, "userType": 0, "mlevelSource": "monitor", "more_info_type": 0, "cardid": "star_1624", "number_display_strategy": {"apply_scenario_flag": 3, "display_text_min_number": 1000000, "display_text": "100万+"}, "positive_recom_flag": 0, "content_auth": 0, "gif_ids": "", "is_show_bulletin": 2, "comment_manage_info": {"comment_permission_type": -1, "approval_comment_type": 0, "comment_sort_type": 0, "ai_play_picture_type": 0}, "pic_num": 0, "fid": 4910336061997075, "hot_page": {"fid": "232532_mblog", "feed_detail_type": 0}, "can_reprint": false, "new_comment_style": 0}, "reply_comment": {"created_at": "Fri Jun 09 01:39:34 +0800 2023", "id": 4910533889753175, "rootid": 4910533889753175, "rootidstr": "4910533889753175", "floor_number": 66, "text": "这么多人都是财政领工资加罚款绩效吧？！这个规模的编制，怎么定的，依据，决策机制以及监督机制都是啥情况？！纳税人在这里是不是只能被叫做韭菜，或者奶牛呢？！", "disable_reply": 0, "restrictOperate": 0, "user": {"id": 1937780365, "idstr": "1937780365", "class": 1, "screen_name": "行者梵摩", "name": "行者梵摩", "province": "11", "city": "5", "location": "北京 朝阳区", "description": "为人若水 诸事问心", "url": "http://blog.sina.com.cn/jissonking", "profile_image_url": "https://tvax3.sinaimg.cn/crop.0.0.512.512.50/73802e8dly8gmaejbx077j20e80e8abd.jpg?KID=imgbed,tva&Expires=1687325912&ssig=LdtCW99hrf", "light_ring": false, "cover_image_phone": "https://ww1.sinaimg.cn/crop.0.0.640.640.640/549d0121tw1egm1kjly3jj20hs0hsq4f.jpg", "profile_url": "jissonking", "domain": "jissonking", "weihao": "", "gender": "m", "followers_count": 560, "followers_count_str": "560", "friends_count": 422, "pagefriends_count": 3, "statuses_count": 3710, "video_status_count": 19, "video_play_count": 0, "super_topic_not_syn_count": 0, "favourites_count": 3, "created_at": "Fri Jan 28 08:34:44 +0800 2011", "following": false, "allow_all_act_msg": false, "geo_enabled": false, "verified": false, "verified_type": -1, "remark": "", "insecurity": {"sexual_content": false}, "ptype": 0, "allow_all_comment": false, "avatar_large": "https://tvax3.sinaimg.cn/crop.0.0.512.512.180/73802e8dly8gmaejbx077j20e80e8abd.jpg?KID=imgbed,tva&Expires=1687325912&ssig=BZQJ9bZ8Al", "avatar_hd": "https://tvax3.sinaimg.cn/crop.0.0.512.512.1024/73802e8dly8gmaejbx077j20e80e8abd.jpg?KID=imgbed,tva&Expires=1687325912&ssig=EomdmzOQUw", "verified_reason": "", "verified_trade": "", "verified_reason_url": "", "verified_source": "", "verified_source_url": "", "follow_me": false, "like": false, "like_me": false, "online_status": 0, "bi_followers_count": 41, "lang": "zh-cn", "star": 0, "mbtype": 12, "mbrank": 6, "svip": 0, "vvip": 0, "mb_expire_time": 1693670400, "block_word": 0, "block_app": 1, "chaohua_ability": 0, "brand_ability": 0, "nft_ability": 0, "vplus_ability": 0, "wenda_ability": 0, "live_ability": 0, "gongyi_ability": 0, "paycolumn_ability": 0, "newbrand_ability": 0, "ecommerce_ability": 0, "hardfan_ability": 0, "wbcolumn_ability": 0, "interaction_user": 0, "credit_score": 80, "user_ability": 2359296, "avatargj_id": "gj_vip_660", "urank": 19, "story_read_state": -1, "vclub_member": 0, "is_teenager": 0, "is_guardian": 0, "is_teenager_list": 0, "pc_new": 0, "special_follow": false, "planet_video": 2, "video_mark": 2, "live_status": 0, "user_ability_extend": 0, "status_total_counter": {"total_cnt": 1922, "repost_cnt": 428, "comment_cnt": 1283, "like_cnt": 211, "comment_like_cnt": 0}, "video_total_counter": {"play_cnt": 1003}, "brand_account": 0, "hongbaofei": 0, "tab_manage": "[0, 0]", "reward_status": 0, "green_mode": 0, "urisk": 0, "unfollowing_recom_switch": 1, "avatar_type": 0}, "mid": "4910533889753175", "idstr": "4910533889753175", "sync_id": 4910336061997075, "sync_uuid": 4910336061997075, "sync_generate_level": 1, "match_ai_play_picture": false}, "reply_original_text": "字多不一定有道理。", "readtimetype": "comment_reply", "analysis_extra": "author_uid:3675736060|mid:4910336215876600", "sync_id": 4910533889753175, "sync_uuid": 4910336061997075, "sync_generate_level": 2, "match_ai_play_picture": false}