{"created_at": "Thu Jun 08 18:25:45 +0800 2023", "id": 4910424715427882, "rootid": 4910424715427882, "rootidstr": "4910424715427882", "floor_number": 45, "text": "威权[good][good][good]威武霸气", "disable_reply": 0, "restrictOperate": 0, "source_allowclick": 0, "source_type": 4, "source": "<a href=\"\" rel=\"nofollow\">来自湖南</a>", "comment_badge": [{"pic_url": "https://h5.sinaimg.cn/upload/114/962/2022/07/08/member_0_bigfan1_2.png", "name": "loyal_fans", "length": 1.33, "actionlog": {"act_code": "3671", "ext": "status:fans"}, "scheme": "https://kefu.weibo.com/faqdetail?id=20848", "new_icon": true}], "user": {"id": 3288152135, "idstr": "3288152135", "class": 1, "screen_name": "铁拳大V", "name": "铁拳大V", "province": "100", "city": "1000", "location": "其他", "description": "“爱国主义”教育中心", "url": "", "profile_image_url": "https://tvax4.sinaimg.cn/crop.0.0.521.521.50/c3fd3847ly8he1dtnrisuj20eh0eh751.jpg?KID=imgbed,tva&Expires=1687325912&ssig=pBloWITTTW", "light_ring": false, "cover_image_phone": "https://ww1.sinaimg.cn/crop.0.0.640.640.640/549d0121tw1egm1kjly3jj20hs0hsq4f.jpg", "profile_url": "u/3288152135", "domain": "", "weihao": "", "gender": "m", "followers_count": 29, "followers_count_str": "29", "friends_count": 274, "pagefriends_count": 35, "statuses_count": 328, "video_status_count": 1, "video_play_count": 0, "super_topic_not_syn_count": 1, "favourites_count": 4, "created_at": "Fri May 24 19:31:48 +0800 2013", "following": false, "allow_all_act_msg": false, "geo_enabled": true, "verified": false, "verified_type": -1, "remark": "", "insecurity": {"sexual_content": false}, "ptype": 0, "allow_all_comment": true, "avatar_large": "https://tvax4.sinaimg.cn/crop.0.0.521.521.180/c3fd3847ly8he1dtnrisuj20eh0eh751.jpg?KID=imgbed,tva&Expires=1687325912&ssig=tA7WWjopVI", "avatar_hd": "https://tvax4.sinaimg.cn/crop.0.0.521.521.1024/c3fd3847ly8he1dtnrisuj20eh0eh751.jpg?KID=imgbed,tva&Expires=1687325912&ssig=Js2QJankDu", "verified_reason": "", "verified_trade": "", "verified_reason_url": "", "verified_source": "", "verified_source_url": "", "follow_me": false, "like": false, "like_me": false, "online_status": 0, "bi_followers_count": 0, "lang": "zh-cn", "star": 0, "mbtype": 2, "mbrank": 1, "svip": 0, "vvip": 0, "mb_expire_time": 1684771199, "block_word": 0, "block_app": 0, "chaohua_ability": 0, "brand_ability": 0, "nft_ability": 0, "vplus_ability": 0, "wenda_ability": 0, "live_ability": 0, "gongyi_ability": 0, "paycolumn_ability": 0, "newbrand_ability": 0, "ecommerce_ability": 0, "hardfan_ability": 0, "wbcolumn_ability": 0, "interaction_user": 0, "credit_score": 80, "user_ability": 10747904, "avatargj_id": "gj_vip_848", "urank": 4, "story_read_state": -1, "vclub_member": 0, "is_teenager": 0, "is_guardian": 0, "is_teenager_list": 0, "pc_new": 7, "special_follow": false, "planet_video": 2, "video_mark": 0, "live_status": 0, "user_ability_extend": 0, "status_total_counter": {"total_cnt": 264, "repost_cnt": 71, "comment_cnt": 74, "like_cnt": 103, "comment_like_cnt": 16}, "video_total_counter": {"play_cnt": 25}, "brand_account": 0, "hongbaofei": 0, "tab_manage": "[0, 0]", "reward_status": 0, "green_mode": 0, "urisk": 549755813889, "unfollowing_recom_switch": 1, "avatar_type": 0}, "mid": "4910424715427882", "idstr": "4910424715427882", "status": {"visible": {"type": 0, "list_id": 0}, "created_at": "Thu Jun 08 12:34:06 +0800 2023", "id": 4910336215876600, "idstr": "4910336215876600", "mid": "4910336215876600", "can_edit": false, "version": 2, "show_additional_indication": 0, "text": "#有图有真相 瓜众自己看# 坐标：宁夏中卫。有图有真相，大家自己看…… http://t.cn/A6pIjBch ​", "textLength": 87, "source_allowclick": 1, "source_type": 2, "source": "", "favorited": false, "truncated": false, "in_reply_to_status_id": "", "in_reply_to_user_id": "", "in_reply_to_screen_name": "", "pic_urls": [], "geo": null, "is_paid": false, "mblog_vip_type": 0, "user": {"id": 3675736060, "idstr": "3675736060", "class": 1, "screen_name": "西子丹聊斋", "name": "西子丹聊斋", "province": "31", "city": "1", "location": "上海 黄浦区", "description": "专注国内外热点事件、新鲜事、揪心事……", "url": "http://blog.sina.com.cn/u/3675736060", "profile_image_url": "https://tva4.sinaimg.cn/crop.186.50.385.385.50/db1747fcjw8ezkk2qznkkj20j90egwga.jpg?KID=imgbed,tva&Expires=1687325912&ssig=Y3SYTWxlv%2F", "light_ring": false, "cover_image": "https://ww3.sinaimg.cn/crop.0.0.920.300/db1747fcgw1elliqcgfgdj20pk08c789.jpg", "cover_image_phone": "https://wx1.sinaimg.cn/crop.0.0.640.640.640/db1747fcgy1hewmxevpnaj20m80m8jtl.jpg", "profile_url": "xizidan67", "domain": "xizidan67", "weihao": "", "gender": "m", "followers_count": 1221659, "followers_count_str": "122.2万", "friends_count": 1767, "pagefriends_count": 20, "statuses_count": 69070, "video_status_count": 10695, "video_play_count": 0, "super_topic_not_syn_count": 0, "favourites_count": 83, "created_at": "Thu Aug 15 09:41:41 +0800 2013", "following": false, "allow_all_act_msg": false, "geo_enabled": false, "verified": true, "verified_type": 0, "remark": "", "insecurity": {"sexual_content": false}, "ptype": 0, "allow_all_comment": true, "avatar_large": "https://tva4.sinaimg.cn/crop.186.50.385.385.180/db1747fcjw8ezkk2qznkkj20j90egwga.jpg?KID=imgbed,tva&Expires=1687325912&ssig=rzUcXFEt%2FQ", "avatar_hd": "https://tva4.sinaimg.cn/crop.186.50.385.385.1024/db1747fcjw8ezkk2qznkkj20j90egwga.jpg?KID=imgbed,tva&Expires=1687325912&ssig=aYkBpe36Yq", "verified_reason": "家庭生活垃圾智能处理机 发明人 微博原创视频博主", "verified_trade": "2547", "verified_reason_url": "", "verified_source": "", "verified_source_url": "", "verified_state": 0, "verified_level": 3, "verified_type_ext": 1, "has_service_tel": false, "verified_reason_modified": "", "verified_contact_name": "", "verified_contact_email": "", "verified_contact_mobile": "", "follow_me": false, "like": false, "like_me": false, "online_status": 0, "bi_followers_count": 2065, "lang": "zh-cn", "star": 0, "mbtype": 12, "mbrank": 7, "svip": 0, "vvip": 0, "mb_expire_time": 1447257600, "block_word": 0, "block_app": 1, "chaohua_ability": 0, "brand_ability": 0, "nft_ability": 0, "vplus_ability": 1, "wenda_ability": 0, "live_ability": 0, "gongyi_ability": 0, "paycolumn_ability": 0, "newbrand_ability": 0, "ecommerce_ability": 0, "hardfan_ability": 1, "wbcolumn_ability": 1, "interaction_user": 0, "ability_tags": "社交,生活消费,房地产,文化产业", "credit_score": 80, "user_ability": -2135553496, "cardid": "star_1624", "avatargj_id": "gj_vip_660", "urank": 48, "story_read_state": -1, "verified_detail": {"custom": 1, "data": [{"key": 1, "sub_key": 0, "weight": 10, "desc": "家庭生活垃圾智能处理机 发明人"}, {"key": 8, "sub_key": 0, "weight": 0, "desc": "超话粉丝大咖（西子丹聊斋超话）"}, {"key": 16, "sub_key": 1, "weight": 103, "desc": "微博原创视频博主"}]}, "vclub_member": 0, "is_teenager": 0, "is_guardian": 0, "is_teenager_list": 0, "pc_new": 6, "special_follow": false, "planet_video": 2, "video_mark": 15, "live_status": 0, "user_ability_extend": 0, "status_total_counter": {"total_cnt": 9261354, "repost_cnt": 1851690, "comment_cnt": 1349177, "like_cnt": 3053217, "comment_like_cnt": 3007270}, "video_total_counter": {"play_cnt": 746090539}, "brand_account": 0, "hongbaofei": 0, "tab_manage": "[0, 0]", "reward_status": 0, "green_mode": 0, "urisk": 0, "unfollowing_recom_switch": 1, "avatar_type": 0}, "annotations": [{}, {}, {"client_mblogid": "67e40cb4-cebf-4abc-81c2-bd0ffb3380cd"}, {"source_text": "", "phone_id": "-1"}, {"mapi_request": true}], "reposts_count": 0, "comments_count": 0, "reprint_cmt_count": 0, "attitudes_count": 0, "pending_approval_count": 0, "isLongText": false, "reward_exhibition_type": 0, "hide_flag": 0, "mlevel": 128, "show_mlevel": 0, "biz_ids": [230444], "biz_feature": 4294967304, "page_type": 64, "hasActionTypeCard": 0, "darwin_tags": [], "hot_weibo_tags": [], "text_tag_tips": [], "mblogtype": 0, "userType": 0, "mlevelSource": "monitor", "more_info_type": 0, "cardid": "star_1624", "number_display_strategy": {"apply_scenario_flag": 3, "display_text_min_number": 1000000, "display_text": "100万+"}, "positive_recom_flag": 0, "content_auth": 0, "gif_ids": "", "is_show_bulletin": 2, "comment_manage_info": {"comment_permission_type": -1, "approval_comment_type": 0, "comment_sort_type": 0, "ai_play_picture_type": 0}, "pic_num": 0, "fid": 4910336061997075, "hot_page": {"fid": "232532_mblog", "feed_detail_type": 0}, "can_reprint": false, "new_comment_style": 0}, "readtimetype": "comment", "analysis_extra": "author_uid:3675736060|mid:4910336215876600", "comment_dynamic_message": {"id": "0", "start_color": "#00FFFFFF", "end_color": "#1AFFFFFF", "start_color_dark": "#003A3A3A", "end_color_dark": "#333A3A3A", "name": {"zh_CN": "默认", "zh_HK": "默認", "en_US": "default"}, "scheme": "https://new.vip.weibo.cn/bubble/mall?showmenu=0&decorateId=0&uid=3288152135", "allow_vip_box_content": "用此评论气泡", "allow_vip_box_icon": "https://h5.sinaimg.cn/upload/100/1720/2022/08/08/icon_VIP_for_comment_bubble.png"}, "match_ai_play_picture": false}