{"0": {"path": "non_spammer/779349016", "label": 1}, "1": {"path": "non_spammer/809898521", "label": 1}, "2": {"path": "non_spammer/732545562", "label": 1}, "3": {"path": "non_spammer/111704131", "label": 1}, "4": {"path": "non_spammer/266725268", "label": 1}, "5": {"path": "non_spammer/938252037", "label": 1}, "6": {"path": "non_spammer/606188911", "label": 1}, "7": {"path": "non_spammer/424100326", "label": 1}, "8": {"path": "non_spammer/868566928", "label": 1}, "9": {"path": "non_spammer/327594923", "label": 1}, "10": {"path": "non_spammer/146606124", "label": 1}, "11": {"path": "non_spammer/164258446", "label": 1}, "12": {"path": "non_spammer/529329399", "label": 1}, "13": {"path": "non_spammer/307777101", "label": 1}, "14": {"path": "non_spammer/478261999", "label": 1}, "15": {"path": "non_spammer/332111389", "label": 1}, "16": {"path": "non_spammer/654889303", "label": 1}, "17": {"path": "non_spammer/791736303", "label": 1}, "18": {"path": "non_spammer/601518606", "label": 1}, "19": {"path": "non_spammer/604394641", "label": 1}, "20": {"path": "non_spammer/325788228", "label": 1}, "21": {"path": "non_spammer/785867207", "label": 1}, "22": {"path": "non_spammer/689595306", "label": 1}, "23": {"path": "non_spammer/616141447", "label": 1}, "24": {"path": "non_spammer/938856764", "label": 1}, "25": {"path": "non_spammer/871093993", "label": 1}, "26": {"path": "non_spammer/511381049", "label": 1}, "27": {"path": "non_spammer/545555007", "label": 1}, "28": {"path": "non_spammer/987954792", "label": 1}, "29": {"path": "non_spammer/871176983", "label": 1}, "30": {"path": "non_spammer/812103574", "label": 1}, "31": {"path": "non_spammer/826423251", "label": 1}, "32": {"path": "non_spammer/920178846", "label": 1}, "33": {"path": "non_spammer/799903649", "label": 1}, "34": {"path": "non_spammer/466221293", "label": 1}, "35": {"path": "non_spammer/929083905", "label": 1}, "36": {"path": "non_spammer/639182271", "label": 1}, "37": {"path": "non_spammer/505033180", "label": 1}, "38": {"path": "non_spammer/498293301", "label": 1}, "39": {"path": "non_spammer/641095518", "label": 1}, "40": {"path": "non_spammer/828581563", "label": 1}, "41": {"path": "non_spammer/488397283", "label": 1}, "42": {"path": "non_spammer/579853328", "label": 1}, "43": {"path": "non_spammer/250748436", "label": 1}, "44": {"path": "non_spammer/815591357", "label": 1}, "45": {"path": "non_spammer/437980120", "label": 1}, "46": {"path": "non_spammer/758692319", "label": 1}, "47": {"path": "non_spammer/323646554", "label": 1}, "48": {"path": "non_spammer/267027010", "label": 1}, "49": {"path": "non_spammer/301704145", "label": 1}, "50": {"path": "non_spammer/128665555", "label": 1}, "51": {"path": "non_spammer/476722155", "label": 1}, "52": {"path": "non_spammer/691154965", "label": 1}, "53": {"path": "non_spammer/858243364", "label": 1}, "54": {"path": "non_spammer/178864197", "label": 1}, "55": {"path": "non_spammer/326401579", "label": 1}, "56": {"path": "non_spammer/336185133", "label": 1}, "57": {"path": "non_spammer/767242756", "label": 1}, "58": {"path": "non_spammer/661005902", "label": 1}, "59": {"path": "non_spammer/667508215", "label": 1}, "60": {"path": "non_spammer/456909105", "label": 1}, "61": {"path": "non_spammer/716339777", "label": 1}, "62": {"path": "non_spammer/335130073", "label": 1}, "63": {"path": "non_spammer/866671533", "label": 1}, "64": {"path": "non_spammer/788606445", "label": 1}, "65": {"path": "non_spammer/534213856", "label": 1}, "66": {"path": "non_spammer/748706357", "label": 1}, "67": {"path": "non_spammer/632622130", "label": 1}, "68": {"path": "non_spammer/727745840", "label": 1}, "69": {"path": "non_spammer/860969400", "label": 1}, "70": {"path": "non_spammer/627727724", "label": 1}, "71": {"path": "non_spammer/410720047", "label": 1}, "72": {"path": "non_spammer/876393996", "label": 1}, "73": {"path": "non_spammer/344758899", "label": 1}, "74": {"path": "non_spammer/714160642", "label": 1}, "75": {"path": "non_spammer/549850671", "label": 1}, "76": {"path": "non_spammer/869235551", "label": 1}, "77": {"path": "non_spammer/520952751", "label": 1}, "78": {"path": "non_spammer/511442407", "label": 1}, "79": {"path": "non_spammer/551197850", "label": 1}, "80": {"path": "non_spammer/798384703", "label": 1}, "81": {"path": "non_spammer/896696876", "label": 1}, "82": {"path": "non_spammer/853552298", "label": 1}, "83": {"path": "non_spammer/472682464", "label": 1}, "84": {"path": "non_spammer/485807613", "label": 1}, "85": {"path": "non_spammer/303181068", "label": 1}, "86": {"path": "non_spammer/171370782", "label": 1}, "87": {"path": "non_spammer/410812568", "label": 1}, "88": {"path": "non_spammer/117642712", "label": 1}, "89": {"path": "non_spammer/139549024", "label": 1}, "90": {"path": "non_spammer/413102115", "label": 1}, "91": {"path": "non_spammer/271976641", "label": 1}, "92": {"path": "non_spammer/351244931", "label": 1}, "93": {"path": "non_spammer/152262787", "label": 1}, "94": {"path": "non_spammer/758632041", "label": 1}, "95": {"path": "non_spammer/592561086", "label": 1}, "96": {"path": "non_spammer/286731715", "label": 1}, "97": {"path": "non_spammer/203827037", "label": 1}, "98": {"path": "non_spammer/476422894", "label": 1}, "99": {"path": "non_spammer/291602747", "label": 1}, "100": {"path": "non_spammer/213354694", "label": 1}, "101": {"path": "non_spammer/808200104", "label": 1}, "102": {"path": "non_spammer/389418366", "label": 1}, "103": {"path": "non_spammer/327454992", "label": 1}, "104": {"path": "non_spammer/432187856", "label": 1}, "105": {"path": "non_spammer/258306009", "label": 1}, "106": {"path": "non_spammer/577449714", "label": 1}, "107": {"path": "non_spammer/864638683", "label": 1}, "108": {"path": "non_spammer/442905594", "label": 1}, "109": {"path": "non_spammer/936855626", "label": 1}, "110": {"path": "non_spammer/273167626", "label": 1}, "111": {"path": "non_spammer/223594850", "label": 1}, "112": {"path": "non_spammer/239145090", "label": 1}, "113": {"path": "non_spammer/518544799", "label": 1}, "114": {"path": "non_spammer/475876274", "label": 1}, "115": {"path": "non_spammer/724979734", "label": 1}, "116": {"path": "non_spammer/894603376", "label": 1}, "117": {"path": "non_spammer/236608594", "label": 1}, "118": {"path": "non_spammer/825562556", "label": 1}, "119": {"path": "non_spammer/918077480", "label": 1}, "120": {"path": "non_spammer/750031979", "label": 1}, "121": {"path": "non_spammer/328901533", "label": 1}, "122": {"path": "non_spammer/149916137", "label": 1}, "123": {"path": "non_spammer/594974958", "label": 1}, "124": {"path": "non_spammer/206452939", "label": 1}, "125": {"path": "non_spammer/981862949", "label": 1}, "126": {"path": "non_spammer/351624136", "label": 1}, "127": {"path": "non_spammer/251807106", "label": 1}, "128": {"path": "non_spammer/269619186", "label": 1}, "129": {"path": "non_spammer/452933401", "label": 1}, "130": {"path": "non_spammer/994964580", "label": 1}, "131": {"path": "non_spammer/205767367", "label": 1}, "132": {"path": "non_spammer/353351076", "label": 1}, "133": {"path": "non_spammer/781244977", "label": 1}, "134": {"path": "non_spammer/597292350", "label": 1}, "135": {"path": "non_spammer/371924039", "label": 1}, "136": {"path": "non_spammer/565544977", "label": 1}, "137": {"path": "non_spammer/185436695", "label": 1}, "138": {"path": "non_spammer/733841056", "label": 1}, "139": {"path": "non_spammer/535337398", "label": 1}, "140": {"path": "non_spammer/203742935", "label": 1}, "141": {"path": "non_spammer/648129870", "label": 1}, "142": {"path": "non_spammer/776620592", "label": 1}, "143": {"path": "non_spammer/851606013", "label": 1}, "144": {"path": "non_spammer/123156417", "label": 1}, "145": {"path": "non_spammer/659340672", "label": 1}, "146": {"path": "non_spammer/139687292", "label": 1}, "147": {"path": "non_spammer/583513247", "label": 1}, "148": {"path": "non_spammer/200599733", "label": 1}, "149": {"path": "non_spammer/149129588", "label": 1}, "150": {"path": "non_spammer/595246143", "label": 1}, "151": {"path": "non_spammer/954866197", "label": 1}, "152": {"path": "non_spammer/264361807", "label": 1}, "153": {"path": "non_spammer/357205938", "label": 1}, "154": {"path": "non_spammer/741219716", "label": 1}, "155": {"path": "non_spammer/465416394", "label": 1}, "156": {"path": "non_spammer/510767316", "label": 1}, "157": {"path": "non_spammer/675162319", "label": 1}, "158": {"path": "non_spammer/651409505", "label": 1}, "159": {"path": "non_spammer/583957500", "label": 1}, "160": {"path": "non_spammer/384011790", "label": 1}, "161": {"path": "non_spammer/657593507", "label": 1}, "162": {"path": "non_spammer/586378831", "label": 1}, "163": {"path": "non_spammer/608406954", "label": 1}, "164": {"path": "non_spammer/246789339", "label": 1}, "165": {"path": "non_spammer/217063712", "label": 1}, "166": {"path": "non_spammer/756726699", "label": 1}, "167": {"path": "non_spammer/863304973", "label": 1}, "168": {"path": "non_spammer/405020191", "label": 1}, "169": {"path": "non_spammer/212893978", "label": 1}, "170": {"path": "non_spammer/392711698", "label": 1}, "171": {"path": "non_spammer/520073281", "label": 1}, "172": {"path": "non_spammer/983751946", "label": 1}, "173": {"path": "non_spammer/598838988", "label": 1}, "174": {"path": "non_spammer/723156561", "label": 1}, "175": {"path": "non_spammer/280802749", "label": 1}, "176": {"path": "non_spammer/262125901", "label": 1}, "177": {"path": "non_spammer/543590597", "label": 1}, "178": {"path": "non_spammer/334700759", "label": 1}, "179": {"path": "non_spammer/392941441", "label": 1}, "180": {"path": "non_spammer/381868517", "label": 1}, "181": {"path": "non_spammer/914343020", "label": 1}, "182": {"path": "non_spammer/399684767", "label": 1}, "183": {"path": "non_spammer/811800632", "label": 1}, "184": {"path": "non_spammer/676992067", "label": 1}, "185": {"path": "non_spammer/272836034", "label": 1}, "186": {"path": "non_spammer/783040088", "label": 1}, "187": {"path": "non_spammer/108890563", "label": 1}, "188": {"path": "non_spammer/409453447", "label": 1}, "189": {"path": "non_spammer/913081192", "label": 1}, "190": {"path": "non_spammer/962359763", "label": 1}, "191": {"path": "non_spammer/424664989", "label": 1}, "192": {"path": "non_spammer/478434736", "label": 1}, "193": {"path": "non_spammer/193895812", "label": 1}, "194": {"path": "non_spammer/998489759", "label": 1}, "195": {"path": "non_spammer/600419468", "label": 1}, "196": {"path": "non_spammer/827584251", "label": 1}, "197": {"path": "non_spammer/625146587", "label": 1}, "198": {"path": "non_spammer/846870734", "label": 1}, "199": {"path": "non_spammer/278390731", "label": 1}, "200": {"path": "non_spammer/595113512", "label": 1}, "201": {"path": "non_spammer/257414617", "label": 1}, "202": {"path": "non_spammer/332372045", "label": 1}, "203": {"path": "non_spammer/923775859", "label": 1}, "204": {"path": "non_spammer/832253838", "label": 1}, "205": {"path": "non_spammer/525801052", "label": 1}, "206": {"path": "non_spammer/250963815", "label": 1}, "207": {"path": "non_spammer/534319121", "label": 1}, "208": {"path": "non_spammer/771564839", "label": 1}, "209": {"path": "non_spammer/108979361", "label": 1}, "210": {"path": "non_spammer/291028558", "label": 1}, "211": {"path": "non_spammer/606280451", "label": 1}, "212": {"path": "non_spammer/910203380", "label": 1}, "213": {"path": "non_spammer/913555071", "label": 1}, "214": {"path": "non_spammer/126305822", "label": 1}, "215": {"path": "non_spammer/780188631", "label": 1}, "216": {"path": "non_spammer/461963548", "label": 1}, "217": {"path": "non_spammer/306781270", "label": 1}, "218": {"path": "non_spammer/299518587", "label": 1}, "219": {"path": "non_spammer/342684721", "label": 1}, "220": {"path": "non_spammer/954226794", "label": 1}, "221": {"path": "non_spammer/573265515", "label": 1}, "222": {"path": "non_spammer/285889809", "label": 1}, "223": {"path": "non_spammer/481060394", "label": 1}, "224": {"path": "non_spammer/110827552", "label": 1}, "225": {"path": "non_spammer/112480241", "label": 1}, "226": {"path": "non_spammer/209423806", "label": 1}, "227": {"path": "non_spammer/574305960", "label": 1}, "228": {"path": "non_spammer/703534826", "label": 1}, "229": {"path": "non_spammer/238245759", "label": 1}, "230": {"path": "non_spammer/204403341", "label": 1}, "231": {"path": "non_spammer/994130072", "label": 1}, "232": {"path": "non_spammer/442301047", "label": 1}, "233": {"path": "non_spammer/749836783", "label": 1}, "234": {"path": "non_spammer/167333465", "label": 1}, "235": {"path": "non_spammer/136943507", "label": 1}, "236": {"path": "non_spammer/194816727", "label": 1}, "237": {"path": "non_spammer/369148031", "label": 1}, "238": {"path": "non_spammer/651878580", "label": 1}, "239": {"path": "non_spammer/653185501", "label": 1}, "240": {"path": "non_spammer/589558892", "label": 1}, "241": {"path": "non_spammer/223821986", "label": 1}, "242": {"path": "non_spammer/800289664", "label": 1}, "243": {"path": "non_spammer/168224674", "label": 1}, "244": {"path": "non_spammer/494521654", "label": 1}, "245": {"path": "non_spammer/628157386", "label": 1}, "246": {"path": "non_spammer/690535155", "label": 1}, "247": {"path": "non_spammer/508264565", "label": 1}, "248": {"path": "non_spammer/875780376", "label": 1}, "249": {"path": "non_spammer/728942111", "label": 1}, "250": {"path": "non_spammer/620416190", "label": 1}, "251": {"path": "non_spammer/941651688", "label": 1}, "252": {"path": "non_spammer/165795691", "label": 1}, "253": {"path": "non_spammer/328586436", "label": 1}, "254": {"path": "non_spammer/787740590", "label": 1}, "255": {"path": "non_spammer/598386324", "label": 1}, "256": {"path": "non_spammer/283298506", "label": 1}, "257": {"path": "non_spammer/434164998", "label": 1}, "258": {"path": "non_spammer/996538646", "label": 1}, "259": {"path": "non_spammer/751149469", "label": 1}, "260": {"path": "non_spammer/943210486", "label": 1}, "261": {"path": "non_spammer/276742462", "label": 1}, "262": {"path": "non_spammer/510290477", "label": 1}, "263": {"path": "non_spammer/710084501", "label": 1}, "264": {"path": "non_spammer/360712911", "label": 1}, "265": {"path": "non_spammer/375100902", "label": 1}, "266": {"path": "non_spammer/145712093", "label": 1}, "267": {"path": "non_spammer/810959451", "label": 1}, "268": {"path": "non_spammer/576789292", "label": 1}, "269": {"path": "non_spammer/881580617", "label": 1}, "270": {"path": "non_spammer/896670837", "label": 1}, "271": {"path": "non_spammer/642626132", "label": 1}, "272": {"path": "non_spammer/135781817", "label": 1}, "273": {"path": "non_spammer/399781321", "label": 1}, "274": {"path": "non_spammer/641057558", "label": 1}, "275": {"path": "non_spammer/260947337", "label": 1}, "276": {"path": "non_spammer/675362436", "label": 1}, "277": {"path": "non_spammer/788252835", "label": 1}, "278": {"path": "non_spammer/571857143", "label": 1}, "279": {"path": "non_spammer/472708445", "label": 1}, "280": {"path": "non_spammer/856309787", "label": 1}, "281": {"path": "non_spammer/372368598", "label": 1}, "282": {"path": "non_spammer/944832454", "label": 1}, "283": {"path": "non_spammer/945487743", "label": 1}, "284": {"path": "non_spammer/163829439", "label": 1}, "285": {"path": "non_spammer/259509603", "label": 1}, "286": {"path": "non_spammer/300535190", "label": 1}, "287": {"path": "non_spammer/246615755", "label": 1}, "288": {"path": "non_spammer/557732191", "label": 1}, "289": {"path": "non_spammer/879941933", "label": 1}, "290": {"path": "non_spammer/437605484", "label": 1}, "291": {"path": "non_spammer/400430308", "label": 1}, "292": {"path": "non_spammer/493333644", "label": 1}, "293": {"path": "non_spammer/113512891", "label": 1}, "294": {"path": "non_spammer/461788101", "label": 1}, "295": {"path": "non_spammer/982421474", "label": 1}, "296": {"path": "non_spammer/270141388", "label": 1}, "297": {"path": "non_spammer/384934636", "label": 1}, "298": {"path": "non_spammer/470090426", "label": 1}, "299": {"path": "non_spammer/859524992", "label": 1}, "300": {"path": "non_spammer/972782468", "label": 1}, "301": {"path": "non_spammer/172998722", "label": 1}, "302": {"path": "non_spammer/303696485", "label": 1}, "303": {"path": "non_spammer/273184189", "label": 1}, "304": {"path": "non_spammer/891147997", "label": 1}, "305": {"path": "non_spammer/550558941", "label": 1}, "306": {"path": "non_spammer/585136587", "label": 1}, "307": {"path": "non_spammer/156193369", "label": 1}, "308": {"path": "non_spammer/671930319", "label": 1}, "309": {"path": "non_spammer/764492364", "label": 1}, "310": {"path": "non_spammer/618437585", "label": 1}, "311": {"path": "non_spammer/513143241", "label": 1}, "312": {"path": "non_spammer/754180606", "label": 1}, "313": {"path": "non_spammer/400187241", "label": 1}, "314": {"path": "non_spammer/930580679", "label": 1}, "315": {"path": "non_spammer/975849655", "label": 1}, "316": {"path": "non_spammer/676930733", "label": 1}, "317": {"path": "non_spammer/607277277", "label": 1}, "318": {"path": "non_spammer/144498467", "label": 1}, "319": {"path": "non_spammer/943323055", "label": 1}, "320": {"path": "non_spammer/567541906", "label": 1}, "321": {"path": "non_spammer/626026192", "label": 1}, "322": {"path": "non_spammer/667615562", "label": 1}, "323": {"path": "non_spammer/914655951", "label": 1}, "324": {"path": "non_spammer/671796674", "label": 1}, "325": {"path": "non_spammer/677385984", "label": 1}, "326": {"path": "non_spammer/194575680", "label": 1}, "327": {"path": "non_spammer/824588882", "label": 1}, "328": {"path": "non_spammer/904468713", "label": 1}, "329": {"path": "non_spammer/765472215", "label": 1}, "330": {"path": "non_spammer/381962656", "label": 1}, "331": {"path": "non_spammer/316960964", "label": 1}, "332": {"path": "non_spammer/665278751", "label": 1}, "333": {"path": "non_spammer/971989875", "label": 1}, "334": {"path": "non_spammer/355220741", "label": 1}, "335": {"path": "non_spammer/827265057", "label": 1}, "336": {"path": "non_spammer/555859193", "label": 1}, "337": {"path": "non_spammer/280145203", "label": 1}, "338": {"path": "non_spammer/931056587", "label": 1}, "339": {"path": "non_spammer/649502850", "label": 1}, "340": {"path": "non_spammer/337088878", "label": 1}, "341": {"path": "non_spammer/401154578", "label": 1}, "342": {"path": "non_spammer/302180252", "label": 1}, "343": {"path": "non_spammer/746176510", "label": 1}, "344": {"path": "non_spammer/373042632", "label": 1}, "345": {"path": "non_spammer/576331215", "label": 1}, "346": {"path": "non_spammer/680029503", "label": 1}, "347": {"path": "non_spammer/624176930", "label": 1}, "348": {"path": "non_spammer/221661023", "label": 1}, "349": {"path": "non_spammer/334516066", "label": 1}, "350": {"path": "non_spammer/111901504", "label": 1}, "351": {"path": "non_spammer/456831830", "label": 1}, "352": {"path": "non_spammer/714678882", "label": 1}, "353": {"path": "non_spammer/509979821", "label": 1}, "354": {"path": "non_spammer/775591504", "label": 1}, "355": {"path": "non_spammer/182161337", "label": 1}, "356": {"path": "non_spammer/229464796", "label": 1}, "357": {"path": "non_spammer/300874108", "label": 1}, "358": {"path": "non_spammer/135149070", "label": 1}, "359": {"path": "non_spammer/430156033", "label": 1}, "360": {"path": "non_spammer/862548105", "label": 1}, "361": {"path": "non_spammer/126766806", "label": 1}, "362": {"path": "non_spammer/687485489", "label": 1}, "363": {"path": "non_spammer/661523959", "label": 1}, "364": {"path": "non_spammer/798246916", "label": 1}, "365": {"path": "non_spammer/445040904", "label": 1}, "366": {"path": "non_spammer/962145534", "label": 1}, "367": {"path": "non_spammer/567056008", "label": 1}, "368": {"path": "non_spammer/207011099", "label": 1}, "369": {"path": "non_spammer/678575573", "label": 1}, "370": {"path": "non_spammer/690702795", "label": 1}, "371": {"path": "non_spammer/877037365", "label": 1}, "372": {"path": "non_spammer/924740826", "label": 1}, "373": {"path": "non_spammer/160066917", "label": 1}, "374": {"path": "non_spammer/384528267", "label": 1}, "375": {"path": "non_spammer/291889692", "label": 1}, "376": {"path": "non_spammer/422873897", "label": 1}, "377": {"path": "non_spammer/522455216", "label": 1}, "378": {"path": "non_spammer/634473160", "label": 1}, "379": {"path": "non_spammer/250605356", "label": 1}, "380": {"path": "non_spammer/805169705", "label": 1}, "381": {"path": "non_spammer/927726369", "label": 1}, "382": {"path": "non_spammer/882306595", "label": 1}, "383": {"path": "non_spammer/153287996", "label": 1}, "384": {"path": "non_spammer/372824925", "label": 1}, "385": {"path": "non_spammer/313154389", "label": 1}, "386": {"path": "non_spammer/563722244", "label": 1}, "387": {"path": "non_spammer/680465273", "label": 1}, "388": {"path": "non_spammer/265260405", "label": 1}, "389": {"path": "non_spammer/660213841", "label": 1}, "390": {"path": "non_spammer/329162656", "label": 1}, "391": {"path": "non_spammer/530547694", "label": 1}, "392": {"path": "non_spammer/940459560", "label": 1}, "393": {"path": "non_spammer/116908093", "label": 1}, "394": {"path": "non_spammer/975667036", "label": 1}, "395": {"path": "non_spammer/153836241", "label": 1}, "396": {"path": "non_spammer/792412850", "label": 1}, "397": {"path": "non_spammer/284629400", "label": 1}, "398": {"path": "non_spammer/633168464", "label": 1}, "399": {"path": "non_spammer/396593555", "label": 1}, "400": {"path": "non_spammer/144867849", "label": 1}, "401": {"path": "non_spammer/947806050", "label": 1}, "402": {"path": "non_spammer/380469486", "label": 1}, "403": {"path": "non_spammer/862263540", "label": 1}, "404": {"path": "non_spammer/383632120", "label": 1}, "405": {"path": "non_spammer/781000845", "label": 1}, "406": {"path": "non_spammer/632366191", "label": 1}, "407": {"path": "non_spammer/970266978", "label": 1}, "408": {"path": "non_spammer/914143299", "label": 1}, "409": {"path": "non_spammer/410498901", "label": 1}, "410": {"path": "non_spammer/963917652", "label": 1}, "411": {"path": "non_spammer/569944816", "label": 1}, "412": {"path": "non_spammer/480042032", "label": 1}, "413": {"path": "non_spammer/687455416", "label": 1}, "414": {"path": "non_spammer/501989515", "label": 1}, "415": {"path": "non_spammer/213611851", "label": 1}, "416": {"path": "non_spammer/194554745", "label": 1}, "417": {"path": "non_spammer/939539876", "label": 1}, "418": {"path": "non_spammer/810611805", "label": 1}, "419": {"path": "non_spammer/851174157", "label": 1}, "420": {"path": "non_spammer/212338990", "label": 1}, "421": {"path": "non_spammer/656445520", "label": 1}, "422": {"path": "non_spammer/257319673", "label": 1}, "423": {"path": "non_spammer/927163447", "label": 1}, "424": {"path": "non_spammer/646167966", "label": 1}, "425": {"path": "non_spammer/820092107", "label": 1}, "426": {"path": "non_spammer/257500652", "label": 1}, "427": {"path": "non_spammer/125784661", "label": 1}, "428": {"path": "non_spammer/336180475", "label": 1}, "429": {"path": "non_spammer/710386784", "label": 1}, "430": {"path": "non_spammer/615920347", "label": 1}, "431": {"path": "non_spammer/780402071", "label": 1}, "432": {"path": "non_spammer/246617931", "label": 1}, "433": {"path": "non_spammer/570262368", "label": 1}, "434": {"path": "non_spammer/887001138", "label": 1}, "435": {"path": "non_spammer/135865344", "label": 1}, "436": {"path": "non_spammer/424068317", "label": 1}, "437": {"path": "non_spammer/615093149", "label": 1}, "438": {"path": "non_spammer/375780863", "label": 1}, "439": {"path": "non_spammer/315870162", "label": 1}, "440": {"path": "non_spammer/557746778", "label": 1}, "441": {"path": "non_spammer/971134243", "label": 1}, "442": {"path": "non_spammer/166731357", "label": 1}, "443": {"path": "non_spammer/266497689", "label": 1}, "444": {"path": "non_spammer/921967190", "label": 1}, "445": {"path": "non_spammer/683235980", "label": 1}, "446": {"path": "non_spammer/390004245", "label": 1}, "447": {"path": "non_spammer/284544827", "label": 1}, "448": {"path": "non_spammer/698290161", "label": 1}, "449": {"path": "non_spammer/537362670", "label": 1}, "450": {"path": "non_spammer/329844630", "label": 1}, "451": {"path": "non_spammer/683403116", "label": 1}, "452": {"path": "non_spammer/937054712", "label": 1}, "453": {"path": "non_spammer/475298377", "label": 1}, "454": {"path": "non_spammer/568324132", "label": 1}, "455": {"path": "non_spammer/865632503", "label": 1}, "456": {"path": "non_spammer/740930630", "label": 1}, "457": {"path": "non_spammer/522370536", "label": 1}, "458": {"path": "non_spammer/341500400", "label": 1}, "459": {"path": "non_spammer/268515945", "label": 1}, "460": {"path": "non_spammer/526381322", "label": 1}, "461": {"path": "non_spammer/643092300", "label": 1}, "462": {"path": "non_spammer/657389626", "label": 1}, "463": {"path": "non_spammer/367535376", "label": 1}, "464": {"path": "non_spammer/314325410", "label": 1}, "465": {"path": "non_spammer/889435717", "label": 1}, "466": {"path": "non_spammer/697951556", "label": 1}, "467": {"path": "non_spammer/590775742", "label": 1}, "468": {"path": "non_spammer/423275345", "label": 1}, "469": {"path": "non_spammer/883062586", "label": 1}, "470": {"path": "non_spammer/141845907", "label": 1}, "471": {"path": "non_spammer/367400913", "label": 1}, "472": {"path": "non_spammer/531376537", "label": 1}, "473": {"path": "non_spammer/305249125", "label": 1}, "474": {"path": "non_spammer/658215318", "label": 1}, "475": {"path": "non_spammer/955630650", "label": 1}, "476": {"path": "non_spammer/481136760", "label": 1}, "477": {"path": "non_spammer/739384535", "label": 1}, "478": {"path": "non_spammer/625563752", "label": 1}, "479": {"path": "non_spammer/912931732", "label": 1}, "480": {"path": "non_spammer/147507710", "label": 1}, "481": {"path": "non_spammer/513225235", "label": 1}, "482": {"path": "non_spammer/378627741", "label": 1}, "483": {"path": "non_spammer/378193435", "label": 1}, "484": {"path": "non_spammer/484703537", "label": 1}, "485": {"path": "non_spammer/111514459", "label": 1}, "486": {"path": "non_spammer/800350947", "label": 1}, "487": {"path": "non_spammer/998257010", "label": 1}, "488": {"path": "non_spammer/339153566", "label": 1}, "489": {"path": "non_spammer/748716931", "label": 1}, "490": {"path": "non_spammer/603793616", "label": 1}, "491": {"path": "non_spammer/753984435", "label": 1}, "492": {"path": "non_spammer/760385204", "label": 1}, "493": {"path": "non_spammer/167599669", "label": 1}, "494": {"path": "non_spammer/470783058", "label": 1}, "495": {"path": "non_spammer/537012293", "label": 1}, "496": {"path": "non_spammer/476255202", "label": 1}, "497": {"path": "non_spammer/255747113", "label": 1}, "498": {"path": "non_spammer/323185869", "label": 1}, "499": {"path": "non_spammer/895392328", "label": 1}, "500": {"path": "non_spammer/649811804", "label": 1}, "501": {"path": "non_spammer/616027251", "label": 1}, "502": {"path": "non_spammer/184630758", "label": 1}, "503": {"path": "non_spammer/238909075", "label": 1}, "504": {"path": "non_spammer/834303192", "label": 1}, "505": {"path": "non_spammer/912516267", "label": 1}, "506": {"path": "non_spammer/614452093", "label": 1}, "507": {"path": "non_spammer/517222822", "label": 1}, "508": {"path": "non_spammer/745717283", "label": 1}, "509": {"path": "non_spammer/878784423", "label": 1}, "510": {"path": "non_spammer/212650242", "label": 1}, "511": {"path": "non_spammer/558174189", "label": 1}, "512": {"path": "non_spammer/642197573", "label": 1}, "513": {"path": "non_spammer/822540275", "label": 1}, "514": {"path": "non_spammer/994910296", "label": 1}, "515": {"path": "non_spammer/203126984", "label": 1}, "516": {"path": "non_spammer/700218384", "label": 1}, "517": {"path": "non_spammer/736021509", "label": 1}, "518": {"path": "non_spammer/715272326", "label": 1}, "519": {"path": "non_spammer/530787020", "label": 1}, "520": {"path": "non_spammer/274318834", "label": 1}, "521": {"path": "non_spammer/500742654", "label": 1}, "522": {"path": "non_spammer/932348052", "label": 1}, "523": {"path": "non_spammer/822281538", "label": 1}, "524": {"path": "non_spammer/526489429", "label": 1}, "525": {"path": "non_spammer/504924252", "label": 1}, "526": {"path": "non_spammer/498049207", "label": 1}, "527": {"path": "non_spammer/222882914", "label": 1}, "528": {"path": "non_spammer/150777492", "label": 1}, "529": {"path": "non_spammer/575302698", "label": 1}, "530": {"path": "non_spammer/585091640", "label": 1}, "531": {"path": "non_spammer/226399401", "label": 1}, "532": {"path": "non_spammer/870681980", "label": 1}, "533": {"path": "non_spammer/102756559", "label": 1}, "534": {"path": "non_spammer/228198233", "label": 1}, "535": {"path": "non_spammer/660997839", "label": 1}, "536": {"path": "non_spammer/319092710", "label": 1}, "537": {"path": "non_spammer/349301298", "label": 1}, "538": {"path": "non_spammer/823323113", "label": 1}, "539": {"path": "non_spammer/146568068", "label": 1}, "540": {"path": "non_spammer/622711181", "label": 1}, "541": {"path": "non_spammer/521996555", "label": 1}, "542": {"path": "non_spammer/460690045", "label": 1}, "543": {"path": "non_spammer/598290946", "label": 1}, "544": {"path": "non_spammer/936422778", "label": 1}, "545": {"path": "non_spammer/757722532", "label": 1}, "546": {"path": "non_spammer/889290976", "label": 1}, "547": {"path": "non_spammer/105963760", "label": 1}, "548": {"path": "non_spammer/985100131", "label": 1}, "549": {"path": "non_spammer/269382316", "label": 1}, "550": {"path": "non_spammer/638038927", "label": 1}, "551": {"path": "non_spammer/808737865", "label": 1}, "552": {"path": "non_spammer/534954834", "label": 1}, "553": {"path": "non_spammer/676979092", "label": 1}, "554": {"path": "non_spammer/293442339", "label": 1}, "555": {"path": "non_spammer/573753724", "label": 1}, "556": {"path": "non_spammer/494847140", "label": 1}, "557": {"path": "non_spammer/455526969", "label": 1}, "558": {"path": "non_spammer/969988597", "label": 1}, "559": {"path": "non_spammer/483991566", "label": 1}, "560": {"path": "non_spammer/170480194", "label": 1}, "561": {"path": "non_spammer/506470665", "label": 1}, "562": {"path": "non_spammer/535131565", "label": 1}, "563": {"path": "non_spammer/563079404", "label": 1}, "564": {"path": "non_spammer/659905329", "label": 1}, "565": {"path": "non_spammer/855171229", "label": 1}, "566": {"path": "non_spammer/649066991", "label": 1}, "567": {"path": "non_spammer/159225990", "label": 1}, "568": {"path": "non_spammer/458582716", "label": 1}, "569": {"path": "non_spammer/807578774", "label": 1}, "570": {"path": "non_spammer/398675530", "label": 1}, "571": {"path": "non_spammer/182771304", "label": 1}, "572": {"path": "non_spammer/603828234", "label": 1}, "573": {"path": "non_spammer/916873632", "label": 1}, "574": {"path": "non_spammer/161085315", "label": 1}, "575": {"path": "non_spammer/291390499", "label": 1}, "576": {"path": "non_spammer/515186100", "label": 1}, "577": {"path": "non_spammer/668119134", "label": 1}, "578": {"path": "non_spammer/465258227", "label": 1}, "579": {"path": "non_spammer/326589078", "label": 1}, "580": {"path": "non_spammer/592699197", "label": 1}, "581": {"path": "non_spammer/257666327", "label": 1}, "582": {"path": "non_spammer/868409642", "label": 1}, "583": {"path": "non_spammer/284910275", "label": 1}, "584": {"path": "non_spammer/835672512", "label": 1}, "585": {"path": "non_spammer/429563017", "label": 1}, "586": {"path": "non_spammer/201245635", "label": 1}, "587": {"path": "non_spammer/945861275", "label": 1}, "588": {"path": "non_spammer/935576621", "label": 1}, "589": {"path": "non_spammer/726223998", "label": 1}, "590": {"path": "non_spammer/303933721", "label": 1}, "591": {"path": "non_spammer/331420565", "label": 1}, "592": {"path": "non_spammer/686145181", "label": 1}, "593": {"path": "non_spammer/337039932", "label": 1}, "594": {"path": "non_spammer/243352565", "label": 1}, "595": {"path": "non_spammer/412428356", "label": 1}, "596": {"path": "non_spammer/745601674", "label": 1}, "597": {"path": "non_spammer/819097459", "label": 1}, "598": {"path": "non_spammer/550130973", "label": 1}, "599": {"path": "non_spammer/699931152", "label": 1}, "600": {"path": "non_spammer/227102336", "label": 1}, "601": {"path": "non_spammer/377542722", "label": 1}, "602": {"path": "non_spammer/723438013", "label": 1}, "603": {"path": "non_spammer/208264969", "label": 1}, "604": {"path": "non_spammer/820063193", "label": 1}, "605": {"path": "non_spammer/516135392", "label": 1}, "606": {"path": "non_spammer/476926552", "label": 1}, "607": {"path": "non_spammer/371087025", "label": 1}, "608": {"path": "non_spammer/325153610", "label": 1}, "609": {"path": "non_spammer/686276991", "label": 1}, "610": {"path": "non_spammer/453790557", "label": 1}, "611": {"path": "non_spammer/210769290", "label": 1}, "612": {"path": "non_spammer/440108004", "label": 1}, "613": {"path": "non_spammer/231500773", "label": 1}, "614": {"path": "non_spammer/170836346", "label": 1}, "615": {"path": "non_spammer/893184822", "label": 1}, "616": {"path": "non_spammer/125981772", "label": 1}, "617": {"path": "non_spammer/628999669", "label": 1}, "618": {"path": "non_spammer/409308727", "label": 1}, "619": {"path": "non_spammer/566258289", "label": 1}, "620": {"path": "non_spammer/244352585", "label": 1}, "621": {"path": "non_spammer/572368284", "label": 1}, "622": {"path": "non_spammer/847952649", "label": 1}, "623": {"path": "non_spammer/680144568", "label": 1}, "624": {"path": "non_spammer/498215067", "label": 1}, "625": {"path": "non_spammer/528596324", "label": 1}, "626": {"path": "non_spammer/952316338", "label": 1}, "627": {"path": "non_spammer/553798442", "label": 1}, "628": {"path": "non_spammer/466464299", "label": 1}, "629": {"path": "non_spammer/193642310", "label": 1}, "630": {"path": "non_spammer/157608847", "label": 1}, "631": {"path": "non_spammer/758775998", "label": 1}, "632": {"path": "non_spammer/301767777", "label": 1}, "633": {"path": "non_spammer/433023550", "label": 1}, "634": {"path": "non_spammer/613540643", "label": 1}, "635": {"path": "non_spammer/419605347", "label": 1}, "636": {"path": "non_spammer/648022965", "label": 1}, "637": {"path": "non_spammer/105885988", "label": 1}, "638": {"path": "non_spammer/485685840", "label": 1}, "639": {"path": "non_spammer/987392280", "label": 1}, "640": {"path": "non_spammer/666142200", "label": 1}, "641": {"path": "non_spammer/218061374", "label": 1}, "642": {"path": "non_spammer/448014884", "label": 1}, "643": {"path": "non_spammer/915365253", "label": 1}, "644": {"path": "non_spammer/440615556", "label": 1}, "645": {"path": "non_spammer/943967932", "label": 1}, "646": {"path": "non_spammer/264291327", "label": 1}, "647": {"path": "non_spammer/729304135", "label": 1}, "648": {"path": "non_spammer/321624086", "label": 1}, "649": {"path": "non_spammer/367356279", "label": 1}, "650": {"path": "non_spammer/499193749", "label": 1}, "651": {"path": "non_spammer/272963561", "label": 1}, "652": {"path": "non_spammer/342488627", "label": 1}, "653": {"path": "non_spammer/511559263", "label": 1}, "654": {"path": "non_spammer/181426704", "label": 1}, "655": {"path": "non_spammer/238962358", "label": 1}, "656": {"path": "non_spammer/582764962", "label": 1}, "657": {"path": "non_spammer/241252223", "label": 1}, "658": {"path": "non_spammer/609714500", "label": 1}, "659": {"path": "non_spammer/806001525", "label": 1}, "660": {"path": "non_spammer/604994617", "label": 1}, "661": {"path": "non_spammer/446030204", "label": 1}, "662": {"path": "non_spammer/958764625", "label": 1}, "663": {"path": "non_spammer/327089870", "label": 1}, "664": {"path": "non_spammer/123705058", "label": 1}, "665": {"path": "non_spammer/427688030", "label": 1}, "666": {"path": "non_spammer/260297999", "label": 1}, "667": {"path": "non_spammer/132843192", "label": 1}, "668": {"path": "non_spammer/814066010", "label": 1}, "669": {"path": "non_spammer/411932279", "label": 1}, "670": {"path": "non_spammer/114031517", "label": 1}, "671": {"path": "non_spammer/152680199", "label": 1}, "672": {"path": "non_spammer/771492860", "label": 1}, "673": {"path": "non_spammer/346517190", "label": 1}, "674": {"path": "non_spammer/212723613", "label": 1}, "675": {"path": "non_spammer/114969511", "label": 1}, "676": {"path": "non_spammer/855978384", "label": 1}, "677": {"path": "non_spammer/900218958", "label": 1}, "678": {"path": "non_spammer/369235081", "label": 1}, "679": {"path": "non_spammer/310398010", "label": 1}, "680": {"path": "non_spammer/305109349", "label": 1}, "681": {"path": "non_spammer/168534609", "label": 1}, "682": {"path": "non_spammer/989406379", "label": 1}, "683": {"path": "non_spammer/583376908", "label": 1}, "684": {"path": "non_spammer/734465054", "label": 1}, "685": {"path": "non_spammer/777567109", "label": 1}, "686": {"path": "non_spammer/932437354", "label": 1}, "687": {"path": "non_spammer/145883408", "label": 1}, "688": {"path": "non_spammer/747380747", "label": 1}, "689": {"path": "non_spammer/830008298", "label": 1}, "690": {"path": "non_spammer/340387686", "label": 1}, "691": {"path": "non_spammer/912081679", "label": 1}, "692": {"path": "non_spammer/798308736", "label": 1}, "693": {"path": "non_spammer/732355709", "label": 1}, "694": {"path": "non_spammer/727530670", "label": 1}, "695": {"path": "non_spammer/740505241", "label": 1}, "696": {"path": "non_spammer/146363766", "label": 1}, "697": {"path": "non_spammer/412754230", "label": 1}, "698": {"path": "non_spammer/289987032", "label": 1}, "699": {"path": "non_spammer/732253547", "label": 1}, "700": {"path": "non_spammer/273408730", "label": 1}, "701": {"path": "non_spammer/282214422", "label": 1}, "702": {"path": "non_spammer/872914822", "label": 1}, "703": {"path": "non_spammer/343896765", "label": 1}, "704": {"path": "non_spammer/976157329", "label": 1}, "705": {"path": "non_spammer/162690965", "label": 1}, "706": {"path": "non_spammer/197691729", "label": 1}, "707": {"path": "non_spammer/535558208", "label": 1}, "708": {"path": "non_spammer/709281806", "label": 1}, "709": {"path": "non_spammer/738423580", "label": 1}, "710": {"path": "non_spammer/140387777", "label": 1}, "711": {"path": "non_spammer/115314652", "label": 1}, "712": {"path": "non_spammer/268948701", "label": 1}, "713": {"path": "non_spammer/655113737", "label": 1}, "714": {"path": "non_spammer/955814328", "label": 1}, "715": {"path": "non_spammer/627194973", "label": 1}, "716": {"path": "non_spammer/158522395", "label": 1}, "717": {"path": "non_spammer/501576353", "label": 1}, "718": {"path": "non_spammer/490765010", "label": 1}, "719": {"path": "non_spammer/935915073", "label": 1}, "720": {"path": "non_spammer/121691532", "label": 1}, "721": {"path": "non_spammer/667570918", "label": 1}, "722": {"path": "non_spammer/640791247", "label": 1}, "723": {"path": "non_spammer/297226503", "label": 1}, "724": {"path": "non_spammer/724019230", "label": 1}, "725": {"path": "non_spammer/237094995", "label": 1}, "726": {"path": "spammer/617858370", "label": 0}, "727": {"path": "spammer/260450500", "label": 0}, "728": {"path": "spammer/583009587", "label": 0}, "729": {"path": "spammer/603514497", "label": 0}, "730": {"path": "spammer/464676611", "label": 0}, "731": {"path": "spammer/689620620", "label": 0}, "732": {"path": "spammer/761956317", "label": 0}, "733": {"path": "spammer/739936316", "label": 0}, "734": {"path": "spammer/807396562", "label": 0}, "735": {"path": "spammer/743649257", "label": 0}, "736": {"path": "spammer/642375941", "label": 0}, "737": {"path": "spammer/339835197", "label": 0}, "738": {"path": "spammer/574701160", "label": 0}, "739": {"path": "spammer/833473653", "label": 0}, "740": {"path": "spammer/729751354", "label": 0}, "741": {"path": "spammer/280579723", "label": 0}, "742": {"path": "spammer/265095890", "label": 0}, "743": {"path": "spammer/274045329", "label": 0}, "744": {"path": "spammer/621596124", "label": 0}, "745": {"path": "spammer/768966864", "label": 0}, "746": {"path": "spammer/108612988", "label": 0}, "747": {"path": "spammer/140389233", "label": 0}, "748": {"path": "spammer/238381565", "label": 0}, "749": {"path": "spammer/895114764", "label": 0}, "750": {"path": "spammer/579985528", "label": 0}, "751": {"path": "spammer/400235761", "label": 0}, "752": {"path": "spammer/608162953", "label": 0}, "753": {"path": "spammer/871673109", "label": 0}, "754": {"path": "spammer/811426791", "label": 0}, "755": {"path": "spammer/445907680", "label": 0}, "756": {"path": "spammer/542999582", "label": 0}, "757": {"path": "spammer/600068848", "label": 0}, "758": {"path": "spammer/800428392", "label": 0}, "759": {"path": "spammer/289269363", "label": 0}, "760": {"path": "spammer/968753386", "label": 0}, "761": {"path": "spammer/404495000", "label": 0}, "762": {"path": "spammer/490669674", "label": 0}, "763": {"path": "spammer/347928591", "label": 0}, "764": {"path": "spammer/633116063", "label": 0}}