{"visible": {"type": 0, "list_id": 0}, "created_at": "Sun Jun 25 14:17:56 +0800 2023", "id": 4916522939843758, "idstr": "4916522939843758", "mid": "4916522939843758", "mblogid": "N6VPTFiOi", "user": {"id": 3073217815, "idstr": "3073217815", "pc_new": 0, "screen_name": "七十七只绵羊", "profile_image_url": "https://tvax3.sinaimg.cn/crop.0.0.512.512.50/b72d9517ly8hf8e0vpc8ej20e80e8myg.jpg?KID=imgbed,tva&amp;Expires=1704748376&amp;ssig=dCMA%2BzCE5A", "profile_url": "/u/3073217815", "verified": true, "verified_type": 0, "domain": "", "weihao": "", "verified_type_ext": 0, "avatar_large": "https://tvax3.sinaimg.cn/crop.0.0.512.512.180/b72d9517ly8hf8e0vpc8ej20e80e8myg.jpg?KID=imgbed,tva&amp;Expires=1704748376&amp;ssig=NQaQoI2bME", "avatar_hd": "https://tvax3.sinaimg.cn/crop.0.0.512.512.1024/b72d9517ly8hf8e0vpc8ej20e80e8myg.jpg?KID=imgbed,tva&amp;Expires=1704748376&amp;ssig=JfQUg9wn8%2B", "follow_me": false, "following": false, "mbrank": 5, "mbtype": 11, "v_plus": 0, "planet_video": false, "icon_list": [{"type": "vip", "data": {"mbrank": 5, "mbtype": 11, "svip": 1, "vvip": 0}}]}, "can_edit": false, "text_raw": "#普京反制日本#这个倒废水的小耗子 要破坏全球的环境 就应该消失[微笑] ​​​", "textLength": 66, "annotations": [{"ann_ext": "ann_ext:search|t:547|q:#普京反制日本#|creator_source:bottomsendweibo"}, {"shooting": 1, "client_mblogid": "iPhone-B974E7FD-BF1C-42AE-8C70-7B7B21E5BD0E"}, {"source_text": "", "phone_id": "1399"}, {"mapi_request": true}], "source": "iPhone客户端", "favorited": false, "rid": "1_0_50_164777846242527537_0_0_0", "cardid": "raresvip_0052001143", "pic_ids": [], "pic_num": 0, "is_paid": false, "pic_bg_new": "http://vip.storage.weibo.com/feed_cover/raresvip_0052001143_mobile_new.png?version=2021091501", "mblog_vip_type": 0, "number_display_strategy": {"apply_scenario_flag": 3, "display_text_min_number": 1000000, "display_text": "100万+"}, "reposts_count": 0, "comments_count": 0, "attitudes_count": 17, "attitudes_status": 0, "isLongText": false, "mlevel": 0, "content_auth": 0, "is_show_bulletin": 2, "comment_manage_info": {"comment_permission_type": -1, "approval_comment_type": 0, "comment_sort_type": 0}, "share_repost_type": 0, "topic_struct": [{"title": "", "topic_url": "sinaweibo://searchall?containerid=231522&amp;q=%23%E6%99%AE%E4%BA%AC%E5%8F%8D%E5%88%B6%E6%97%A5%E6%9C%AC%23&amp;extparam=%23%E6%99%AE%E4%BA%AC%E5%8F%8D%E5%88%B6%E6%97%A5%E6%9C%AC%23", "topic_title": "普京反制日本", "actionlog": {"act_type": 1, "act_code": 300, "oid": "1022:231522ae0795b9aad154dfc5d58c804c0aaae2", "uuid": 4916429995638799, "cardid": "", "lcardid": "", "uicode": "", "luicode": "", "fid": "1076033073217815_-_WEIBO_SECOND_PROFILE_WEIBO", "lfid": "", "ext": "mid:4916522939843758|rid:1_0_50_164777846242527537_0_0_0|short_url:|long_url:|comment_id:|miduid:3073217815|rootmid:4916522939843758|rootuid:3073217815|authorid:|uuid:4916429995638799|is_ad_weibo:0"}}], "mblogtype": 0, "showFeedRepost": false, "showFeedComment": false, "pictureViewerSign": false, "showPictureViewer": false, "rcList": [], "text": "&lt;a href=\"//s.weibo.com/weibo?q=%23%E6%99%AE%E4%BA%AC%E5%8F%8D%E5%88%B6%E6%97%A5%E6%9C%AC%23\" target=\"_blank\"&gt;#普京反制日本#&lt;/a&gt;这个倒废水的小耗子 要破坏全球的环境 就应该消失&lt;img alt=\"[微笑]\" title=\"[微笑]\" src=\"https://face.t.sinajs.cn/t4/appstyle/expression/ext/normal/e3/2018new_weixioa02_org.png\" /&gt; ​​​", "region_name": "发布于 浙江", "customIcons": []}