{"visible": {"type": 0, "list_id": 0}, "created_at": "Wed Jul 05 19:27:50 +0800 2023", "id": 4920224807129577, "idstr": "4920224807129577", "mid": "4920224807129577", "mblogid": "N8u8EtUJb", "user": {"id": 3073217815, "idstr": "3073217815", "pc_new": 0, "screen_name": "七十七只绵羊", "profile_image_url": "https://tvax3.sinaimg.cn/crop.0.0.512.512.50/b72d9517ly8hf8e0vpc8ej20e80e8myg.jpg?KID=imgbed,tva&amp;Expires=1704748350&amp;ssig=si2nInaUPN", "profile_url": "/u/3073217815", "verified": true, "verified_type": 0, "domain": "", "weihao": "", "verified_type_ext": 0, "avatar_large": "https://tvax3.sinaimg.cn/crop.0.0.512.512.180/b72d9517ly8hf8e0vpc8ej20e80e8myg.jpg?KID=imgbed,tva&amp;Expires=1704748350&amp;ssig=ndAsLljjlR", "avatar_hd": "https://tvax3.sinaimg.cn/crop.0.0.512.512.1024/b72d9517ly8hf8e0vpc8ej20e80e8myg.jpg?KID=imgbed,tva&amp;Expires=1704748350&amp;ssig=060Ews6bRm", "follow_me": false, "following": false, "mbrank": 5, "mbtype": 11, "v_plus": 0, "planet_video": false, "icon_list": [{"type": "vip", "data": {"mbrank": 5, "mbtype": 11, "svip": 1, "vvip": 0}}]}, "can_edit": false, "text_raw": "真的很讨厌满口谎话两面三刀还没有边界感的人[微笑] ​​​", "textLength": 48, "annotations": [{"photo_sub_type": "0"}, [], {"client_mblogid": "iPhone-F54D5ED7-2792-413B-8FB0-6F41F319A939"}, {"source_text": "", "phone_id": "1399"}, {"mapi_request": true}], "source": "iPhone客户端", "favorited": false, "rid": "8_0_50_5135363211802580054_0_0_0", "cardid": "raresvip_0052001143", "pic_ids": ["b10c1bc2ly1hdubyucj8tj208c08cwej"], "pic_num": 1, "pic_infos": {"b10c1bc2ly1hdubyucj8tj208c08cwej": {"thumbnail": {"url": "https://wx3.sinaimg.cn/wap180/b10c1bc2ly1hdubyucj8tj208c08cwej.jpg", "width": 180, "height": 180, "cut_type": 1, "type": ""}, "bmiddle": {"url": "https://wx3.sinaimg.cn/wap360/b10c1bc2ly1hdubyucj8tj208c08cwej.jpg", "width": 300, "height": 300, "cut_type": 1, "type": ""}, "large": {"url": "https://wx3.sinaimg.cn/orj960/b10c1bc2ly1hdubyucj8tj208c08cwej.jpg", "width": 300, "height": 300, "cut_type": 1, "type": ""}, "original": {"url": "https://wx3.sinaimg.cn/orj1080/b10c1bc2ly1hdubyucj8tj208c08cwej.jpg", "width": 300, "height": 300, "cut_type": 1, "type": ""}, "largest": {"url": "https://wx3.sinaimg.cn/large/b10c1bc2ly1hdubyucj8tj208c08cwej.jpg", "width": 300, "height": 300, "cut_type": 1, "type": ""}, "mw2000": {"url": "https://wx3.sinaimg.cn/mw2000/b10c1bc2ly1hdubyucj8tj208c08cwej.jpg", "width": 300, "height": 300, "cut_type": 1, "type": ""}, "object_id": "1042018:154b5988d9ff25f2ef996427e71bab53", "pic_id": "b10c1bc2ly1hdubyucj8tj208c08cwej", "photo_tag": 0, "type": "pic", "pic_status": 0}}, "is_paid": false, "pic_bg_new": "http://vip.storage.weibo.com/feed_cover/raresvip_0052001143_mobile_new.png?version=2021091501", "mblog_vip_type": 0, "number_display_strategy": {"apply_scenario_flag": 3, "display_text_min_number": 1000000, "display_text": "100万+"}, "reposts_count": 0, "comments_count": 2, "attitudes_count": 1, "attitudes_status": 0, "isLongText": false, "mlevel": 0, "content_auth": 0, "is_show_bulletin": 2, "comment_manage_info": {"comment_permission_type": -1, "approval_comment_type": 0, "comment_sort_type": 0}, "share_repost_type": 0, "mblogtype": 0, "showFeedRepost": false, "showFeedComment": false, "pictureViewerSign": false, "showPictureViewer": false, "rcList": [], "text": "真的很讨厌满口谎话两面三刀还没有边界感的人&lt;img alt=\"[微笑]\" title=\"[微笑]\" src=\"https://face.t.sinajs.cn/t4/appstyle/expression/ext/normal/e3/2018new_weixioa02_org.png\" /&gt; ​​​", "region_name": "发布于 浙江", "customIcons": []}