{"visible": {"type": 0, "list_id": 0}, "created_at": "Sat Jul 08 21:00:39 +0800 2023", "id": 4921335329329360, "idstr": "4921335329329360", "mid": "4921335329329360", "mblogid": "N8X1OD8Zy", "user": {"id": 3073217815, "idstr": "3073217815", "pc_new": 0, "screen_name": "七十七只绵羊", "profile_image_url": "https://tvax3.sinaimg.cn/crop.0.0.512.512.50/b72d9517ly8hf8e0vpc8ej20e80e8myg.jpg?KID=imgbed,tva&amp;Expires=1704748350&amp;ssig=si2nInaUPN", "profile_url": "/u/3073217815", "verified": true, "verified_type": 0, "domain": "", "weihao": "", "verified_type_ext": 0, "avatar_large": "https://tvax3.sinaimg.cn/crop.0.0.512.512.180/b72d9517ly8hf8e0vpc8ej20e80e8myg.jpg?KID=imgbed,tva&amp;Expires=1704748350&amp;ssig=ndAsLljjlR", "avatar_hd": "https://tvax3.sinaimg.cn/crop.0.0.512.512.1024/b72d9517ly8hf8e0vpc8ej20e80e8myg.jpg?KID=imgbed,tva&amp;Expires=1704748350&amp;ssig=060Ews6bRm", "follow_me": false, "following": false, "mbrank": 5, "mbtype": 11, "v_plus": 0, "planet_video": false, "icon_list": [{"type": "vip", "data": {"mbrank": 5, "mbtype": 11, "svip": 1, "vvip": 0}}]}, "can_edit": false, "text_raw": "臭🐷🐷 ​​​", "textLength": 10, "annotations": [{"photo_sub_type": "0,0,0"}, [], {"client_mblogid": "iPhone-87687BF5-C508-426A-BE4B-A8F00EB89871"}, {"source_text": "", "phone_id": "1399"}, {"mapi_request": true}], "source": "iPhone客户端", "favorited": false, "rid": "3_0_50_5135363211802580054_0_0_0", "cardid": "raresvip_0052001143", "pic_ids": ["b72d9517gy1hfpsnj7oijj20u0140ahp", "b72d9517gy1hfpsnjraovj20u0140n4v", "b72d9517gy1hfpso0x92zj20u0140gt6"], "pic_num": 3, "pic_infos": {"b72d9517gy1hfpsnj7oijj20u0140ahp": {"thumbnail": {"url": "https://wx1.sinaimg.cn/wap180/b72d9517gy1hfpsnj7oijj20u0140ahp.jpg", "width": 135, "height": 180, "cut_type": 1, "type": ""}, "bmiddle": {"url": "https://wx1.sinaimg.cn/wap360/b72d9517gy1hfpsnj7oijj20u0140ahp.jpg", "width": 270, "height": 360, "cut_type": 1, "type": ""}, "large": {"url": "https://wx1.sinaimg.cn/orj960/b72d9517gy1hfpsnj7oijj20u0140ahp.jpg", "width": 960, "height": 1280, "cut_type": 1, "type": ""}, "original": {"url": "https://wx1.sinaimg.cn/orj1080/b72d9517gy1hfpsnj7oijj20u0140ahp.jpg", "width": 1080, "height": 1440, "cut_type": 1, "type": ""}, "largest": {"url": "https://wx1.sinaimg.cn/large/b72d9517gy1hfpsnj7oijj20u0140ahp.jpg", "width": 1080, "height": 1440, "cut_type": 1, "type": ""}, "mw2000": {"url": "https://wx1.sinaimg.cn/mw2000/b72d9517gy1hfpsnj7oijj20u0140ahp.jpg", "width": 1080, "height": 1440, "cut_type": 1, "type": ""}, "object_id": "1042018:566c1cb8c0fc1b8a9d01aafd8ec76643", "pic_id": "b72d9517gy1hfpsnj7oijj20u0140ahp", "photo_tag": 0, "type": "pic", "pic_status": 0}, "b72d9517gy1hfpsnjraovj20u0140n4v": {"thumbnail": {"url": "https://wx3.sinaimg.cn/wap180/b72d9517gy1hfpsnjraovj20u0140n4v.jpg", "width": 135, "height": 180, "cut_type": 1, "type": ""}, "bmiddle": {"url": "https://wx3.sinaimg.cn/wap360/b72d9517gy1hfpsnjraovj20u0140n4v.jpg", "width": 270, "height": 360, "cut_type": 1, "type": ""}, "large": {"url": "https://wx3.sinaimg.cn/orj960/b72d9517gy1hfpsnjraovj20u0140n4v.jpg", "width": 960, "height": 1280, "cut_type": 1, "type": ""}, "original": {"url": "https://wx3.sinaimg.cn/orj1080/b72d9517gy1hfpsnjraovj20u0140n4v.jpg", "width": 1080, "height": 1440, "cut_type": 1, "type": ""}, "largest": {"url": "https://wx3.sinaimg.cn/large/b72d9517gy1hfpsnjraovj20u0140n4v.jpg", "width": 1080, "height": 1440, "cut_type": 1, "type": ""}, "mw2000": {"url": "https://wx3.sinaimg.cn/mw2000/b72d9517gy1hfpsnjraovj20u0140n4v.jpg", "width": 1080, "height": 1440, "cut_type": 1, "type": ""}, "object_id": "1042018:6ce54ca8472d0b589b9f7876ae61c206", "pic_id": "b72d9517gy1hfpsnjraovj20u0140n4v", "photo_tag": 0, "type": "pic", "pic_status": 0}, "b72d9517gy1hfpso0x92zj20u0140gt6": {"thumbnail": {"url": "https://wx1.sinaimg.cn/wap180/b72d9517gy1hfpso0x92zj20u0140gt6.jpg", "width": 135, "height": 180, "cut_type": 1, "type": ""}, "bmiddle": {"url": "https://wx1.sinaimg.cn/wap360/b72d9517gy1hfpso0x92zj20u0140gt6.jpg", "width": 270, "height": 360, "cut_type": 1, "type": ""}, "large": {"url": "https://wx1.sinaimg.cn/orj960/b72d9517gy1hfpso0x92zj20u0140gt6.jpg", "width": 960, "height": 1280, "cut_type": 1, "type": ""}, "original": {"url": "https://wx1.sinaimg.cn/orj1080/b72d9517gy1hfpso0x92zj20u0140gt6.jpg", "width": 1080, "height": 1440, "cut_type": 1, "type": ""}, "largest": {"url": "https://wx1.sinaimg.cn/large/b72d9517gy1hfpso0x92zj20u0140gt6.jpg", "width": 1080, "height": 1440, "cut_type": 1, "type": ""}, "mw2000": {"url": "https://wx1.sinaimg.cn/mw2000/b72d9517gy1hfpso0x92zj20u0140gt6.jpg", "width": 1080, "height": 1440, "cut_type": 1, "type": ""}, "object_id": "1042018:7491d66f72a57b8a14779697d7396c8c", "pic_id": "b72d9517gy1hfpso0x92zj20u0140gt6", "photo_tag": 0, "type": "pic", "pic_status": 0}}, "is_paid": false, "pic_bg_new": "http://vip.storage.weibo.com/feed_cover/raresvip_0052001143_mobile_new.png?version=2021091501", "mblog_vip_type": 0, "number_display_strategy": {"apply_scenario_flag": 3, "display_text_min_number": 1000000, "display_text": "100万+"}, "reposts_count": 0, "comments_count": 0, "attitudes_count": 0, "attitudes_status": 0, "isLongText": false, "mlevel": 0, "content_auth": 0, "is_show_bulletin": 2, "comment_manage_info": {"comment_permission_type": -1, "approval_comment_type": 0, "comment_sort_type": 0}, "share_repost_type": 0, "mblogtype": 0, "showFeedRepost": false, "showFeedComment": false, "pictureViewerSign": false, "showPictureViewer": false, "rcList": [], "text": "臭🐷🐷 ​​​", "region_name": "发布于 浙江", "customIcons": []}