{"visible": {"type": 0, "list_id": 0}, "created_at": "Sat Jul 08 12:00:00 +0800 2023", "id": 4921199269779510, "idstr": "4921199269779510", "mid": "4921199269779510", "mblogid": "N8TumF262", "user": {"id": 3549916270, "idstr": "3549916270", "pc_new": 7, "screen_name": "中国消防", "profile_image_url": "https://tvax4.sinaimg.cn/crop.0.0.511.511.50/003Sf5o2ly8h8w41xudehj60e70e7t9i02.jpg?KID=imgbed,tva&amp;Expires=1704748350&amp;ssig=krJtU9xKIi", "profile_url": "/u/3549916270", "verified": true, "verified_type": 1, "domain": "smtdtyhd", "weihao": "", "verified_type_ext": 0, "avatar_large": "https://tvax4.sinaimg.cn/crop.0.0.511.511.180/003Sf5o2ly8h8w41xudehj60e70e7t9i02.jpg?KID=imgbed,tva&amp;Expires=1704748350&amp;ssig=yVTyoODaJK", "avatar_hd": "https://tvax4.sinaimg.cn/crop.0.0.511.511.1024/003Sf5o2ly8h8w41xudehj60e70e7t9i02.jpg?KID=imgbed,tva&amp;Expires=1704748350&amp;ssig=CKAPEh%2B6%2Bs", "follow_me": false, "following": false, "mbrank": 1, "mbtype": 12, "v_plus": 0, "planet_video": false, "icon_list": [{"type": "vip", "data": {"mbrank": 1, "mbtype": 12, "svip": 1, "vvip": 1}}]}, "can_edit": false, "text_raw": "你们中午吃的啥？ 厨房用火不离人。 ​​​", "textLength": 33, "source": "微博网页版", "favorited": false, "rid": "5_0_50_5135363211802580054_0_0_0", "cardid": "star_1624", "pic_ids": ["003Sf5o2ly1hfkox9pfe3j612z0sltjg02"], "pic_num": 1, "pic_infos": {"003Sf5o2ly1hfkox9pfe3j612z0sltjg02": {"thumbnail": {"url": "https://wx3.sinaimg.cn/wap180/003Sf5o2ly1hfkox9pfe3j612z0sltjg02.jpg", "width": 180, "height": 132, "cut_type": 1, "type": ""}, "bmiddle": {"url": "https://wx3.sinaimg.cn/wap360/003Sf5o2ly1hfkox9pfe3j612z0sltjg02.jpg", "width": 360, "height": 264, "cut_type": 1, "type": ""}, "large": {"url": "https://wx3.sinaimg.cn/orj960/003Sf5o2ly1hfkox9pfe3j612z0sltjg02.jpg", "width": 1308, "height": 960, "cut_type": 1, "type": ""}, "original": {"url": "https://wx3.sinaimg.cn/orj1080/003Sf5o2ly1hfkox9pfe3j612z0sltjg02.jpg", "width": 1403, "height": 1029, "cut_type": 1, "type": ""}, "largest": {"url": "https://wx3.sinaimg.cn/large/003Sf5o2ly1hfkox9pfe3j612z0sltjg02.jpg", "width": 1403, "height": 1029, "cut_type": 1, "type": ""}, "mw2000": {"url": "https://wx3.sinaimg.cn/mw2000/003Sf5o2ly1hfkox9pfe3j612z0sltjg02.jpg", "width": 1403, "height": 1029, "cut_type": 1, "type": ""}, "object_id": "1042018:08618864f0bb4b84920ad05f10df27e8", "pic_id": "003Sf5o2ly1hfkox9pfe3j612z0sltjg02", "photo_tag": 0, "type": "pic", "pic_status": 1}}, "is_paid": false, "pic_bg_new": "http://vip.storage.weibo.com/feed_cover/star_1624_mobile_new.png?version=2021091501", "mblog_vip_type": 0, "reposts_count": 2, "comments_count": 99, "attitudes_count": 121, "attitudes_status": 0, "isLongText": false, "mlevel": 0, "content_auth": 0, "is_show_bulletin": 2, "comment_manage_info": {"comment_permission_type": -1, "approval_comment_type": 0, "comment_sort_type": 0}, "share_repost_type": 0, "title": {"text": "她2023-07-08评论过的微博", "structs": [{"name": "她2023-07-08评论过的微博", "scheme": "sinaweibo://cardlist?containerid=2308693073217815_-_comment", "cleaned": true}]}, "mblogtype": 0, "showFeedRepost": false, "showFeedComment": false, "pictureViewerSign": false, "showPictureViewer": false, "rcList": [], "text": "你们中午吃的啥？ 厨房用火不离人。 ​​​", "customIcons": []}