{"visible": {"type": 0, "list_id": 0}, "created_at": "Mon Jul 10 16:48:57 +0800 2023", "id": 4921996762941806, "idstr": "4921996762941806", "mid": "4921996762941806", "mblogid": "N9eeEcliu", "user": {"id": 3073217815, "idstr": "3073217815", "pc_new": 0, "screen_name": "七十七只绵羊", "profile_image_url": "https://tvax3.sinaimg.cn/crop.0.0.512.512.50/b72d9517ly8hf8e0vpc8ej20e80e8myg.jpg?KID=imgbed,tva&amp;Expires=1704748333&amp;ssig=7s%2BV4DWbCJ", "profile_url": "/u/3073217815", "verified": true, "verified_type": 0, "domain": "", "weihao": "", "verified_type_ext": 0, "avatar_large": "https://tvax3.sinaimg.cn/crop.0.0.512.512.180/b72d9517ly8hf8e0vpc8ej20e80e8myg.jpg?KID=imgbed,tva&amp;Expires=1704748333&amp;ssig=1cOWmGe6kt", "avatar_hd": "https://tvax3.sinaimg.cn/crop.0.0.512.512.1024/b72d9517ly8hf8e0vpc8ej20e80e8myg.jpg?KID=imgbed,tva&amp;Expires=1704748333&amp;ssig=vaKWjLp4H9", "follow_me": false, "following": false, "mbrank": 5, "mbtype": 11, "v_plus": 0, "planet_video": false, "icon_list": [{"type": "vip", "data": {"mbrank": 5, "mbtype": 11, "svip": 1, "vvip": 0}}]}, "can_edit": false, "text_raw": "最垃圾的就是这个🧣\n最坑的平台没有之一[微笑]@微博客服 ​​​", "textLength": 54, "annotations": [[], {"shooting": 1, "client_mblogid": "iPhone-74A3496F-17D3-4A19-A5C1-C753D76CF53D"}, {"source_text": "", "phone_id": "1399"}, {"mapi_request": true}], "source": "iPhone客户端", "favorited": false, "rid": "19_0_50_5226326994179689463_0_0_0", "cardid": "raresvip_0052001143", "pic_ids": [], "pic_num": 0, "is_paid": false, "pic_bg_new": "http://vip.storage.weibo.com/feed_cover/raresvip_0052001143_mobile_new.png?version=2021091501", "mblog_vip_type": 0, "number_display_strategy": {"apply_scenario_flag": 3, "display_text_min_number": 1000000, "display_text": "100万+"}, "reposts_count": 0, "comments_count": 1, "attitudes_count": 0, "attitudes_status": 0, "isLongText": false, "mlevel": 0, "content_auth": 0, "is_show_bulletin": 2, "comment_manage_info": {"comment_permission_type": -1, "approval_comment_type": 0, "comment_sort_type": 0}, "share_repost_type": 0, "mblogtype": 0, "showFeedRepost": false, "showFeedComment": false, "pictureViewerSign": false, "showPictureViewer": false, "rcList": [], "text": "最垃圾的就是这个🧣&lt;br /&gt;最坑的平台没有之一&lt;img alt=\"[微笑]\" title=\"[微笑]\" src=\"https://face.t.sinajs.cn/t4/appstyle/expression/ext/normal/e3/2018new_weixioa02_org.png\" /&gt;&lt;a href=/n/微博客服 usercard=\"name=@微博客服\"&gt;@微博客服&lt;/a&gt; ​​​", "region_name": "发布于 浙江", "customIcons": []}