{"visible": {"type": 0, "list_id": 0}, "created_at": "Wed Jul 12 17:31:06 +0800 2023", "id": 4922732145284780, "idstr": "4922732145284780", "mid": "4922732145284780", "mblogid": "N9xmKmaOo", "user": {"id": 3073217815, "idstr": "3073217815", "pc_new": 0, "screen_name": "七十七只绵羊", "profile_image_url": "https://tvax3.sinaimg.cn/crop.0.0.512.512.50/b72d9517ly8hf8e0vpc8ej20e80e8myg.jpg?KID=imgbed,tva&amp;Expires=1704748333&amp;ssig=7s%2BV4DWbCJ", "profile_url": "/u/3073217815", "verified": true, "verified_type": 0, "domain": "", "weihao": "", "verified_type_ext": 0, "avatar_large": "https://tvax3.sinaimg.cn/crop.0.0.512.512.180/b72d9517ly8hf8e0vpc8ej20e80e8myg.jpg?KID=imgbed,tva&amp;Expires=1704748333&amp;ssig=1cOWmGe6kt", "avatar_hd": "https://tvax3.sinaimg.cn/crop.0.0.512.512.1024/b72d9517ly8hf8e0vpc8ej20e80e8myg.jpg?KID=imgbed,tva&amp;Expires=1704748333&amp;ssig=vaKWjLp4H9", "follow_me": false, "following": false, "mbrank": 5, "mbtype": 11, "v_plus": 0, "planet_video": false, "icon_list": [{"type": "vip", "data": {"mbrank": 5, "mbtype": 11, "svip": 1, "vvip": 0}}]}, "can_edit": false, "text_raw": "妈耶 我的👀要🦐了[裂开][裂开][裂开] ​​​", "textLength": 39, "annotations": [[], {"shooting": 1, "client_mblogid": "iPhone-1A38B8DC-30F9-45D2-B154-4FE660943B5B"}, {"source_text": "", "phone_id": "1399"}, {"mapi_request": true}], "source": "iPhone客户端", "favorited": false, "rid": "13_0_50_5226326994179689463_0_0_0", "cardid": "raresvip_0052001143", "pic_ids": [], "pic_num": 0, "is_paid": false, "pic_bg_new": "http://vip.storage.weibo.com/feed_cover/raresvip_0052001143_mobile_new.png?version=2021091501", "mblog_vip_type": 0, "number_display_strategy": {"apply_scenario_flag": 3, "display_text_min_number": 1000000, "display_text": "100万+"}, "reposts_count": 0, "comments_count": 0, "attitudes_count": 1, "attitudes_status": 0, "isLongText": false, "mlevel": 0, "content_auth": 0, "is_show_bulletin": 2, "comment_manage_info": {"comment_permission_type": -1, "approval_comment_type": 0, "comment_sort_type": 0}, "share_repost_type": 0, "mblogtype": 0, "showFeedRepost": false, "showFeedComment": false, "pictureViewerSign": false, "showPictureViewer": false, "rcList": [], "text": "妈耶 我的👀要🦐了&lt;img alt=\"[裂开]\" title=\"[裂开]\" src=\"https://face.t.sinajs.cn/t4/appstyle/expression/ext/normal/1b/202011_liekai_org.png\" /&gt;&lt;img alt=\"[裂开]\" title=\"[裂开]\" src=\"https://face.t.sinajs.cn/t4/appstyle/expression/ext/normal/1b/202011_liekai_org.png\" /&gt;&lt;img alt=\"[裂开]\" title=\"[裂开]\" src=\"https://face.t.sinajs.cn/t4/appstyle/expression/ext/normal/1b/202011_liekai_org.png\" /&gt; ​​​", "region_name": "发布于 浙江", "customIcons": []}