{"visible": {"type": 0, "list_id": 0}, "created_at": "Tue Jul 11 13:49:10 +0800 2023", "id": 4922313906851081, "idstr": "4922313906851081", "mid": "4922313906851081", "mblogid": "N9muasKhj", "user": {"id": 3073217815, "idstr": "3073217815", "pc_new": 0, "screen_name": "七十七只绵羊", "profile_image_url": "https://tvax3.sinaimg.cn/crop.0.0.512.512.50/b72d9517ly8hf8e0vpc8ej20e80e8myg.jpg?KID=imgbed,tva&amp;Expires=1704748333&amp;ssig=7s%2BV4DWbCJ", "profile_url": "/u/3073217815", "verified": true, "verified_type": 0, "domain": "", "weihao": "", "verified_type_ext": 0, "avatar_large": "https://tvax3.sinaimg.cn/crop.0.0.512.512.180/b72d9517ly8hf8e0vpc8ej20e80e8myg.jpg?KID=imgbed,tva&amp;Expires=1704748333&amp;ssig=1cOWmGe6kt", "avatar_hd": "https://tvax3.sinaimg.cn/crop.0.0.512.512.1024/b72d9517ly8hf8e0vpc8ej20e80e8myg.jpg?KID=imgbed,tva&amp;Expires=1704748333&amp;ssig=vaKWjLp4H9", "follow_me": false, "following": false, "mbrank": 5, "mbtype": 11, "v_plus": 0, "planet_video": false, "icon_list": [{"type": "vip", "data": {"mbrank": 5, "mbtype": 11, "svip": 1, "vvip": 0}}]}, "can_edit": false, "text_raw": "#姜爷爷宋爷爷不用抢了#哈哈哈哈好开心 爱宝真棒呀 福宝同时有两个妹妹了 [送花花][送花花] ​​​", "textLength": 85, "annotations": [{"ann_ext": "ann_ext:search|t:31|q:姜爷爷宋爷爷不用抢了|creator_source:bottomsendweibo"}, {"shooting": 1, "client_mblogid": "iPhone-0E217673-90F2-46E3-88E0-3F394BF50924"}, {"source_text": "", "phone_id": "1399"}, {"mapi_request": true}], "source": "iPhone客户端", "favorited": false, "rid": "16_0_50_5226326994179689463_0_0_0", "cardid": "raresvip_0052001143", "pic_ids": [], "pic_num": 0, "is_paid": false, "pic_bg_new": "http://vip.storage.weibo.com/feed_cover/raresvip_0052001143_mobile_new.png?version=2021091501", "mblog_vip_type": 0, "number_display_strategy": {"apply_scenario_flag": 3, "display_text_min_number": 1000000, "display_text": "100万+"}, "reposts_count": 0, "comments_count": 0, "attitudes_count": 3, "attitudes_status": 0, "isLongText": false, "mlevel": 0, "content_auth": 0, "is_show_bulletin": 2, "comment_manage_info": {"comment_permission_type": -1, "approval_comment_type": 0, "comment_sort_type": 0}, "share_repost_type": 0, "topic_struct": [{"title": "", "topic_url": "sinaweibo://searchall?containerid=231522&amp;q=%23%E5%A7%9C%E7%88%B7%E7%88%B7%E5%AE%8B%E7%88%B7%E7%88%B7%E4%B8%8D%E7%94%A8%E6%8A%A2%E4%BA%86%23&amp;extparam=%23%E5%A7%9C%E7%88%B7%E7%88%B7%E5%AE%8B%E7%88%B7%E7%88%B7%E4%B8%8D%E7%94%A8%E6%8A%A2%E4%BA%86%23", "topic_title": "姜爷爷宋爷爷不用抢了", "actionlog": {"act_type": 1, "act_code": 300, "oid": "1022:23152279cbaaa05dd5f411c040b8d7de4ef49a", "uuid": 4922249965469712, "cardid": "", "lcardid": "", "uicode": "", "luicode": "", "fid": "1076033073217815_-_WEIBO_SECOND_PROFILE_WEIBO", "lfid": "", "ext": "mid:4922313906851081|rid:16_0_50_5226326994179689463_0_0_0|short_url:|long_url:|comment_id:|miduid:3073217815|rootmid:4922313906851081|rootuid:3073217815|authorid:|uuid:4922249965469712|is_ad_weibo:0"}}], "mblogtype": 0, "showFeedRepost": false, "showFeedComment": false, "pictureViewerSign": false, "showPictureViewer": false, "rcList": [], "text": "&lt;a href=\"//s.weibo.com/weibo?q=%23%E5%A7%9C%E7%88%B7%E7%88%B7%E5%AE%8B%E7%88%B7%E7%88%B7%E4%B8%8D%E7%94%A8%E6%8A%A2%E4%BA%86%23\" target=\"_blank\"&gt;#姜爷爷宋爷爷不用抢了#&lt;/a&gt;哈哈哈哈好开心 爱宝真棒呀 福宝同时有两个妹妹了 &lt;img alt=\"[送花花]\" title=\"[送花花]\" src=\"https://face.t.sinajs.cn/t4/appstyle/expression/ext/normal/cb/2022_Flowers_org.png\" /&gt;&lt;img alt=\"[送花花]\" title=\"[送花花]\" src=\"https://face.t.sinajs.cn/t4/appstyle/expression/ext/normal/cb/2022_Flowers_org.png\" /&gt; ​​​", "region_name": "发布于 浙江", "customIcons": []}