{"visible": {"type": 0, "list_id": 0}, "created_at": "Tue Jul 11 18:35:53 +0800 2023", "id": 4922386061988844, "idstr": "4922386061988844", "mid": "4922386061988844", "mblogid": "N9omy8lo8", "user": {"id": 3073217815, "idstr": "3073217815", "pc_new": 0, "screen_name": "七十七只绵羊", "profile_image_url": "https://tvax3.sinaimg.cn/crop.0.0.512.512.50/b72d9517ly8hf8e0vpc8ej20e80e8myg.jpg?KID=imgbed,tva&amp;Expires=1704748333&amp;ssig=7s%2BV4DWbCJ", "profile_url": "/u/3073217815", "verified": true, "verified_type": 0, "domain": "", "weihao": "", "verified_type_ext": 0, "avatar_large": "https://tvax3.sinaimg.cn/crop.0.0.512.512.180/b72d9517ly8hf8e0vpc8ej20e80e8myg.jpg?KID=imgbed,tva&amp;Expires=1704748333&amp;ssig=1cOWmGe6kt", "avatar_hd": "https://tvax3.sinaimg.cn/crop.0.0.512.512.1024/b72d9517ly8hf8e0vpc8ej20e80e8myg.jpg?KID=imgbed,tva&amp;Expires=1704748333&amp;ssig=vaKWjLp4H9", "follow_me": false, "following": false, "mbrank": 5, "mbtype": 11, "v_plus": 0, "planet_video": false, "icon_list": [{"type": "vip", "data": {"mbrank": 5, "mbtype": 11, "svip": 1, "vvip": 0}}]}, "can_edit": false, "text_raw": "#宝格丽官网疑将台湾列为国家#这个真不能忍！！！台湾一直就是咱们的领土 毋庸置疑[微笑] ​​​", "textLength": 83, "annotations": [{"ann_ext": "ann_ext:search|t:31|q:#宝格丽官网疑将台湾列为国家#|creator_source:bottomsendweibo"}, {"shooting": 1, "client_mblogid": "iPhone-0DE8A551-A8CB-45A0-8FF9-EB6B875A5B53"}, {"source_text": "", "phone_id": "1399"}, {"mapi_request": true}], "source": "iPhone客户端", "favorited": false, "rid": "15_0_50_5226326994179689463_0_0_0", "cardid": "raresvip_0052001143", "pic_ids": [], "pic_num": 0, "is_paid": false, "pic_bg_new": "http://vip.storage.weibo.com/feed_cover/raresvip_0052001143_mobile_new.png?version=2021091501", "mblog_vip_type": 0, "number_display_strategy": {"apply_scenario_flag": 3, "display_text_min_number": 1000000, "display_text": "100万+"}, "reposts_count": 0, "comments_count": 0, "attitudes_count": 4, "attitudes_status": 0, "isLongText": false, "mlevel": 0, "content_auth": 0, "is_show_bulletin": 2, "comment_manage_info": {"comment_permission_type": -1, "approval_comment_type": 0, "comment_sort_type": 0}, "share_repost_type": 0, "topic_struct": [{"title": "", "topic_url": "sinaweibo://searchall?containerid=231522&amp;q=%23%E5%AE%9D%E6%A0%BC%E4%B8%BD%E5%AE%98%E7%BD%91%E7%96%91%E5%B0%86%E5%8F%B0%E6%B9%BE%E5%88%97%E4%B8%BA%E5%9B%BD%E5%AE%B6%23&amp;extparam=%23%E5%AE%9D%E6%A0%BC%E4%B8%BD%E5%AE%98%E7%BD%91%E7%96%91%E5%B0%86%E5%8F%B0%E6%B9%BE%E5%88%97%E4%B8%BA%E5%9B%BD%E5%AE%B6%23", "topic_title": "宝格丽官网疑将台湾列为国家", "actionlog": {"act_type": 1, "act_code": 300, "oid": "1022:231522baf7a30a551bf0487c6ca4b56a903690", "uuid": 4922368266076269, "cardid": "", "lcardid": "", "uicode": "", "luicode": "", "fid": "1076033073217815_-_WEIBO_SECOND_PROFILE_WEIBO", "lfid": "", "ext": "mid:4922386061988844|rid:15_0_50_5226326994179689463_0_0_0|short_url:|long_url:|comment_id:|miduid:3073217815|rootmid:4922386061988844|rootuid:3073217815|authorid:|uuid:4922368266076269|is_ad_weibo:0"}}], "mblogtype": 0, "showFeedRepost": false, "showFeedComment": false, "pictureViewerSign": false, "showPictureViewer": false, "rcList": [], "text": "&lt;a href=\"//s.weibo.com/weibo?q=%23%E5%AE%9D%E6%A0%BC%E4%B8%BD%E5%AE%98%E7%BD%91%E7%96%91%E5%B0%86%E5%8F%B0%E6%B9%BE%E5%88%97%E4%B8%BA%E5%9B%BD%E5%AE%B6%23\" target=\"_blank\"&gt;#宝格丽官网疑将台湾列为国家#&lt;/a&gt;这个真不能忍！！！台湾一直就是咱们的领土 毋庸置疑&lt;img alt=\"[微笑]\" title=\"[微笑]\" src=\"https://face.t.sinajs.cn/t4/appstyle/expression/ext/normal/e3/2018new_weixioa02_org.png\" /&gt; ​​​", "region_name": "发布于 浙江", "customIcons": []}