{"visible": {"type": 0, "list_id": 0}, "created_at": "Wed Jul 12 09:19:54 +0800 2023", "id": 4922608531016011, "idstr": "4922608531016011", "mid": "4922608531016011", "mblogid": "N9u9n4gjh", "user": {"id": 3073217815, "idstr": "3073217815", "pc_new": 0, "screen_name": "七十七只绵羊", "profile_image_url": "https://tvax3.sinaimg.cn/crop.0.0.512.512.50/b72d9517ly8hf8e0vpc8ej20e80e8myg.jpg?KID=imgbed,tva&amp;Expires=1704748333&amp;ssig=7s%2BV4DWbCJ", "profile_url": "/u/3073217815", "verified": true, "verified_type": 0, "domain": "", "weihao": "", "verified_type_ext": 0, "avatar_large": "https://tvax3.sinaimg.cn/crop.0.0.512.512.180/b72d9517ly8hf8e0vpc8ej20e80e8myg.jpg?KID=imgbed,tva&amp;Expires=1704748333&amp;ssig=1cOWmGe6kt", "avatar_hd": "https://tvax3.sinaimg.cn/crop.0.0.512.512.1024/b72d9517ly8hf8e0vpc8ej20e80e8myg.jpg?KID=imgbed,tva&amp;Expires=1704748333&amp;ssig=vaKWjLp4H9", "follow_me": false, "following": false, "mbrank": 5, "mbtype": 11, "v_plus": 0, "planet_video": false, "icon_list": [{"type": "vip", "data": {"mbrank": 5, "mbtype": 11, "svip": 1, "vvip": 0}}]}, "can_edit": false, "text_raw": "早安成毅老公[并不简单] ​​​", "textLength": 22, "annotations": [{"photo_sub_type": "0"}, [], {"client_mblogid": "iPhone-0AC61794-4D28-41E4-8DD0-49B127885F45"}, {"source_text": "", "phone_id": "1399"}, {"mapi_request": true}], "source": "iPhone客户端", "favorited": false, "rid": "14_0_50_5226326994179689463_0_0_0", "cardid": "raresvip_0052001143", "pic_ids": ["b72d9517gy1hftuw1enl7g20p00k0u10"], "pic_num": 1, "pic_infos": {"b72d9517gy1hftuw1enl7g20p00k0u10": {"thumbnail": {"url": "https://wx4.sinaimg.cn/wap180/b72d9517gy1hftuw1enl7g20p00k0u10.gif", "width": 180, "height": 144, "cut_type": 1, "type": ""}, "bmiddle": {"url": "https://wx4.sinaimg.cn/wap360/b72d9517gy1hftuw1enl7g20p00k0u10.gif", "width": 360, "height": 288, "cut_type": 1, "type": ""}, "large": {"url": "https://wx4.sinaimg.cn/sti960/b72d9517gy1hftuw1enl7g20p00k0u10.gif", "width": 900, "height": 720, "cut_type": 1, "type": ""}, "original": {"url": "https://wx4.sinaimg.cn/orj1080/b72d9517gy1hftuw1enl7g20p00k0u10.gif", "width": 900, "height": 720, "cut_type": 1, "type": ""}, "largest": {"url": "https://wx4.sinaimg.cn/large/b72d9517gy1hftuw1enl7g20p00k0u10.gif", "width": 900, "height": 720, "cut_type": 1, "type": ""}, "mw2000": {"url": "https://wx4.sinaimg.cn/mw2000/b72d9517gy1hftuw1enl7g20p00k0u10.gif", "width": 900, "height": 720, "cut_type": 1, "type": ""}, "object_id": "1042018:fa1430923e6c9de92f4b67556be2ae7d", "pic_id": "b72d9517gy1hftuw1enl7g20p00k0u10", "photo_tag": 0, "type": "gif", "video_object_id": "1022:2311284922608530161703", "video": "http://g.us.sinaimg.cn/o0/kLwGhGJvlx086WxAOB0s010412000E2c0E010.mp4?label=gif_mp4&amp;template=900x720.28.0&amp;ssig=5In1QrQB%2Fz&amp;Expires=1704741133&amp;KID=unistore,video", "pic_status": 1}}, "is_paid": false, "pic_bg_new": "http://vip.storage.weibo.com/feed_cover/raresvip_0052001143_mobile_new.png?version=2021091501", "mblog_vip_type": 0, "number_display_strategy": {"apply_scenario_flag": 3, "display_text_min_number": 1000000, "display_text": "100万+"}, "reposts_count": 0, "comments_count": 2, "attitudes_count": 1, "attitudes_status": 0, "isLongText": false, "mlevel": 0, "content_auth": 0, "is_show_bulletin": 2, "comment_manage_info": {"comment_permission_type": -1, "approval_comment_type": 0, "comment_sort_type": 0}, "share_repost_type": 0, "mblogtype": 0, "showFeedRepost": false, "showFeedComment": false, "pictureViewerSign": false, "showPictureViewer": false, "rcList": [], "text": "早安成毅老公&lt;img alt=\"[并不简单]\" title=\"[并不简单]\" src=\"https://face.t.sinajs.cn/t4/appstyle/expression/ext/normal/aa/2018new_bingbujiandan_org.png\" /&gt; ​​​", "region_name": "发布于 浙江", "customIcons": []}