{"visible": {"type": 0, "list_id": 0}, "created_at": "Tue Jul 11 13:22:41 +0800 2023", "id": 4922307242627371, "idstr": "4922307242627371", "mid": "4922307242627371", "mblogid": "N9mjqb1uX", "user": {"id": 3073217815, "idstr": "3073217815", "pc_new": 0, "screen_name": "七十七只绵羊", "profile_image_url": "https://tvax3.sinaimg.cn/crop.0.0.512.512.50/b72d9517ly8hf8e0vpc8ej20e80e8myg.jpg?KID=imgbed,tva&amp;Expires=1704748333&amp;ssig=7s%2BV4DWbCJ", "profile_url": "/u/3073217815", "verified": true, "verified_type": 0, "domain": "", "weihao": "", "verified_type_ext": 0, "avatar_large": "https://tvax3.sinaimg.cn/crop.0.0.512.512.180/b72d9517ly8hf8e0vpc8ej20e80e8myg.jpg?KID=imgbed,tva&amp;Expires=1704748333&amp;ssig=1cOWmGe6kt", "avatar_hd": "https://tvax3.sinaimg.cn/crop.0.0.512.512.1024/b72d9517ly8hf8e0vpc8ej20e80e8myg.jpg?KID=imgbed,tva&amp;Expires=1704748333&amp;ssig=vaKWjLp4H9", "follow_me": false, "following": false, "mbrank": 5, "mbtype": 11, "v_plus": 0, "planet_video": false, "icon_list": [{"type": "vip", "data": {"mbrank": 5, "mbtype": 11, "svip": 1, "vvip": 0}}]}, "can_edit": false, "text_raw": "跟妈妈拍照委屈你了[微笑]\n一脸生无可恋[微笑] ​​​", "textLength": 43, "annotations": [{"photo_sub_type": "0,0"}, [], {"client_mblogid": "iPhone-0990F087-FFC0-42C6-882A-2F010C4697EA"}, {"source_text": "", "phone_id": "1399"}, {"mapi_request": true}], "source": "iPhone客户端", "favorited": false, "rid": "17_0_50_5226326994179689463_0_0_0", "cardid": "raresvip_0052001143", "pic_ids": ["b72d9517gy1hfswa07j8oj22c0340e82", "b72d9517gy1hfswa2p8mxj22c0340e82"], "pic_num": 2, "pic_infos": {"b72d9517gy1hfswa07j8oj22c0340e82": {"thumbnail": {"url": "https://wx3.sinaimg.cn/wap180/b72d9517gy1hfswa07j8oj22c0340e82.jpg", "width": 135, "height": 180, "cut_type": 1, "type": ""}, "bmiddle": {"url": "https://wx3.sinaimg.cn/wap360/b72d9517gy1hfswa07j8oj22c0340e82.jpg", "width": 270, "height": 360, "cut_type": 1, "type": ""}, "large": {"url": "https://wx3.sinaimg.cn/orj960/b72d9517gy1hfswa07j8oj22c0340e82.jpg", "width": 960, "height": 1279, "cut_type": 1, "type": ""}, "original": {"url": "https://wx3.sinaimg.cn/orj1080/b72d9517gy1hfswa07j8oj22c0340e82.jpg", "width": 1080, "height": 1439, "cut_type": 1, "type": ""}, "largest": {"url": "https://wx3.sinaimg.cn/large/b72d9517gy1hfswa07j8oj22c0340e82.jpg", "width": 2048, "height": 2730, "cut_type": 1, "type": ""}, "mw2000": {"url": "https://wx3.sinaimg.cn/mw2000/b72d9517gy1hfswa07j8oj22c0340e82.jpg", "width": 2000, "height": 2666, "cut_type": 1, "type": ""}, "object_id": "1042018:7b0f227ffba922b49d0f627b90af4761", "pic_id": "b72d9517gy1hfswa07j8oj22c0340e82", "photo_tag": 0, "type": "pic", "pic_status": 1}, "b72d9517gy1hfswa2p8mxj22c0340e82": {"thumbnail": {"url": "https://wx4.sinaimg.cn/wap180/b72d9517gy1hfswa2p8mxj22c0340e82.jpg", "width": 135, "height": 180, "cut_type": 1, "type": ""}, "bmiddle": {"url": "https://wx4.sinaimg.cn/wap360/b72d9517gy1hfswa2p8mxj22c0340e82.jpg", "width": 270, "height": 360, "cut_type": 1, "type": ""}, "large": {"url": "https://wx4.sinaimg.cn/orj960/b72d9517gy1hfswa2p8mxj22c0340e82.jpg", "width": 960, "height": 1279, "cut_type": 1, "type": ""}, "original": {"url": "https://wx4.sinaimg.cn/orj1080/b72d9517gy1hfswa2p8mxj22c0340e82.jpg", "width": 1080, "height": 1439, "cut_type": 1, "type": ""}, "largest": {"url": "https://wx4.sinaimg.cn/large/b72d9517gy1hfswa2p8mxj22c0340e82.jpg", "width": 2048, "height": 2730, "cut_type": 1, "type": ""}, "mw2000": {"url": "https://wx4.sinaimg.cn/mw2000/b72d9517gy1hfswa2p8mxj22c0340e82.jpg", "width": 2000, "height": 2666, "cut_type": 1, "type": ""}, "object_id": "1042018:1e7cf957294cbd0349b92457573e7689", "pic_id": "b72d9517gy1hfswa2p8mxj22c0340e82", "photo_tag": 0, "type": "pic", "pic_status": 1}}, "is_paid": false, "pic_bg_new": "http://vip.storage.weibo.com/feed_cover/raresvip_0052001143_mobile_new.png?version=2021091501", "mblog_vip_type": 0, "number_display_strategy": {"apply_scenario_flag": 3, "display_text_min_number": 1000000, "display_text": "100万+"}, "reposts_count": 0, "comments_count": 36, "attitudes_count": 15, "attitudes_status": 0, "isLongText": false, "mlevel": 0, "content_auth": 0, "is_show_bulletin": 2, "comment_manage_info": {"comment_permission_type": -1, "approval_comment_type": 0, "comment_sort_type": 0}, "share_repost_type": 0, "mblogtype": 0, "showFeedRepost": false, "showFeedComment": false, "pictureViewerSign": false, "showPictureViewer": false, "rcList": [], "text": "跟妈妈拍照委屈你了&lt;img alt=\"[微笑]\" title=\"[微笑]\" src=\"https://face.t.sinajs.cn/t4/appstyle/expression/ext/normal/e3/2018new_weixioa02_org.png\" /&gt;&lt;br /&gt;一脸生无可恋&lt;img alt=\"[微笑]\" title=\"[微笑]\" src=\"https://face.t.sinajs.cn/t4/appstyle/expression/ext/normal/e3/2018new_weixioa02_org.png\" /&gt; ​​​", "region_name": "发布于 浙江", "customIcons": []}