{"visible": {"type": 0, "list_id": 0}, "created_at": "Fri Jul 14 06:16:35 +0800 2023", "id": 4923287173595684, "idstr": "4923287173595684", "mid": "4923287173595684", "mblogid": "N9LNXf5oU", "user": {"id": 3073217815, "idstr": "3073217815", "pc_new": 0, "screen_name": "七十七只绵羊", "profile_image_url": "https://tvax3.sinaimg.cn/crop.0.0.512.512.50/b72d9517ly8hf8e0vpc8ej20e80e8myg.jpg?KID=imgbed,tva&amp;Expires=1704748333&amp;ssig=7s%2BV4DWbCJ", "profile_url": "/u/3073217815", "verified": true, "verified_type": 0, "domain": "", "weihao": "", "verified_type_ext": 0, "avatar_large": "https://tvax3.sinaimg.cn/crop.0.0.512.512.180/b72d9517ly8hf8e0vpc8ej20e80e8myg.jpg?KID=imgbed,tva&amp;Expires=1704748333&amp;ssig=1cOWmGe6kt", "avatar_hd": "https://tvax3.sinaimg.cn/crop.0.0.512.512.1024/b72d9517ly8hf8e0vpc8ej20e80e8myg.jpg?KID=imgbed,tva&amp;Expires=1704748333&amp;ssig=vaKWjLp4H9", "follow_me": false, "following": false, "mbrank": 5, "mbtype": 11, "v_plus": 0, "planet_video": false, "icon_list": [{"type": "vip", "data": {"mbrank": 5, "mbtype": 11, "svip": 1, "vvip": 0}}]}, "can_edit": false, "text_raw": "总结一下昨天\n中午吃了一顿阿能面喝了一杯奶茶\n晚饭没吃\n一晚上没睡[可爱]\n我还能行[可爱] ​​​", "textLength": 84, "annotations": [{"photo_sub_type": "1,1"}, [], {"client_mblogid": "iPhone-4367A617-84FA-4BEC-9410-586EC5373034"}, {"source_text": "", "phone_id": "1399"}, {"mapi_request": true}], "source": "iPhone客户端", "favorited": false, "rid": "8_0_50_5226326994179689463_0_0_0", "cardid": "raresvip_0052001143", "pic_ids": ["b72d9517gy1hfw0twbe1oj22c0340b2b", "b72d9517gy1hfw0tyksdxj22c03407wj"], "pic_num": 2, "pic_infos": {"b72d9517gy1hfw0twbe1oj22c0340b2b": {"thumbnail": {"url": "https://wx3.sinaimg.cn/wap180/b72d9517gy1hfw0twbe1oj22c0340b2b.jpg", "width": 135, "height": 180, "cut_type": 1, "type": ""}, "bmiddle": {"url": "https://wx3.sinaimg.cn/wap360/b72d9517gy1hfw0twbe1oj22c0340b2b.jpg", "width": 270, "height": 360, "cut_type": 1, "type": ""}, "large": {"url": "https://wx3.sinaimg.cn/orj960/b72d9517gy1hfw0twbe1oj22c0340b2b.jpg", "width": 960, "height": 1279, "cut_type": 1, "type": ""}, "original": {"url": "https://wx3.sinaimg.cn/orj1080/b72d9517gy1hfw0twbe1oj22c0340b2b.jpg", "width": 1080, "height": 1439, "cut_type": 1, "type": ""}, "largest": {"url": "https://wx3.sinaimg.cn/large/b72d9517gy1hfw0twbe1oj22c0340b2b.jpg", "width": 2048, "height": 2730, "cut_type": 1, "type": ""}, "mw2000": {"url": "https://wx3.sinaimg.cn/mw2000/b72d9517gy1hfw0twbe1oj22c0340b2b.jpg", "width": 2000, "height": 2666, "cut_type": 1, "type": ""}, "object_id": "1042018:af530f59f075e4e0e457edaeb3392c5e", "pic_id": "b72d9517gy1hfw0twbe1oj22c0340b2b", "photo_tag": 0, "video": "https://video.weibo.com/media/play?livephoto=https%3A%2F%2Fus.sinaimg.cn%2F00284NKJgx086ZwMsS0f0f0f0100ppUY0k01.mov", "type": "livephoto", "fid": "00284NKJgx086ZwMsS0f0f0f0100ppUY0k01", "pic_status": 0}, "b72d9517gy1hfw0tyksdxj22c03407wj": {"thumbnail": {"url": "https://wx1.sinaimg.cn/wap180/b72d9517gy1hfw0tyksdxj22c03407wj.jpg", "width": 135, "height": 180, "cut_type": 1, "type": ""}, "bmiddle": {"url": "https://wx1.sinaimg.cn/wap360/b72d9517gy1hfw0tyksdxj22c03407wj.jpg", "width": 270, "height": 360, "cut_type": 1, "type": ""}, "large": {"url": "https://wx1.sinaimg.cn/orj960/b72d9517gy1hfw0tyksdxj22c03407wj.jpg", "width": 960, "height": 1279, "cut_type": 1, "type": ""}, "original": {"url": "https://wx1.sinaimg.cn/orj1080/b72d9517gy1hfw0tyksdxj22c03407wj.jpg", "width": 1080, "height": 1439, "cut_type": 1, "type": ""}, "largest": {"url": "https://wx1.sinaimg.cn/large/b72d9517gy1hfw0tyksdxj22c03407wj.jpg", "width": 2048, "height": 2730, "cut_type": 1, "type": ""}, "mw2000": {"url": "https://wx1.sinaimg.cn/mw2000/b72d9517gy1hfw0tyksdxj22c03407wj.jpg", "width": 2000, "height": 2666, "cut_type": 1, "type": ""}, "object_id": "1042018:9da86e1b087179eba57313b2523c7f20", "pic_id": "b72d9517gy1hfw0tyksdxj22c03407wj", "photo_tag": 0, "video": "https://video.weibo.com/media/play?livephoto=https%3A%2F%2Fus.sinaimg.cn%2F003uve8Igx086ZwMzSe30f0f0100oFKF0k01.mov", "type": "livephoto", "fid": "003uve8Igx086ZwMzSe30f0f0100oFKF0k01", "pic_status": 0}}, "is_paid": false, "pic_bg_new": "http://vip.storage.weibo.com/feed_cover/raresvip_0052001143_mobile_new.png?version=2021091501", "mblog_vip_type": 0, "number_display_strategy": {"apply_scenario_flag": 3, "display_text_min_number": 1000000, "display_text": "100万+"}, "reposts_count": 0, "comments_count": 42, "attitudes_count": 8, "attitudes_status": 0, "isLongText": false, "mlevel": 0, "content_auth": 0, "is_show_bulletin": 2, "comment_manage_info": {"comment_permission_type": -1, "approval_comment_type": 0, "comment_sort_type": 0}, "share_repost_type": 0, "mblogtype": 0, "showFeedRepost": false, "showFeedComment": false, "pictureViewerSign": false, "showPictureViewer": false, "rcList": [], "text": "总结一下昨天&lt;br /&gt;中午吃了一顿阿能面喝了一杯奶茶&lt;br /&gt;晚饭没吃&lt;br /&gt;一晚上没睡&lt;img alt=\"[可爱]\" title=\"[可爱]\" src=\"https://face.t.sinajs.cn/t4/appstyle/expression/ext/normal/09/2018new_keai_org.png\" /&gt;&lt;br /&gt;我还能行&lt;img alt=\"[可爱]\" title=\"[可爱]\" src=\"https://face.t.sinajs.cn/t4/appstyle/expression/ext/normal/09/2018new_keai_org.png\" /&gt; ​​​", "region_name": "发布于 浙江", "customIcons": []}