{"visible": {"type": 0, "list_id": 0}, "created_at": "Sun Jul 16 19:28:01 +0800 2023", "id": 4924211120573724, "idstr": "4924211120573724", "mid": "4924211120573724", "mblogid": "Na9Qc2pfC", "user": {"id": 3073217815, "idstr": "3073217815", "pc_new": 0, "screen_name": "七十七只绵羊", "profile_image_url": "https://tvax3.sinaimg.cn/crop.0.0.512.512.50/b72d9517ly8hf8e0vpc8ej20e80e8myg.jpg?KID=imgbed,tva&amp;Expires=1704748333&amp;ssig=7s%2BV4DWbCJ", "profile_url": "/u/3073217815", "verified": true, "verified_type": 0, "domain": "", "weihao": "", "verified_type_ext": 0, "avatar_large": "https://tvax3.sinaimg.cn/crop.0.0.512.512.180/b72d9517ly8hf8e0vpc8ej20e80e8myg.jpg?KID=imgbed,tva&amp;Expires=1704748333&amp;ssig=1cOWmGe6kt", "avatar_hd": "https://tvax3.sinaimg.cn/crop.0.0.512.512.1024/b72d9517ly8hf8e0vpc8ej20e80e8myg.jpg?KID=imgbed,tva&amp;Expires=1704748333&amp;ssig=vaKWjLp4H9", "follow_me": false, "following": false, "mbrank": 5, "mbtype": 11, "v_plus": 0, "planet_video": false, "icon_list": [{"type": "vip", "data": {"mbrank": 5, "mbtype": 11, "svip": 1, "vvip": 0}}]}, "can_edit": false, "text_raw": "#网传成毅今天要发微博#我呢？我在吗[笑cry] ​​​", "textLength": 41, "annotations": [{"ann_ext": "ann_ext:search|t:2|q:网传成毅今天要发微博|creator_source:bottomsendweibo"}, {"shooting": 1, "client_mblogid": "iPhone-7995D4A5-B067-472B-AAF0-83557D6F5E9F"}, {"source_text": "", "phone_id": "1399"}, {"mapi_request": true}], "source": "iPhone客户端", "favorited": false, "rid": "1_0_50_5226326994179689463_0_0_0", "cardid": "raresvip_0052001143", "pic_ids": [], "pic_num": 0, "is_paid": false, "pic_bg_new": "http://vip.storage.weibo.com/feed_cover/raresvip_0052001143_mobile_new.png?version=2021091501", "mblog_vip_type": 0, "number_display_strategy": {"apply_scenario_flag": 3, "display_text_min_number": 1000000, "display_text": "100万+"}, "reposts_count": 0, "comments_count": 2, "attitudes_count": 0, "attitudes_status": 0, "isLongText": false, "mlevel": 0, "content_auth": 0, "is_show_bulletin": 2, "comment_manage_info": {"comment_permission_type": -1, "approval_comment_type": 0, "comment_sort_type": 0}, "share_repost_type": 0, "topic_struct": [{"title": "", "topic_url": "sinaweibo://searchall?containerid=231522&amp;q=%23%E7%BD%91%E4%BC%A0%E6%88%90%E6%AF%85%E4%BB%8A%E5%A4%A9%E8%A6%81%E5%8F%91%E5%BE%AE%E5%8D%9A%23&amp;extparam=%23%E7%BD%91%E4%BC%A0%E6%88%90%E6%AF%85%E4%BB%8A%E5%A4%A9%E8%A6%81%E5%8F%91%E5%BE%AE%E5%8D%9A%23", "topic_title": "网传成毅今天要发微博", "actionlog": {"act_type": 1, "act_code": 300, "oid": "1022:231522c39cdb35ce764f698719b4a13205b496", "uuid": 4845510006669368, "cardid": "", "lcardid": "", "uicode": "", "luicode": "", "fid": "1076033073217815_-_WEIBO_SECOND_PROFILE_WEIBO", "lfid": "", "ext": "mid:4924211120573724|rid:1_0_50_5226326994179689463_0_0_0|short_url:|long_url:|comment_id:|miduid:3073217815|rootmid:4924211120573724|rootuid:3073217815|authorid:|uuid:4845510006669368|is_ad_weibo:0"}}], "mblogtype": 0, "showFeedRepost": false, "showFeedComment": false, "pictureViewerSign": false, "showPictureViewer": false, "rcList": [], "text": "&lt;a href=\"//s.weibo.com/weibo?q=%23%E7%BD%91%E4%BC%A0%E6%88%90%E6%AF%85%E4%BB%8A%E5%A4%A9%E8%A6%81%E5%8F%91%E5%BE%AE%E5%8D%9A%23\" target=\"_blank\"&gt;#网传成毅今天要发微博#&lt;/a&gt;我呢？我在吗&lt;img alt=\"[笑cry]\" title=\"[笑cry]\" src=\"https://face.t.sinajs.cn/t4/appstyle/expression/ext/normal/4a/2018new_xiaoku_thumb.png\" /&gt; ​​​", "region_name": "发布于 浙江", "customIcons": []}