{"visible": {"type": 0, "list_id": 0}, "created_at": "Wed Jul 19 20:53:14 +0800 2023", "id": 4925319729125039, "idstr": "4925319729125039", "mid": "4925319729125039", "mblogid": "NaCGgChQ3", "user": {"id": 3073217815, "idstr": "3073217815", "pc_new": 0, "screen_name": "七十七只绵羊", "profile_image_url": "https://tvax3.sinaimg.cn/crop.0.0.512.512.50/b72d9517ly8hf8e0vpc8ej20e80e8myg.jpg?KID=imgbed,tva&amp;Expires=1704748312&amp;ssig=%2BhXodSnvcP", "profile_url": "/u/3073217815", "verified": true, "verified_type": 0, "domain": "", "weihao": "", "verified_type_ext": 0, "avatar_large": "https://tvax3.sinaimg.cn/crop.0.0.512.512.180/b72d9517ly8hf8e0vpc8ej20e80e8myg.jpg?KID=imgbed,tva&amp;Expires=1704748312&amp;ssig=RPeGwBl4q1", "avatar_hd": "https://tvax3.sinaimg.cn/crop.0.0.512.512.1024/b72d9517ly8hf8e0vpc8ej20e80e8myg.jpg?KID=imgbed,tva&amp;Expires=1704748312&amp;ssig=JgJicJ8Bpg", "follow_me": false, "following": false, "mbrank": 5, "mbtype": 11, "v_plus": 0, "planet_video": false, "icon_list": [{"type": "vip", "data": {"mbrank": 5, "mbtype": 11, "svip": 1, "vvip": 0}}]}, "can_edit": false, "text_raw": "翻到17年短发的照片[并不简单]\n想剪短发了[二哈] ​​​", "textLength": 45, "annotations": [{"photo_sub_type": "0"}, [], {"client_mblogid": "iPhone-022443A4-7211-41ED-B7A5-30D591388683"}, {"source_text": "", "phone_id": "1399"}, {"mapi_request": true}], "source": "iPhone客户端", "favorited": false, "rid": "12_0_50_5227077806002735907_0_0_0", "cardid": "raresvip_0052001143", "pic_ids": ["b72d9517gy1hg2i9bb1akj20us0u0tch"], "pic_num": 1, "pic_infos": {"b72d9517gy1hg2i9bb1akj20us0u0tch": {"thumbnail": {"url": "https://wx2.sinaimg.cn/wap180/b72d9517gy1hg2i9bb1akj20us0u0tch.jpg", "width": 180, "height": 175, "cut_type": 1, "type": ""}, "bmiddle": {"url": "https://wx2.sinaimg.cn/wap360/b72d9517gy1hg2i9bb1akj20us0u0tch.jpg", "width": 360, "height": 350, "cut_type": 1, "type": ""}, "large": {"url": "https://wx2.sinaimg.cn/orj960/b72d9517gy1hg2i9bb1akj20us0u0tch.jpg", "width": 984, "height": 960, "cut_type": 1, "type": ""}, "original": {"url": "https://wx2.sinaimg.cn/orj1080/b72d9517gy1hg2i9bb1akj20us0u0tch.jpg", "width": 1108, "height": 1080, "cut_type": 1, "type": ""}, "largest": {"url": "https://wx2.sinaimg.cn/large/b72d9517gy1hg2i9bb1akj20us0u0tch.jpg", "width": 1108, "height": 1080, "cut_type": 1, "type": ""}, "mw2000": {"url": "https://wx2.sinaimg.cn/mw2000/b72d9517gy1hg2i9bb1akj20us0u0tch.jpg", "width": 1108, "height": 1080, "cut_type": 1, "type": ""}, "object_id": "1042018:e45045a74e6d170a5e5b942c82065cbe", "pic_id": "b72d9517gy1hg2i9bb1akj20us0u0tch", "photo_tag": 0, "type": "pic", "pic_status": 0}}, "is_paid": false, "pic_bg_new": "http://vip.storage.weibo.com/feed_cover/raresvip_0052001143_mobile_new.png?version=2021091501", "mblog_vip_type": 0, "number_display_strategy": {"apply_scenario_flag": 3, "display_text_min_number": 1000000, "display_text": "100万+"}, "reposts_count": 0, "comments_count": 2, "attitudes_count": 1, "attitudes_status": 0, "isLongText": false, "mlevel": 0, "content_auth": 0, "is_show_bulletin": 2, "comment_manage_info": {"comment_permission_type": -1, "approval_comment_type": 0, "comment_sort_type": 0}, "share_repost_type": 0, "mblogtype": 0, "showFeedRepost": false, "showFeedComment": false, "pictureViewerSign": false, "showPictureViewer": false, "rcList": [], "text": "翻到17年短发的照片&lt;img alt=\"[并不简单]\" title=\"[并不简单]\" src=\"https://face.t.sinajs.cn/t4/appstyle/expression/ext/normal/aa/2018new_bingbujiandan_org.png\" /&gt;&lt;br /&gt;想剪短发了&lt;img alt=\"[二哈]\" title=\"[二哈]\" src=\"https://face.t.sinajs.cn/t4/appstyle/expression/ext/normal/22/2018new_erha_org.png\" /&gt; ​​​", "region_name": "发布于 浙江", "customIcons": []}