{"visible": {"type": 0, "list_id": 0}, "created_at": "Fri Jul 21 22:41:49 +0800 2023", "id": 4926071831794851, "idstr": "4926071831794851", "mid": "4926071831794851", "mblogid": "NaWfl7wVd", "user": {"id": 3073217815, "idstr": "3073217815", "pc_new": 0, "screen_name": "七十七只绵羊", "profile_image_url": "https://tvax3.sinaimg.cn/crop.0.0.512.512.50/b72d9517ly8hf8e0vpc8ej20e80e8myg.jpg?KID=imgbed,tva&amp;Expires=1704748312&amp;ssig=%2BhXodSnvcP", "profile_url": "/u/3073217815", "verified": true, "verified_type": 0, "domain": "", "weihao": "", "verified_type_ext": 0, "avatar_large": "https://tvax3.sinaimg.cn/crop.0.0.512.512.180/b72d9517ly8hf8e0vpc8ej20e80e8myg.jpg?KID=imgbed,tva&amp;Expires=1704748312&amp;ssig=RPeGwBl4q1", "avatar_hd": "https://tvax3.sinaimg.cn/crop.0.0.512.512.1024/b72d9517ly8hf8e0vpc8ej20e80e8myg.jpg?KID=imgbed,tva&amp;Expires=1704748312&amp;ssig=JgJicJ8Bpg", "follow_me": false, "following": false, "mbrank": 5, "mbtype": 11, "v_plus": 0, "planet_video": false, "icon_list": [{"type": "vip", "data": {"mbrank": 5, "mbtype": 11, "svip": 1, "vvip": 0}}]}, "can_edit": false, "text_raw": "嘻嘻", "annotations": [{"mapi_request": true}], "source": "iPhone客户端", "favorited": false, "rid": "7_0_50_5227077806002735907_0_0_0", "cardid": "raresvip_0052001143", "pic_ids": [], "pic_num": 0, "is_paid": false, "pic_bg_new": "http://vip.storage.weibo.com/feed_cover/raresvip_0052001143_mobile_new.png?version=2021091501", "mblog_vip_type": 0, "number_display_strategy": {"apply_scenario_flag": 3, "display_text_min_number": 1000000, "display_text": "100万+"}, "reposts_count": 0, "comments_count": 0, "attitudes_count": 1, "attitudes_status": 0, "isLongText": false, "mlevel": 0, "content_auth": 0, "is_show_bulletin": 2, "comment_manage_info": {"comment_permission_type": -1, "approval_comment_type": 0, "comment_sort_type": 0}, "repost_type": 1, "share_repost_type": 0, "topic_struct": [{"title": "", "topic_url": "sinaweibo://searchall?containerid=231522&amp;q=%23%E8%8E%B2%E8%8A%B1%E6%A5%BC%E5%85%A8%E5%91%98%E6%82%8D%E8%B7%B3%E9%A2%84%E8%A8%80%E5%AE%B6%23&amp;extparam=%23%E8%8E%B2%E8%8A%B1%E6%A5%BC%E5%85%A8%E5%91%98%E6%82%8D%E8%B7%B3%E9%A2%84%E8%A8%80%E5%AE%B6%23", "topic_title": "莲花楼全员悍跳预言家", "actionlog": {"act_type": 1, "act_code": 300, "oid": "1022:231522708f1ac0561fb47f997a2137e43c609d", "uuid": 4926062088946251, "cardid": "", "lcardid": "", "uicode": "", "luicode": "", "fid": "1076033073217815_-_WEIBO_SECOND_PROFILE_WEIBO", "lfid": "", "ext": "mid:4926070182120276|rid:7_0_50_5227077806002735907_0_0_0|short_url:|long_url:|comment_id:|miduid:3073217815|rootmid:4926070182120276|rootuid:2060419113|authorid:|uuid:4926062088946251|is_ad_weibo:0"}}, {"title": "", "topic_url": "sinaweibo://searchall?containerid=231522&amp;q=%23%E8%8E%B2%E8%8A%B1%E6%A5%BC%E5%AE%9A%E6%A1%A37%E6%9C%8823%E6%97%A5%23&amp;extparam=%23%E8%8E%B2%E8%8A%B1%E6%A5%BC%E5%AE%9A%E6%A1%A37%E6%9C%8823%E6%97%A5%23", "topic_title": "莲花楼定档7月23日", "actionlog": {"act_type": 1, "act_code": 300, "oid": "1022:2315226f28d91c8a28756167b30132dbe01a6a", "uuid": 4926060872335542, "cardid": "", "lcardid": "", "uicode": "", "luicode": "", "fid": "1076033073217815_-_WEIBO_SECOND_PROFILE_WEIBO", "lfid": "", "ext": "mid:4926070182120276|rid:7_0_50_5227077806002735907_0_0_0|short_url:|long_url:|comment_id:|miduid:3073217815|rootmid:4926070182120276|rootuid:2060419113|authorid:|uuid:4926060872335542|is_ad_weibo:0"}}, {"title": "", "topic_url": "sinaweibo://searchall?containerid=231522&amp;q=%23%E8%8E%B2%E8%8A%B1%E6%A5%BC%23&amp;extparam=%23%E8%8E%B2%E8%8A%B1%E6%A5%BC%23", "topic_title": "莲花楼", "actionlog": {"act_type": 1, "act_code": 300, "oid": "1022:231522a435b7e09e6a21307ebc772dac54fd75", "uuid": 4212977866653393, "cardid": "", "lcardid": "", "uicode": "", "luicode": "", "fid": "1076033073217815_-_WEIBO_SECOND_PROFILE_WEIBO", "lfid": "", "ext": "mid:4926070182120276|rid:7_0_50_5227077806002735907_0_0_0|short_url:|long_url:|comment_id:|miduid:3073217815|rootmid:4926070182120276|rootuid:2060419113|authorid:|uuid:4212977866653393|is_ad_weibo:0"}}], "url_struct": [{"url_title": "莲花楼官博的微博视频", "url_type_pic": "https://h5.sinaimg.cn/upload/2015/09/25/3/timeline_card_small_video.png", "ori_url": "sinaweibo://video/vvs?mid=4926070182120276&amp;object_id=1034:4926057959325754&amp;url_type=39&amp;object_type=video&amp;pos=1", "page_id": "2304444926057959325754", "short_url": "http://t.cn/A60V9VOZ", "long_url": "https://video.weibo.com/show?fid=1034:4926057959325754", "url_type": 39, "result": false, "actionlog": {"act_type": 1, "act_code": 300, "oid": "1034:4926057959325754", "uuid": 4926058335044167, "cardid": "", "lcardid": "", "uicode": "", "luicode": "", "fid": "1076033073217815_-_WEIBO_SECOND_PROFILE_WEIBO", "lfid": "", "ext": "mid:4926070182120276|rid:7_0_50_5227077806002735907_0_0_0|short_url:http://t.cn/A60V9VOZ|long_url:https://video.weibo.com/show?fid=1034:4926057959325754|comment_id:|miduid:3073217815|rootmid:4926070182120276|rootuid:2060419113|authorid:7759306387|uuid:4926058335044167|is_ad_weibo:0|analysis_card:url_struct"}, "storage_type": "oss", "hide": 0, "object_type": "", "ttl": 3600, "h5_target_url": "https://video.weibo.com/show?fid=1034:4926057959325754&amp;from=1FFFF96039&amp;weiboauthoruid=2060419113", "need_save_obj": 0}], "mblogtype": 0, "showFeedRepost": false, "showFeedComment": false, "pictureViewerSign": false, "showPictureViewer": false, "rcList": [], "text": "嘻嘻", "region_name": "发布于 浙江", "customIcons": [], "retweeted_status": {"visible": {"type": 0, "list_id": 0}, "created_at": "Fri Jul 21 22:35:16 +0800 2023", "id": 4926070182120276, "idstr": "4926070182120276", "mid": "4926070182120276", "mblogid": "NaWcG8TA0", "user": {"id": 2060419113, "idstr": "2060419113", "pc_new": 0, "screen_name": "成毅", "profile_image_url": "https://tvax1.sinaimg.cn/crop.0.0.1080.1080.50/002frj8lly8hj4a1cc148j60u00u0gon02.jpg?KID=imgbed,tva&amp;Expires=1704748312&amp;ssig=krCtkezzt9", "profile_url": "/u/2060419113", "verified": true, "verified_type": 0, "domain": "", "weihao": "", "verified_type_ext": 1, "avatar_large": "https://tvax1.sinaimg.cn/crop.0.0.1080.1080.180/002frj8lly8hj4a1cc148j60u00u0gon02.jpg?KID=imgbed,tva&amp;Expires=1704748312&amp;ssig=i3MIJkNH0a", "avatar_hd": "https://tvax1.sinaimg.cn/crop.0.0.1080.1080.1024/002frj8lly8hj4a1cc148j60u00u0gon02.jpg?KID=imgbed,tva&amp;Expires=1704748312&amp;ssig=P4DjcWhxPK", "follow_me": false, "following": false, "mbrank": 8, "mbtype": 12, "v_plus": 0, "planet_video": false, "icon_list": [{"type": "vip", "data": {"mbrank": 8, "mbtype": 12, "svip": 1, "vvip": 0}}]}, "can_edit": false, "edit_count": 1, "text_raw": "#莲花楼全员悍跳预言家# 李莲花浅跳下预言家[酷] 此次查验坐化金身的灵山派掌门，破案关键在于“信任”二字，剩下的，先听听其他人怎么说~#莲花楼定档7月23日##莲花楼# http://t.cn/A60V9VOZ ​​​", "textLength": 177, "annotations": [[], {"shooting": 1, "client_mblogid": "iPhone-A017906B-F5E5-4691-A7E9-8A59F589FB07"}, {"source_text": "🐳", "phone_id": "1399"}, {"mapi_request": true}], "source": "🐳iPhone客户端", "favorited": false, "buttons": [{"type": "follow", "name": "加关注", "params": {"uid": 2060419113, "disable_group": 1, "extparams": {"followcardid": "1008080010_"}}, "actionlog": {"act_code": "92", "oid": "4926070182120276"}}], "rid": "7_0_50_5227077806002735907_0_0_0", "cardid": "star_318", "pic_ids": [], "geo": "", "pic_num": 0, "is_paid": false, "mblog_vip_type": 0, "number_display_strategy": {"apply_scenario_flag": 3, "display_text_min_number": 1000000, "display_text": "100万+"}, "reposts_count": 1000000, "comments_count": 1000000, "attitudes_count": 2058749, "attitudes_status": 0, "isLongText": false, "mlevel": 0, "content_auth": 0, "is_show_bulletin": 2, "comment_manage_info": {"comment_permission_type": -1, "approval_comment_type": 0, "comment_sort_type": 0, "ai_play_picture_type": 0}, "mblogtype": 0, "showFeedRepost": false, "showFeedComment": false, "pictureViewerSign": false, "showPictureViewer": false, "rcList": [], "text": "&lt;a href=\"//s.weibo.com/weibo?q=%23%E8%8E%B2%E8%8A%B1%E6%A5%BC%E5%85%A8%E5%91%98%E6%82%8D%E8%B7%B3%E9%A2%84%E8%A8%80%E5%AE%B6%23\" target=\"_blank\"&gt;#莲花楼全员悍跳预言家#&lt;/a&gt; 李莲花浅跳下预言家&lt;img alt=\"[酷]\" title=\"[酷]\" src=\"https://face.t.sinajs.cn/t4/appstyle/expression/ext/normal/c4/2018new_ku_org.png\" /&gt; 此次查验坐化金身的灵山派掌门，破案关键在于“信任”二字，剩下的，先听听其他人怎么说~&lt;a href=\"//s.weibo.com/weibo?q=%23%E8%8E%B2%E8%8A%B1%E6%A5%BC%E5%AE%9A%E6%A1%A37%E6%9C%8823%E6%97%A5%23\" target=\"_blank\"&gt;#莲花楼定档7月23日#&lt;/a&gt;&lt;a href=\"//s.weibo.com/weibo?q=%23%E8%8E%B2%E8%8A%B1%E6%A5%BC%23\" target=\"_blank\"&gt;#莲花楼#&lt;/a&gt; &lt;a target=\"_blank\" href=\"https://video.weibo.com/show?fid=1034:4926057959325754\"&gt;&lt;img class=\"icon-link\" src=\"https://h5.sinaimg.cn/upload/2015/09/25/3/timeline_card_small_video_default.png\"/&gt;莲花楼官博的微博视频&lt;/a&gt; ​​​", "region_name": "发布于 湖南", "customIcons": []}, "page_info": {"type": "11", "page_id": "2304444926057959325754", "object_type": "video", "object_id": "1034:4926057959325754", "content1": "莲花楼官博的微博视频", "content2": "#电视剧莲花楼[超话]# 【莲络处】#莲花楼定档7月23日##莲花楼全员悍跳预言家##莲花楼莲夜定档#\n\n江湖纷争不断，奇案扑朔迷离。\n一件埋藏十年的秘密，随着奇案的破解逐渐浮出水面，当年真相究竟是何？\n\n领衔主演：@成毅&nbsp;饰演李莲花/李相夷\n领衔主演：@曾舜晞Joseph&nbsp;饰演", "act_status": 1, "media_info": {"name": "莲花楼官博的微博视频", "stream_url": "http://f.video.weibocdn.com/o0/iDRAwB5Wlx087bJZ23y001041200kkJQ0E010.mp4?label=mp4_ld&amp;template=640x360.25.0&amp;ori=0&amp;ps=1CwnkDw1GXwCQx&amp;Expires=1704741112&amp;ssig=LcdD8bf4Pq&amp;KID=unistore,video", "stream_url_hd": "http://f.video.weibocdn.com/o0/n3FRG5TZlx087bK0ngK401041200wLmG0E010.mp4?label=mp4_hd&amp;template=852x480.25.0&amp;ori=0&amp;ps=1CwnkDw1GXwCQx&amp;Expires=1704741112&amp;ssig=uZBczvA%2BrR&amp;KID=unistore,video", "format": "mp4", "h5_url": "https://video.weibo.com/show?fid=1034:4926057959325754", "mp4_sd_url": "http://f.video.weibocdn.com/o0/iDRAwB5Wlx087bJZ23y001041200kkJQ0E010.mp4?label=mp4_ld&amp;template=640x360.25.0&amp;ori=0&amp;ps=1CwnkDw1GXwCQx&amp;Expires=1704741112&amp;ssig=LcdD8bf4Pq&amp;KID=unistore,video", "mp4_hd_url": "http://f.video.weibocdn.com/o0/n3FRG5TZlx087bK0ngK401041200wLmG0E010.mp4?label=mp4_hd&amp;template=852x480.25.0&amp;ori=0&amp;ps=1CwnkDw1GXwCQx&amp;Expires=1704741112&amp;ssig=uZBczvA%2BrR&amp;KID=unistore,video", "h265_mp4_hd": "", "h265_mp4_ld": "", "inch_4_mp4_hd": "", "inch_5_mp4_hd": "", "inch_5_5_mp4_hd": "", "mp4_720p_mp4": "http://f.video.weibocdn.com/o0/fGIUSgqUlx087bK13x7W010412010tqV0E010.mp4?label=mp4_720p&amp;template=1280x720.25.0&amp;ori=0&amp;ps=1CwnkDw1GXwCQx&amp;Expires=1704741112&amp;ssig=111fZWmL1U&amp;KID=unistore,video", "hevc_mp4_720p": "", "prefetch_type": 1, "prefetch_size": 262144, "act_status": 1, "protocol": "general,dash", "media_id": "4926057959325754", "origin_total_bitrate": 0, "video_orientation": "horizontal", "duration": 176, "forward_strategy": -1, "search_scheme": "sinaweibo://svssearch?containerid=232080", "is_short_video": 0, "vote_is_show": 0, "belong_collection": 0, "titles_display_time": "3", "show_progress_bar": 1, "show_mute_button": true, "ext_info": {"video_orientation": "horizontal"}, "next_title": "#莲花楼全员悍跳预言家# 李莲花浅跳下预言家[酷] 此次查验坐化金身的灵山派掌门，破案关键在于“信任”二字，剩下的，先听听其他人怎么说~#莲花楼定档7月23日##莲花楼#", "kol_title": "", "play_completion_actions": [{"type": "1", "icon": "https://h5.sinaimg.cn/upload/100/1413/2021/12/22/feed_video_icon_replay.png", "text": "重播", "link": "", "btn_code": 1000, "show_position": 1, "actionlog": {"oid": "2304444926057959325754", "act_code": 1221, "act_type": 0, "source": "video"}}, {"type": 6, "icon": "https://tvax1.sinaimg.cn/crop.0.0.1080.1080.180/008t7g31ly8hg4xuvgt5lj30u00u00z2.jpg?KID=imgbed,tva&amp;Expires=1704748312&amp;ssig=mNjlSonBlf", "text": "", "display_mode": 2, "display_starttime": 5, "display_endtime": 99999, "countdown_time": 5, "show_position": 48, "scheme": "", "link": "", "btn_code": 1009, "actionlog": {"oid": "2304444926057959325754", "act_code": 91, "act_type": 0, "source": "video", "ext": "mid:4926070182120276|oid:1034:4926057959325754|muid:2060419113|authorid:7759306387"}, "ext": {"uid": "7759306387", "user_name": "莲花楼官博", "followers_count": 689134, "verified": true, "verified_type": 7, "verified_type_ext": 50, "verified_reason": "电视剧《莲花楼》官方微博", "level": 3}, "display_type": 0}], "video_publish_time": 1689947291, "play_loop_type": 0, "author_mid": "4926062087639707", "author_name": "莲花楼官博", "is_playlist": 1, "get_playlist_id": 4813997908885613, "extra_info": {"sceneid": "profile_mb"}, "video_download_strategy": {"abandon_download": 0}, "jump_to": 6, "big_pic_info": {"pic_big": {"height": 1080, "url": "https://wx4.sinaimg.cn/orj1080/008t7g31ly1hg4v3uaicaj31hc0u0acw.jpg", "width": 1920}, "pic_small": {"height": 150, "url": "https://wx4.sinaimg.cn/or180/008t7g31ly1hg4v3uaicaj31hc0u0acw.jpg", "width": 266}, "pic_middle": {"height": 270, "url": "https://wx4.sinaimg.cn/or360/008t7g31ly1hg4v3uaicaj31hc0u0acw.jpg", "width": 480}}, "online_users": "3805万次观看", "online_users_number": 38058224, "ttl": 3600, "storage_type": "oss", "is_keep_current_mblog": 0, "author_info": {"id": 7759306387, "idstr": "7759306387", "pc_new": 7, "screen_name": "莲花楼官博", "profile_image_url": "https://tvax1.sinaimg.cn/crop.0.0.1080.1080.50/008t7g31ly8hg4xuvgt5lj30u00u00z2.jpg?KID=imgbed,tva&amp;Expires=1704748312&amp;ssig=CYjtRGLlQz", "profile_url": "/u/7759306387", "verified": true, "verified_type": 7, "domain": "", "weihao": "", "verified_type_ext": 50, "avatar_large": "https://tvax1.sinaimg.cn/crop.0.0.1080.1080.180/008t7g31ly8hg4xuvgt5lj30u00u00z2.jpg?KID=imgbed,tva&amp;Expires=1704748312&amp;ssig=mNjlSonBlf", "avatar_hd": "https://tvax1.sinaimg.cn/crop.0.0.1080.1080.1024/008t7g31ly8hg4xuvgt5lj30u00u00z2.jpg?KID=imgbed,tva&amp;Expires=1704748312&amp;ssig=eQ9y25qfCV", "follow_me": false, "following": false, "mbrank": 1, "mbtype": 11, "v_plus": 0, "planet_video": false, "verified_reason": "电视剧《莲花楼》官方微博", "description": "电视剧《莲花楼》官方微博", "location": "北京 东城区", "gender": "m", "followers_count": 689272, "followers_count_str": "68.9万", "friends_count": 22, "statuses_count": 1000, "url": "", "svip": 1, "vvip": 1, "cover_image_phone": "https://wx1.sinaimg.cn/crop.0.0.640.640.640/008t7g31ly1hgborw1euzj30u00u0dmb.jpg"}, "playback_list": [{"meta": {"label": "mp4_1080p", "quality_index": 1080, "quality_desc": "高清", "quality_label": "1080p", "quality_class": "HD", "type": 1, "quality_group": 1080, "is_hidden": false}, "play_info": {"type": 1, "mime": "video/mp4", "protocol": "general", "label": "mp4_1080p", "url": "https://f.video.weibocdn.com/o0/LhBhrxlWlx087bK2NMA001041201IqSQ0E010.mp4?label=mp4_1080p&amp;template=1920x1080.25.0&amp;media_id=4926057959325754&amp;tp=8x8A3El:YTkl0eM8&amp;us=0&amp;ori=1&amp;bf=4&amp;ot=h&amp;lp=00003MndIw&amp;ps=mZ6WB&amp;uid=7sSuzF&amp;ab=,3601-g32,8143-g0,8013-g0,3601-g31,3601-g36,3601-g29,3601-g39,3601-g19,3601-g36,3601-g38,3601-g27,3601-g37&amp;Expires=1704741112&amp;ssig=8v0TyI9kAB&amp;KID=unistore,video", "bitrate": 1152965, "prefetch_range": "0-429615", "video_codecs": "avc1.640032", "fps": 25, "width": 1920, "height": 1080, "size": 25366112, "duration": 176.005, "sar": "1.0", "audio_codecs": "mp4a.40.5", "audio_sample_rate": 44100, "quality_label": "1080p", "quality_class": "HD", "quality_desc": "高清", "audio_channels": 2, "audio_sample_fmt": "fltp", "audio_bits_per_sample": 0, "watermark": "original", "extension": {"transcode_info": {"pcdn_rule_id": 0, "pcdn_jank": 0, "origin_video_dr": "SDR", "ab_strategies": ",3601-g32,8143-g0,8013-g0,3601-g31,3601-g36,3601-g29,3601-g39,3601-g19,3601-g36,3601-g38,3601-g27,3601-g37"}}, "video_decoder": "hard", "prefetch_enabled": true, "tcp_receive_buffer": 262144, "dolby_atmos": false}}, {"meta": {"label": "mp4_720p", "quality_index": 720, "quality_desc": "高清", "quality_label": "720p", "quality_class": "HD", "type": 1, "quality_group": 720, "is_hidden": false}, "play_info": {"type": 1, "mime": "video/mp4", "protocol": "general", "label": "mp4_720p", "url": "https://f.video.weibocdn.com/o0/fGIUSgqUlx087bK13x7W010412010tqV0E010.mp4?label=mp4_720p&amp;template=1280x720.25.0&amp;media_id=4926057959325754&amp;tp=8x8A3El:YTkl0eM8&amp;us=0&amp;ori=1&amp;bf=4&amp;ot=h&amp;lp=00003MndIw&amp;ps=mZ6WB&amp;uid=7sSuzF&amp;ab=,3601-g32,8143-g0,8013-g0,3601-g31,3601-g36,3601-g29,3601-g39,3601-g19,3601-g36,3601-g38,3601-g27,3601-g37&amp;Expires=1704741112&amp;ssig=111fZWmL1U&amp;KID=unistore,video", "bitrate": 676771, "prefetch_range": "0-303470", "video_codecs": "avc1.64001f", "fps": 25, "width": 1280, "height": 720, "size": 14889481, "duration": 176.005, "sar": "1.0", "audio_codecs": "mp4a.40.5", "audio_sample_rate": 44100, "quality_label": "720p", "quality_class": "HD", "quality_desc": "高清", "audio_channels": 2, "audio_sample_fmt": "fltp", "audio_bits_per_sample": 0, "watermark": "original", "extension": {"transcode_info": {"pcdn_rule_id": 0, "pcdn_jank": 0, "origin_video_dr": "SDR", "ab_strategies": ",3601-g32,8143-g0,8013-g0,3601-g31,3601-g36,3601-g29,3601-g39,3601-g19,3601-g36,3601-g38,3601-g27,3601-g37"}}, "video_decoder": "hard", "prefetch_enabled": true, "tcp_receive_buffer": 262144, "dolby_atmos": false}}, {"meta": {"label": "mp4_hd", "quality_index": 480, "quality_desc": "标清", "quality_label": "480p", "quality_class": "SD", "type": 1, "quality_group": 480, "is_hidden": false}, "play_info": {"type": 1, "mime": "video/mp4", "protocol": "general", "label": "mp4_hd", "url": "https://f.video.weibocdn.com/o0/n3FRG5TZlx087bK0ngK401041200wLmG0E010.mp4?label=mp4_hd&amp;template=852x480.25.0&amp;media_id=4926057959325754&amp;tp=8x8A3El:YTkl0eM8&amp;us=0&amp;ori=1&amp;bf=4&amp;ot=h&amp;lp=00003MndIw&amp;ps=mZ6WB&amp;uid=7sSuzF&amp;ab=,3601-g32,8143-g0,8013-g0,3601-g31,3601-g36,3601-g29,3601-g39,3601-g19,3601-g36,3601-g38,3601-g27,3601-g37&amp;Expires=1704741112&amp;ssig=uZBczvA%2BrR&amp;KID=unistore,video", "bitrate": 354922, "prefetch_range": "0-209072", "video_codecs": "avc1.64001e", "fps": 25, "width": 852, "height": 480, "size": 7808570, "duration": 176.005, "sar": "1.001565", "audio_codecs": "mp4a.40.5", "audio_sample_rate": 44100, "quality_label": "480p", "quality_class": "SD", "quality_desc": "标清", "audio_channels": 2, "audio_sample_fmt": "fltp", "audio_bits_per_sample": 0, "watermark": "original", "extension": {"transcode_info": {"pcdn_rule_id": 0, "pcdn_jank": 0, "origin_video_dr": "SDR", "ab_strategies": ",3601-g32,8143-g0,8013-g0,3601-g31,3601-g36,3601-g29,3601-g39,3601-g19,3601-g36,3601-g38,3601-g27,3601-g37"}}, "video_decoder": "hard", "prefetch_enabled": true, "tcp_receive_buffer": 262144, "dolby_atmos": false}}, {"meta": {"label": "scrubber_hd", "quality_index": 480, "quality_desc": "标清", "quality_label": "480p", "quality_class": "SD", "type": 3, "quality_group": 480, "is_hidden": false}, "play_info": {"type": 3, "mime": "image/jpeg", "protocol": "general", "label": "scrubber_hd", "url": "https://wx1.sinaimg.cn/large/008t7g31ly1hg50sebijjj30qo460n6i.jpg?media_id=4926057959325754&amp;tp=8x8A3El:YTkl0eM8&amp;us=0&amp;ori=1&amp;bf=4&amp;ot=h&amp;lp=00003MndIw&amp;ps=mZ6WB&amp;uid=7sSuzF&amp;ab=,3601-g32,8143-g0,8013-g0,3601-g31,3601-g36,3601-g29,3601-g39,3601-g19,3601-g36,3601-g38,3601-g27,3601-g37&amp;Expires=1704741112&amp;ssig=wwXgSuDnHu&amp;KID=unistore,video", "prefetch_range": "0-512000", "width": 320, "height": 180, "quality_label": "480p", "quality_class": "SD", "quality_desc": "标清", "extension": {"transcode_info": {"pcdn_rule_id": 0, "pcdn_jank": 0, "origin_video_dr": "SDR", "ab_strategies": ",3601-g32,8143-g0,8013-g0,3601-g31,3601-g36,3601-g29,3601-g39,3601-g19,3601-g36,3601-g38,3601-g27,3601-g37"}}, "video_decoder": "hard", "prefetch_enabled": true, "tcp_receive_buffer": 262144, "col": 3, "row": 30, "interval": 2, "offset": 1, "urls": ["http://wx4.sinaimg.cn/large/008t7g31ly1hg50sebijjj30qo460n6i.jpg"]}}, {"meta": {"label": "mp4_ld", "quality_index": 360, "quality_desc": "流畅", "quality_label": "360p", "quality_class": "SD", "type": 1, "quality_group": 360, "is_hidden": false}, "play_info": {"type": 1, "mime": "video/mp4", "protocol": "general", "label": "mp4_ld", "url": "https://f.video.weibocdn.com/o0/iDRAwB5Wlx087bJZ23y001041200kkJQ0E010.mp4?label=mp4_ld&amp;template=640x360.25.0&amp;media_id=4926057959325754&amp;tp=8x8A3El:YTkl0eM8&amp;us=0&amp;ori=1&amp;bf=4&amp;ot=h&amp;lp=00003MndIw&amp;ps=mZ6WB&amp;uid=7sSuzF&amp;ab=,3601-g32,8143-g0,8013-g0,3601-g31,3601-g36,3601-g29,3601-g39,3601-g19,3601-g36,3601-g38,3601-g27,3601-g37&amp;Expires=1704741112&amp;ssig=LcdD8bf4Pq&amp;KID=unistore,video", "bitrate": 220278, "prefetch_range": "0-171215", "video_codecs": "avc1.64001e", "fps": 25, "width": 640, "height": 360, "size": 4846282, "duration": 176.005, "sar": "1.0", "audio_codecs": "mp4a.40.5", "audio_sample_rate": 44100, "quality_label": "360p", "quality_class": "SD", "quality_desc": "流畅", "audio_channels": 2, "audio_sample_fmt": "fltp", "audio_bits_per_sample": 0, "watermark": "original", "extension": {"transcode_info": {"pcdn_rule_id": 0, "pcdn_jank": 0, "origin_video_dr": "SDR", "ab_strategies": ",3601-g32,8143-g0,8013-g0,3601-g31,3601-g36,3601-g29,3601-g39,3601-g19,3601-g36,3601-g38,3601-g27,3601-g37"}}, "video_decoder": "hard", "prefetch_enabled": true, "tcp_receive_buffer": 262144, "dolby_atmos": false}}]}, "page_pic": "https://wx4.sinaimg.cn/orj480/008t7g31ly1hg4v3uaicaj31hc0u0acw.jpg", "page_title": "莲花楼官博的微博视频", "page_url": "sinaweibo://infopage?containerid=2304444926057959325754&amp;containerid=2304444926057959325754&amp;url_type=39&amp;object_type=video&amp;pos=2", "pic_info": {"pic_big": {"height": "480", "url": "https://wx4.sinaimg.cn/orj480/008t7g31ly1hg4v3uaicaj31hc0u0acw.jpg", "width": "852"}, "pic_small": {"height": "480", "url": "https://wx4.sinaimg.cn/orj480/008t7g31ly1hg4v3uaicaj31hc0u0acw.jpg", "width": "852"}, "pic_middle": {"url": "https://wx4.sinaimg.cn/orj480/008t7g31ly1hg4v3uaicaj31hc0u0acw.jpg", "height": "480", "width": "852"}}, "oid": "7759306387", "type_icon": "", "author_id": "7759306387", "authorid": "7759306387", "warn": "", "actionlog": {"act_type": 1, "act_code": 799, "lcardid": "", "fid": "1076033073217815_-_WEIBO_SECOND_PROFILE_WEIBO", "mid": "4926070182120276", "oid": "1034:4926057959325754", "uuid": 4926058335044167, "source": "video", "ext": "uid:6839654475|mid:4926071831794851|objectid:1034%3A4926057959325754|from:1|object_duration:176.005|miduid:3073217815|rootuid:2060419113|rootmid:4926070182120276|authorid:7759306387|video_orientation:horizontal|third_vid:|is_album:1|is_contribution:0|video_tags:|isfan:0|ua:Mozilla/5.0 (Windows NT 10.0; Win64; x64) AppleWebKit/537.36 (KHTML, like Gecko) Chrome/120.0.0.0 Safari/537.36 WeiboPro/1.0.0|sceneid:profile_mb|uuid:4926058335044167|detail:native|contribution:0|short_video:0|st_video:1|author_mid:4926062087639707|cluster_type_status:|is_ad_weibo:0|container_mid:4926071831794851|type:52_7_01|analysis_card:page_info"}, "short_url": "http://t.cn/A60V9VOZ"}}