{"visible": {"type": 0, "list_id": 0}, "created_at": "Sun Jul 23 16:08:59 +0800 2023", "id": 4926697747256133, "idstr": "4926697747256133", "mid": "4926697747256133", "mblogid": "NbcwSurEp", "user": {"id": 3073217815, "idstr": "3073217815", "pc_new": 0, "screen_name": "七十七只绵羊", "profile_image_url": "https://tvax3.sinaimg.cn/crop.0.0.512.512.50/b72d9517ly8hf8e0vpc8ej20e80e8myg.jpg?KID=imgbed,tva&amp;Expires=1704748312&amp;ssig=%2BhXodSnvcP", "profile_url": "/u/3073217815", "verified": true, "verified_type": 0, "domain": "", "weihao": "", "verified_type_ext": 0, "avatar_large": "https://tvax3.sinaimg.cn/crop.0.0.512.512.180/b72d9517ly8hf8e0vpc8ej20e80e8myg.jpg?KID=imgbed,tva&amp;Expires=1704748312&amp;ssig=RPeGwBl4q1", "avatar_hd": "https://tvax3.sinaimg.cn/crop.0.0.512.512.1024/b72d9517ly8hf8e0vpc8ej20e80e8myg.jpg?KID=imgbed,tva&amp;Expires=1704748312&amp;ssig=JgJicJ8Bpg", "follow_me": false, "following": false, "mbrank": 5, "mbtype": 11, "v_plus": 0, "planet_video": false, "icon_list": [{"type": "vip", "data": {"mbrank": 5, "mbtype": 11, "svip": 1, "vvip": 0}}]}, "can_edit": false, "text_raw": "今天晚上看男朋友的新剧[哈哈] ​​​", "textLength": 28, "annotations": [{"photo_sub_type": "0"}, [], {"client_mblogid": "iPhone-651E9D09-E929-43C3-9684-66D2020E9742"}, {"source_text": "", "phone_id": "1399"}, {"mapi_request": true}], "source": "iPhone客户端", "favorited": false, "rid": "3_0_50_5227077806002735907_0_0_0", "cardid": "raresvip_0052001143", "pic_ids": ["b72d9517gy1hg6wj6wzt5j214l0vwdz8"], "pic_num": 1, "pic_infos": {"b72d9517gy1hg6wj6wzt5j214l0vwdz8": {"thumbnail": {"url": "https://wx1.sinaimg.cn/wap180/b72d9517gy1hg6wj6wzt5j214l0vwdz8.jpg", "width": 180, "height": 141, "cut_type": 1, "type": ""}, "bmiddle": {"url": "https://wx1.sinaimg.cn/wap360/b72d9517gy1hg6wj6wzt5j214l0vwdz8.jpg", "width": 360, "height": 282, "cut_type": 1, "type": ""}, "large": {"url": "https://wx1.sinaimg.cn/orj960/b72d9517gy1hg6wj6wzt5j214l0vwdz8.jpg", "width": 1221, "height": 960, "cut_type": 1, "type": ""}, "original": {"url": "https://wx1.sinaimg.cn/orj1080/b72d9517gy1hg6wj6wzt5j214l0vwdz8.jpg", "width": 1374, "height": 1080, "cut_type": 1, "type": ""}, "largest": {"url": "https://wx1.sinaimg.cn/large/b72d9517gy1hg6wj6wzt5j214l0vwdz8.jpg", "width": 1461, "height": 1148, "cut_type": 1, "type": ""}, "mw2000": {"url": "https://wx1.sinaimg.cn/mw2000/b72d9517gy1hg6wj6wzt5j214l0vwdz8.jpg", "width": 1461, "height": 1148, "cut_type": 1, "type": ""}, "object_id": "1042018:918c7ad09f9b283fe1012674c73a0d5f", "pic_id": "b72d9517gy1hg6wj6wzt5j214l0vwdz8", "photo_tag": 0, "type": "pic", "pic_status": 1}}, "is_paid": false, "pic_bg_new": "http://vip.storage.weibo.com/feed_cover/raresvip_0052001143_mobile_new.png?version=2021091501", "mblog_vip_type": 0, "number_display_strategy": {"apply_scenario_flag": 3, "display_text_min_number": 1000000, "display_text": "100万+"}, "reposts_count": 0, "comments_count": 1, "attitudes_count": 1, "attitudes_status": 0, "isLongText": false, "mlevel": 0, "content_auth": 0, "is_show_bulletin": 2, "comment_manage_info": {"comment_permission_type": -1, "approval_comment_type": 0, "comment_sort_type": 0}, "share_repost_type": 0, "mblogtype": 0, "showFeedRepost": false, "showFeedComment": false, "pictureViewerSign": false, "showPictureViewer": false, "rcList": [], "text": "今天晚上看男朋友的新剧&lt;img alt=\"[哈哈]\" title=\"[哈哈]\" src=\"https://face.t.sinajs.cn/t4/appstyle/expression/ext/normal/8f/2018new_haha_org.png\" /&gt; ​​​", "region_name": "发布于 浙江", "customIcons": []}