{"visible": {"type": 0, "list_id": 0}, "created_at": "Sat Jul 22 11:56:34 +0800 2023", "id": 4926271836919335, "idstr": "4926271836919335", "mid": "4926271836919335", "mblogid": "Nb1rVt22b", "user": {"id": 3073217815, "idstr": "3073217815", "pc_new": 0, "screen_name": "七十七只绵羊", "profile_image_url": "https://tvax3.sinaimg.cn/crop.0.0.512.512.50/b72d9517ly8hf8e0vpc8ej20e80e8myg.jpg?KID=imgbed,tva&amp;Expires=1704748312&amp;ssig=%2BhXodSnvcP", "profile_url": "/u/3073217815", "verified": true, "verified_type": 0, "domain": "", "weihao": "", "verified_type_ext": 0, "avatar_large": "https://tvax3.sinaimg.cn/crop.0.0.512.512.180/b72d9517ly8hf8e0vpc8ej20e80e8myg.jpg?KID=imgbed,tva&amp;Expires=1704748312&amp;ssig=RPeGwBl4q1", "avatar_hd": "https://tvax3.sinaimg.cn/crop.0.0.512.512.1024/b72d9517ly8hf8e0vpc8ej20e80e8myg.jpg?KID=imgbed,tva&amp;Expires=1704748312&amp;ssig=JgJicJ8Bpg", "follow_me": false, "following": false, "mbrank": 5, "mbtype": 11, "v_plus": 0, "planet_video": false, "icon_list": [{"type": "vip", "data": {"mbrank": 5, "mbtype": 11, "svip": 1, "vvip": 0}}]}, "can_edit": false, "text_raw": "#莲花楼全员上楼# cy#成毅李莲花明天见# \n\n武侠探案 跌宕起伏 [哇][哇]\n一整个大期待住了[哈哈][哈哈]\n\n一起期待成毅莲花楼，期待成毅李莲花李相夷！ @成毅 ​​​", "textLength": 145, "annotations": [{"photo_sub_type": "0,0"}, [], {"client_mblogid": "iPhone-A6A9B02E-62C6-4D28-8F23-C99E109084F0"}, {"source_text": "", "phone_id": "1399"}, {"mapi_request": true}], "source": "iPhone客户端", "favorited": false, "rid": "6_0_50_5227077806002735907_0_0_0", "cardid": "raresvip_0052001143", "pic_ids": ["b72d9517gy1hg5jm8pvb1g20rs0j0hdx", "b72d9517gy1hg5jm5wqezg20pk0j64r5"], "pic_num": 2, "pic_infos": {"b72d9517gy1hg5jm8pvb1g20rs0j0hdx": {"thumbnail": {"url": "https://wx1.sinaimg.cn/wap180/b72d9517gy1hg5jm8pvb1g20rs0j0hdx.gif", "width": 180, "height": 122, "cut_type": 1, "type": ""}, "bmiddle": {"url": "https://wx1.sinaimg.cn/wap360/b72d9517gy1hg5jm8pvb1g20rs0j0hdx.gif", "width": 360, "height": 245, "cut_type": 1, "type": ""}, "large": {"url": "https://wx1.sinaimg.cn/sti960/b72d9517gy1hg5jm8pvb1g20rs0j0hdx.gif", "width": 1000, "height": 684, "cut_type": 1, "type": ""}, "original": {"url": "https://wx1.sinaimg.cn/orj1080/b72d9517gy1hg5jm8pvb1g20rs0j0hdx.gif", "width": 1000, "height": 684, "cut_type": 1, "type": ""}, "largest": {"url": "https://wx1.sinaimg.cn/large/b72d9517gy1hg5jm8pvb1g20rs0j0hdx.gif", "width": 1000, "height": 684, "cut_type": 1, "type": ""}, "mw2000": {"url": "https://wx1.sinaimg.cn/mw2000/b72d9517gy1hg5jm8pvb1g20rs0j0hdx.gif", "width": 1000, "height": 684, "cut_type": 1, "type": ""}, "object_id": "1042018:cb248a7bad27f7151bdf36f46c5d4c14", "pic_id": "b72d9517gy1hg5jm8pvb1g20rs0j0hdx", "photo_tag": 0, "type": "gif", "video_object_id": "1022:2311284926271835275314", "video": "https://g.us.sinaimg.cn/o0/GYNt9fdnlx087cFgsYty010412000O8G0E010.mp4?ssig=qjGtkGpzSo&amp;Expires=1704741112&amp;KID=unistore,video", "pic_status": 1}, "b72d9517gy1hg5jm5wqezg20pk0j64r5": {"thumbnail": {"url": "https://wx4.sinaimg.cn/wap180/b72d9517gy1hg5jm5wqezg20pk0j64r5.gif", "width": 180, "height": 134, "cut_type": 1, "type": ""}, "bmiddle": {"url": "https://wx4.sinaimg.cn/wap360/b72d9517gy1hg5jm5wqezg20pk0j64r5.gif", "width": 360, "height": 269, "cut_type": 1, "type": ""}, "large": {"url": "https://wx4.sinaimg.cn/sti960/b72d9517gy1hg5jm5wqezg20pk0j64r5.gif", "width": 920, "height": 690, "cut_type": 1, "type": ""}, "original": {"url": "https://wx4.sinaimg.cn/orj1080/b72d9517gy1hg5jm5wqezg20pk0j64r5.gif", "width": 920, "height": 690, "cut_type": 1, "type": ""}, "largest": {"url": "https://wx4.sinaimg.cn/large/b72d9517gy1hg5jm5wqezg20pk0j64r5.gif", "width": 920, "height": 690, "cut_type": 1, "type": ""}, "mw2000": {"url": "https://wx4.sinaimg.cn/mw2000/b72d9517gy1hg5jm5wqezg20pk0j64r5.gif", "width": 920, "height": 690, "cut_type": 1, "type": ""}, "object_id": "1042018:06e4e6637df80e72641e2c0f057b3838", "pic_id": "b72d9517gy1hg5jm5wqezg20pk0j64r5", "photo_tag": 0, "type": "gif", "video_object_id": "1022:2311284926271839207426", "video": "https://g.us.sinaimg.cn/o0/R6HzRzRIlx087cFheLSM010412001oAU0E010.mp4?ssig=iiPUf6pJFY&amp;Expires=1704741112&amp;KID=unistore,video", "pic_status": 1}}, "is_paid": false, "pic_bg_new": "https://n.sinaimg.cn/default/944aebbe/20231129/pic_hypertalk_diamond.png", "mblog_vip_type": 0, "number_display_strategy": {"apply_scenario_flag": 3, "display_text_min_number": 1000000, "display_text": "100万+"}, "title_source": {"name": "成毅超话", "url": "sinaweibo://pageinfo?pageid=100808df9d09de177dc73f4da8b01ba01129fd&amp;extparam=成毅", "image": "http://wx3.sinaimg.cn/thumbnail/005O6Q2qly8hj6khbeiagj30u00u0wir.jpg"}, "reposts_count": 0, "comments_count": 213, "attitudes_count": 13, "attitudes_status": 0, "isLongText": false, "mlevel": 0, "content_auth": 0, "is_show_bulletin": 3, "comment_manage_info": {"comment_permission_type": -1, "approval_comment_type": 0, "comment_sort_type": 0}, "screen_name_suffix_new": [{"content": "七十七只绵羊", "remark": "", "color": "FF333333", "dark_color": "FFD3D3D3", "type": 1, "truncation": {"mode": 1}}, {"content": "成毅超话", "color": "FF507DAF", "dark_color": "FF7691b9", "type": 2, "scheme": "sinaweibo://pageinfo?pageid=100808df9d09de177dc73f4da8b01ba01129fd&amp;extparam=成毅&amp;extension=%7B%22mblog_object_ref%22%3A%22topic%22%7D", "icons": [{"url": "https://h5.sinaimg.cn/upload/1000/808/2020/02/17/andriod_chaohua_header.png", "scheme": "sinaweibo://pageinfo?pageid=100808df9d09de177dc73f4da8b01ba01129fd&amp;extparam=成毅", "cleaned": true}], "icons_location": 0, "truncation": {"mode": 1, "keep_end_size": 2}, "actionlog": {"act_code": 1404, "oid": "1022:100808df9d09de177dc73f4da8b01ba01129fd", "uicode": "", "luicode": "", "fid": "1076033073217815_-_WEIBO_SECOND_PROFILE_WEIBO", "ext": "mid:4926271836919335|source_type:3|uid:6839654475|analysis_extra:follow:0|new_style:1"}, "cleaned": true}], "share_repost_type": 0, "topic_struct": [{"title": "", "topic_url": "sinaweibo://searchall?containerid=231522&amp;q=%23%E8%8E%B2%E8%8A%B1%E6%A5%BC%E5%85%A8%E5%91%98%E4%B8%8A%E6%A5%BC%23&amp;extparam=%23%E8%8E%B2%E8%8A%B1%E6%A5%BC%E5%85%A8%E5%91%98%E4%B8%8A%E6%A5%BC%23", "topic_title": "莲花楼全员上楼", "actionlog": {"act_type": 1, "act_code": 300, "oid": "1022:2315225821c055400613c10f30a37914e331df", "uuid": 4926242418589922, "cardid": "", "lcardid": "", "uicode": "", "luicode": "", "fid": "1076033073217815_-_WEIBO_SECOND_PROFILE_WEIBO", "lfid": "", "ext": "mid:4926271836919335|rid:6_0_50_5227077806002735907_0_0_0|short_url:|long_url:|comment_id:|miduid:3073217815|rootmid:4926271836919335|rootuid:3073217815|authorid:|uuid:4926242418589922|is_ad_weibo:0"}}, {"title": "", "topic_url": "sinaweibo://searchall?containerid=231522&amp;q=%23%E6%88%90%E6%AF%85%E6%9D%8E%E8%8E%B2%E8%8A%B1%E6%98%8E%E5%A4%A9%E8%A7%81%23&amp;extparam=%23%E6%88%90%E6%AF%85%E6%9D%8E%E8%8E%B2%E8%8A%B1%E6%98%8E%E5%A4%A9%E8%A7%81%23", "topic_title": "成毅李莲花明天见", "actionlog": {"act_type": 1, "act_code": 300, "oid": "1022:2315224faee3272c7d9ffe70a578d015961584", "uuid": 4926224865689607, "cardid": "", "lcardid": "", "uicode": "", "luicode": "", "fid": "1076033073217815_-_WEIBO_SECOND_PROFILE_WEIBO", "lfid": "", "ext": "mid:4926271836919335|rid:6_0_50_5227077806002735907_0_0_0|short_url:|long_url:|comment_id:|miduid:3073217815|rootmid:4926271836919335|rootuid:3073217815|authorid:|uuid:4926224865689607|is_ad_weibo:0"}}], "url_struct": [{"url_title": "成毅超话", "url_type_pic": "https://h5.sinaimg.cn/upload/100/959/2020/05/09/timeline_card_small_super.png", "ori_url": "sinaweibo://pageinfo?containerid=100808df9d09de177dc73f4da8b01ba01129fd&amp;extparam=成毅&amp;extension=%7B%22mblog_object_ref%22%3A%22content%22%7D", "page_id": "100808df9d09de177dc73f4da8b01ba01129fd", "short_url": "#成毅[超话]#", "long_url": "", "url_type": "", "result": false, "actionlog": {"act_type": 1, "act_code": 300, "oid": "1022:100808df9d09de177dc73f4da8b01ba01129fd", "uuid": 3546028530778404, "cardid": "", "lcardid": "", "uicode": "", "luicode": "", "fid": "1076033073217815_-_WEIBO_SECOND_PROFILE_WEIBO", "lfid": "", "ext": "mid:4926271836919335|rid:6_0_50_5227077806002735907_0_0_0|short_url:|long_url:|comment_id:|miduid:3073217815|rootmid:4926271836919335|rootuid:3073217815|authorid:|uuid:3546028530778404|is_ad_weibo:0|analysis_card:url_struct"}, "storage_type": "", "hide": 0, "object_type": "", "h5_target_url": "https://huati.weibo.com/k/成毅?from=1FFFF96039&amp;weiboauthoruid=3073217815", "need_save_obj": 0}], "mblogtype": 0, "showFeedRepost": false, "showFeedComment": false, "pictureViewerSign": false, "showPictureViewer": false, "rcList": [], "text": "&lt;a href=\"//s.weibo.com/weibo?q=%23%E8%8E%B2%E8%8A%B1%E6%A5%BC%E5%85%A8%E5%91%98%E4%B8%8A%E6%A5%BC%23\" target=\"_blank\"&gt;#莲花楼全员上楼#&lt;/a&gt; cy&lt;a href=\"//s.weibo.com/weibo?q=%23%E6%88%90%E6%AF%85%E6%9D%8E%E8%8E%B2%E8%8A%B1%E6%98%8E%E5%A4%A9%E8%A7%81%23\" target=\"_blank\"&gt;#成毅李莲花明天见#&lt;/a&gt; &lt;br /&gt;&lt;br /&gt;武侠探案 跌宕起伏 &lt;img alt=\"[哇]\" title=\"[哇]\" src=\"https://face.t.sinajs.cn/t4/appstyle/expression/ext/normal/3d/2022_wow_org.png\" /&gt;&lt;img alt=\"[哇]\" title=\"[哇]\" src=\"https://face.t.sinajs.cn/t4/appstyle/expression/ext/normal/3d/2022_wow_org.png\" /&gt;&lt;br /&gt;一整个大期待住了&lt;img alt=\"[哈哈]\" title=\"[哈哈]\" src=\"https://face.t.sinajs.cn/t4/appstyle/expression/ext/normal/8f/2018new_haha_org.png\" /&gt;&lt;img alt=\"[哈哈]\" title=\"[哈哈]\" src=\"https://face.t.sinajs.cn/t4/appstyle/expression/ext/normal/8f/2018new_haha_org.png\" /&gt;&lt;br /&gt;&lt;br /&gt;一起期待成毅莲花楼，期待成毅李莲花李相夷！ &lt;a href=/n/成毅 usercard=\"name=@成毅\"&gt;@成毅&lt;/a&gt; ​​​", "region_name": "发布于 浙江", "customIcons": []}