{"visible": {"type": 0, "list_id": 0}, "created_at": "Sat Jul 29 15:34:10 +0800 2023", "id": 4928863313069975, "idstr": "4928863313069975", "mid": "4928863313069975", "mblogid": "Nc6RJcSDJ", "user": {"id": 3073217815, "idstr": "3073217815", "pc_new": 0, "screen_name": "七十七只绵羊", "profile_image_url": "https://tvax3.sinaimg.cn/crop.0.0.512.512.50/b72d9517ly8hf8e0vpc8ej20e80e8myg.jpg?KID=imgbed,tva&amp;Expires=1704748296&amp;ssig=dp4DwfTWRX", "profile_url": "/u/3073217815", "verified": true, "verified_type": 0, "domain": "", "weihao": "", "verified_type_ext": 0, "avatar_large": "https://tvax3.sinaimg.cn/crop.0.0.512.512.180/b72d9517ly8hf8e0vpc8ej20e80e8myg.jpg?KID=imgbed,tva&amp;Expires=1704748296&amp;ssig=yHnlkTs5Ba", "avatar_hd": "https://tvax3.sinaimg.cn/crop.0.0.512.512.1024/b72d9517ly8hf8e0vpc8ej20e80e8myg.jpg?KID=imgbed,tva&amp;Expires=1704748296&amp;ssig=C4h7Yf%2Bfkc", "follow_me": false, "following": false, "mbrank": 5, "mbtype": 11, "v_plus": 0, "planet_video": false, "icon_list": [{"type": "vip", "data": {"mbrank": 5, "mbtype": 11, "svip": 1, "vvip": 0}}]}, "can_edit": false, "text_raw": "#我选择丁克后妈妈的变化#作为一个人最大的自律就是不要乱生孩子 [微笑] ​​​", "textLength": 67, "annotations": [{"ann_ext": "ann_ext:search|t:31|q:#我选择丁克后妈妈的变化#|creator_source:bottomsendweibo"}, {"shooting": 1, "client_mblogid": "iPhone-84CBFE27-AFFF-4D04-A5F6-9F1C7DD973A1"}, {"source_text": "", "phone_id": "1399"}, {"mapi_request": true}], "source": "iPhone客户端", "favorited": false, "rid": "10_0_50_5135669056423589288_0_0_0", "cardid": "raresvip_0052001143", "pic_ids": [], "pic_num": 0, "is_paid": false, "pic_bg_new": "http://vip.storage.weibo.com/feed_cover/raresvip_0052001143_mobile_new.png?version=2021091501", "mblog_vip_type": 0, "number_display_strategy": {"apply_scenario_flag": 3, "display_text_min_number": 1000000, "display_text": "100万+"}, "reposts_count": 0, "comments_count": 0, "attitudes_count": 2, "attitudes_status": 0, "isLongText": false, "mlevel": 0, "content_auth": 0, "is_show_bulletin": 2, "comment_manage_info": {"comment_permission_type": -1, "approval_comment_type": 0, "comment_sort_type": 0}, "share_repost_type": 0, "topic_struct": [{"title": "", "topic_url": "sinaweibo://searchall?containerid=231522&amp;q=%23%E6%88%91%E9%80%89%E6%8B%A9%E4%B8%81%E5%85%8B%E5%90%8E%E5%A6%88%E5%A6%88%E7%9A%84%E5%8F%98%E5%8C%96%23&amp;extparam=%23%E6%88%91%E9%80%89%E6%8B%A9%E4%B8%81%E5%85%8B%E5%90%8E%E5%A6%88%E5%A6%88%E7%9A%84%E5%8F%98%E5%8C%96%23", "topic_title": "我选择丁克后妈妈的变化", "actionlog": {"act_type": 1, "act_code": 300, "oid": "1022:23152284974f739d717cb6e5335ed4f8626865", "uuid": 4928827011891240, "cardid": "", "lcardid": "", "uicode": "", "luicode": "", "fid": "1076033073217815_-_WEIBO_SECOND_PROFILE_WEIBO", "lfid": "", "ext": "mid:4928863313069975|rid:10_0_50_5135669056423589288_0_0_0|short_url:|long_url:|comment_id:|miduid:3073217815|rootmid:4928863313069975|rootuid:3073217815|authorid:|uuid:4928827011891240|is_ad_weibo:0"}}], "mblogtype": 0, "showFeedRepost": false, "showFeedComment": false, "pictureViewerSign": false, "showPictureViewer": false, "rcList": [], "text": "&lt;a href=\"//s.weibo.com/weibo?q=%23%E6%88%91%E9%80%89%E6%8B%A9%E4%B8%81%E5%85%8B%E5%90%8E%E5%A6%88%E5%A6%88%E7%9A%84%E5%8F%98%E5%8C%96%23\" target=\"_blank\"&gt;#我选择丁克后妈妈的变化#&lt;/a&gt;作为一个人最大的自律就是不要乱生孩子 &lt;img alt=\"[微笑]\" title=\"[微笑]\" src=\"https://face.t.sinajs.cn/t4/appstyle/expression/ext/normal/e3/2018new_weixioa02_org.png\" /&gt; ​​​", "region_name": "发布于 浙江", "customIcons": []}