{"visible": {"type": 0, "list_id": 0}, "created_at": "Thu Jul 27 11:54:00 +0800 2023", "id": 4928083130585083, "idstr": "4928083130585083", "mid": "4928083130585083", "mblogid": "NbMzn2scP", "user": {"id": 3073217815, "idstr": "3073217815", "pc_new": 0, "screen_name": "七十七只绵羊", "profile_image_url": "https://tvax3.sinaimg.cn/crop.0.0.512.512.50/b72d9517ly8hf8e0vpc8ej20e80e8myg.jpg?KID=imgbed,tva&amp;Expires=1704748296&amp;ssig=dp4DwfTWRX", "profile_url": "/u/3073217815", "verified": true, "verified_type": 0, "domain": "", "weihao": "", "verified_type_ext": 0, "avatar_large": "https://tvax3.sinaimg.cn/crop.0.0.512.512.180/b72d9517ly8hf8e0vpc8ej20e80e8myg.jpg?KID=imgbed,tva&amp;Expires=1704748296&amp;ssig=yHnlkTs5Ba", "avatar_hd": "https://tvax3.sinaimg.cn/crop.0.0.512.512.1024/b72d9517ly8hf8e0vpc8ej20e80e8myg.jpg?KID=imgbed,tva&amp;Expires=1704748296&amp;ssig=C4h7Yf%2Bfkc", "follow_me": false, "following": false, "mbrank": 5, "mbtype": 11, "v_plus": 0, "planet_video": false, "icon_list": [{"type": "vip", "data": {"mbrank": 5, "mbtype": 11, "svip": 1, "vvip": 0}}]}, "can_edit": false, "text_raw": "这些年的一些美甲合集💅 ​​​", "textLength": 24, "annotations": [{"photo_sub_type": "0,0,0,0,0,0"}, [], {"client_mblogid": "iPhone-DD7BAC4A-FE45-4302-B614-28AFA557B499"}, {"source_text": "", "phone_id": "1399"}, {"mapi_request": true}], "source": "iPhone客户端", "favorited": false, "rid": "17_0_50_5135669056423589288_0_0_0", "cardid": "raresvip_0052001143", "pic_ids": ["b72d9517gy1hgbbm0lz52j20u0140tes", "b72d9517gy1hgbbm0zb0lj20u00u042h", "b72d9517gy1hgbbm1g547j20u0140wki", "b72d9517gy1hgbbm2lbiej20u00u0dk4", "b72d9517gy1hgbbm06c3gj20u0140gsg", "b72d9517gy1hgbbm27mpdj20u00u0tbl"], "pic_num": 6, "pic_infos": {"b72d9517gy1hgbbm0lz52j20u0140tes": {"thumbnail": {"url": "https://wx2.sinaimg.cn/wap180/b72d9517gy1hgbbm0lz52j20u0140tes.jpg", "width": 135, "height": 180, "cut_type": 1, "type": ""}, "bmiddle": {"url": "https://wx2.sinaimg.cn/wap360/b72d9517gy1hgbbm0lz52j20u0140tes.jpg", "width": 270, "height": 360, "cut_type": 1, "type": ""}, "large": {"url": "https://wx2.sinaimg.cn/orj960/b72d9517gy1hgbbm0lz52j20u0140tes.jpg", "width": 960, "height": 1280, "cut_type": 1, "type": ""}, "original": {"url": "https://wx2.sinaimg.cn/orj1080/b72d9517gy1hgbbm0lz52j20u0140tes.jpg", "width": 1080, "height": 1440, "cut_type": 1, "type": ""}, "largest": {"url": "https://wx2.sinaimg.cn/large/b72d9517gy1hgbbm0lz52j20u0140tes.jpg", "width": 1080, "height": 1440, "cut_type": 1, "type": ""}, "mw2000": {"url": "https://wx2.sinaimg.cn/mw2000/b72d9517gy1hgbbm0lz52j20u0140tes.jpg", "width": 1080, "height": 1440, "cut_type": 1, "type": ""}, "object_id": "1042018:5bb42467e1fccce9a29b53aba04bb27c", "pic_id": "b72d9517gy1hgbbm0lz52j20u0140tes", "photo_tag": 0, "type": "pic", "pic_status": 0}, "b72d9517gy1hgbbm0zb0lj20u00u042h": {"thumbnail": {"url": "https://wx1.sinaimg.cn/wap180/b72d9517gy1hgbbm0zb0lj20u00u042h.jpg", "width": 180, "height": 180, "cut_type": 1, "type": ""}, "bmiddle": {"url": "https://wx1.sinaimg.cn/wap360/b72d9517gy1hgbbm0zb0lj20u00u042h.jpg", "width": 360, "height": 360, "cut_type": 1, "type": ""}, "large": {"url": "https://wx1.sinaimg.cn/orj960/b72d9517gy1hgbbm0zb0lj20u00u042h.jpg", "width": 960, "height": 960, "cut_type": 1, "type": ""}, "original": {"url": "https://wx1.sinaimg.cn/orj1080/b72d9517gy1hgbbm0zb0lj20u00u042h.jpg", "width": 1080, "height": 1080, "cut_type": 1, "type": ""}, "largest": {"url": "https://wx1.sinaimg.cn/large/b72d9517gy1hgbbm0zb0lj20u00u042h.jpg", "width": 1080, "height": 1080, "cut_type": 1, "type": ""}, "mw2000": {"url": "https://wx1.sinaimg.cn/mw2000/b72d9517gy1hgbbm0zb0lj20u00u042h.jpg", "width": 1080, "height": 1080, "cut_type": 1, "type": ""}, "object_id": "1042018:532b89643f4e432d7c8069d68fe243a6", "pic_id": "b72d9517gy1hgbbm0zb0lj20u00u042h", "photo_tag": 0, "type": "pic", "pic_status": 0}, "b72d9517gy1hgbbm1g547j20u0140wki": {"thumbnail": {"url": "https://wx2.sinaimg.cn/wap180/b72d9517gy1hgbbm1g547j20u0140wki.jpg", "width": 135, "height": 180, "cut_type": 1, "type": ""}, "bmiddle": {"url": "https://wx2.sinaimg.cn/wap360/b72d9517gy1hgbbm1g547j20u0140wki.jpg", "width": 270, "height": 360, "cut_type": 1, "type": ""}, "large": {"url": "https://wx2.sinaimg.cn/orj960/b72d9517gy1hgbbm1g547j20u0140wki.jpg", "width": 960, "height": 1280, "cut_type": 1, "type": ""}, "original": {"url": "https://wx2.sinaimg.cn/orj1080/b72d9517gy1hgbbm1g547j20u0140wki.jpg", "width": 1080, "height": 1440, "cut_type": 1, "type": ""}, "largest": {"url": "https://wx2.sinaimg.cn/large/b72d9517gy1hgbbm1g547j20u0140wki.jpg", "width": 1080, "height": 1440, "cut_type": 1, "type": ""}, "mw2000": {"url": "https://wx2.sinaimg.cn/mw2000/b72d9517gy1hgbbm1g547j20u0140wki.jpg", "width": 1080, "height": 1440, "cut_type": 1, "type": ""}, "object_id": "1042018:bb5dd127d85f0be59143e709a83d9df7", "pic_id": "b72d9517gy1hgbbm1g547j20u0140wki", "photo_tag": 0, "type": "pic", "pic_status": 0}, "b72d9517gy1hgbbm2lbiej20u00u0dk4": {"thumbnail": {"url": "https://wx1.sinaimg.cn/wap180/b72d9517gy1hgbbm2lbiej20u00u0dk4.jpg", "width": 180, "height": 180, "cut_type": 1, "type": ""}, "bmiddle": {"url": "https://wx1.sinaimg.cn/wap360/b72d9517gy1hgbbm2lbiej20u00u0dk4.jpg", "width": 360, "height": 360, "cut_type": 1, "type": ""}, "large": {"url": "https://wx1.sinaimg.cn/orj960/b72d9517gy1hgbbm2lbiej20u00u0dk4.jpg", "width": 960, "height": 960, "cut_type": 1, "type": ""}, "original": {"url": "https://wx1.sinaimg.cn/orj1080/b72d9517gy1hgbbm2lbiej20u00u0dk4.jpg", "width": 1080, "height": 1080, "cut_type": 1, "type": ""}, "largest": {"url": "https://wx1.sinaimg.cn/large/b72d9517gy1hgbbm2lbiej20u00u0dk4.jpg", "width": 1080, "height": 1080, "cut_type": 1, "type": ""}, "mw2000": {"url": "https://wx1.sinaimg.cn/mw2000/b72d9517gy1hgbbm2lbiej20u00u0dk4.jpg", "width": 1080, "height": 1080, "cut_type": 1, "type": ""}, "object_id": "1042018:2ec8576733e7d27727f55a503b69a8eb", "pic_id": "b72d9517gy1hgbbm2lbiej20u00u0dk4", "photo_tag": 0, "type": "pic", "pic_status": 0}, "b72d9517gy1hgbbm06c3gj20u0140gsg": {"thumbnail": {"url": "https://wx4.sinaimg.cn/wap180/b72d9517gy1hgbbm06c3gj20u0140gsg.jpg", "width": 135, "height": 180, "cut_type": 1, "type": ""}, "bmiddle": {"url": "https://wx4.sinaimg.cn/wap360/b72d9517gy1hgbbm06c3gj20u0140gsg.jpg", "width": 270, "height": 360, "cut_type": 1, "type": ""}, "large": {"url": "https://wx4.sinaimg.cn/orj960/b72d9517gy1hgbbm06c3gj20u0140gsg.jpg", "width": 960, "height": 1280, "cut_type": 1, "type": ""}, "original": {"url": "https://wx4.sinaimg.cn/orj1080/b72d9517gy1hgbbm06c3gj20u0140gsg.jpg", "width": 1080, "height": 1440, "cut_type": 1, "type": ""}, "largest": {"url": "https://wx4.sinaimg.cn/large/b72d9517gy1hgbbm06c3gj20u0140gsg.jpg", "width": 1080, "height": 1440, "cut_type": 1, "type": ""}, "mw2000": {"url": "https://wx4.sinaimg.cn/mw2000/b72d9517gy1hgbbm06c3gj20u0140gsg.jpg", "width": 1080, "height": 1440, "cut_type": 1, "type": ""}, "object_id": "1042018:c495023f41820620a992a873293b531d", "pic_id": "b72d9517gy1hgbbm06c3gj20u0140gsg", "photo_tag": 0, "type": "pic", "pic_status": 0}, "b72d9517gy1hgbbm27mpdj20u00u0tbl": {"thumbnail": {"url": "https://wx1.sinaimg.cn/wap180/b72d9517gy1hgbbm27mpdj20u00u0tbl.jpg", "width": 180, "height": 180, "cut_type": 1, "type": ""}, "bmiddle": {"url": "https://wx1.sinaimg.cn/wap360/b72d9517gy1hgbbm27mpdj20u00u0tbl.jpg", "width": 360, "height": 360, "cut_type": 1, "type": ""}, "large": {"url": "https://wx1.sinaimg.cn/orj960/b72d9517gy1hgbbm27mpdj20u00u0tbl.jpg", "width": 960, "height": 960, "cut_type": 1, "type": ""}, "original": {"url": "https://wx1.sinaimg.cn/orj1080/b72d9517gy1hgbbm27mpdj20u00u0tbl.jpg", "width": 1080, "height": 1080, "cut_type": 1, "type": ""}, "largest": {"url": "https://wx1.sinaimg.cn/large/b72d9517gy1hgbbm27mpdj20u00u0tbl.jpg", "width": 1080, "height": 1080, "cut_type": 1, "type": ""}, "mw2000": {"url": "https://wx1.sinaimg.cn/mw2000/b72d9517gy1hgbbm27mpdj20u00u0tbl.jpg", "width": 1080, "height": 1080, "cut_type": 1, "type": ""}, "object_id": "1042018:ed27b5d48dc0291b347bb7603ecf598d", "pic_id": "b72d9517gy1hgbbm27mpdj20u00u0tbl", "photo_tag": 0, "type": "pic", "pic_status": 0}}, "is_paid": false, "pic_bg_new": "http://vip.storage.weibo.com/feed_cover/raresvip_0052001143_mobile_new.png?version=2021091501", "mblog_vip_type": 0, "number_display_strategy": {"apply_scenario_flag": 3, "display_text_min_number": 1000000, "display_text": "100万+"}, "reposts_count": 0, "comments_count": 29, "attitudes_count": 7, "attitudes_status": 0, "isLongText": false, "mlevel": 0, "content_auth": 0, "is_show_bulletin": 2, "comment_manage_info": {"comment_permission_type": -1, "approval_comment_type": 0, "comment_sort_type": 0}, "share_repost_type": 0, "mblogtype": 0, "showFeedRepost": false, "showFeedComment": false, "pictureViewerSign": false, "showPictureViewer": false, "rcList": [], "text": "这些年的一些美甲合集💅 ​​​", "region_name": "发布于 浙江", "customIcons": []}