{"visible": {"type": 0, "list_id": 0}, "created_at": "Sat Jul 29 14:45:06 +0800 2023", "id": 4928850965041581, "idstr": "4928850965041581", "mid": "4928850965041581", "mblogid": "Nc6xOl9xP", "user": {"id": 3073217815, "idstr": "3073217815", "pc_new": 0, "screen_name": "七十七只绵羊", "profile_image_url": "https://tvax3.sinaimg.cn/crop.0.0.512.512.50/b72d9517ly8hf8e0vpc8ej20e80e8myg.jpg?KID=imgbed,tva&amp;Expires=1704748296&amp;ssig=dp4DwfTWRX", "profile_url": "/u/3073217815", "verified": true, "verified_type": 0, "domain": "", "weihao": "", "verified_type_ext": 0, "avatar_large": "https://tvax3.sinaimg.cn/crop.0.0.512.512.180/b72d9517ly8hf8e0vpc8ej20e80e8myg.jpg?KID=imgbed,tva&amp;Expires=1704748296&amp;ssig=yHnlkTs5Ba", "avatar_hd": "https://tvax3.sinaimg.cn/crop.0.0.512.512.1024/b72d9517ly8hf8e0vpc8ej20e80e8myg.jpg?KID=imgbed,tva&amp;Expires=1704748296&amp;ssig=C4h7Yf%2Bfkc", "follow_me": false, "following": false, "mbrank": 5, "mbtype": 11, "v_plus": 0, "planet_video": false, "icon_list": [{"type": "vip", "data": {"mbrank": 5, "mbtype": 11, "svip": 1, "vvip": 0}}]}, "can_edit": false, "text_raw": "#人民文娱评电视剧莲花楼# cy#成毅莲花楼# \n\n可可爱爱[二哈]\n没有脑袋[打call]\n一起来看武侠探案剧莲花楼啦 [哇]@成毅 ​​​", "textLength": 110, "annotations": [{"photo_sub_type": "0,0,0"}, [], {"client_mblogid": "iPhone-0EDC7F7F-915C-4443-A591-0D6C49CC96D8"}, {"source_text": "", "phone_id": "1399"}, {"mapi_request": true}], "source": "iPhone客户端", "favorited": false, "rid": "11_0_50_5135669056423589288_0_0_0", "cardid": "raresvip_0052001143", "pic_ids": ["b72d9517gy1hgdrtq3c18g20f00f04qt", "b72d9517gy1hgdrtogpglg20f00f0hdu", "b72d9517gy1hgdrtrbln0g20f00f07wj"], "pic_num": 3, "pic_infos": {"b72d9517gy1hgdrtq3c18g20f00f04qt": {"thumbnail": {"url": "https://wx3.sinaimg.cn/wap180/b72d9517gy1hgdrtq3c18g20f00f04qt.gif", "width": 180, "height": 180, "cut_type": 1, "type": ""}, "bmiddle": {"url": "https://wx3.sinaimg.cn/wap360/b72d9517gy1hgdrtq3c18g20f00f04qt.gif", "width": 360, "height": 360, "cut_type": 1, "type": ""}, "large": {"url": "https://wx3.sinaimg.cn/sti960/b72d9517gy1hgdrtq3c18g20f00f04qt.gif", "width": 540, "height": 540, "cut_type": 1, "type": ""}, "original": {"url": "https://wx3.sinaimg.cn/orj1080/b72d9517gy1hgdrtq3c18g20f00f04qt.gif", "width": 540, "height": 540, "cut_type": 1, "type": ""}, "largest": {"url": "https://wx3.sinaimg.cn/large/b72d9517gy1hgdrtq3c18g20f00f04qt.gif", "width": 540, "height": 540, "cut_type": 1, "type": ""}, "mw2000": {"url": "https://wx3.sinaimg.cn/mw2000/b72d9517gy1hgdrtq3c18g20f00f04qt.gif", "width": 540, "height": 540, "cut_type": 1, "type": ""}, "object_id": "1042018:98d79b63ce64877d6be880ff098e257e", "pic_id": "b72d9517gy1hgdrtq3c18g20f00f04qt", "photo_tag": 0, "type": "gif", "video_object_id": "1022:2311284928850963136627", "video": "http://g.us.sinaimg.cn/o0/kNf3E41Zlx087o14hpkQ010412000bMM0E010.mp4?label=gif_mp4&amp;template=540x540.28.0&amp;ssig=85x1haUHhE&amp;Expires=1704741096&amp;KID=unistore,video", "pic_status": 0}, "b72d9517gy1hgdrtogpglg20f00f0hdu": {"thumbnail": {"url": "https://wx1.sinaimg.cn/wap180/b72d9517gy1hgdrtogpglg20f00f0hdu.gif", "width": 180, "height": 180, "cut_type": 1, "type": ""}, "bmiddle": {"url": "https://wx1.sinaimg.cn/wap360/b72d9517gy1hgdrtogpglg20f00f0hdu.gif", "width": 360, "height": 360, "cut_type": 1, "type": ""}, "large": {"url": "https://wx1.sinaimg.cn/sti960/b72d9517gy1hgdrtogpglg20f00f0hdu.gif", "width": 540, "height": 540, "cut_type": 1, "type": ""}, "original": {"url": "https://wx1.sinaimg.cn/orj1080/b72d9517gy1hgdrtogpglg20f00f0hdu.gif", "width": 540, "height": 540, "cut_type": 1, "type": ""}, "largest": {"url": "https://wx1.sinaimg.cn/large/b72d9517gy1hgdrtogpglg20f00f0hdu.gif", "width": 540, "height": 540, "cut_type": 1, "type": ""}, "mw2000": {"url": "https://wx1.sinaimg.cn/mw2000/b72d9517gy1hgdrtogpglg20f00f0hdu.gif", "width": 540, "height": 540, "cut_type": 1, "type": ""}, "object_id": "1042018:7ab9113260af52b9cc6f3969b2ce6fe2", "pic_id": "b72d9517gy1hgdrtogpglg20f00f0hdu", "photo_tag": 0, "type": "gif", "video_object_id": "1022:2311284928850967068684", "video": "http://g.us.sinaimg.cn/o0/HGeBc7oAlx087o14bNTi0104120006wq0E010.mp4?label=gif_mp4&amp;template=540x540.28.0&amp;ssig=%2BtxfAqxcww&amp;Expires=1704741096&amp;KID=unistore,video", "pic_status": 0}, "b72d9517gy1hgdrtrbln0g20f00f07wj": {"thumbnail": {"url": "https://wx3.sinaimg.cn/wap180/b72d9517gy1hgdrtrbln0g20f00f07wj.gif", "width": 180, "height": 180, "cut_type": 1, "type": ""}, "bmiddle": {"url": "https://wx3.sinaimg.cn/wap360/b72d9517gy1hgdrtrbln0g20f00f07wj.gif", "width": 360, "height": 360, "cut_type": 1, "type": ""}, "large": {"url": "https://wx3.sinaimg.cn/sti960/b72d9517gy1hgdrtrbln0g20f00f07wj.gif", "width": 540, "height": 540, "cut_type": 1, "type": ""}, "original": {"url": "https://wx3.sinaimg.cn/orj1080/b72d9517gy1hgdrtrbln0g20f00f07wj.gif", "width": 540, "height": 540, "cut_type": 1, "type": ""}, "largest": {"url": "https://wx3.sinaimg.cn/large/b72d9517gy1hgdrtrbln0g20f00f07wj.gif", "width": 540, "height": 540, "cut_type": 1, "type": ""}, "mw2000": {"url": "https://wx3.sinaimg.cn/mw2000/b72d9517gy1hgdrtrbln0g20f00f07wj.gif", "width": 540, "height": 540, "cut_type": 1, "type": ""}, "object_id": "1042018:18c0b188a472f3d0d7eae94038817d0c", "pic_id": "b72d9517gy1hgdrtrbln0g20f00f07wj", "photo_tag": 0, "type": "gif", "video_object_id": "1022:2311284928850967330861", "video": "http://g.us.sinaimg.cn/o0/wWBVoLUblx087o14hWTu0104120009u40E010.mp4?label=gif_mp4&amp;template=540x540.28.0&amp;ssig=tbYJ0K8CKh&amp;Expires=1704741096&amp;KID=unistore,video", "pic_status": 0}}, "is_paid": false, "pic_bg_new": "https://n.sinaimg.cn/default/944aebbe/20231129/pic_hypertalk_diamond.png", "mblog_vip_type": 0, "number_display_strategy": {"apply_scenario_flag": 3, "display_text_min_number": 1000000, "display_text": "100万+"}, "title_source": {"name": "成毅超话", "url": "sinaweibo://pageinfo?pageid=100808df9d09de177dc73f4da8b01ba01129fd&amp;extparam=成毅", "image": "http://wx3.sinaimg.cn/thumbnail/005O6Q2qly8hj6khbeiagj30u00u0wir.jpg"}, "reposts_count": 0, "comments_count": 211, "attitudes_count": 15, "attitudes_status": 0, "isLongText": false, "mlevel": 0, "content_auth": 0, "is_show_bulletin": 3, "comment_manage_info": {"comment_permission_type": -1, "approval_comment_type": 0, "comment_sort_type": 0}, "screen_name_suffix_new": [{"content": "七十七只绵羊", "remark": "", "color": "FF333333", "dark_color": "FFD3D3D3", "type": 1, "truncation": {"mode": 1}}, {"content": "成毅超话", "color": "FF507DAF", "dark_color": "FF7691b9", "type": 2, "scheme": "sinaweibo://pageinfo?pageid=100808df9d09de177dc73f4da8b01ba01129fd&amp;extparam=成毅&amp;extension=%7B%22mblog_object_ref%22%3A%22topic%22%7D", "icons": [{"url": "https://h5.sinaimg.cn/upload/1000/808/2020/02/17/andriod_chaohua_header.png", "scheme": "sinaweibo://pageinfo?pageid=100808df9d09de177dc73f4da8b01ba01129fd&amp;extparam=成毅", "cleaned": true}], "icons_location": 0, "truncation": {"mode": 1, "keep_end_size": 2}, "actionlog": {"act_code": 1404, "oid": "1022:100808df9d09de177dc73f4da8b01ba01129fd", "uicode": "", "luicode": "", "fid": "1076033073217815_-_WEIBO_SECOND_PROFILE_WEIBO", "ext": "mid:4928850965041581|source_type:3|uid:6839654475|analysis_extra:follow:0|new_style:1"}, "cleaned": true}], "share_repost_type": 0, "topic_struct": [{"title": "", "topic_url": "sinaweibo://searchall?containerid=231522&amp;q=%23%E4%BA%BA%E6%B0%91%E6%96%87%E5%A8%B1%E8%AF%84%E7%94%B5%E8%A7%86%E5%89%A7%E8%8E%B2%E8%8A%B1%E6%A5%BC%23&amp;extparam=%23%E4%BA%BA%E6%B0%91%E6%96%87%E5%A8%B1%E8%AF%84%E7%94%B5%E8%A7%86%E5%89%A7%E8%8E%B2%E8%8A%B1%E6%A5%BC%23", "topic_title": "人民文娱评电视剧莲花楼", "actionlog": {"act_type": 1, "act_code": 300, "oid": "1022:231522ddee7238facf0c7d9aac855b3ab3af1b", "uuid": 4928817306271772, "cardid": "", "lcardid": "", "uicode": "", "luicode": "", "fid": "1076033073217815_-_WEIBO_SECOND_PROFILE_WEIBO", "lfid": "", "ext": "mid:4928850965041581|rid:11_0_50_5135669056423589288_0_0_0|short_url:|long_url:|comment_id:|miduid:3073217815|rootmid:4928850965041581|rootuid:3073217815|authorid:|uuid:4928817306271772|is_ad_weibo:0"}}, {"title": "", "topic_url": "sinaweibo://searchall?containerid=231522&amp;q=%23%E6%88%90%E6%AF%85%E8%8E%B2%E8%8A%B1%E6%A5%BC%23&amp;extparam=%23%E6%88%90%E6%AF%85%E8%8E%B2%E8%8A%B1%E6%A5%BC%23", "topic_title": "成毅莲花楼", "actionlog": {"act_type": 1, "act_code": 300, "oid": "1022:231522568d30828ae64742d4c628591484a9bf", "uuid": 4773020664070315, "cardid": "", "lcardid": "", "uicode": "", "luicode": "", "fid": "1076033073217815_-_WEIBO_SECOND_PROFILE_WEIBO", "lfid": "", "ext": "mid:4928850965041581|rid:11_0_50_5135669056423589288_0_0_0|short_url:|long_url:|comment_id:|miduid:3073217815|rootmid:4928850965041581|rootuid:3073217815|authorid:|uuid:4773020664070315|is_ad_weibo:0"}}], "url_struct": [{"url_title": "成毅超话", "url_type_pic": "https://h5.sinaimg.cn/upload/100/959/2020/05/09/timeline_card_small_super.png", "ori_url": "sinaweibo://pageinfo?containerid=100808df9d09de177dc73f4da8b01ba01129fd&amp;extparam=成毅&amp;extension=%7B%22mblog_object_ref%22%3A%22content%22%7D", "page_id": "100808df9d09de177dc73f4da8b01ba01129fd", "short_url": "#成毅[超话]#", "long_url": "", "url_type": "", "result": false, "actionlog": {"act_type": 1, "act_code": 300, "oid": "1022:100808df9d09de177dc73f4da8b01ba01129fd", "uuid": 3546028530778404, "cardid": "", "lcardid": "", "uicode": "", "luicode": "", "fid": "1076033073217815_-_WEIBO_SECOND_PROFILE_WEIBO", "lfid": "", "ext": "mid:4928850965041581|rid:11_0_50_5135669056423589288_0_0_0|short_url:|long_url:|comment_id:|miduid:3073217815|rootmid:4928850965041581|rootuid:3073217815|authorid:|uuid:3546028530778404|is_ad_weibo:0|analysis_card:url_struct"}, "storage_type": "", "hide": 0, "object_type": "", "h5_target_url": "https://huati.weibo.com/k/成毅?from=1FFFF96039&amp;weiboauthoruid=3073217815", "need_save_obj": 0}], "mblogtype": 0, "showFeedRepost": false, "showFeedComment": false, "pictureViewerSign": false, "showPictureViewer": false, "rcList": [], "text": "&lt;a href=\"//s.weibo.com/weibo?q=%23%E4%BA%BA%E6%B0%91%E6%96%87%E5%A8%B1%E8%AF%84%E7%94%B5%E8%A7%86%E5%89%A7%E8%8E%B2%E8%8A%B1%E6%A5%BC%23\" target=\"_blank\"&gt;#人民文娱评电视剧莲花楼#&lt;/a&gt; cy&lt;a href=\"//s.weibo.com/weibo?q=%23%E6%88%90%E6%AF%85%E8%8E%B2%E8%8A%B1%E6%A5%BC%23\" target=\"_blank\"&gt;#成毅莲花楼#&lt;/a&gt; &lt;br /&gt;&lt;br /&gt;可可爱爱&lt;img alt=\"[二哈]\" title=\"[二哈]\" src=\"https://face.t.sinajs.cn/t4/appstyle/expression/ext/normal/22/2018new_erha_org.png\" /&gt;&lt;br /&gt;没有脑袋&lt;img alt=\"[打call]\" title=\"[打call]\" src=\"https://face.t.sinajs.cn/t4/appstyle/expression/ext/normal/39/moren_dacall02_org.png\" /&gt;&lt;br /&gt;一起来看武侠探案剧莲花楼啦 &lt;img alt=\"[哇]\" title=\"[哇]\" src=\"https://face.t.sinajs.cn/t4/appstyle/expression/ext/normal/3d/2022_wow_org.png\" /&gt;&lt;a href=/n/成毅 usercard=\"name=@成毅\"&gt;@成毅&lt;/a&gt; ​​​", "region_name": "发布于 浙江", "customIcons": []}