{"visible": {"type": 0, "list_id": 0}, "created_at": "Fri Jul 28 23:59:35 +0800 2023", "id": 4928628116168654, "idstr": "4928628116168654", "mid": "4928628116168654", "mblogid": "Nc0KnpSKq", "user": {"id": 3073217815, "idstr": "3073217815", "pc_new": 0, "screen_name": "七十七只绵羊", "profile_image_url": "https://tvax3.sinaimg.cn/crop.0.0.512.512.50/b72d9517ly8hf8e0vpc8ej20e80e8myg.jpg?KID=imgbed,tva&amp;Expires=1704748296&amp;ssig=dp4DwfTWRX", "profile_url": "/u/3073217815", "verified": true, "verified_type": 0, "domain": "", "weihao": "", "verified_type_ext": 0, "avatar_large": "https://tvax3.sinaimg.cn/crop.0.0.512.512.180/b72d9517ly8hf8e0vpc8ej20e80e8myg.jpg?KID=imgbed,tva&amp;Expires=1704748296&amp;ssig=yHnlkTs5Ba", "avatar_hd": "https://tvax3.sinaimg.cn/crop.0.0.512.512.1024/b72d9517ly8hf8e0vpc8ej20e80e8myg.jpg?KID=imgbed,tva&amp;Expires=1704748296&amp;ssig=C4h7Yf%2Bfkc", "follow_me": false, "following": false, "mbrank": 5, "mbtype": 11, "v_plus": 0, "planet_video": false, "icon_list": [{"type": "vip", "data": {"mbrank": 5, "mbtype": 11, "svip": 1, "vvip": 0}}]}, "can_edit": false, "text_raw": "晚安啦 台风天🌀 ​​​", "textLength": 17, "annotations": [{"photo_sub_type": "0"}, [], {"client_mblogid": "iPhone-852461A5-647B-4C35-98A0-CEF02A69B96B"}, {"source_text": "", "phone_id": "1399"}, {"mapi_request": true}], "source": "iPhone客户端", "favorited": false, "rid": "13_0_50_5135669056423589288_0_0_0", "cardid": "raresvip_0052001143", "pic_ids": ["b72d9517gy1hgd2841k86j22c03404qp"], "pic_num": 1, "pic_infos": {"b72d9517gy1hgd2841k86j22c03404qp": {"thumbnail": {"url": "https://wx4.sinaimg.cn/wap180/b72d9517gy1hgd2841k86j22c03404qp.jpg", "width": 135, "height": 180, "cut_type": 1, "type": ""}, "bmiddle": {"url": "https://wx4.sinaimg.cn/wap360/b72d9517gy1hgd2841k86j22c03404qp.jpg", "width": 270, "height": 360, "cut_type": 1, "type": ""}, "large": {"url": "https://wx4.sinaimg.cn/orj960/b72d9517gy1hgd2841k86j22c03404qp.jpg", "width": 960, "height": 1279, "cut_type": 1, "type": ""}, "original": {"url": "https://wx4.sinaimg.cn/orj1080/b72d9517gy1hgd2841k86j22c03404qp.jpg", "width": 1080, "height": 1439, "cut_type": 1, "type": ""}, "largest": {"url": "https://wx4.sinaimg.cn/large/b72d9517gy1hgd2841k86j22c03404qp.jpg", "width": 2048, "height": 2730, "cut_type": 1, "type": ""}, "mw2000": {"url": "https://wx4.sinaimg.cn/mw2000/b72d9517gy1hgd2841k86j22c03404qp.jpg", "width": 2000, "height": 2666, "cut_type": 1, "type": ""}, "object_id": "1042018:5fbc94214dae4ebb554cb235078e9a0b", "pic_id": "b72d9517gy1hgd2841k86j22c03404qp", "photo_tag": 0, "type": "pic", "pic_status": 1}}, "is_paid": false, "pic_bg_new": "http://vip.storage.weibo.com/feed_cover/raresvip_0052001143_mobile_new.png?version=2021091501", "mblog_vip_type": 0, "number_display_strategy": {"apply_scenario_flag": 3, "display_text_min_number": 1000000, "display_text": "100万+"}, "reposts_count": 0, "comments_count": 0, "attitudes_count": 0, "attitudes_status": 0, "isLongText": false, "mlevel": 0, "content_auth": 0, "is_show_bulletin": 2, "comment_manage_info": {"comment_permission_type": -1, "approval_comment_type": 0, "comment_sort_type": 0}, "share_repost_type": 0, "mblogtype": 0, "showFeedRepost": false, "showFeedComment": false, "pictureViewerSign": false, "showPictureViewer": false, "rcList": [], "text": "晚安啦 台风天🌀 ​​​", "region_name": "发布于 浙江", "customIcons": []}