{"visible": {"type": 0, "list_id": 0}, "created_at": "Sun Jul 30 23:12:28 +0800 2023", "id": 4929341035645615, "idstr": "4929341035645615", "mid": "4929341035645615", "mblogid": "NcjifnGGj", "user": {"id": 3073217815, "idstr": "3073217815", "pc_new": 0, "screen_name": "七十七只绵羊", "profile_image_url": "https://tvax3.sinaimg.cn/crop.0.0.512.512.50/b72d9517ly8hf8e0vpc8ej20e80e8myg.jpg?KID=imgbed,tva&amp;Expires=1704748296&amp;ssig=dp4DwfTWRX", "profile_url": "/u/3073217815", "verified": true, "verified_type": 0, "domain": "", "weihao": "", "verified_type_ext": 0, "avatar_large": "https://tvax3.sinaimg.cn/crop.0.0.512.512.180/b72d9517ly8hf8e0vpc8ej20e80e8myg.jpg?KID=imgbed,tva&amp;Expires=1704748296&amp;ssig=yHnlkTs5Ba", "avatar_hd": "https://tvax3.sinaimg.cn/crop.0.0.512.512.1024/b72d9517ly8hf8e0vpc8ej20e80e8myg.jpg?KID=imgbed,tva&amp;Expires=1704748296&amp;ssig=C4h7Yf%2Bfkc", "follow_me": false, "following": false, "mbrank": 5, "mbtype": 11, "v_plus": 0, "planet_video": false, "icon_list": [{"type": "vip", "data": {"mbrank": 5, "mbtype": 11, "svip": 1, "vvip": 0}}]}, "can_edit": false, "text_raw": "晚安玛卡巴卡[拜拜] ​​​", "textLength": 18, "annotations": [{"photo_sub_type": "0"}, [], {"client_mblogid": "iPhone-8313DD5E-FAFE-4153-B7AE-FAD1F209DC2F"}, {"source_text": "", "phone_id": "1399"}, {"mapi_request": true}], "source": "iPhone客户端", "favorited": false, "rid": "8_0_50_5135669056423589288_0_0_0", "cardid": "raresvip_0052001143", "pic_ids": ["b72d9517gy1hgfc38g7rwj20u0140n5v"], "pic_num": 1, "pic_infos": {"b72d9517gy1hgfc38g7rwj20u0140n5v": {"thumbnail": {"url": "https://wx1.sinaimg.cn/wap180/b72d9517gy1hgfc38g7rwj20u0140n5v.jpg", "width": 135, "height": 180, "cut_type": 1, "type": ""}, "bmiddle": {"url": "https://wx1.sinaimg.cn/wap360/b72d9517gy1hgfc38g7rwj20u0140n5v.jpg", "width": 270, "height": 360, "cut_type": 1, "type": ""}, "large": {"url": "https://wx1.sinaimg.cn/orj960/b72d9517gy1hgfc38g7rwj20u0140n5v.jpg", "width": 960, "height": 1280, "cut_type": 1, "type": ""}, "original": {"url": "https://wx1.sinaimg.cn/orj1080/b72d9517gy1hgfc38g7rwj20u0140n5v.jpg", "width": 1080, "height": 1440, "cut_type": 1, "type": ""}, "largest": {"url": "https://wx1.sinaimg.cn/large/b72d9517gy1hgfc38g7rwj20u0140n5v.jpg", "width": 1080, "height": 1440, "cut_type": 1, "type": ""}, "mw2000": {"url": "https://wx1.sinaimg.cn/mw2000/b72d9517gy1hgfc38g7rwj20u0140n5v.jpg", "width": 1080, "height": 1440, "cut_type": 1, "type": ""}, "object_id": "1042018:97c20bfc2f9b7175628cd9c122a15ad2", "pic_id": "b72d9517gy1hgfc38g7rwj20u0140n5v", "photo_tag": 0, "type": "pic", "pic_status": 0}}, "is_paid": false, "pic_bg_new": "http://vip.storage.weibo.com/feed_cover/raresvip_0052001143_mobile_new.png?version=2021091501", "mblog_vip_type": 0, "number_display_strategy": {"apply_scenario_flag": 3, "display_text_min_number": 1000000, "display_text": "100万+"}, "reposts_count": 0, "comments_count": 0, "attitudes_count": 0, "attitudes_status": 0, "isLongText": false, "mlevel": 0, "content_auth": 0, "is_show_bulletin": 2, "comment_manage_info": {"comment_permission_type": -1, "approval_comment_type": 0, "comment_sort_type": 0}, "share_repost_type": 0, "mblogtype": 0, "showFeedRepost": false, "showFeedComment": false, "pictureViewerSign": false, "showPictureViewer": false, "rcList": [], "text": "晚安玛卡巴卡&lt;img alt=\"[拜拜]\" title=\"[拜拜]\" src=\"https://face.t.sinajs.cn/t4/appstyle/expression/ext/normal/fd/2018new_baibai_org.png\" /&gt; ​​​", "region_name": "发布于 浙江", "customIcons": []}