{"visible": {"type": 0, "list_id": 0}, "created_at": "Tue Aug 01 11:52:05 +0800 2023", "id": 4929894586519300, "idstr": "4929894586519300", "mid": "4929894586519300", "mblogid": "NcxH4rlY0", "user": {"id": 3073217815, "idstr": "3073217815", "pc_new": 0, "screen_name": "七十七只绵羊", "profile_image_url": "https://tvax3.sinaimg.cn/crop.0.0.512.512.50/b72d9517ly8hf8e0vpc8ej20e80e8myg.jpg?KID=imgbed,tva&amp;Expires=1704748296&amp;ssig=dp4DwfTWRX", "profile_url": "/u/3073217815", "verified": true, "verified_type": 0, "domain": "", "weihao": "", "verified_type_ext": 0, "avatar_large": "https://tvax3.sinaimg.cn/crop.0.0.512.512.180/b72d9517ly8hf8e0vpc8ej20e80e8myg.jpg?KID=imgbed,tva&amp;Expires=1704748296&amp;ssig=yHnlkTs5Ba", "avatar_hd": "https://tvax3.sinaimg.cn/crop.0.0.512.512.1024/b72d9517ly8hf8e0vpc8ej20e80e8myg.jpg?KID=imgbed,tva&amp;Expires=1704748296&amp;ssig=C4h7Yf%2Bfkc", "follow_me": false, "following": false, "mbrank": 5, "mbtype": 11, "v_plus": 0, "planet_video": false, "icon_list": [{"type": "vip", "data": {"mbrank": 5, "mbtype": 11, "svip": 1, "vvip": 0}}]}, "can_edit": false, "text_raw": "八月你好ᵕ̈ɴɪᴄᴇ 🌵ᵕ̈ http://t.cn/A60NmZDh ​​​", "textLength": 50, "annotations": [[], [], {"client_mblogid": "iPhone-0982134E-4099-4956-A42A-69E03F06AED8"}, {"source_text": "", "phone_id": "1399"}, {"mapi_request": true}], "source": "iPhone客户端", "favorited": false, "rid": "5_0_50_5135669056423589288_0_0_0", "cardid": "raresvip_0052001143", "pic_ids": [], "pic_num": 0, "is_paid": false, "pic_bg_new": "http://vip.storage.weibo.com/feed_cover/raresvip_0052001143_mobile_new.png?version=2021091501", "mblog_vip_type": 0, "number_display_strategy": {"apply_scenario_flag": 3, "display_text_min_number": 1000000, "display_text": "100万+"}, "reposts_count": 0, "comments_count": 2, "attitudes_count": 1, "attitudes_status": 0, "isLongText": false, "mlevel": 0, "content_auth": 0, "is_show_bulletin": 2, "comment_manage_info": {"comment_permission_type": -1, "approval_comment_type": 0, "comment_sort_type": 0}, "share_repost_type": 0, "url_struct": [{"url_title": "七十七只绵羊的微博视频", "url_type_pic": "https://h5.sinaimg.cn/upload/2015/09/25/3/timeline_card_small_video.png", "ori_url": "sinaweibo://video/vvs?mid=4929894586519300&amp;object_id=1034:4929894400851982&amp;url_type=39&amp;object_type=video&amp;pos=1", "page_id": "2304444929894400851982", "short_url": "http://t.cn/A60NmZDh", "long_url": "https://video.weibo.com/show?fid=1034:4929894400851982", "url_type": 39, "result": false, "actionlog": {"act_type": 1, "act_code": 300, "oid": "1034:4929894400851982", "uuid": 4929894411927668, "cardid": "", "lcardid": "", "uicode": "", "luicode": "", "fid": "1076033073217815_-_WEIBO_SECOND_PROFILE_WEIBO", "lfid": "", "ext": "mid:4929894586519300|rid:5_0_50_5135669056423589288_0_0_0|short_url:http://t.cn/A60NmZDh|long_url:https://video.weibo.com/show?fid=1034:4929894400851982|comment_id:|miduid:3073217815|rootmid:4929894586519300|rootuid:3073217815|authorid:3073217815|uuid:4929894411927668|is_ad_weibo:0|analysis_card:url_struct"}, "storage_type": "oss", "hide": 0, "object_type": "", "ttl": 3600, "h5_target_url": "https://video.weibo.com/show?fid=1034:4929894400851982&amp;from=1FFFF96039&amp;weiboauthoruid=3073217815", "need_save_obj": 0}], "mblogtype": 0, "showFeedRepost": false, "showFeedComment": false, "pictureViewerSign": false, "showPictureViewer": false, "rcList": [], "text": "八月你好ᵕ̈ɴɪᴄᴇ 🌵ᵕ̈ &lt;a target=\"_blank\" href=\"https://video.weibo.com/show?fid=1034:4929894400851982\"&gt;&lt;img class=\"icon-link\" src=\"https://h5.sinaimg.cn/upload/2015/09/25/3/timeline_card_small_video_default.png\"/&gt;七十七只绵羊的微博视频&lt;/a&gt; ​​​", "region_name": "发布于 浙江", "customIcons": [], "page_info": {"type": "11", "page_id": "2304444929894400851982", "object_type": "video", "object_id": "1034:4929894400851982", "content1": "七十七只绵羊的微博视频", "content2": "八月你好ᵕ̈ɴɪᴄᴇ 🌵ᵕ̈", "act_status": 1, "media_info": {"name": "七十七只绵羊的微博视频", "stream_url": "http://f.video.weibocdn.com/o0/Utu1dD1Elx087sBQomvm01041200bB4a0E010.mp4?label=mp4_720p&amp;template=720x1280.24.0&amp;ori=0&amp;ps=1CwnkDw1GXwCQx&amp;Expires=1704741096&amp;ssig=EZ%2By0zu%2FPY&amp;KID=unistore,video", "stream_url_hd": "http://f.video.weibocdn.com/o0/Utu1dD1Elx087sBQomvm01041200bB4a0E010.mp4?label=mp4_720p&amp;template=720x1280.24.0&amp;ori=0&amp;ps=1CwnkDw1GXwCQx&amp;Expires=1704741096&amp;ssig=EZ%2By0zu%2FPY&amp;KID=unistore,video", "format": "mp4", "h5_url": "https://video.weibo.com/show?fid=1034:4929894400851982", "mp4_sd_url": "http://f.video.weibocdn.com/o0/Utu1dD1Elx087sBQomvm01041200bB4a0E010.mp4?label=mp4_720p&amp;template=720x1280.24.0&amp;ori=0&amp;ps=1CwnkDw1GXwCQx&amp;Expires=1704741096&amp;ssig=EZ%2By0zu%2FPY&amp;KID=unistore,video", "mp4_hd_url": "http://f.video.weibocdn.com/o0/Utu1dD1Elx087sBQomvm01041200bB4a0E010.mp4?label=mp4_720p&amp;template=720x1280.24.0&amp;ori=0&amp;ps=1CwnkDw1GXwCQx&amp;Expires=1704741096&amp;ssig=EZ%2By0zu%2FPY&amp;KID=unistore,video", "h265_mp4_hd": "http://f.video.weibocdn.com/o0/Utu1dD1Elx087sBQomvm01041200bB4a0E010.mp4?label=mp4_720p&amp;template=720x1280.24.0&amp;ori=0&amp;ps=1CwnkDw1GXwCQx&amp;Expires=1704741096&amp;ssig=EZ%2By0zu%2FPY&amp;KID=unistore,video", "h265_mp4_ld": "http://f.video.weibocdn.com/o0/Utu1dD1Elx087sBQomvm01041200bB4a0E010.mp4?label=mp4_720p&amp;template=720x1280.24.0&amp;ori=0&amp;ps=1CwnkDw1GXwCQx&amp;Expires=1704741096&amp;ssig=EZ%2By0zu%2FPY&amp;KID=unistore,video", "inch_4_mp4_hd": "http://f.video.weibocdn.com/o0/Utu1dD1Elx087sBQomvm01041200bB4a0E010.mp4?label=mp4_720p&amp;template=720x1280.24.0&amp;ori=0&amp;ps=1CwnkDw1GXwCQx&amp;Expires=1704741096&amp;ssig=EZ%2By0zu%2FPY&amp;KID=unistore,video", "inch_5_mp4_hd": "http://f.video.weibocdn.com/o0/Utu1dD1Elx087sBQomvm01041200bB4a0E010.mp4?label=mp4_720p&amp;template=720x1280.24.0&amp;ori=0&amp;ps=1CwnkDw1GXwCQx&amp;Expires=1704741096&amp;ssig=EZ%2By0zu%2FPY&amp;KID=unistore,video", "inch_5_5_mp4_hd": "http://f.video.weibocdn.com/o0/Utu1dD1Elx087sBQomvm01041200bB4a0E010.mp4?label=mp4_720p&amp;template=720x1280.24.0&amp;ori=0&amp;ps=1CwnkDw1GXwCQx&amp;Expires=1704741096&amp;ssig=EZ%2By0zu%2FPY&amp;KID=unistore,video", "mp4_720p_mp4": "http://f.video.weibocdn.com/o0/Utu1dD1Elx087sBQomvm01041200bB4a0E010.mp4?label=mp4_720p&amp;template=720x1280.24.0&amp;ori=0&amp;ps=1CwnkDw1GXwCQx&amp;Expires=1704741096&amp;ssig=EZ%2By0zu%2FPY&amp;KID=unistore,video", "hevc_mp4_720p": "", "prefetch_type": 1, "prefetch_size": 262144, "act_status": 1, "protocol": "general,dash", "media_id": "4929894400851982", "origin_total_bitrate": 7075319, "video_orientation": "vertical", "duration": 11, "forward_strategy": -1, "search_scheme": "sinaweibo://svssearch?containerid=232080", "is_short_video": 0, "vote_is_show": 0, "belong_collection": 0, "titles_display_time": "3", "show_progress_bar": 1, "show_mute_button": true, "ext_info": {"video_orientation": "vertical"}, "next_title": "八月你好ᵕ̈ɴɪᴄᴇ 🌵ᵕ̈", "kol_title": "八月你好ᵕ̈ɴɪᴄᴇ 🌵ᵕ̈", "play_completion_actions": [{"type": "1", "icon": "https://h5.sinaimg.cn/upload/100/1413/2021/12/22/feed_video_icon_replay.png", "text": "重播", "link": "", "btn_code": 1000, "show_position": 1, "actionlog": {"oid": "2304444929894400851982", "act_code": 1221, "act_type": 0, "source": "video"}}, {"type": 6, "icon": "https://tvax3.sinaimg.cn/crop.0.0.512.512.180/b72d9517ly8hf8e0vpc8ej20e80e8myg.jpg?KID=imgbed,tva&amp;Expires=1704748296&amp;ssig=yHnlkTs5Ba", "text": "", "display_mode": 2, "display_starttime": 5, "display_endtime": 99999, "countdown_time": 5, "show_position": 48, "scheme": "", "link": "", "btn_code": 1009, "actionlog": {"oid": "2304444929894400851982", "act_code": 91, "act_type": 0, "source": "video", "ext": "mid:4929894586519300|oid:1034:4929894400851982|muid:3073217815|authorid:3073217815"}, "ext": {"uid": "3073217815", "user_name": "七十七只绵羊", "followers_count": 12283, "verified": true, "verified_type": 0, "verified_reason": "超话粉丝大咖（成毅超话）", "level": 3}, "display_type": 0}], "video_publish_time": 1690861883, "play_loop_type": 0, "author_mid": "4929894586519300", "author_name": "七十七只绵羊", "extra_info": {"sceneid": "profile_mb"}, "video_download_strategy": {"abandon_download": 0}, "jump_to": 6, "big_pic_info": {"pic_big": {"height": 1920, "url": "https://wx3.sinaimg.cn/orj1080/b72d9517gy1hgh3nvwdd1j20u01hcthi.jpg", "width": 1080}, "pic_small": {"height": 320, "url": "https://wx3.sinaimg.cn/or180/b72d9517gy1hgh3nvwdd1j20u01hcthi.jpg", "width": 180}, "pic_middle": {"height": 640, "url": "https://wx3.sinaimg.cn/or360/b72d9517gy1hgh3nvwdd1j20u01hcthi.jpg", "width": 360}}, "online_users": "107次观看", "online_users_number": 107, "ttl": 3600, "storage_type": "oss", "is_keep_current_mblog": 0, "author_info": {"id": 3073217815, "idstr": "3073217815", "pc_new": 0, "screen_name": "七十七只绵羊", "profile_image_url": "https://tvax3.sinaimg.cn/crop.0.0.512.512.50/b72d9517ly8hf8e0vpc8ej20e80e8myg.jpg?KID=imgbed,tva&amp;Expires=1704748296&amp;ssig=dp4DwfTWRX", "profile_url": "/u/3073217815", "verified": true, "verified_type": 0, "domain": "", "weihao": "", "verified_type_ext": 0, "avatar_large": "https://tvax3.sinaimg.cn/crop.0.0.512.512.180/b72d9517ly8hf8e0vpc8ej20e80e8myg.jpg?KID=imgbed,tva&amp;Expires=1704748296&amp;ssig=yHnlkTs5Ba", "avatar_hd": "https://tvax3.sinaimg.cn/crop.0.0.512.512.1024/b72d9517ly8hf8e0vpc8ej20e80e8myg.jpg?KID=imgbed,tva&amp;Expires=1704748296&amp;ssig=C4h7Yf%2Bfkc", "follow_me": false, "following": false, "mbrank": 5, "mbtype": 11, "v_plus": 0, "planet_video": false, "verified_reason": "超话粉丝大咖（成毅超话）", "description": "唯爱淇淇 🈲️取关 🈲️块🧱 否则拉嘿 暂时只呼极好 别的不要来呼我", "location": "浙江", "gender": "f", "followers_count": 12284, "followers_count_str": "1.2万", "friends_count": 1676, "statuses_count": 1414, "url": "", "svip": 1, "vvip": 0, "cover_image_phone": "https://wx1.sinaimg.cn/crop.0.0.640.640.640/b72d9517gy1hdj0r4xx1hj20hs0hst9y.jpg"}, "playback_list": [{"meta": {"label": "mp4_1080p", "quality_index": 1080, "quality_desc": "高清", "quality_label": "1080p", "quality_class": "HD", "type": 1, "quality_group": 1080, "is_hidden": false}, "play_info": {"type": 1, "mime": "video/mp4", "protocol": "general", "label": "mp4_1080p", "url": "https://f.video.weibocdn.com/o0/TaE9t7gglx087sBQRWUw01041200tMGJ0E010.mp4?label=mp4_1080p&amp;template=1080x1920.24.0&amp;media_id=4929894400851982&amp;tp=8x8A3El:YTkl0eM8&amp;us=0&amp;ori=1&amp;bf=4&amp;ot=v&amp;lp=00003MndIw&amp;ps=mZ6WB&amp;uid=7sSuzF&amp;ab=,8012-g2,8143-g0,8013-g0,7598-g0,3601-g37&amp;Expires=1704741096&amp;ssig=AP9dqoXpnD&amp;KID=unistore,video", "bitrate": 4767809, "prefetch_range": "0-2004793", "video_codecs": "avc1.640032", "fps": 30, "width": 1080, "height": 1920, "size": 7098673, "duration": 11.911, "sar": "0.0", "audio_codecs": "mp4a.40.5", "audio_sample_rate": 44100, "quality_label": "1080p", "quality_class": "HD", "quality_desc": "高清", "audio_channels": 2, "audio_sample_fmt": "fltp", "audio_bits_per_sample": 0, "watermark": "none", "extension": {"transcode_info": {"pcdn_rule_id": 0, "pcdn_jank": 0, "origin_video_dr": "SDR", "ab_strategies": ",8012-g2,8143-g0,8013-g0,7598-g0,3601-g37"}}, "video_decoder": "hard", "prefetch_enabled": true, "tcp_receive_buffer": 262144, "dolby_atmos": false, "color_transfer": "bt709"}}, {"meta": {"label": "mp4_720p", "quality_index": 720, "quality_desc": "高清", "quality_label": "720p", "quality_class": "HD", "type": 1, "quality_group": 720, "is_hidden": false}, "play_info": {"type": 1, "mime": "video/mp4", "protocol": "general", "label": "mp4_720p", "url": "https://f.video.weibocdn.com/o0/Utu1dD1Elx087sBQomvm01041200bB4a0E010.mp4?label=mp4_720p&amp;template=720x1280.24.0&amp;media_id=4929894400851982&amp;tp=8x8A3El:YTkl0eM8&amp;us=0&amp;ori=1&amp;bf=4&amp;ot=v&amp;lp=00003MndIw&amp;ps=mZ6WB&amp;uid=7sSuzF&amp;ab=,8012-g2,8143-g0,8013-g0,7598-g0,3601-g37&amp;Expires=1704741096&amp;ssig=EZ%2By0zu%2FPY&amp;KID=unistore,video", "bitrate": 1856498, "prefetch_range": "0-816085", "video_codecs": "avc1.64001f", "fps": 30, "width": 720, "height": 1280, "size": 2764094, "duration": 11.911, "sar": "0.0", "audio_codecs": "mp4a.40.5", "audio_sample_rate": 44100, "quality_label": "720p", "quality_class": "HD", "quality_desc": "高清", "audio_channels": 2, "audio_sample_fmt": "fltp", "audio_bits_per_sample": 0, "watermark": "none", "extension": {"transcode_info": {"pcdn_rule_id": 0, "pcdn_jank": 0, "origin_video_dr": "SDR", "ab_strategies": ",8012-g2,8143-g0,8013-g0,7598-g0,3601-g37"}}, "video_decoder": "hard", "prefetch_enabled": true, "tcp_receive_buffer": 262144, "dolby_atmos": false, "color_transfer": "bt709"}}, {"meta": {"label": "mp4_hd", "quality_index": 480, "quality_desc": "标清", "quality_label": "480p", "quality_class": "SD", "type": 1, "quality_group": 480, "is_hidden": false}, "play_info": {"type": 1, "mime": "video/mp4", "protocol": "general", "label": "mp4_hd", "url": "https://f.video.weibocdn.com/o0/fTeSevltlx087sBQVKuA010412006Jns0E010.mp4?label=mp4_hd&amp;template=540x960.24.0&amp;media_id=4929894400851982&amp;tp=8x8A3El:YTkl0eM8&amp;us=0&amp;ori=1&amp;bf=4&amp;ot=v&amp;lp=00003MndIw&amp;ps=mZ6WB&amp;uid=7sSuzF&amp;ab=,8012-g2,8143-g0,8013-g0,7598-g0,3601-g37&amp;Expires=1704741096&amp;ssig=m%2F5D5ijq03&amp;KID=unistore,video", "bitrate": 1077593, "prefetch_range": "0-479421", "video_codecs": "avc1.64001f", "fps": 30, "width": 540, "height": 960, "size": 1604402, "duration": 11.911, "sar": "0.0", "audio_codecs": "mp4a.40.5", "audio_sample_rate": 44100, "quality_label": "480p", "quality_class": "SD", "quality_desc": "标清", "audio_channels": 2, "audio_sample_fmt": "fltp", "audio_bits_per_sample": 0, "watermark": "none", "extension": {"transcode_info": {"pcdn_rule_id": 0, "pcdn_jank": 0, "origin_video_dr": "SDR", "ab_strategies": ",8012-g2,8143-g0,8013-g0,7598-g0,3601-g37"}}, "video_decoder": "hard", "prefetch_enabled": true, "tcp_receive_buffer": 262144, "dolby_atmos": false, "color_transfer": "bt709"}}, {"meta": {"label": "scrubber_hd", "quality_index": 480, "quality_desc": "标清", "quality_label": "480p", "quality_class": "SD", "type": 3, "quality_group": 480, "is_hidden": false}, "play_info": {"type": 3, "mime": "image/jpeg", "protocol": "general", "label": "scrubber_hd", "url": "https://wx1.sinaimg.cn/large/b72d9517ly1hgh3o108c2j20f07eoacl.jpg?media_id=4929894400851982&amp;tp=8x8A3El:YTkl0eM8&amp;us=0&amp;ori=1&amp;bf=4&amp;ot=v&amp;lp=00003MndIw&amp;ps=mZ6WB&amp;uid=7sSuzF&amp;ab=,8012-g2,8143-g0,8013-g0,7598-g0,3601-g37&amp;Expires=1704741096&amp;ssig=K1AZTbP%2Bsg&amp;KID=unistore,video", "prefetch_range": "0-512000", "width": 180, "height": 320, "quality_label": "480p", "quality_class": "SD", "quality_desc": "标清", "extension": {"transcode_info": {"pcdn_rule_id": 0, "pcdn_jank": 0, "origin_video_dr": "SDR", "ab_strategies": ",8012-g2,8143-g0,8013-g0,7598-g0,3601-g37"}}, "video_decoder": "hard", "prefetch_enabled": true, "tcp_receive_buffer": 262144, "col": 3, "row": 30, "interval": 1, "offset": 0.5, "urls": ["http://wx4.sinaimg.cn/large/b72d9517ly1hgh3o108c2j20f07eoacl.jpg"]}}, {"meta": {"label": "mp4_ld", "quality_index": 360, "quality_desc": "流畅", "quality_label": "360p", "quality_class": "SD", "type": 1, "quality_group": 360, "is_hidden": false}, "play_info": {"type": 1, "mime": "video/mp4", "protocol": "general", "label": "mp4_ld", "url": "https://f.video.weibocdn.com/o0/B96yhpxglx087sBQjrZ6010412002AdT0E010.mp4?label=mp4_ld&amp;template=360x640.24.0&amp;media_id=4929894400851982&amp;tp=8x8A3El:YTkl0eM8&amp;us=0&amp;ori=1&amp;bf=4&amp;ot=v&amp;lp=00003MndIw&amp;ps=mZ6WB&amp;uid=7sSuzF&amp;ab=,8012-g2,8143-g0,8013-g0,7598-g0,3601-g37&amp;Expires=1704741096&amp;ssig=mgYpCIbhzV&amp;KID=unistore,video", "bitrate": 413668, "prefetch_range": "0-191403", "video_codecs": "avc1.64001e", "fps": 30, "width": 360, "height": 640, "size": 615901, "duration": 11.911, "sar": "0.0", "audio_codecs": "mp4a.40.5", "audio_sample_rate": 44100, "quality_label": "360p", "quality_class": "SD", "quality_desc": "流畅", "audio_channels": 2, "audio_sample_fmt": "fltp", "audio_bits_per_sample": 0, "watermark": "none", "extension": {"transcode_info": {"pcdn_rule_id": 0, "pcdn_jank": 0, "origin_video_dr": "SDR", "ab_strategies": ",8012-g2,8143-g0,8013-g0,7598-g0,3601-g37"}}, "video_decoder": "hard", "prefetch_enabled": true, "tcp_receive_buffer": 262144, "dolby_atmos": false, "color_transfer": "bt709"}}]}, "page_pic": "https://wx3.sinaimg.cn/orj480/b72d9517gy1hgh3nvwdd1j20u01hcthi.jpg", "page_title": "七十七只绵羊的微博视频", "page_url": "sinaweibo://infopage?containerid=2304444929894400851982&amp;containerid=2304444929894400851982&amp;url_type=39&amp;object_type=video&amp;pos=2", "pic_info": {"pic_big": {"height": "960", "url": "https://wx3.sinaimg.cn/orj480/b72d9517gy1hgh3nvwdd1j20u01hcthi.jpg", "width": "540"}, "pic_small": {"height": "960", "url": "https://wx3.sinaimg.cn/orj480/b72d9517gy1hgh3nvwdd1j20u01hcthi.jpg", "width": "540"}, "pic_middle": {"url": "https://wx3.sinaimg.cn/orj480/b72d9517gy1hgh3nvwdd1j20u01hcthi.jpg", "height": "960", "width": "540"}}, "oid": "3073217815", "type_icon": "", "author_id": "3073217815", "authorid": "3073217815", "warn": "", "actionlog": {"act_type": 1, "act_code": 799, "lcardid": "", "fid": "1076033073217815_-_WEIBO_SECOND_PROFILE_WEIBO", "mid": "4929894586519300", "oid": "1034:4929894400851982", "uuid": 4929894411927668, "source": "video", "ext": "uid:6839654475|mid:4929894586519300|objectid:1034%3A4929894400851982|from:1|object_duration:11.911|miduid:3073217815|rootuid:3073217815|rootmid:4929894586519300|authorid:3073217815|video_orientation:vertical|third_vid:|is_album:0|is_contribution:0|video_tags:|isfan:0|ua:Mozilla/5.0 (Windows NT 10.0; Win64; x64) AppleWebKit/537.36 (KHTML, like Gecko) Chrome/120.0.0.0 Safari/537.36 WeiboPro/1.0.0|sceneid:profile_mb|uuid:4929894411927668|detail:native|contribution:0|short_video:0|st_video:1|author_mid:4929894586519300|cluster_type_status:|is_ad_weibo:0|analysis_card:page_info"}, "short_url": "http://t.cn/A60NmZDh"}}