{"visible": {"type": 0, "list_id": 0}, "created_at": "Fri Aug 11 23:15:29 +0800 2023", "id": 4933690449464560, "idstr": "4933690449464560", "mid": "4933690449464560", "mblogid": "Ne8rqDIac", "user": {"id": 3073217815, "idstr": "3073217815", "pc_new": 0, "screen_name": "七十七只绵羊", "profile_image_url": "https://tvax3.sinaimg.cn/crop.0.0.512.512.50/b72d9517ly8hf8e0vpc8ej20e80e8myg.jpg?KID=imgbed,tva&amp;Expires=1704748271&amp;ssig=mPY9bT00Q%2B", "profile_url": "/u/3073217815", "verified": true, "verified_type": 0, "domain": "", "weihao": "", "verified_type_ext": 0, "avatar_large": "https://tvax3.sinaimg.cn/crop.0.0.512.512.180/b72d9517ly8hf8e0vpc8ej20e80e8myg.jpg?KID=imgbed,tva&amp;Expires=1704748271&amp;ssig=jRNnNXZ7d7", "avatar_hd": "https://tvax3.sinaimg.cn/crop.0.0.512.512.1024/b72d9517ly8hf8e0vpc8ej20e80e8myg.jpg?KID=imgbed,tva&amp;Expires=1704748271&amp;ssig=mFxHZlHXxR", "follow_me": false, "following": false, "mbrank": 5, "mbtype": 11, "v_plus": 0, "planet_video": false, "icon_list": [{"type": "vip", "data": {"mbrank": 5, "mbtype": 11, "svip": 1, "vvip": 0}}]}, "can_edit": false, "text_raw": "养猫三年用猫一时[doge]\n让麻麻玩一下哦[嘻嘻] ​​​", "textLength": 43, "annotations": [{"photo_sub_type": "0,0"}, [], {"client_mblogid": "iPhone-B659A60D-18B4-4F02-A317-28369BC46A60"}, {"source_text": "", "phone_id": "1399"}, {"mapi_request": true}], "source": "iPhone客户端", "favorited": false, "rid": "6_0_50_163896278434986737_0_0_0", "cardid": "raresvip_0052001143", "pic_ids": ["b72d9517gy1hgt7mfgnk4j22bz307u0z", "b72d9517gy1hgt7magar9j22bd2p8u0y"], "pic_num": 2, "pic_infos": {"b72d9517gy1hgt7mfgnk4j22bz307u0z": {"thumbnail": {"url": "https://wx1.sinaimg.cn/wap180/b72d9517gy1hgt7mfgnk4j22bz307u0z.jpg", "width": 139, "height": 180, "cut_type": 1, "type": ""}, "bmiddle": {"url": "https://wx1.sinaimg.cn/wap360/b72d9517gy1hgt7mfgnk4j22bz307u0z.jpg", "width": 279, "height": 360, "cut_type": 1, "type": ""}, "large": {"url": "https://wx1.sinaimg.cn/orj960/b72d9517gy1hgt7mfgnk4j22bz307u0z.jpg", "width": 960, "height": 1236, "cut_type": 1, "type": ""}, "original": {"url": "https://wx1.sinaimg.cn/orj1080/b72d9517gy1hgt7mfgnk4j22bz307u0z.jpg", "width": 1080, "height": 1391, "cut_type": 1, "type": ""}, "largest": {"url": "https://wx1.sinaimg.cn/large/b72d9517gy1hgt7mfgnk4j22bz307u0z.jpg", "width": 2048, "height": 2638, "cut_type": 1, "type": ""}, "mw2000": {"url": "https://wx1.sinaimg.cn/mw2000/b72d9517gy1hgt7mfgnk4j22bz307u0z.jpg", "width": 2000, "height": 2576, "cut_type": 1, "type": ""}, "object_id": "1042018:213d03e6b1c93ac90ae736f423f24387", "pic_id": "b72d9517gy1hgt7mfgnk4j22bz307u0z", "photo_tag": 0, "type": "pic", "pic_status": 1}, "b72d9517gy1hgt7magar9j22bd2p8u0y": {"thumbnail": {"url": "https://wx1.sinaimg.cn/wap180/b72d9517gy1hgt7magar9j22bd2p8u0y.jpg", "width": 154, "height": 180, "cut_type": 1, "type": ""}, "bmiddle": {"url": "https://wx1.sinaimg.cn/wap360/b72d9517gy1hgt7magar9j22bd2p8u0y.jpg", "width": 308, "height": 360, "cut_type": 1, "type": ""}, "large": {"url": "https://wx1.sinaimg.cn/orj960/b72d9517gy1hgt7magar9j22bd2p8u0y.jpg", "width": 960, "height": 1119, "cut_type": 1, "type": ""}, "original": {"url": "https://wx1.sinaimg.cn/orj1080/b72d9517gy1hgt7magar9j22bd2p8u0y.jpg", "width": 1080, "height": 1259, "cut_type": 1, "type": ""}, "largest": {"url": "https://wx1.sinaimg.cn/large/b72d9517gy1hgt7magar9j22bd2p8u0y.jpg", "width": 2048, "height": 2388, "cut_type": 1, "type": ""}, "mw2000": {"url": "https://wx1.sinaimg.cn/mw2000/b72d9517gy1hgt7magar9j22bd2p8u0y.jpg", "width": 2000, "height": 2332, "cut_type": 1, "type": ""}, "object_id": "1042018:e0c66727e4b1bde13a80e4eaea55030d", "pic_id": "b72d9517gy1hgt7magar9j22bd2p8u0y", "photo_tag": 0, "type": "pic", "pic_status": 1}}, "is_paid": false, "pic_bg_new": "http://vip.storage.weibo.com/feed_cover/raresvip_0052001143_mobile_new.png?version=2021091501", "mblog_vip_type": 0, "number_display_strategy": {"apply_scenario_flag": 3, "display_text_min_number": 1000000, "display_text": "100万+"}, "reposts_count": 0, "comments_count": 0, "attitudes_count": 0, "attitudes_status": 0, "isLongText": false, "mlevel": 0, "content_auth": 0, "is_show_bulletin": 2, "comment_manage_info": {"comment_permission_type": -1, "approval_comment_type": 0, "comment_sort_type": 0}, "share_repost_type": 0, "mblogtype": 0, "showFeedRepost": false, "showFeedComment": false, "pictureViewerSign": false, "showPictureViewer": false, "rcList": [], "text": "养猫三年用猫一时&lt;img alt=\"[doge]\" title=\"[doge]\" src=\"https://face.t.sinajs.cn/t4/appstyle/expression/ext/normal/a1/2018new_doge02_org.png\" /&gt;&lt;br /&gt;让麻麻玩一下哦&lt;img alt=\"[嘻嘻]\" title=\"[嘻嘻]\" src=\"https://face.t.sinajs.cn/t4/appstyle/expression/ext/normal/33/2018new_xixi_org.png\" /&gt; ​​​", "region_name": "发布于 浙江", "customIcons": []}