{"visible": {"type": 0, "list_id": 0}, "created_at": "Sun Aug 13 10:00:00 +0800 2023", "id": 4934215033952788, "idstr": "4934215033952788", "mid": "4934215033952788", "mblogid": "Nem5xgAiE", "user": {"id": 7211561239, "idstr": "7211561239", "pc_new": 7, "screen_name": "央视频", "profile_image_url": "https://tvax1.sinaimg.cn/crop.0.0.180.180.50/007S2YvRly1h8vgi91xayj3050050wec.jpg?KID=imgbed,tva&amp;Expires=1704748271&amp;ssig=uf238zST1p", "profile_url": "/u/7211561239", "verified": true, "verified_type": 3, "domain": "yangshipin", "weihao": "", "verified_type_ext": 50, "avatar_large": "https://tvax1.sinaimg.cn/crop.0.0.180.180.180/007S2YvRly1h8vgi91xayj3050050wec.jpg?KID=imgbed,tva&amp;Expires=1704748271&amp;ssig=O3mUJZ3ocM", "avatar_hd": "https://tvax1.sinaimg.cn/crop.0.0.180.180.1024/007S2YvRly1h8vgi91xayj3050050wec.jpg?KID=imgbed,tva&amp;Expires=1704748271&amp;ssig=pLX%2Bw3Colv", "follow_me": false, "following": false, "mbrank": 1, "mbtype": 12, "v_plus": 0, "planet_video": false, "icon_list": [{"type": "vip", "data": {"mbrank": 1, "mbtype": 12, "svip": 1, "vvip": 1}}]}, "can_edit": false, "text_raw": "【#莲花楼沉浸式KTV营业了#[哈哈]】不论是去拍摄的路上还是在拍摄现场，李莲花@成毅 化身行走的点唱机，走到哪里唱到哪里，各种曲风无缝衔接。网友：#成毅的曲库暴露年龄了#[偷笑]戳↓你能跟唱几首呢？#来央视频追好剧#→ http://t.cn/A6qSCPNy 解锁更多幕后花絮~（央视频号：精彩音乐汇）  ​​​", "textLength": 289, "annotations": [{"mapi_request": true}], "source": "&lt;a target=\"_blank\" href=\"https://t.sina.com.cn\" rel=\"nofollow\"&gt;微博视频号&lt;/a&gt;", "favorited": false, "rid": "2_0_50_163896278434986737_0_0_0", "cardid": "star_1624", "pic_ids": [], "pic_num": 0, "is_paid": false, "pic_bg_new": "http://vip.storage.weibo.com/feed_cover/star_1624_mobile_new.png?version=2021091501", "mblog_vip_type": 0, "number_display_strategy": {"apply_scenario_flag": 3, "display_text_min_number": 1000000, "display_text": "100万+"}, "reposts_count": 8074, "comments_count": 2689, "attitudes_count": 35474, "attitudes_status": 0, "continue_tag": {"title": "全文", "pic": "http://h5.sinaimg.cn/upload/2015/09/25/3/timeline_card_small_article.png", "scheme": "sinaweibo://detail?mblogid=4934215033952788&amp;id=4934215033952788&amp;next_fid=232532_mblog&amp;feed_detail_type=0", "cleaned": true}, "isLongText": true, "mlevel": 0, "content_auth": 0, "is_show_bulletin": 2, "comment_manage_info": {"comment_permission_type": -1, "approval_comment_type": 0, "comment_sort_type": 0}, "share_repost_type": 0, "topic_struct": [{"title": "", "topic_url": "sinaweibo://searchall?containerid=231522&amp;q=%23%E8%8E%B2%E8%8A%B1%E6%A5%BC%E6%B2%89%E6%B5%B8%E5%BC%8FKTV%E8%90%A5%E4%B8%9A%E4%BA%86%23&amp;extparam=%23%E8%8E%B2%E8%8A%B1%E6%A5%BC%E6%B2%89%E6%B5%B8%E5%BC%8FKTV%E8%90%A5%E4%B8%9A%E4%BA%86%23", "topic_title": "莲花楼沉浸式KTV营业了", "actionlog": {"act_type": 1, "act_code": 300, "oid": "1022:231522e6ac14ab38a4c9027218715f279ffa35", "uuid": 4934215048364040, "cardid": "", "lcardid": "", "uicode": "", "luicode": "", "fid": "1076033073217815_-_WEIBO_SECOND_PROFILE_WEIBO", "lfid": "", "ext": "mid:4934215033952788|rid:2_0_50_163896278434986737_0_0_0|short_url:|long_url:|comment_id:|miduid:7211561239|rootmid:4934215033952788|rootuid:7211561239|authorid:|uuid:4934215048364040|is_ad_weibo:0"}}, {"title": "", "topic_url": "sinaweibo://searchall?containerid=231522&amp;q=%23%E6%88%90%E6%AF%85%E7%9A%84%E6%9B%B2%E5%BA%93%E6%9A%B4%E9%9C%B2%E5%B9%B4%E9%BE%84%E4%BA%86%23&amp;extparam=%23%E6%88%90%E6%AF%85%E7%9A%84%E6%9B%B2%E5%BA%93%E6%9A%B4%E9%9C%B2%E5%B9%B4%E9%BE%84%E4%BA%86%23", "topic_title": "成毅的曲库暴露年龄了", "actionlog": {"act_type": 1, "act_code": 300, "oid": "1022:23152262cee57c82440b4c12926b4d76a14016", "uuid": 4934215043907758, "cardid": "", "lcardid": "", "uicode": "", "luicode": "", "fid": "1076033073217815_-_WEIBO_SECOND_PROFILE_WEIBO", "lfid": "", "ext": "mid:4934215033952788|rid:2_0_50_163896278434986737_0_0_0|short_url:|long_url:|comment_id:|miduid:7211561239|rootmid:4934215033952788|rootuid:7211561239|authorid:|uuid:4934215043907758|is_ad_weibo:0"}}, {"title": "", "topic_url": "sinaweibo://searchall?containerid=231522&amp;q=%23%E6%9D%A5%E5%A4%AE%E8%A7%86%E9%A2%91%E8%BF%BD%E5%A5%BD%E5%89%A7%23&amp;extparam=%23%E6%9D%A5%E5%A4%AE%E8%A7%86%E9%A2%91%E8%BF%BD%E5%A5%BD%E5%89%A7%23", "topic_title": "来央视频追好剧", "actionlog": {"act_type": 1, "act_code": 300, "oid": "1022:23152214f6e63585b51810918c8fe1a67b4385", "uuid": 4577692258402511, "cardid": "", "lcardid": "", "uicode": "", "luicode": "", "fid": "1076033073217815_-_WEIBO_SECOND_PROFILE_WEIBO", "lfid": "", "ext": "mid:4934215033952788|rid:2_0_50_163896278434986737_0_0_0|short_url:|long_url:|comment_id:|miduid:7211561239|rootmid:4934215033952788|rootuid:7211561239|authorid:|uuid:4577692258402511|is_ad_weibo:0"}}], "url_struct": [{"url_title": "央视频的微博视频", "url_type_pic": "https://h5.sinaimg.cn/upload/2015/09/25/3/timeline_card_small_video.png", "ori_url": "sinaweibo://video/vvs?mid=4934215033952788&amp;object_id=1034:4934197261828135&amp;url_type=39&amp;object_type=video&amp;pos=1", "page_id": "2304444934197261828135", "short_url": "http://t.cn/A601esw5", "long_url": "https://video.weibo.com/show?fid=1034:4934197261828135", "url_type": 39, "result": false, "actionlog": {"act_type": 1, "act_code": 300, "oid": "1034:4934197261828135", "uuid": 4934197272903717, "cardid": "", "lcardid": "", "uicode": "", "luicode": "", "fid": "1076033073217815_-_WEIBO_SECOND_PROFILE_WEIBO", "lfid": "", "ext": "mid:4934215033952788|rid:2_0_50_163896278434986737_0_0_0|short_url:http://t.cn/A601esw5|long_url:https://video.weibo.com/show?fid=1034:4934197261828135|comment_id:|miduid:7211561239|rootmid:4934215033952788|rootuid:7211561239|authorid:7211561239|uuid:4934197272903717|is_ad_weibo:0|analysis_card:url_struct"}, "storage_type": "oss", "hide": 0, "object_type": "", "ttl": 3600, "h5_target_url": "https://video.weibo.com/show?fid=1034:4934197261828135&amp;from=1FFFF96039&amp;weiboauthoruid=7211561239", "need_save_obj": 0}, {"url_title": "网页链接", "url_type_pic": "https://h5.sinaimg.cn/upload/2015/09/25/3/timeline_card_small_web.png", "ori_url": "https://w.yangshipin.cn/user?cpid=18141106354867621", "short_url": "http://t.cn/A6qSCPNy", "long_url": "https://w.yangshipin.cn/user?cpid=18141106354867621", "url_type": 0, "result": true, "actionlog": {"act_type": 1, "act_code": 300, "oid": "", "uuid": "", "cardid": "", "lcardid": "", "uicode": "", "luicode": "", "fid": "1076033073217815_-_WEIBO_SECOND_PROFILE_WEIBO", "lfid": "", "ext": "mid:4934215033952788|rid:2_0_50_163896278434986737_0_0_0|short_url:http://t.cn/A6qSCPNy|long_url:https://w.yangshipin.cn/user?cpid=18141106354867621|comment_id:|miduid:7211561239|rootmid:4934215033952788|rootuid:7211561239|authorid:|uuid:|is_ad_weibo:0|analysis_card:url_struct"}, "storage_type": "", "hide": 0, "position": 2, "need_save_obj": 1, "log": "su=A6qSCPNy&amp;mark=&amp;mid=4934215033952788"}], "title": {"text": "她2023-08-13评论过的微博", "structs": [{"name": "她2023-08-13评论过的微博", "scheme": "sinaweibo://cardlist?containerid=2308693073217815_-_comment", "cleaned": true}]}, "mblogtype": 0, "showFeedRepost": false, "showFeedComment": false, "pictureViewerSign": false, "showPictureViewer": false, "rcList": [], "text": "【&lt;a href=\"//s.weibo.com/weibo?q=%23%E8%8E%B2%E8%8A%B1%E6%A5%BC%E6%B2%89%E6%B5%B8%E5%BC%8FKTV%E8%90%A5%E4%B8%9A%E4%BA%86%23\" target=\"_blank\"&gt;#莲花楼沉浸式KTV营业了#&lt;/a&gt;&lt;img alt=\"[哈哈]\" title=\"[哈哈]\" src=\"https://face.t.sinajs.cn/t4/appstyle/expression/ext/normal/8f/2018new_haha_org.png\" /&gt;】不论是去拍摄的路上还是在拍摄现场，李莲花&lt;a href=/n/成毅 usercard=\"name=@成毅\"&gt;@成毅&lt;/a&gt; 化身行走的点唱机，走到哪里唱到哪里，各种曲风无缝衔接。网友：&lt;a href=\"//s.weibo.com/weibo?q=%23%E6%88%90%E6%AF%85%E7%9A%84%E6%9B%B2%E5%BA%93%E6%9A%B4%E9%9C%B2%E5%B9%B4%E9%BE%84%E4%BA%86%23\" target=\"_blank\"&gt;#成毅的曲库暴露年龄了#&lt;/a&gt;&lt;img alt=\"[偷笑]\" title=\"[偷笑]\" src=\"https://face.t.sinajs.cn/t4/appstyle/expression/ext/normal/71/2018new_touxiao_org.png\" /&gt;戳↓你能跟唱几首呢？&lt;a href=\"//s.weibo.com/weibo?q=%23%E6%9D%A5%E5%A4%AE%E8%A7%86%E9%A2%91%E8%BF%BD%E5%A5%BD%E5%89%A7%23\" target=\"_blank\"&gt;#来央视频追好剧#&lt;/a&gt;→ &lt;a target=\"_blank\" href=\"//weibo.cn/sinaurl?u=https%3A%2F%2Fw.yangshipin.cn%2Fuser%3Fcpid%3D18141106354867621\"&gt;&lt;img class=\"icon-link\" src=\"https://h5.sinaimg.cn/upload/2015/09/25/3/timeline_card_small_web_default.png\"/&gt;网页链接&lt;/a&gt; 解锁更多幕后花絮~（央视频号：精彩音乐汇）  ​​​ ...&lt;span class=\"expand\"&gt;展开&lt;/span&gt;", "customIcons": [], "page_info": {"type": 5, "page_id": "2304444934197261828135", "object_type": "video", "oid": "7211561239", "page_title": "央视频的微博视频", "page_pic": "https://wx3.sinaimg.cn/orj480/007S2YvRly1hgutudmawhj30zl0k14fv.jpg", "type_icon": "", "page_url": "sinaweibo://infopage?containerid=2304444934197261828135&amp;containerid=2304444934197261828135&amp;url_type=39&amp;object_type=video&amp;pos=2", "object_id": "1034:4934197261828135", "media_info": {"name": "央视频的微博视频", "stream_url": "http://f.video.weibocdn.com/o0/QvlOECMylx087Ly79HTq01041200hqNq0E010.mp4?label=mp4_ld&amp;template=640x360.25.0&amp;ori=0&amp;ps=1CwnkDw1GXwCQx&amp;Expires=1704741071&amp;ssig=I%2FkYCwPRTM&amp;KID=unistore,video", "stream_url_hd": "http://f.video.weibocdn.com/o0/v8bFF9QSlx087Ly7v9Ze01041200rekj0E010.mp4?label=mp4_hd&amp;template=852x480.25.0&amp;ori=0&amp;ps=1CwnkDw1GXwCQx&amp;Expires=1704741071&amp;ssig=a36YQrSVve&amp;KID=unistore,video", "format": "mp4", "h5_url": "https://video.weibo.com/show?fid=1034:4934197261828135", "mp4_sd_url": "http://f.video.weibocdn.com/o0/QvlOECMylx087Ly79HTq01041200hqNq0E010.mp4?label=mp4_ld&amp;template=640x360.25.0&amp;ori=0&amp;ps=1CwnkDw1GXwCQx&amp;Expires=1704741071&amp;ssig=I%2FkYCwPRTM&amp;KID=unistore,video", "mp4_hd_url": "http://f.video.weibocdn.com/o0/v8bFF9QSlx087Ly7v9Ze01041200rekj0E010.mp4?label=mp4_hd&amp;template=852x480.25.0&amp;ori=0&amp;ps=1CwnkDw1GXwCQx&amp;Expires=1704741071&amp;ssig=a36YQrSVve&amp;KID=unistore,video", "h265_mp4_hd": "", "h265_mp4_ld": "", "inch_4_mp4_hd": "", "inch_5_mp4_hd": "", "inch_5_5_mp4_hd": "", "mp4_720p_mp4": "http://f.video.weibocdn.com/o0/BsjbymmWlx087Ly8ulY401041200Qm5u0E010.mp4?label=mp4_720p&amp;template=1280x720.25.0&amp;ori=0&amp;ps=1CwnkDw1GXwCQx&amp;Expires=1704741071&amp;ssig=1WewFTbINu&amp;KID=unistore,video", "hevc_mp4_720p": "", "prefetch_type": 1, "prefetch_size": 262144, "act_status": 1, "protocol": "general,dash", "media_id": "4934197261828135", "origin_total_bitrate": 0, "video_orientation": "horizontal", "duration": 107, "forward_strategy": -1, "search_scheme": "sinaweibo://svssearch?containerid=232080", "is_short_video": 0, "vote_is_show": 0, "belong_collection": 0, "titles_display_time": "3", "show_progress_bar": 1, "show_mute_button": true, "ext_info": {"video_orientation": "horizontal"}, "next_title": "【#莲花楼沉浸式KTV营业了#[哈哈]】不论是去拍摄的路上还是在拍摄现场，李莲花@成毅 化身行走的点唱机，走到哪里唱到哪里，各种曲风无缝衔接。网友：#成毅的曲库暴露年龄了#[偷笑]戳↓你能跟唱几首呢？#来央视频追好剧#→ http://t.cn/A6qSCPNy 解锁更多幕后花絮~（央视频号：精彩音乐汇）", "kol_title": "莲花楼沉浸式KTV营业了", "play_completion_actions": [{"type": "1", "icon": "https://h5.sinaimg.cn/upload/100/1413/2021/12/22/feed_video_icon_replay.png", "text": "重播", "link": "", "btn_code": 1000, "show_position": 1, "actionlog": {"oid": "2304444934197261828135", "act_code": 1221, "act_type": 0, "source": "video"}}, {"type": 6, "icon": "https://tvax1.sinaimg.cn/crop.0.0.180.180.180/007S2YvRly1h8vgi91xayj3050050wec.jpg?KID=imgbed,tva&amp;Expires=1704748271&amp;ssig=O3mUJZ3ocM", "text": "", "display_mode": 2, "display_starttime": 5, "display_endtime": 99999, "countdown_time": 5, "show_position": 48, "scheme": "", "link": "", "btn_code": 1009, "actionlog": {"oid": "2304444934197261828135", "act_code": 91, "act_type": 0, "source": "video", "ext": "mid:4934215033952788|oid:1034:4934197261828135|muid:7211561239|authorid:7211561239"}, "ext": {"uid": "7211561239", "user_name": "央视频", "followers_count": 4229155, "verified": true, "verified_type": 3, "verified_type_ext": 50, "verified_reason": "央视频官方账号", "level": 3}, "display_type": 0}], "video_publish_time": 1691887765, "play_loop_type": 0, "video_title": "莲花楼沉浸式KTV营业了", "author_mid": "4934215033952788", "author_name": "央视频", "is_playlist": 1, "get_playlist_id": 4420806286199580, "extra_info": {"sceneid": "profile_mb"}, "video_download_strategy": {"abandon_download": 0}, "jump_to": 6, "big_pic_info": {"pic_big": {"height": 721, "url": "https://wx3.sinaimg.cn/orj1080/007S2YvRly1hgutudmawhj30zl0k14fv.jpg", "width": 1281}, "pic_small": {"height": 150, "url": "https://wx3.sinaimg.cn/or180/007S2YvRly1hgutudmawhj30zl0k14fv.jpg", "width": 266}, "pic_middle": {"height": 270, "url": "https://wx3.sinaimg.cn/or360/007S2YvRly1hgutudmawhj30zl0k14fv.jpg", "width": 479}}, "online_users": "47.8万次观看", "online_users_number": 478592, "ttl": 3600, "storage_type": "oss", "is_keep_current_mblog": 0, "author_info": {"id": 7211561239, "idstr": "7211561239", "pc_new": 7, "screen_name": "央视频", "profile_image_url": "https://tvax1.sinaimg.cn/crop.0.0.180.180.50/007S2YvRly1h8vgi91xayj3050050wec.jpg?KID=imgbed,tva&amp;Expires=1704748271&amp;ssig=uf238zST1p", "profile_url": "/u/7211561239", "verified": true, "verified_type": 3, "domain": "yangshipin", "weihao": "", "verified_type_ext": 50, "avatar_large": "https://tvax1.sinaimg.cn/crop.0.0.180.180.180/007S2YvRly1h8vgi91xayj3050050wec.jpg?KID=imgbed,tva&amp;Expires=1704748271&amp;ssig=O3mUJZ3ocM", "avatar_hd": "https://tvax1.sinaimg.cn/crop.0.0.180.180.1024/007S2YvRly1h8vgi91xayj3050050wec.jpg?KID=imgbed,tva&amp;Expires=1704748271&amp;ssig=pLX%2Bw3Colv", "follow_me": false, "following": false, "mbrank": 1, "mbtype": 12, "v_plus": 0, "planet_video": false, "verified_reason": "央视频官方账号", "description": "欢迎加入央视频号\"账号森林\"！目前央视频号采用邀请制入驻方式，欢迎创作者通过welcome@yangshipin.cn联系。", "location": "其他", "gender": "f", "followers_count": 4229153, "followers_count_str": "422.9万", "friends_count": 88, "statuses_count": 43910, "url": "", "svip": 1, "vvip": 1, "cover_image_phone": "https://ww1.sinaimg.cn/crop.0.0.640.640.640/549d0121tw1egm1kjly3jj20hs0hsq4f.jpg"}, "playback_list": [{"meta": {"label": "mp4_720p", "quality_index": 720, "quality_desc": "高清", "quality_label": "720p", "quality_class": "HD", "type": 1, "quality_group": 720, "is_hidden": false}, "play_info": {"type": 1, "mime": "video/mp4", "protocol": "general", "label": "mp4_720p", "url": "https://f.video.weibocdn.com/o0/BsjbymmWlx087Ly8ulY401041200Qm5u0E010.mp4?label=mp4_720p&amp;template=1280x720.25.0&amp;media_id=4934197261828135&amp;tp=8x8A3El:YTkl0eM8&amp;us=0&amp;ori=1&amp;bf=4&amp;ot=h&amp;lp=00003MndIw&amp;ps=mZ6WB&amp;uid=7sSuzF&amp;ab=,8143-g0,8013-g0,3601-g32,3601-g29,3601-g36,3601-g27,3601-g37&amp;Expires=1704741071&amp;ssig=1WewFTbINu&amp;KID=unistore,video", "bitrate": 932147, "prefetch_range": "0-285145", "video_codecs": "avc1.64001f", "fps": 25, "width": 1280, "height": 720, "size": 12477964, "duration": 107.089, "sar": "0.0", "audio_codecs": "mp4a.40.5", "audio_sample_rate": 44100, "quality_label": "720p", "quality_class": "HD", "quality_desc": "高清", "audio_channels": 2, "audio_sample_fmt": "fltp", "audio_bits_per_sample": 0, "watermark": "none", "extension": {"transcode_info": {"pcdn_rule_id": 0, "pcdn_jank": 0, "origin_video_dr": "SDR", "ab_strategies": ",8143-g0,8013-g0,3601-g32,3601-g29,3601-g36,3601-g27,3601-g37"}}, "video_decoder": "hard", "prefetch_enabled": true, "tcp_receive_buffer": 262144, "dolby_atmos": false, "color_transfer": "bt709", "first_pkt_end_pos": 117658}}, {"meta": {"label": "mp4_hd", "quality_index": 480, "quality_desc": "标清", "quality_label": "480p", "quality_class": "SD", "type": 1, "quality_group": 480, "is_hidden": false}, "play_info": {"type": 1, "mime": "video/mp4", "protocol": "general", "label": "mp4_hd", "url": "https://f.video.weibocdn.com/o0/v8bFF9QSlx087Ly7v9Ze01041200rekj0E010.mp4?label=mp4_hd&amp;template=852x480.25.0&amp;media_id=4934197261828135&amp;tp=8x8A3El:YTkl0eM8&amp;us=0&amp;ori=1&amp;bf=4&amp;ot=h&amp;lp=00003MndIw&amp;ps=mZ6WB&amp;uid=7sSuzF&amp;ab=,8143-g0,8013-g0,3601-g32,3601-g29,3601-g36,3601-g27,3601-g37&amp;Expires=1704741071&amp;ssig=a36YQrSVve&amp;KID=unistore,video", "bitrate": 484820, "prefetch_range": "0-164625", "video_codecs": "avc1.64001e", "fps": 25, "width": 852, "height": 480, "size": 6489931, "duration": 107.089, "sar": "0.0", "audio_codecs": "mp4a.40.5", "audio_sample_rate": 44100, "quality_label": "480p", "quality_class": "SD", "quality_desc": "标清", "audio_channels": 2, "audio_sample_fmt": "fltp", "audio_bits_per_sample": 0, "watermark": "none", "extension": {"transcode_info": {"pcdn_rule_id": 0, "pcdn_jank": 0, "origin_video_dr": "SDR", "ab_strategies": ",8143-g0,8013-g0,3601-g32,3601-g29,3601-g36,3601-g27,3601-g37"}}, "video_decoder": "hard", "prefetch_enabled": true, "tcp_receive_buffer": 262144, "dolby_atmos": false, "color_transfer": "bt709", "first_pkt_end_pos": 84590}}, {"meta": {"label": "scrubber_hd", "quality_index": 480, "quality_desc": "标清", "quality_label": "480p", "quality_class": "SD", "type": 3, "quality_group": 480, "is_hidden": false}, "play_info": {"type": 3, "mime": "image/jpeg", "protocol": "general", "label": "scrubber_hd", "url": "https://wx3.sinaimg.cn/large/007S2YvRly1hgutvd4ycsj30qo4607d6.jpg?media_id=4934197261828135&amp;tp=8x8A3El:YTkl0eM8&amp;us=0&amp;ori=1&amp;bf=4&amp;ot=h&amp;lp=00003MndIw&amp;ps=mZ6WB&amp;uid=7sSuzF&amp;ab=,8143-g0,8013-g0,3601-g32,3601-g29,3601-g36,3601-g27,3601-g37&amp;Expires=1704741071&amp;ssig=yhnyE5JcGe&amp;KID=unistore,video", "prefetch_range": "0-512000", "width": 320, "height": 180, "quality_label": "480p", "quality_class": "SD", "quality_desc": "标清", "extension": {"transcode_info": {"pcdn_rule_id": 0, "pcdn_jank": 0, "origin_video_dr": "SDR", "ab_strategies": ",8143-g0,8013-g0,3601-g32,3601-g29,3601-g36,3601-g27,3601-g37"}}, "video_decoder": "hard", "prefetch_enabled": true, "tcp_receive_buffer": 262144, "col": 3, "row": 30, "interval": 2, "offset": 1, "urls": ["http://wx4.sinaimg.cn/large/007S2YvRly1hgutvd4ycsj30qo4607d6.jpg"]}}, {"meta": {"label": "mp4_ld", "quality_index": 360, "quality_desc": "流畅", "quality_label": "360p", "quality_class": "SD", "type": 1, "quality_group": 360, "is_hidden": false}, "play_info": {"type": 1, "mime": "video/mp4", "protocol": "general", "label": "mp4_ld", "url": "https://f.video.weibocdn.com/o0/QvlOECMylx087Ly79HTq01041200hqNq0E010.mp4?label=mp4_ld&amp;template=640x360.25.0&amp;media_id=4934197261828135&amp;tp=8x8A3El:YTkl0eM8&amp;us=0&amp;ori=1&amp;bf=4&amp;ot=h&amp;lp=00003MndIw&amp;ps=mZ6WB&amp;uid=7sSuzF&amp;ab=,8143-g0,8013-g0,3601-g32,3601-g29,3601-g36,3601-g27,3601-g37&amp;Expires=1704741071&amp;ssig=I%2FkYCwPRTM&amp;KID=unistore,video", "bitrate": 310362, "prefetch_range": "0-127882", "video_codecs": "avc1.64001e", "fps": 25, "width": 640, "height": 360, "size": 4154584, "duration": 107.089, "sar": "0.0", "audio_codecs": "mp4a.40.5", "audio_sample_rate": 44100, "quality_label": "360p", "quality_class": "SD", "quality_desc": "流畅", "audio_channels": 2, "audio_sample_fmt": "fltp", "audio_bits_per_sample": 0, "watermark": "none", "extension": {"transcode_info": {"pcdn_rule_id": 0, "pcdn_jank": 0, "origin_video_dr": "SDR", "ab_strategies": ",8143-g0,8013-g0,3601-g32,3601-g29,3601-g36,3601-g27,3601-g37"}}, "video_decoder": "hard", "prefetch_enabled": true, "tcp_receive_buffer": 262144, "dolby_atmos": false, "color_transfer": "bt709", "first_pkt_end_pos": 78074}}]}, "author_id": "7211561239", "authorid": "7211561239", "cards": [{"type": "11", "page_id": "2304444934197261828135", "object_type": "video", "object_id": "1034:4934197261828135", "content1": "央视频的微博视频", "content2": "【#莲花楼沉浸式KTV营业了#[哈哈]】不论是去拍摄的路上还是在拍摄现场，李莲花@成毅 化身行走的点唱机，走到哪里唱到哪里，各种曲风无缝衔接。网友：#成毅的曲库暴露年龄了#[偷笑]戳↓你能跟唱几首呢？#来央视频追好剧#→ http://t.cn/A6qSCPNy 解锁更多幕后花絮", "act_status": 1, "media_info": {"name": "央视频的微博视频", "stream_url": "http://f.video.weibocdn.com/o0/QvlOECMylx087Ly79HTq01041200hqNq0E010.mp4?label=mp4_ld&amp;template=640x360.25.0&amp;ori=0&amp;ps=1CwnkDw1GXwCQx&amp;Expires=1704741071&amp;ssig=I%2FkYCwPRTM&amp;KID=unistore,video", "stream_url_hd": "http://f.video.weibocdn.com/o0/v8bFF9QSlx087Ly7v9Ze01041200rekj0E010.mp4?label=mp4_hd&amp;template=852x480.25.0&amp;ori=0&amp;ps=1CwnkDw1GXwCQx&amp;Expires=1704741071&amp;ssig=a36YQrSVve&amp;KID=unistore,video", "format": "mp4", "h5_url": "https://video.weibo.com/show?fid=1034:4934197261828135", "mp4_sd_url": "http://f.video.weibocdn.com/o0/QvlOECMylx087Ly79HTq01041200hqNq0E010.mp4?label=mp4_ld&amp;template=640x360.25.0&amp;ori=0&amp;ps=1CwnkDw1GXwCQx&amp;Expires=1704741071&amp;ssig=I%2FkYCwPRTM&amp;KID=unistore,video", "mp4_hd_url": "http://f.video.weibocdn.com/o0/v8bFF9QSlx087Ly7v9Ze01041200rekj0E010.mp4?label=mp4_hd&amp;template=852x480.25.0&amp;ori=0&amp;ps=1CwnkDw1GXwCQx&amp;Expires=1704741071&amp;ssig=a36YQrSVve&amp;KID=unistore,video", "h265_mp4_hd": "", "h265_mp4_ld": "", "inch_4_mp4_hd": "", "inch_5_mp4_hd": "", "inch_5_5_mp4_hd": "", "mp4_720p_mp4": "http://f.video.weibocdn.com/o0/BsjbymmWlx087Ly8ulY401041200Qm5u0E010.mp4?label=mp4_720p&amp;template=1280x720.25.0&amp;ori=0&amp;ps=1CwnkDw1GXwCQx&amp;Expires=1704741071&amp;ssig=1WewFTbINu&amp;KID=unistore,video", "hevc_mp4_720p": "", "prefetch_type": 1, "prefetch_size": 262144, "act_status": 1, "protocol": "general,dash", "media_id": "4934197261828135", "origin_total_bitrate": 0, "video_orientation": "horizontal", "duration": 107, "forward_strategy": -1, "search_scheme": "sinaweibo://svssearch?containerid=232080", "is_short_video": 0, "vote_is_show": 0, "belong_collection": 0, "titles_display_time": "3", "show_progress_bar": 1, "show_mute_button": true, "ext_info": {"video_orientation": "horizontal"}, "next_title": "【#莲花楼沉浸式KTV营业了#[哈哈]】不论是去拍摄的路上还是在拍摄现场，李莲花@成毅 化身行走的点唱机，走到哪里唱到哪里，各种曲风无缝衔接。网友：#成毅的曲库暴露年龄了#[偷笑]戳↓你能跟唱几首呢？#来央视频追好剧#→ http://t.cn/A6qSCPNy 解锁更多幕后花絮~（央视频号：精彩音乐汇）", "kol_title": "莲花楼沉浸式KTV营业了", "play_completion_actions": [{"type": "1", "icon": "https://h5.sinaimg.cn/upload/100/1413/2021/12/22/feed_video_icon_replay.png", "text": "重播", "link": "", "btn_code": 1000, "show_position": 1, "actionlog": {"oid": "2304444934197261828135", "act_code": 1221, "act_type": 0, "source": "video"}}, {"type": 6, "icon": "https://tvax1.sinaimg.cn/crop.0.0.180.180.180/007S2YvRly1h8vgi91xayj3050050wec.jpg?KID=imgbed,tva&amp;Expires=1704748271&amp;ssig=O3mUJZ3ocM", "text": "", "display_mode": 2, "display_starttime": 5, "display_endtime": 99999, "countdown_time": 5, "show_position": 48, "scheme": "", "link": "", "btn_code": 1009, "actionlog": {"oid": "2304444934197261828135", "act_code": 91, "act_type": 0, "source": "video", "ext": "mid:4934215033952788|oid:1034:4934197261828135|muid:7211561239|authorid:7211561239"}, "ext": {"uid": "7211561239", "user_name": "央视频", "followers_count": 4229155, "verified": true, "verified_type": 3, "verified_type_ext": 50, "verified_reason": "央视频官方账号", "level": 3}, "display_type": 0}], "video_publish_time": 1691887765, "play_loop_type": 0, "video_title": "莲花楼沉浸式KTV营业了", "author_mid": "4934215033952788", "author_name": "央视频", "is_playlist": 1, "get_playlist_id": 4420806286199580, "extra_info": {"sceneid": "profile_mb"}, "video_download_strategy": {"abandon_download": 0}, "jump_to": 6, "big_pic_info": {"pic_big": {"height": 721, "url": "https://wx3.sinaimg.cn/orj1080/007S2YvRly1hgutudmawhj30zl0k14fv.jpg", "width": 1281}, "pic_small": {"height": 150, "url": "https://wx3.sinaimg.cn/or180/007S2YvRly1hgutudmawhj30zl0k14fv.jpg", "width": 266}, "pic_middle": {"height": 270, "url": "https://wx3.sinaimg.cn/or360/007S2YvRly1hgutudmawhj30zl0k14fv.jpg", "width": 479}}, "online_users": "47.8万次观看", "online_users_number": 478592, "ttl": 3600, "storage_type": "oss"}, "page_pic": "https://wx3.sinaimg.cn/orj480/007S2YvRly1hgutudmawhj30zl0k14fv.jpg", "page_title": "央视频的微博视频", "page_url": "sinaweibo://infopage?containerid=2304444934197261828135&amp;containerid=2304444934197261828135&amp;url_type=39&amp;object_type=video&amp;pos=2", "pic_info": {"pic_big": {"height": "480", "url": "https://wx3.sinaimg.cn/orj480/007S2YvRly1hgutudmawhj30zl0k14fv.jpg", "width": "852"}, "pic_small": {"height": "480", "url": "https://wx3.sinaimg.cn/orj480/007S2YvRly1hgutudmawhj30zl0k14fv.jpg", "width": "852"}, "pic_middle": {"url": "https://wx3.sinaimg.cn/orj480/007S2YvRly1hgutudmawhj30zl0k14fv.jpg", "height": "480", "width": "852"}}, "oid": "7211561239", "type_icon": "", "author_id": "7211561239", "authorid": "7211561239", "warn": "", "actionlog": {"act_type": 1, "act_code": 799, "lcardid": "", "fid": "1076033073217815_-_WEIBO_SECOND_PROFILE_WEIBO", "mid": "4934215033952788", "oid": "1034:4934197261828135", "uuid": 4934197272903717, "source": "video", "ext": "uid:6839654475|mid:4934215033952788|objectid:1034%3A4934197261828135|from:1|object_duration:107.089|miduid:7211561239|rootuid:7211561239|rootmid:4934215033952788|authorid:7211561239|video_orientation:horizontal|third_vid:|is_album:1|is_contribution:0|video_tags:|isfan:0|ua:Mozilla/5.0 (Windows NT 10.0; Win64; x64) AppleWebKit/537.36 (KHTML, like Gecko) Chrome/120.0.0.0 Safari/537.36 WeiboPro/1.0.0|sceneid:profile_mb|uuid:4934197272903717|detail:native|contribution:0|short_video:0|st_video:1|author_mid:4934215033952788|cluster_type_status:|is_ad_weibo:0|type:52_5,52_7_01,52_2,52_1|analysis_card:page_info"}}, {"type": 34, "page_id": "2304444934197261828135", "object_type": "video", "page_desc": "影视 影视花絮 · 47.8万次观看", "oid": "7211561239", "page_title": "影视 影视花絮 · 47.8万次观看", "page_pic": "https://wx3.sinaimg.cn/orj480/007S2YvRly1hgutudmawhj30zl0k14fv.jpg", "type_icon": "", "page_url": "sinaweibo://video/vvs?sceneid=profile_mb&amp;object_id=1034:4934197261828135&amp;mid=4934215033952788&amp;log_ext=is_contribution%3A%7Cfirst_level_channel_id%3A%7Csecond_level_channel_id%3A&amp;url_type=39&amp;object_type=video&amp;pos=2", "object_id": "1034:4934197261828135", "author_id": "7211561239", "authorid": "7211561239", "is_broadcast": 1, "icon_url": "https://h5.sinaimg.cn/upload/1000/1327/2021/01/20/videofeed_album_icon.png", "withPlayCount": true, "ext": "is_contribution:|first_level_channel_id:|second_level_channel_id:", "actionlog": {"act_type": 1, "act_code": "3457", "oid": "1034:4934197261828135", "uuid": 4934197272903717, "cardid": "", "lcardid": "", "uicode": "", "luicode": "", "fid": "1076033073217815_-_WEIBO_SECOND_PROFILE_WEIBO", "lfid": "", "ext": "mid:4934215033952788|rid:2_0_50_163896278434986737_0_0_0|short_url:http://t.cn/A601esw5|long_url:https://video.weibo.com/show?fid=1034:4934197261828135|comment_id:|miduid:7211561239|rootmid:4934215033952788|rootuid:7211561239|authorid:7211561239|uuid:4934197272903717|is_ad_weibo:0|is_contribution:|first_level_channel_id:|second_level_channel_id:|play_page:playlist|analysis_card:page_info"}}], "actionlog": {"act_type": 1, "act_code": 799, "lcardid": "", "fid": "1076033073217815_-_WEIBO_SECOND_PROFILE_WEIBO", "mid": "4934215033952788", "oid": "1034:4934197261828135", "uuid": 4934197272903717, "source": "video", "ext": "uid:6839654475|mid:4934215033952788|objectid:1034%3A4934197261828135|from:1|object_duration:107.089|miduid:7211561239|rootuid:7211561239|rootmid:4934215033952788|authorid:7211561239|video_orientation:horizontal|third_vid:|is_album:1|is_contribution:0|video_tags:|isfan:0|ua:Mozilla/5.0 (Windows NT 10.0; Win64; x64) AppleWebKit/537.36 (KHTML, like Gecko) Chrome/120.0.0.0 Safari/537.36 WeiboPro/1.0.0|sceneid:profile_mb|uuid:4934197272903717|detail:native|contribution:0|short_video:0|st_video:1|author_mid:4934215033952788|cluster_type_status:|is_ad_weibo:0|type:52_5,52_7_01,52_2,52_1|analysis_card:page_info"}, "short_url": "http://t.cn/A601esw5"}}