{"visible": {"type": 0, "list_id": 0}, "created_at": "Mon Aug 14 20:28:05 +0800 2023", "id": 4934735489139083, "idstr": "4934735489139083", "mid": "4934735489139083", "mblogid": "NezCYCluz", "user": {"id": 3073217815, "idstr": "3073217815", "pc_new": 0, "screen_name": "七十七只绵羊", "profile_image_url": "https://tvax3.sinaimg.cn/crop.0.0.512.512.50/b72d9517ly8hf8e0vpc8ej20e80e8myg.jpg?KID=imgbed,tva&amp;Expires=1704748249&amp;ssig=%2Fn2D8t%2FbiB", "profile_url": "/u/3073217815", "verified": true, "verified_type": 0, "domain": "", "weihao": "", "verified_type_ext": 0, "avatar_large": "https://tvax3.sinaimg.cn/crop.0.0.512.512.180/b72d9517ly8hf8e0vpc8ej20e80e8myg.jpg?KID=imgbed,tva&amp;Expires=1704748249&amp;ssig=cwjLIZQBg9", "avatar_hd": "https://tvax3.sinaimg.cn/crop.0.0.512.512.1024/b72d9517ly8hf8e0vpc8ej20e80e8myg.jpg?KID=imgbed,tva&amp;Expires=1704748249&amp;ssig=G8d9UfxYG8", "follow_me": false, "following": false, "mbrank": 5, "mbtype": 11, "v_plus": 0, "planet_video": false, "icon_list": [{"type": "vip", "data": {"mbrank": 5, "mbtype": 11, "svip": 1, "vvip": 0}}]}, "can_edit": false, "text_raw": "独生子的待遇就是好[doge] ​​​", "textLength": 24, "annotations": [{"photo_sub_type": "0,0,0"}, [], {"client_mblogid": "iPhone-5ECF6D8B-9894-4858-90EF-CE83E688A4DC"}, {"source_text": "", "phone_id": "1399"}, {"mapi_request": true}], "source": "iPhone客户端", "favorited": false, "rid": "17_0_50_5117986581576773445_0_0_0", "cardid": "raresvip_0052001143", "pic_ids": ["b72d9517gy1hgwjlduu7bj22c02vikjm", "b72d9517gy1hgwjl7u0uyj22c0340u0y", "b72d9517gy1hgwjliz7hcj22c0340npe"], "pic_num": 3, "pic_infos": {"b72d9517gy1hgwjlduu7bj22c02vikjm": {"thumbnail": {"url": "https://wx1.sinaimg.cn/wap180/b72d9517gy1hgwjlduu7bj22c02vikjm.jpg", "width": 146, "height": 180, "cut_type": 1, "type": ""}, "bmiddle": {"url": "https://wx1.sinaimg.cn/wap360/b72d9517gy1hgwjlduu7bj22c02vikjm.jpg", "width": 292, "height": 360, "cut_type": 1, "type": ""}, "large": {"url": "https://wx1.sinaimg.cn/orj960/b72d9517gy1hgwjlduu7bj22c02vikjm.jpg", "width": 960, "height": 1182, "cut_type": 1, "type": ""}, "original": {"url": "https://wx1.sinaimg.cn/orj1080/b72d9517gy1hgwjlduu7bj22c02vikjm.jpg", "width": 1080, "height": 1330, "cut_type": 1, "type": ""}, "largest": {"url": "https://wx1.sinaimg.cn/large/b72d9517gy1hgwjlduu7bj22c02vikjm.jpg", "width": 2048, "height": 2523, "cut_type": 1, "type": ""}, "mw2000": {"url": "https://wx1.sinaimg.cn/mw2000/b72d9517gy1hgwjlduu7bj22c02vikjm.jpg", "width": 2000, "height": 2464, "cut_type": 1, "type": ""}, "object_id": "1042018:c5473188197a0dca902c66922f49a0f0", "pic_id": "b72d9517gy1hgwjlduu7bj22c02vikjm", "photo_tag": 0, "type": "pic", "pic_status": 1}, "b72d9517gy1hgwjl7u0uyj22c0340u0y": {"thumbnail": {"url": "https://wx2.sinaimg.cn/wap180/b72d9517gy1hgwjl7u0uyj22c0340u0y.jpg", "width": 135, "height": 180, "cut_type": 1, "type": ""}, "bmiddle": {"url": "https://wx2.sinaimg.cn/wap360/b72d9517gy1hgwjl7u0uyj22c0340u0y.jpg", "width": 270, "height": 360, "cut_type": 1, "type": ""}, "large": {"url": "https://wx2.sinaimg.cn/orj960/b72d9517gy1hgwjl7u0uyj22c0340u0y.jpg", "width": 960, "height": 1279, "cut_type": 1, "type": ""}, "original": {"url": "https://wx2.sinaimg.cn/orj1080/b72d9517gy1hgwjl7u0uyj22c0340u0y.jpg", "width": 1080, "height": 1439, "cut_type": 1, "type": ""}, "largest": {"url": "https://wx2.sinaimg.cn/large/b72d9517gy1hgwjl7u0uyj22c0340u0y.jpg", "width": 2048, "height": 2730, "cut_type": 1, "type": ""}, "mw2000": {"url": "https://wx2.sinaimg.cn/mw2000/b72d9517gy1hgwjl7u0uyj22c0340u0y.jpg", "width": 2000, "height": 2666, "cut_type": 1, "type": ""}, "object_id": "1042018:d11b51b27fab00f2ca7f93e1606f9dfa", "pic_id": "b72d9517gy1hgwjl7u0uyj22c0340u0y", "photo_tag": 0, "type": "pic", "pic_status": 1}, "b72d9517gy1hgwjliz7hcj22c0340npe": {"thumbnail": {"url": "https://wx2.sinaimg.cn/wap180/b72d9517gy1hgwjliz7hcj22c0340npe.jpg", "width": 135, "height": 180, "cut_type": 1, "type": ""}, "bmiddle": {"url": "https://wx2.sinaimg.cn/wap360/b72d9517gy1hgwjliz7hcj22c0340npe.jpg", "width": 270, "height": 360, "cut_type": 1, "type": ""}, "large": {"url": "https://wx2.sinaimg.cn/orj960/b72d9517gy1hgwjliz7hcj22c0340npe.jpg", "width": 960, "height": 1279, "cut_type": 1, "type": ""}, "original": {"url": "https://wx2.sinaimg.cn/orj1080/b72d9517gy1hgwjliz7hcj22c0340npe.jpg", "width": 1080, "height": 1439, "cut_type": 1, "type": ""}, "largest": {"url": "https://wx2.sinaimg.cn/large/b72d9517gy1hgwjliz7hcj22c0340npe.jpg", "width": 2048, "height": 2730, "cut_type": 1, "type": ""}, "mw2000": {"url": "https://wx2.sinaimg.cn/mw2000/b72d9517gy1hgwjliz7hcj22c0340npe.jpg", "width": 2000, "height": 2666, "cut_type": 1, "type": ""}, "object_id": "1042018:42bbd00b615c10e1200fe05416390dff", "pic_id": "b72d9517gy1hgwjliz7hcj22c0340npe", "photo_tag": 0, "type": "pic", "pic_status": 1}}, "is_paid": false, "pic_bg_new": "http://vip.storage.weibo.com/feed_cover/raresvip_0052001143_mobile_new.png?version=2021091501", "mblog_vip_type": 0, "number_display_strategy": {"apply_scenario_flag": 3, "display_text_min_number": 1000000, "display_text": "100万+"}, "reposts_count": 0, "comments_count": 2, "attitudes_count": 1, "attitudes_status": 0, "isLongText": false, "mlevel": 0, "content_auth": 0, "is_show_bulletin": 2, "comment_manage_info": {"comment_permission_type": -1, "approval_comment_type": 0, "comment_sort_type": 0}, "share_repost_type": 0, "mblogtype": 0, "showFeedRepost": false, "showFeedComment": false, "pictureViewerSign": false, "showPictureViewer": false, "rcList": [], "text": "独生子的待遇就是好&lt;img alt=\"[doge]\" title=\"[doge]\" src=\"https://face.t.sinajs.cn/t4/appstyle/expression/ext/normal/a1/2018new_doge02_org.png\" /&gt; ​​​", "region_name": "发布于 浙江", "customIcons": []}