{"visible": {"type": 0, "list_id": 0}, "created_at": "Fri Aug 18 14:01:57 +0800 2023", "id": 4936087863297062, "idstr": "4936087863297062", "mid": "4936087863297062", "mblogid": "Nf8OedPIq", "user": {"id": 3073217815, "idstr": "3073217815", "pc_new": 0, "screen_name": "七十七只绵羊", "profile_image_url": "https://tvax3.sinaimg.cn/crop.0.0.512.512.50/b72d9517ly8hf8e0vpc8ej20e80e8myg.jpg?KID=imgbed,tva&amp;Expires=1704748168&amp;ssig=7mybZhNHNB", "profile_url": "/u/3073217815", "verified": true, "verified_type": 0, "domain": "", "weihao": "", "verified_type_ext": 0, "avatar_large": "https://tvax3.sinaimg.cn/crop.0.0.512.512.180/b72d9517ly8hf8e0vpc8ej20e80e8myg.jpg?KID=imgbed,tva&amp;Expires=1704748168&amp;ssig=CaoqM5%2F3hQ", "avatar_hd": "https://tvax3.sinaimg.cn/crop.0.0.512.512.1024/b72d9517ly8hf8e0vpc8ej20e80e8myg.jpg?KID=imgbed,tva&amp;Expires=1704748168&amp;ssig=1kKTLi5KIt", "follow_me": false, "following": false, "mbrank": 5, "mbtype": 11, "v_plus": 0, "planet_video": false, "icon_list": [{"type": "vip", "data": {"mbrank": 5, "mbtype": 11, "svip": 1, "vvip": 0}}]}, "can_edit": false, "text_raw": "爬墙的 多担的\n在我这里通通取关拉黑一条龙[微笑]\n只接受唯粉[微笑] ​​​", "textLength": 63, "annotations": [{"photo_sub_type": "0"}, [], {"client_mblogid": "iPhone-967ED457-8469-4A61-B0D3-05E9111840C5"}, {"source_text": "", "phone_id": "1399"}, {"mapi_request": true}], "source": "iPhone客户端", "favorited": false, "rid": "0_0_50_5135374224098720434_0_0_0", "cardid": "raresvip_0052001143", "pic_ids": ["b72d9517gy1hh0uz0hgrhg20u0140e89"], "pic_num": 1, "pic_infos": {"b72d9517gy1hh0uz0hgrhg20u0140e89": {"thumbnail": {"url": "https://wx1.sinaimg.cn/wap180/b72d9517gy1hh0uz0hgrhg20u0140e89.gif", "width": 135, "height": 180, "cut_type": 1, "type": ""}, "bmiddle": {"url": "https://wx1.sinaimg.cn/wap360/b72d9517gy1hh0uz0hgrhg20u0140e89.gif", "width": 270, "height": 360, "cut_type": 1, "type": ""}, "large": {"url": "https://wx1.sinaimg.cn/sti960/b72d9517gy1hh0uz0hgrhg20u0140e89.gif", "width": 960, "height": 1280, "cut_type": 1, "type": ""}, "original": {"url": "https://wx1.sinaimg.cn/orj1080/b72d9517gy1hh0uz0hgrhg20u0140e89.gif", "width": 1080, "height": 1440, "cut_type": 1, "type": ""}, "largest": {"url": "https://wx1.sinaimg.cn/large/b72d9517gy1hh0uz0hgrhg20u0140e89.gif", "width": 1080, "height": 1440, "cut_type": 1, "type": ""}, "mw2000": {"url": "https://wx1.sinaimg.cn/mw2000/b72d9517gy1hh0uz0hgrhg20u0140e89.gif", "width": 1080, "height": 1440, "cut_type": 1, "type": ""}, "object_id": "1042018:287415a65cee6f56605d3f993520807a", "pic_id": "b72d9517gy1hh0uz0hgrhg20u0140e89", "photo_tag": 0, "type": "gif", "video_object_id": "1022:2311284936087861395487", "video": "http://g.us.sinaimg.cn/o0/WR9bdv99lx087TRV8aje010412000zDu0E010.mp4?label=gif_mp4&amp;template=1080x1440.28.0&amp;ssig=zrc6r9Stv2&amp;Expires=1704740968&amp;KID=unistore,video", "pic_status": 0}}, "is_paid": false, "pic_bg_new": "http://vip.storage.weibo.com/feed_cover/raresvip_0052001143_mobile_new.png?version=2021091501", "mblog_vip_type": 0, "number_display_strategy": {"apply_scenario_flag": 3, "display_text_min_number": 1000000, "display_text": "100万+"}, "reposts_count": 0, "comments_count": 39, "attitudes_count": 56, "attitudes_status": 0, "isLongText": false, "mlevel": 0, "content_auth": 0, "is_show_bulletin": 2, "comment_manage_info": {"comment_permission_type": -1, "approval_comment_type": 0, "comment_sort_type": 0}, "share_repost_type": 0, "isTop": 1, "mblogtype": 2, "showFeedRepost": false, "showFeedComment": false, "pictureViewerSign": false, "showPictureViewer": false, "rcList": [], "text": "爬墙的 多担的&lt;br /&gt;在我这里通通取关拉黑一条龙&lt;img alt=\"[微笑]\" title=\"[微笑]\" src=\"https://face.t.sinajs.cn/t4/appstyle/expression/ext/normal/e3/2018new_weixioa02_org.png\" /&gt;&lt;br /&gt;只接受唯粉&lt;img alt=\"[微笑]\" title=\"[微笑]\" src=\"https://face.t.sinajs.cn/t4/appstyle/expression/ext/normal/e3/2018new_weixioa02_org.png\" /&gt; ​​​", "region_name": "发布于 浙江", "customIcons": []}