{"visible": {"type": 0, "list_id": 0}, "created_at": "Fri Aug 18 10:05:50 +0800 2023", "id": 4936028441282742, "idstr": "4936028441282742", "mid": "4936028441282742", "mblogid": "Nf7go5nHo", "user": {"id": 3073217815, "idstr": "3073217815", "pc_new": 0, "screen_name": "七十七只绵羊", "profile_image_url": "https://tvax3.sinaimg.cn/crop.0.0.512.512.50/b72d9517ly8hf8e0vpc8ej20e80e8myg.jpg?KID=imgbed,tva&amp;Expires=1704748249&amp;ssig=%2Fn2D8t%2FbiB", "profile_url": "/u/3073217815", "verified": true, "verified_type": 0, "domain": "", "weihao": "", "verified_type_ext": 0, "avatar_large": "https://tvax3.sinaimg.cn/crop.0.0.512.512.180/b72d9517ly8hf8e0vpc8ej20e80e8myg.jpg?KID=imgbed,tva&amp;Expires=1704748249&amp;ssig=cwjLIZQBg9", "avatar_hd": "https://tvax3.sinaimg.cn/crop.0.0.512.512.1024/b72d9517ly8hf8e0vpc8ej20e80e8myg.jpg?KID=imgbed,tva&amp;Expires=1704748249&amp;ssig=G8d9UfxYG8", "follow_me": false, "following": false, "mbrank": 5, "mbtype": 11, "v_plus": 0, "planet_video": false, "icon_list": [{"type": "vip", "data": {"mbrank": 5, "mbtype": 11, "svip": 1, "vvip": 0}}]}, "can_edit": false, "text_raw": "不得不说啊垃圾就应该彻底消失在生活里\n看到就嫌晦气[吐][吐]垃圾堆[吐][吐] ​​​", "textLength": 71, "annotations": [{"photo_sub_type": "0"}, [], {"client_mblogid": "iPhone-65EB1B2F-9633-4CE0-851D-4A0EC92D3960"}, {"source_text": "", "phone_id": "1399"}, {"mapi_request": true}], "source": "iPhone客户端", "favorited": false, "rid": "12_0_50_5117986581576773445_0_0_0", "cardid": "raresvip_0052001143", "pic_ids": ["b10c1bc2ly1hgzr14e6vlj20du0dv0sz"], "pic_num": 1, "pic_infos": {"b10c1bc2ly1hgzr14e6vlj20du0dv0sz": {"thumbnail": {"url": "https://wx1.sinaimg.cn/wap180/b10c1bc2ly1hgzr14e6vlj20du0dv0sz.jpg", "width": 179, "height": 180, "cut_type": 1, "type": ""}, "bmiddle": {"url": "https://wx1.sinaimg.cn/wap360/b10c1bc2ly1hgzr14e6vlj20du0dv0sz.jpg", "width": 359, "height": 360, "cut_type": 1, "type": ""}, "large": {"url": "https://wx1.sinaimg.cn/orj960/b10c1bc2ly1hgzr14e6vlj20du0dv0sz.jpg", "width": 498, "height": 499, "cut_type": 1, "type": ""}, "original": {"url": "https://wx1.sinaimg.cn/orj1080/b10c1bc2ly1hgzr14e6vlj20du0dv0sz.jpg", "width": 498, "height": 499, "cut_type": 1, "type": ""}, "largest": {"url": "https://wx1.sinaimg.cn/large/b10c1bc2ly1hgzr14e6vlj20du0dv0sz.jpg", "width": 498, "height": 499, "cut_type": 1, "type": ""}, "mw2000": {"url": "https://wx1.sinaimg.cn/mw2000/b10c1bc2ly1hgzr14e6vlj20du0dv0sz.jpg", "width": 498, "height": 499, "cut_type": 1, "type": ""}, "object_id": "1042018:62b0d11571177a9519059abe0b891fb3", "pic_id": "b10c1bc2ly1hgzr14e6vlj20du0dv0sz", "photo_tag": 0, "type": "pic", "pic_status": 0}}, "is_paid": false, "pic_bg_new": "http://vip.storage.weibo.com/feed_cover/raresvip_0052001143_mobile_new.png?version=2021091501", "mblog_vip_type": 0, "number_display_strategy": {"apply_scenario_flag": 3, "display_text_min_number": 1000000, "display_text": "100万+"}, "reposts_count": 0, "comments_count": 0, "attitudes_count": 0, "attitudes_status": 0, "isLongText": false, "mlevel": 0, "content_auth": 0, "is_show_bulletin": 2, "comment_manage_info": {"comment_permission_type": -1, "approval_comment_type": 0, "comment_sort_type": 0}, "share_repost_type": 0, "mblogtype": 0, "showFeedRepost": false, "showFeedComment": false, "pictureViewerSign": false, "showPictureViewer": false, "rcList": [], "text": "不得不说啊垃圾就应该彻底消失在生活里&lt;br /&gt;看到就嫌晦气&lt;img alt=\"[吐]\" title=\"[吐]\" src=\"https://face.t.sinajs.cn/t4/appstyle/expression/ext/normal/08/2018new_tu_org.png\" /&gt;&lt;img alt=\"[吐]\" title=\"[吐]\" src=\"https://face.t.sinajs.cn/t4/appstyle/expression/ext/normal/08/2018new_tu_org.png\" /&gt;垃圾堆&lt;img alt=\"[吐]\" title=\"[吐]\" src=\"https://face.t.sinajs.cn/t4/appstyle/expression/ext/normal/08/2018new_tu_org.png\" /&gt;&lt;img alt=\"[吐]\" title=\"[吐]\" src=\"https://face.t.sinajs.cn/t4/appstyle/expression/ext/normal/08/2018new_tu_org.png\" /&gt; ​​​", "region_name": "发布于 浙江", "customIcons": []}