{"visible": {"type": 0, "list_id": 0}, "created_at": "Tue Aug 22 14:13:45 +0800 2023", "id": 4937540384067387, "idstr": "4937540384067387", "mid": "4937540384067387", "mblogid": "NfKB0h471", "user": {"id": 3073217815, "idstr": "3073217815", "pc_new": 0, "screen_name": "七十七只绵羊", "profile_image_url": "https://tvax3.sinaimg.cn/crop.0.0.512.512.50/b72d9517ly8hf8e0vpc8ej20e80e8myg.jpg?KID=imgbed,tva&amp;Expires=1704748249&amp;ssig=%2Fn2D8t%2FbiB", "profile_url": "/u/3073217815", "verified": true, "verified_type": 0, "domain": "", "weihao": "", "verified_type_ext": 0, "avatar_large": "https://tvax3.sinaimg.cn/crop.0.0.512.512.180/b72d9517ly8hf8e0vpc8ej20e80e8myg.jpg?KID=imgbed,tva&amp;Expires=1704748249&amp;ssig=cwjLIZQBg9", "avatar_hd": "https://tvax3.sinaimg.cn/crop.0.0.512.512.1024/b72d9517ly8hf8e0vpc8ej20e80e8myg.jpg?KID=imgbed,tva&amp;Expires=1704748249&amp;ssig=G8d9UfxYG8", "follow_me": false, "following": false, "mbrank": 5, "mbtype": 11, "v_plus": 0, "planet_video": false, "icon_list": [{"type": "vip", "data": {"mbrank": 5, "mbtype": 11, "svip": 1, "vvip": 0}}]}, "can_edit": false, "text_raw": "今天那个渣男又发誓了[doge] ​​​", "textLength": 26, "annotations": [{"photo_sub_type": "0"}, [], {"client_mblogid": "iPhone-7456FF97-AAE5-4942-AAB2-9483ADDC09F3"}, {"source_text": "", "phone_id": "1399"}, {"mapi_request": true}], "source": "iPhone客户端", "favorited": false, "rid": "9_0_50_5117986581576773445_0_0_0", "cardid": "raresvip_0052001143", "pic_ids": ["b10c1bc2ly1hh0xin4ku8j20k00i9jrr"], "pic_num": 1, "pic_infos": {"b10c1bc2ly1hh0xin4ku8j20k00i9jrr": {"thumbnail": {"url": "https://wx2.sinaimg.cn/wap180/b10c1bc2ly1hh0xin4ku8j20k00i9jrr.jpg", "width": 180, "height": 164, "cut_type": 1, "type": ""}, "bmiddle": {"url": "https://wx2.sinaimg.cn/wap360/b10c1bc2ly1hh0xin4ku8j20k00i9jrr.jpg", "width": 360, "height": 328, "cut_type": 1, "type": ""}, "large": {"url": "https://wx2.sinaimg.cn/orj960/b10c1bc2ly1hh0xin4ku8j20k00i9jrr.jpg", "width": 720, "height": 657, "cut_type": 1, "type": ""}, "original": {"url": "https://wx2.sinaimg.cn/orj1080/b10c1bc2ly1hh0xin4ku8j20k00i9jrr.jpg", "width": 720, "height": 657, "cut_type": 1, "type": ""}, "largest": {"url": "https://wx2.sinaimg.cn/large/b10c1bc2ly1hh0xin4ku8j20k00i9jrr.jpg", "width": 720, "height": 657, "cut_type": 1, "type": ""}, "mw2000": {"url": "https://wx2.sinaimg.cn/mw2000/b10c1bc2ly1hh0xin4ku8j20k00i9jrr.jpg", "width": 720, "height": 657, "cut_type": 1, "type": ""}, "object_id": "1042018:7a151d24425646fe3c3cfb49637e64f2", "pic_id": "b10c1bc2ly1hh0xin4ku8j20k00i9jrr", "photo_tag": 0, "type": "pic", "pic_status": 0}}, "is_paid": false, "pic_bg_new": "http://vip.storage.weibo.com/feed_cover/raresvip_0052001143_mobile_new.png?version=2021091501", "mblog_vip_type": 0, "number_display_strategy": {"apply_scenario_flag": 3, "display_text_min_number": 1000000, "display_text": "100万+"}, "reposts_count": 0, "comments_count": 0, "attitudes_count": 0, "attitudes_status": 0, "isLongText": false, "mlevel": 0, "content_auth": 0, "is_show_bulletin": 2, "comment_manage_info": {"comment_permission_type": -1, "approval_comment_type": 0, "comment_sort_type": 0}, "share_repost_type": 0, "mblogtype": 0, "showFeedRepost": false, "showFeedComment": false, "pictureViewerSign": false, "showPictureViewer": false, "rcList": [], "text": "今天那个渣男又发誓了&lt;img alt=\"[doge]\" title=\"[doge]\" src=\"https://face.t.sinajs.cn/t4/appstyle/expression/ext/normal/a1/2018new_doge02_org.png\" /&gt; ​​​", "region_name": "发布于 浙江", "customIcons": []}