{"visible": {"type": 0, "list_id": 0}, "created_at": "Fri Aug 25 17:57:42 +0800 2023", "id": 4938683905214943, "idstr": "4938683905214943", "mid": "4938683905214943", "mblogid": "NgelolSDZ", "user": {"id": 3073217815, "idstr": "3073217815", "pc_new": 0, "screen_name": "七十七只绵羊", "profile_image_url": "https://tvax3.sinaimg.cn/crop.0.0.512.512.50/b72d9517ly8hf8e0vpc8ej20e80e8myg.jpg?KID=imgbed,tva&amp;Expires=1704748249&amp;ssig=%2Fn2D8t%2FbiB", "profile_url": "/u/3073217815", "verified": true, "verified_type": 0, "domain": "", "weihao": "", "verified_type_ext": 0, "avatar_large": "https://tvax3.sinaimg.cn/crop.0.0.512.512.180/b72d9517ly8hf8e0vpc8ej20e80e8myg.jpg?KID=imgbed,tva&amp;Expires=1704748249&amp;ssig=cwjLIZQBg9", "avatar_hd": "https://tvax3.sinaimg.cn/crop.0.0.512.512.1024/b72d9517ly8hf8e0vpc8ej20e80e8myg.jpg?KID=imgbed,tva&amp;Expires=1704748249&amp;ssig=G8d9UfxYG8", "follow_me": false, "following": false, "mbrank": 5, "mbtype": 11, "v_plus": 0, "planet_video": false, "icon_list": [{"type": "vip", "data": {"mbrank": 5, "mbtype": 11, "svip": 1, "vvip": 0}}]}, "can_edit": false, "text_raw": "#日本核污染水排海当天大阪突降暴雨#这个行为就是逆天而行 要拖着地球上所有的生物下地狱！！令人发指 ！！！ ​​​", "textLength": 102, "annotations": [{"ann_ext": "ann_ext:search|t:31|q:#日本核污染水排海当天大阪突降暴雨#|creator_source:bottomsendweibo"}, {"shooting": 1, "client_mblogid": "iPhone-95CC832F-0AF7-46CE-912F-DD4D9284FABA"}, {"source_text": "", "phone_id": "1399"}, {"mapi_request": true}], "source": "iPhone客户端", "favorited": false, "rid": "3_0_50_5117986581576773445_0_0_0", "cardid": "raresvip_0052001143", "pic_ids": [], "pic_num": 0, "is_paid": false, "pic_bg_new": "http://vip.storage.weibo.com/feed_cover/raresvip_0052001143_mobile_new.png?version=2021091501", "mblog_vip_type": 0, "number_display_strategy": {"apply_scenario_flag": 3, "display_text_min_number": 1000000, "display_text": "100万+"}, "reposts_count": 0, "comments_count": 1, "attitudes_count": 2, "attitudes_status": 0, "isLongText": false, "mlevel": 0, "content_auth": 0, "is_show_bulletin": 2, "comment_manage_info": {"comment_permission_type": -1, "approval_comment_type": 0, "comment_sort_type": 0}, "share_repost_type": 0, "topic_struct": [{"title": "", "topic_url": "sinaweibo://searchall?containerid=231522&amp;q=%23%E6%97%A5%E6%9C%AC%E6%A0%B8%E6%B1%A1%E6%9F%93%E6%B0%B4%E6%8E%92%E6%B5%B7%E5%BD%93%E5%A4%A9%E5%A4%A7%E9%98%AA%E7%AA%81%E9%99%8D%E6%9A%B4%E9%9B%A8%23&amp;extparam=%23%E6%97%A5%E6%9C%AC%E6%A0%B8%E6%B1%A1%E6%9F%93%E6%B0%B4%E6%8E%92%E6%B5%B7%E5%BD%93%E5%A4%A9%E5%A4%A7%E9%98%AA%E7%AA%81%E9%99%8D%E6%9A%B4%E9%9B%A8%23", "topic_title": "日本核污染水排海当天大阪突降暴雨", "actionlog": {"act_type": 1, "act_code": 300, "oid": "1022:23152230b65ec2588efeba9d4bc2a65d03899f", "uuid": 4938407825637646, "cardid": "", "lcardid": "", "uicode": "", "luicode": "", "fid": "1076033073217815_-_WEIBO_SECOND_PROFILE_WEIBO", "lfid": "", "ext": "mid:4938683905214943|rid:3_0_50_5117986581576773445_0_0_0|short_url:|long_url:|comment_id:|miduid:3073217815|rootmid:4938683905214943|rootuid:3073217815|authorid:|uuid:4938407825637646|is_ad_weibo:0"}}], "mblogtype": 0, "showFeedRepost": false, "showFeedComment": false, "pictureViewerSign": false, "showPictureViewer": false, "rcList": [], "text": "&lt;a href=\"//s.weibo.com/weibo?q=%23%E6%97%A5%E6%9C%AC%E6%A0%B8%E6%B1%A1%E6%9F%93%E6%B0%B4%E6%8E%92%E6%B5%B7%E5%BD%93%E5%A4%A9%E5%A4%A7%E9%98%AA%E7%AA%81%E9%99%8D%E6%9A%B4%E9%9B%A8%23\" target=\"_blank\"&gt;#日本核污染水排海当天大阪突降暴雨#&lt;/a&gt;这个行为就是逆天而行 要拖着地球上所有的生物下地狱！！令人发指 ！！！ ​​​", "region_name": "发布于 浙江", "customIcons": []}