{"visible": {"type": 0, "list_id": 0}, "created_at": "Thu Aug 24 18:38:33 +0800 2023", "id": 4938331799160992, "idstr": "4938331799160992", "mid": "4938331799160992", "mblogid": "Ng5btCrbW", "user": {"id": 3073217815, "idstr": "3073217815", "pc_new": 0, "screen_name": "七十七只绵羊", "profile_image_url": "https://tvax3.sinaimg.cn/crop.0.0.512.512.50/b72d9517ly8hf8e0vpc8ej20e80e8myg.jpg?KID=imgbed,tva&amp;Expires=1704748249&amp;ssig=%2Fn2D8t%2FbiB", "profile_url": "/u/3073217815", "verified": true, "verified_type": 0, "domain": "", "weihao": "", "verified_type_ext": 0, "avatar_large": "https://tvax3.sinaimg.cn/crop.0.0.512.512.180/b72d9517ly8hf8e0vpc8ej20e80e8myg.jpg?KID=imgbed,tva&amp;Expires=1704748249&amp;ssig=cwjLIZQBg9", "avatar_hd": "https://tvax3.sinaimg.cn/crop.0.0.512.512.1024/b72d9517ly8hf8e0vpc8ej20e80e8myg.jpg?KID=imgbed,tva&amp;Expires=1704748249&amp;ssig=G8d9UfxYG8", "follow_me": false, "following": false, "mbrank": 5, "mbtype": 11, "v_plus": 0, "planet_video": false, "icon_list": [{"type": "vip", "data": {"mbrank": 5, "mbtype": 11, "svip": 1, "vvip": 0}}]}, "can_edit": false, "text_raw": "今天真tmd 操蛋的一天\n气到吐血 ​​​", "textLength": 29, "annotations": [[], {"shooting": 1, "client_mblogid": "iPhone-F30C5F5E-3ECB-4131-9DE2-D5BB1A77B094"}, {"source_text": "", "phone_id": "1399"}, {"mapi_request": true}], "source": "iPhone客户端", "favorited": false, "rid": "4_0_50_5117986581576773445_0_0_0", "cardid": "raresvip_0052001143", "pic_ids": [], "pic_num": 0, "is_paid": false, "pic_bg_new": "http://vip.storage.weibo.com/feed_cover/raresvip_0052001143_mobile_new.png?version=2021091501", "mblog_vip_type": 0, "number_display_strategy": {"apply_scenario_flag": 3, "display_text_min_number": 1000000, "display_text": "100万+"}, "reposts_count": 0, "comments_count": 2, "attitudes_count": 0, "attitudes_status": 0, "isLongText": false, "mlevel": 0, "content_auth": 0, "is_show_bulletin": 2, "comment_manage_info": {"comment_permission_type": -1, "approval_comment_type": 0, "comment_sort_type": 0}, "share_repost_type": 0, "mblogtype": 0, "showFeedRepost": false, "showFeedComment": false, "pictureViewerSign": false, "showPictureViewer": false, "rcList": [], "text": "今天真tmd 操蛋的一天&lt;br /&gt;气到吐血 ​​​", "region_name": "发布于 浙江", "customIcons": []}