{"visible": {"type": 0, "list_id": 0}, "created_at": "Fri Aug 25 19:18:20 +0800 2023", "id": 4938704197522224, "idstr": "4938704197522224", "mid": "4938704197522224", "mblogid": "NgeS7vySc", "user": {"id": 3073217815, "idstr": "3073217815", "pc_new": 0, "screen_name": "七十七只绵羊", "profile_image_url": "https://tvax3.sinaimg.cn/crop.0.0.512.512.50/b72d9517ly8hf8e0vpc8ej20e80e8myg.jpg?KID=imgbed,tva&amp;Expires=1704748249&amp;ssig=%2Fn2D8t%2FbiB", "profile_url": "/u/3073217815", "verified": true, "verified_type": 0, "domain": "", "weihao": "", "verified_type_ext": 0, "avatar_large": "https://tvax3.sinaimg.cn/crop.0.0.512.512.180/b72d9517ly8hf8e0vpc8ej20e80e8myg.jpg?KID=imgbed,tva&amp;Expires=1704748249&amp;ssig=cwjLIZQBg9", "avatar_hd": "https://tvax3.sinaimg.cn/crop.0.0.512.512.1024/b72d9517ly8hf8e0vpc8ej20e80e8myg.jpg?KID=imgbed,tva&amp;Expires=1704748249&amp;ssig=G8d9UfxYG8", "follow_me": false, "following": false, "mbrank": 5, "mbtype": 11, "v_plus": 0, "planet_video": false, "icon_list": [{"type": "vip", "data": {"mbrank": 5, "mbtype": 11, "svip": 1, "vvip": 0}}]}, "can_edit": false, "text_raw": "晚风吹人醒万事藏于心我没有说不公平也没有说苦\n我说我知道了 ​​​", "textLength": 57, "annotations": [{"photo_sub_type": "0"}, [], {"client_mblogid": "iPhone-58E52C72-CF7F-4EAE-929C-04A5D55944CC"}, {"source_text": "", "phone_id": "1399"}, {"mapi_request": true}], "source": "iPhone客户端", "favorited": false, "rid": "2_0_50_5117986581576773445_0_0_0", "cardid": "raresvip_0052001143", "pic_ids": ["b72d9517gy1hh97en1eqbj20u014012s"], "pic_num": 1, "pic_infos": {"b72d9517gy1hh97en1eqbj20u014012s": {"thumbnail": {"url": "https://wx2.sinaimg.cn/wap180/b72d9517gy1hh97en1eqbj20u014012s.jpg", "width": 135, "height": 180, "cut_type": 1, "type": ""}, "bmiddle": {"url": "https://wx2.sinaimg.cn/wap360/b72d9517gy1hh97en1eqbj20u014012s.jpg", "width": 270, "height": 360, "cut_type": 1, "type": ""}, "large": {"url": "https://wx2.sinaimg.cn/orj960/b72d9517gy1hh97en1eqbj20u014012s.jpg", "width": 960, "height": 1280, "cut_type": 1, "type": ""}, "original": {"url": "https://wx2.sinaimg.cn/orj1080/b72d9517gy1hh97en1eqbj20u014012s.jpg", "width": 1080, "height": 1440, "cut_type": 1, "type": ""}, "largest": {"url": "https://wx2.sinaimg.cn/large/b72d9517gy1hh97en1eqbj20u014012s.jpg", "width": 1080, "height": 1440, "cut_type": 1, "type": ""}, "mw2000": {"url": "https://wx2.sinaimg.cn/mw2000/b72d9517gy1hh97en1eqbj20u014012s.jpg", "width": 1080, "height": 1440, "cut_type": 1, "type": ""}, "object_id": "1042018:bb91725c8b404496fd37c3e45e6013ab", "pic_id": "b72d9517gy1hh97en1eqbj20u014012s", "photo_tag": 0, "type": "pic", "pic_status": 0}}, "is_paid": false, "pic_bg_new": "http://vip.storage.weibo.com/feed_cover/raresvip_0052001143_mobile_new.png?version=2021091501", "mblog_vip_type": 0, "number_display_strategy": {"apply_scenario_flag": 3, "display_text_min_number": 1000000, "display_text": "100万+"}, "reposts_count": 0, "comments_count": 2, "attitudes_count": 1, "attitudes_status": 0, "isLongText": false, "mlevel": 0, "content_auth": 0, "is_show_bulletin": 2, "comment_manage_info": {"comment_permission_type": -1, "approval_comment_type": 0, "comment_sort_type": 0}, "share_repost_type": 0, "mblogtype": 0, "showFeedRepost": false, "showFeedComment": false, "pictureViewerSign": false, "showPictureViewer": false, "rcList": [], "text": "晚风吹人醒万事藏于心我没有说不公平也没有说苦&lt;br /&gt;我说我知道了 ​​​", "region_name": "发布于 浙江", "customIcons": []}