{"visible": {"type": 0, "list_id": 0}, "created_at": "Sun Aug 27 18:16:34 +0800 2023", "id": 4939413428900080, "idstr": "4939413428900080", "mid": "4939413428900080", "mblogid": "Ngxk2BljG", "user": {"id": 3073217815, "idstr": "3073217815", "pc_new": 0, "screen_name": "七十七只绵羊", "profile_image_url": "https://tvax3.sinaimg.cn/crop.0.0.512.512.50/b72d9517ly8hf8e0vpc8ej20e80e8myg.jpg?KID=imgbed,tva&amp;Expires=1704748249&amp;ssig=%2Fn2D8t%2FbiB", "profile_url": "/u/3073217815", "verified": true, "verified_type": 0, "domain": "", "weihao": "", "verified_type_ext": 0, "avatar_large": "https://tvax3.sinaimg.cn/crop.0.0.512.512.180/b72d9517ly8hf8e0vpc8ej20e80e8myg.jpg?KID=imgbed,tva&amp;Expires=1704748249&amp;ssig=cwjLIZQBg9", "avatar_hd": "https://tvax3.sinaimg.cn/crop.0.0.512.512.1024/b72d9517ly8hf8e0vpc8ej20e80e8myg.jpg?KID=imgbed,tva&amp;Expires=1704748249&amp;ssig=G8d9UfxYG8", "follow_me": false, "following": false, "mbrank": 5, "mbtype": 11, "v_plus": 0, "planet_video": false, "icon_list": [{"type": "vip", "data": {"mbrank": 5, "mbtype": 11, "svip": 1, "vvip": 0}}]}, "can_edit": false, "text_raw": "看见你开心我也开心🥳 ​​​", "textLength": 22, "annotations": [{"photo_sub_type": "0"}, [], {"client_mblogid": "iPhone-13C14140-7FCE-4D46-B3BA-8D26F00A2769"}, {"source_text": "", "phone_id": "1399"}, {"mapi_request": true}], "source": "iPhone客户端", "favorited": false, "rid": "0_0_50_5117986581576773445_0_0_0", "cardid": "raresvip_0052001143", "pic_ids": ["b72d9517gy1hhbgwnb93dg20rs0nrb2k"], "pic_num": 1, "pic_infos": {"b72d9517gy1hhbgwnb93dg20rs0nrb2k": {"thumbnail": {"url": "https://wx3.sinaimg.cn/wap180/b72d9517gy1hhbgwnb93dg20rs0nrb2k.gif", "width": 180, "height": 153, "cut_type": 1, "type": ""}, "bmiddle": {"url": "https://wx3.sinaimg.cn/wap360/b72d9517gy1hhbgwnb93dg20rs0nrb2k.gif", "width": 360, "height": 307, "cut_type": 1, "type": ""}, "large": {"url": "https://wx3.sinaimg.cn/sti960/b72d9517gy1hhbgwnb93dg20rs0nrb2k.gif", "width": 1000, "height": 855, "cut_type": 1, "type": ""}, "original": {"url": "https://wx3.sinaimg.cn/orj1080/b72d9517gy1hhbgwnb93dg20rs0nrb2k.gif", "width": 1000, "height": 855, "cut_type": 1, "type": ""}, "largest": {"url": "https://wx3.sinaimg.cn/large/b72d9517gy1hhbgwnb93dg20rs0nrb2k.gif", "width": 1000, "height": 855, "cut_type": 1, "type": ""}, "mw2000": {"url": "https://wx3.sinaimg.cn/mw2000/b72d9517gy1hhbgwnb93dg20rs0nrb2k.gif", "width": 1000, "height": 855, "cut_type": 1, "type": ""}, "object_id": "1042018:1bc9d3f50e23fdd0e8662c7c11723d2a", "pic_id": "b72d9517gy1hhbgwnb93dg20rs0nrb2k", "photo_tag": 0, "type": "gif", "video_object_id": "1022:2311284939413428568109", "video": "http://g.us.sinaimg.cn/o0/ilS6EJiJlx0888vq81sc010412001qBV0E010.mp4?label=gif_mp4&amp;template=1000x856.28.0&amp;ssig=dxIrwNSiSX&amp;Expires=1704741049&amp;KID=unistore,video", "pic_status": 0}}, "is_paid": false, "pic_bg_new": "http://vip.storage.weibo.com/feed_cover/raresvip_0052001143_mobile_new.png?version=2021091501", "mblog_vip_type": 0, "number_display_strategy": {"apply_scenario_flag": 3, "display_text_min_number": 1000000, "display_text": "100万+"}, "reposts_count": 0, "comments_count": 0, "attitudes_count": 0, "attitudes_status": 0, "isLongText": false, "mlevel": 0, "content_auth": 0, "is_show_bulletin": 2, "comment_manage_info": {"comment_permission_type": -1, "approval_comment_type": 0, "comment_sort_type": 0}, "share_repost_type": 0, "mblogtype": 0, "showFeedRepost": false, "showFeedComment": false, "pictureViewerSign": false, "showPictureViewer": false, "rcList": [], "text": "看见你开心我也开心🥳 ​​​", "region_name": "发布于 浙江", "customIcons": []}