{"visible": {"type": 0, "list_id": 0}, "created_at": "Thu Aug 31 19:25:02 +0800 2023", "id": 4940880212136483, "idstr": "4940880212136483", "mid": "4940880212136483", "mblogid": "Nh9tP8XNp", "user": {"id": 3073217815, "idstr": "3073217815", "pc_new": 0, "screen_name": "七十七只绵羊", "profile_image_url": "https://tvax3.sinaimg.cn/crop.0.0.512.512.50/b72d9517ly8hf8e0vpc8ej20e80e8myg.jpg?KID=imgbed,tva&amp;Expires=1704748227&amp;ssig=9fTgkONTAj", "profile_url": "/u/3073217815", "verified": true, "verified_type": 0, "domain": "", "weihao": "", "verified_type_ext": 0, "avatar_large": "https://tvax3.sinaimg.cn/crop.0.0.512.512.180/b72d9517ly8hf8e0vpc8ej20e80e8myg.jpg?KID=imgbed,tva&amp;Expires=1704748227&amp;ssig=kYon%2BEzX8f", "avatar_hd": "https://tvax3.sinaimg.cn/crop.0.0.512.512.1024/b72d9517ly8hf8e0vpc8ej20e80e8myg.jpg?KID=imgbed,tva&amp;Expires=1704748227&amp;ssig=Pn6z9XgTne", "follow_me": false, "following": false, "mbrank": 5, "mbtype": 11, "v_plus": 0, "planet_video": false, "icon_list": [{"type": "vip", "data": {"mbrank": 5, "mbtype": 11, "svip": 1, "vvip": 0}}]}, "can_edit": false, "text_raw": "长沙等你哇 老公[doge]", "annotations": [{"mapi_request": true}], "source": "iPhone客户端", "favorited": false, "rid": "15_0_50_5226123721967370789_0_0_0", "cardid": "raresvip_0052001143", "pic_ids": [], "pic_num": 0, "is_paid": false, "pic_bg_new": "http://vip.storage.weibo.com/feed_cover/raresvip_0052001143_mobile_new.png?version=2021091501", "mblog_vip_type": 0, "number_display_strategy": {"apply_scenario_flag": 3, "display_text_min_number": 1000000, "display_text": "100万+"}, "reposts_count": 0, "comments_count": 0, "attitudes_count": 0, "attitudes_status": 0, "isLongText": false, "mlevel": 0, "content_auth": 0, "is_show_bulletin": 2, "comment_manage_info": {"comment_permission_type": -1, "approval_comment_type": 0, "comment_sort_type": 0}, "repost_type": 1, "share_repost_type": 0, "mblogtype": 0, "showFeedRepost": false, "showFeedComment": false, "pictureViewerSign": false, "showPictureViewer": false, "rcList": [], "text": "长沙等你哇 老公&lt;img alt=\"[doge]\" title=\"[doge]\" src=\"https://face.t.sinajs.cn/t4/appstyle/expression/ext/normal/a1/2018new_doge02_org.png\" /&gt;", "region_name": "发布于 湖南", "customIcons": [], "retweeted_status": {"visible": {"type": 0, "list_id": 0}, "created_at": "Thu Aug 31 19:17:05 +0800 2023", "id": 4940878209619408, "idstr": "4940878209619408", "mid": "4940878209619408", "mblogid": "Nh9qAEmrK", "user": {"id": 2060419113, "idstr": "2060419113", "pc_new": 0, "screen_name": "成毅", "profile_image_url": "https://tvax1.sinaimg.cn/crop.0.0.1080.1080.50/002frj8lly8hj4a1cc148j60u00u0gon02.jpg?KID=imgbed,tva&amp;Expires=1704748227&amp;ssig=bgjxXgPpr5", "profile_url": "/u/2060419113", "verified": true, "verified_type": 0, "domain": "", "weihao": "", "verified_type_ext": 1, "avatar_large": "https://tvax1.sinaimg.cn/crop.0.0.1080.1080.180/002frj8lly8hj4a1cc148j60u00u0gon02.jpg?KID=imgbed,tva&amp;Expires=1704748227&amp;ssig=w3atYvsKJ6", "avatar_hd": "https://tvax1.sinaimg.cn/crop.0.0.1080.1080.1024/002frj8lly8hj4a1cc148j60u00u0gon02.jpg?KID=imgbed,tva&amp;Expires=1704748227&amp;ssig=X%2FUqL%2BpDZi", "follow_me": false, "following": false, "mbrank": 8, "mbtype": 12, "v_plus": 0, "planet_video": false, "icon_list": [{"type": "vip", "data": {"mbrank": 8, "mbtype": 12, "svip": 1, "vvip": 0}}]}, "can_edit": false, "text_raw": "九月，出发[拳头] ​​​", "textLength": 16, "annotations": [{"photo_sub_type": "0,0,0"}, [], {"client_mblogid": "iPhone-556AF0FA-90B7-4D9D-BF19-A029A6F7ED08"}, {"source_text": "🐳", "phone_id": "1399"}, {"mapi_request": true}], "source": "🐳iPhone客户端", "favorited": false, "buttons": [{"type": "follow", "name": "加关注", "params": {"uid": 2060419113, "disable_group": 1, "extparams": {"followcardid": "1008080010_"}}, "actionlog": {"act_code": "92", "oid": "4940878209619408"}}], "rid": "15_0_50_5226123721967370789_0_0_0", "cardid": "star_318", "pic_ids": ["002frj8lly1hhg53hq3b9j60zu1atkc002", "002frj8lly1hhg53jaserj60zu1b01kx02", "002frj8lly1hhg53gxaqhj60zu1plwtg02"], "pic_focus_point": [{"focus_point": {"left": 0.020270452, "top": 0.24588147, "width": 0.96631277, "height": 0.5621887}, "pic_id": "002frj8lly1hhg53gxaqhj60zu1plwtg02"}, {"focus_point": {"left": 0.017290905, "top": 0.22820501, "width": 0.982709, "height": 0.7492478}, "pic_id": "002frj8lly1hhg53jaserj60zu1b01kx02"}, {"focus_point": {"left": 0.45652175, "top": 0.4372919, "width": 0.18695652, "height": 0.20310766}, "pic_id": "002frj8lly1hhg53hq3b9j60zu1atkc002"}], "geo": "", "pic_num": 3, "pic_infos": {"002frj8lly1hhg53hq3b9j60zu1atkc002": {"thumbnail": {"url": "https://wx3.sinaimg.cn/wap180/002frj8lly1hhg53hq3b9j60zu1atkc002.jpg", "width": 137, "height": 180, "cut_type": 1, "type": ""}, "bmiddle": {"url": "https://wx3.sinaimg.cn/wap360/002frj8lly1hhg53hq3b9j60zu1atkc002.jpg", "width": 275, "height": 360, "cut_type": 1, "type": ""}, "large": {"url": "https://wx3.sinaimg.cn/orj960/002frj8lly1hhg53hq3b9j60zu1atkc002.jpg", "width": 960, "height": 1253, "cut_type": 1, "type": ""}, "original": {"url": "https://wx3.sinaimg.cn/orj1080/002frj8lly1hhg53hq3b9j60zu1atkc002.jpg", "width": 1080, "height": 1410, "cut_type": 1, "type": ""}, "largest": {"url": "https://wx3.sinaimg.cn/large/002frj8lly1hhg53hq3b9j60zu1atkc002.jpg", "width": 1290, "height": 1685, "cut_type": 1, "type": ""}, "mw2000": {"url": "https://wx3.sinaimg.cn/mw2000/002frj8lly1hhg53hq3b9j60zu1atkc002.jpg", "width": 1290, "height": 1685, "cut_type": 1, "type": ""}, "focus_point": {"left": 0.45652175, "top": 0.4372919, "width": 0.18695652, "height": 0.20310766}, "object_id": "1042018:1d5aaa8d3f2a07185178f2742e007c90", "pic_id": "002frj8lly1hhg53hq3b9j60zu1atkc002", "photo_tag": 0, "type": "pic", "pic_status": 1}, "002frj8lly1hhg53jaserj60zu1b01kx02": {"thumbnail": {"url": "https://wx3.sinaimg.cn/wap180/002frj8lly1hhg53jaserj60zu1b01kx02.jpg", "width": 137, "height": 180, "cut_type": 1, "type": ""}, "bmiddle": {"url": "https://wx3.sinaimg.cn/wap360/002frj8lly1hhg53jaserj60zu1b01kx02.jpg", "width": 274, "height": 360, "cut_type": 1, "type": ""}, "large": {"url": "https://wx3.sinaimg.cn/orj960/002frj8lly1hhg53jaserj60zu1b01kx02.jpg", "width": 960, "height": 1259, "cut_type": 1, "type": ""}, "original": {"url": "https://wx3.sinaimg.cn/orj1080/002frj8lly1hhg53jaserj60zu1b01kx02.jpg", "width": 1080, "height": 1416, "cut_type": 1, "type": ""}, "largest": {"url": "https://wx3.sinaimg.cn/large/002frj8lly1hhg53jaserj60zu1b01kx02.jpg", "width": 1290, "height": 1692, "cut_type": 1, "type": ""}, "mw2000": {"url": "https://wx3.sinaimg.cn/mw2000/002frj8lly1hhg53jaserj60zu1b01kx02.jpg", "width": 1290, "height": 1692, "cut_type": 1, "type": ""}, "focus_point": {"left": 0.017290905, "top": 0.22820501, "width": 0.982709, "height": 0.7492478}, "object_id": "1042018:7cce81ee973d3403b8ec3389c5fc148d", "pic_id": "002frj8lly1hhg53jaserj60zu1b01kx02", "photo_tag": 0, "type": "pic", "pic_status": 1}, "002frj8lly1hhg53gxaqhj60zu1plwtg02": {"thumbnail": {"url": "https://wx2.sinaimg.cn/wap180/002frj8lly1hhg53gxaqhj60zu1plwtg02.jpg", "width": 104, "height": 180, "cut_type": 1, "type": ""}, "bmiddle": {"url": "https://wx2.sinaimg.cn/wap360/002frj8lly1hhg53gxaqhj60zu1plwtg02.jpg", "width": 209, "height": 360, "cut_type": 1, "type": ""}, "large": {"url": "https://wx2.sinaimg.cn/orj960/002frj8lly1hhg53gxaqhj60zu1plwtg02.jpg", "width": 960, "height": 1649, "cut_type": 1, "type": ""}, "original": {"url": "https://wx2.sinaimg.cn/orj1080/002frj8lly1hhg53gxaqhj60zu1plwtg02.jpg", "width": 1080, "height": 1856, "cut_type": 1, "type": ""}, "largest": {"url": "https://wx2.sinaimg.cn/large/002frj8lly1hhg53gxaqhj60zu1plwtg02.jpg", "width": 1290, "height": 2217, "cut_type": 1, "type": ""}, "mw2000": {"url": "https://wx2.sinaimg.cn/mw2000/002frj8lly1hhg53gxaqhj60zu1plwtg02.jpg", "width": 1290, "height": 2217, "cut_type": 1, "type": ""}, "focus_point": {"left": 0.020270452, "top": 0.24588147, "width": 0.96631277, "height": 0.5621887}, "object_id": "1042018:ce34576e846ba462ddb90923d421d7d6", "pic_id": "002frj8lly1hhg53gxaqhj60zu1plwtg02", "photo_tag": 0, "type": "pic", "pic_status": 1}}, "is_paid": false, "mblog_vip_type": 0, "number_display_strategy": {"apply_scenario_flag": 3, "display_text_min_number": 1000000, "display_text": "100万+"}, "reposts_count": 1000000, "comments_count": 1000000, "attitudes_count": 4524265, "attitudes_status": 0, "isLongText": false, "mlevel": 0, "content_auth": 0, "is_show_bulletin": 2, "comment_manage_info": {"comment_permission_type": -1, "approval_comment_type": 0, "comment_sort_type": 0, "ai_play_picture_type": 0}, "mblogtype": 0, "showFeedRepost": false, "showFeedComment": false, "pictureViewerSign": false, "showPictureViewer": false, "rcList": [], "text": "九月，出发&lt;img alt=\"[拳头]\" title=\"[拳头]\" src=\"https://face.t.sinajs.cn/t4/appstyle/expression/ext/normal/86/2018new_quantou_org.png\" /&gt; ​​​", "region_name": "发布于 上海", "customIcons": []}}