{"visible": {"type": 0, "list_id": 0}, "created_at": "Thu Aug 31 21:27:55 +0800 2023", "id": 4940911136736348, "idstr": "4940911136736348", "mid": "4940911136736348", "mblogid": "NhahHsgqM", "user": {"id": 3073217815, "idstr": "3073217815", "pc_new": 0, "screen_name": "七十七只绵羊", "profile_image_url": "https://tvax3.sinaimg.cn/crop.0.0.512.512.50/b72d9517ly8hf8e0vpc8ej20e80e8myg.jpg?KID=imgbed,tva&amp;Expires=1704748227&amp;ssig=9fTgkONTAj", "profile_url": "/u/3073217815", "verified": true, "verified_type": 0, "domain": "", "weihao": "", "verified_type_ext": 0, "avatar_large": "https://tvax3.sinaimg.cn/crop.0.0.512.512.180/b72d9517ly8hf8e0vpc8ej20e80e8myg.jpg?KID=imgbed,tva&amp;Expires=1704748227&amp;ssig=kYon%2BEzX8f", "avatar_hd": "https://tvax3.sinaimg.cn/crop.0.0.512.512.1024/b72d9517ly8hf8e0vpc8ej20e80e8myg.jpg?KID=imgbed,tva&amp;Expires=1704748227&amp;ssig=Pn6z9XgTne", "follow_me": false, "following": false, "mbrank": 5, "mbtype": 11, "v_plus": 0, "planet_video": false, "icon_list": [{"type": "vip", "data": {"mbrank": 5, "mbtype": 11, "svip": 1, "vvip": 0}}]}, "can_edit": false, "edit_count": 1, "text_raw": "好喜欢长沙🥰\n好想做湖南媳妇😜@成毅  ​​​", "textLength": 58, "annotations": [{"photo_sub_type": "0,0,0,0,0,0"}, [], {"client_mblogid": "iPhone-3DD05529-9579-4A35-B33D-498D6678E0FA"}, {"source_text": "", "phone_id": "1399"}, {"mapi_request": true}, {"place": {"poiid": "8008643010000000000", "title": "长沙", "type": "checkin", "spot_type": "0"}}, {"spot_type": "0"}], "source": "iPhone客户端", "favorited": false, "rid": "14_0_50_5226123721967370789_0_0_0", "cardid": "raresvip_0052001143", "pic_ids": ["b72d9517gy1hhg8w25czgj20u010eagu", "b72d9517gy1hhg8w2pt49j20u0140490", "b72d9517gy1hhg8w1sscqj20u0140ah0", "b72d9517gy1hhg8w1exwnj20u0140wk7", "b72d9517gy1hhg8w32dpwj20u0140112", "b72d9517gy1hhg8w3fww0j20u012a11c"], "geo": {"type": "Point", "coordinates": [28.19409, 112.982279]}, "pic_num": 6, "pic_infos": {"b72d9517gy1hhg8w25czgj20u010eagu": {"thumbnail": {"url": "https://wx2.sinaimg.cn/wap180/b72d9517gy1hhg8w25czgj20u010eagu.jpg", "width": 148, "height": 180, "cut_type": 1, "type": ""}, "bmiddle": {"url": "https://wx2.sinaimg.cn/wap360/b72d9517gy1hhg8w25czgj20u010eagu.jpg", "width": 297, "height": 360, "cut_type": 1, "type": ""}, "large": {"url": "https://wx2.sinaimg.cn/orj960/b72d9517gy1hhg8w25czgj20u010eagu.jpg", "width": 960, "height": 1164, "cut_type": 1, "type": ""}, "original": {"url": "https://wx2.sinaimg.cn/orj1080/b72d9517gy1hhg8w25czgj20u010eagu.jpg", "width": 1080, "height": 1310, "cut_type": 1, "type": ""}, "largest": {"url": "https://wx2.sinaimg.cn/large/b72d9517gy1hhg8w25czgj20u010eagu.jpg", "width": 1080, "height": 1310, "cut_type": 1, "type": ""}, "mw2000": {"url": "https://wx2.sinaimg.cn/mw2000/b72d9517gy1hhg8w25czgj20u010eagu.jpg", "width": 1080, "height": 1310, "cut_type": 1, "type": ""}, "object_id": "1042018:b49072b212e188eff23aaec6c4aa78f3", "pic_id": "b72d9517gy1hhg8w25czgj20u010eagu", "photo_tag": 0, "type": "pic", "pic_status": 0}, "b72d9517gy1hhg8w2pt49j20u0140490": {"thumbnail": {"url": "https://wx1.sinaimg.cn/wap180/b72d9517gy1hhg8w2pt49j20u0140490.jpg", "width": 135, "height": 180, "cut_type": 1, "type": ""}, "bmiddle": {"url": "https://wx1.sinaimg.cn/wap360/b72d9517gy1hhg8w2pt49j20u0140490.jpg", "width": 270, "height": 360, "cut_type": 1, "type": ""}, "large": {"url": "https://wx1.sinaimg.cn/orj960/b72d9517gy1hhg8w2pt49j20u0140490.jpg", "width": 960, "height": 1280, "cut_type": 1, "type": ""}, "original": {"url": "https://wx1.sinaimg.cn/orj1080/b72d9517gy1hhg8w2pt49j20u0140490.jpg", "width": 1080, "height": 1440, "cut_type": 1, "type": ""}, "largest": {"url": "https://wx1.sinaimg.cn/large/b72d9517gy1hhg8w2pt49j20u0140490.jpg", "width": 1080, "height": 1440, "cut_type": 1, "type": ""}, "mw2000": {"url": "https://wx1.sinaimg.cn/mw2000/b72d9517gy1hhg8w2pt49j20u0140490.jpg", "width": 1080, "height": 1440, "cut_type": 1, "type": ""}, "object_id": "1042018:302b967efe9cba2b499a89397e0f21af", "pic_id": "b72d9517gy1hhg8w2pt49j20u0140490", "photo_tag": 0, "type": "pic", "pic_status": 0}, "b72d9517gy1hhg8w1sscqj20u0140ah0": {"thumbnail": {"url": "https://wx3.sinaimg.cn/wap180/b72d9517gy1hhg8w1sscqj20u0140ah0.jpg", "width": 135, "height": 180, "cut_type": 1, "type": ""}, "bmiddle": {"url": "https://wx3.sinaimg.cn/wap360/b72d9517gy1hhg8w1sscqj20u0140ah0.jpg", "width": 270, "height": 360, "cut_type": 1, "type": ""}, "large": {"url": "https://wx3.sinaimg.cn/orj960/b72d9517gy1hhg8w1sscqj20u0140ah0.jpg", "width": 960, "height": 1280, "cut_type": 1, "type": ""}, "original": {"url": "https://wx3.sinaimg.cn/orj1080/b72d9517gy1hhg8w1sscqj20u0140ah0.jpg", "width": 1080, "height": 1440, "cut_type": 1, "type": ""}, "largest": {"url": "https://wx3.sinaimg.cn/large/b72d9517gy1hhg8w1sscqj20u0140ah0.jpg", "width": 1080, "height": 1440, "cut_type": 1, "type": ""}, "mw2000": {"url": "https://wx3.sinaimg.cn/mw2000/b72d9517gy1hhg8w1sscqj20u0140ah0.jpg", "width": 1080, "height": 1440, "cut_type": 1, "type": ""}, "object_id": "1042018:547da07378a7d2c539532f30e38b3820", "pic_id": "b72d9517gy1hhg8w1sscqj20u0140ah0", "photo_tag": 0, "type": "pic", "pic_status": 0}, "b72d9517gy1hhg8w1exwnj20u0140wk7": {"thumbnail": {"url": "https://wx2.sinaimg.cn/wap180/b72d9517gy1hhg8w1exwnj20u0140wk7.jpg", "width": 135, "height": 180, "cut_type": 1, "type": ""}, "bmiddle": {"url": "https://wx2.sinaimg.cn/wap360/b72d9517gy1hhg8w1exwnj20u0140wk7.jpg", "width": 270, "height": 360, "cut_type": 1, "type": ""}, "large": {"url": "https://wx2.sinaimg.cn/orj960/b72d9517gy1hhg8w1exwnj20u0140wk7.jpg", "width": 960, "height": 1280, "cut_type": 1, "type": ""}, "original": {"url": "https://wx2.sinaimg.cn/orj1080/b72d9517gy1hhg8w1exwnj20u0140wk7.jpg", "width": 1080, "height": 1440, "cut_type": 1, "type": ""}, "largest": {"url": "https://wx2.sinaimg.cn/large/b72d9517gy1hhg8w1exwnj20u0140wk7.jpg", "width": 1080, "height": 1440, "cut_type": 1, "type": ""}, "mw2000": {"url": "https://wx2.sinaimg.cn/mw2000/b72d9517gy1hhg8w1exwnj20u0140wk7.jpg", "width": 1080, "height": 1440, "cut_type": 1, "type": ""}, "object_id": "1042018:91d73d99e34d19f7452fa143cd2653ef", "pic_id": "b72d9517gy1hhg8w1exwnj20u0140wk7", "photo_tag": 0, "type": "pic", "pic_status": 0}, "b72d9517gy1hhg8w32dpwj20u0140112": {"thumbnail": {"url": "https://wx2.sinaimg.cn/wap180/b72d9517gy1hhg8w32dpwj20u0140112.jpg", "width": 135, "height": 180, "cut_type": 1, "type": ""}, "bmiddle": {"url": "https://wx2.sinaimg.cn/wap360/b72d9517gy1hhg8w32dpwj20u0140112.jpg", "width": 270, "height": 360, "cut_type": 1, "type": ""}, "large": {"url": "https://wx2.sinaimg.cn/orj960/b72d9517gy1hhg8w32dpwj20u0140112.jpg", "width": 960, "height": 1280, "cut_type": 1, "type": ""}, "original": {"url": "https://wx2.sinaimg.cn/orj1080/b72d9517gy1hhg8w32dpwj20u0140112.jpg", "width": 1080, "height": 1440, "cut_type": 1, "type": ""}, "largest": {"url": "https://wx2.sinaimg.cn/large/b72d9517gy1hhg8w32dpwj20u0140112.jpg", "width": 1080, "height": 1440, "cut_type": 1, "type": ""}, "mw2000": {"url": "https://wx2.sinaimg.cn/mw2000/b72d9517gy1hhg8w32dpwj20u0140112.jpg", "width": 1080, "height": 1440, "cut_type": 1, "type": ""}, "object_id": "1042018:5d7f51f4e414e487834c08baf2a3a9c2", "pic_id": "b72d9517gy1hhg8w32dpwj20u0140112", "photo_tag": 0, "type": "pic", "pic_status": 0}, "b72d9517gy1hhg8w3fww0j20u012a11c": {"thumbnail": {"url": "https://wx2.sinaimg.cn/wap180/b72d9517gy1hhg8w3fww0j20u012a11c.jpg", "width": 141, "height": 180, "cut_type": 1, "type": ""}, "bmiddle": {"url": "https://wx2.sinaimg.cn/wap360/b72d9517gy1hhg8w3fww0j20u012a11c.jpg", "width": 282, "height": 360, "cut_type": 1, "type": ""}, "large": {"url": "https://wx2.sinaimg.cn/orj960/b72d9517gy1hhg8w3fww0j20u012a11c.jpg", "width": 960, "height": 1224, "cut_type": 1, "type": ""}, "original": {"url": "https://wx2.sinaimg.cn/orj1080/b72d9517gy1hhg8w3fww0j20u012a11c.jpg", "width": 1080, "height": 1378, "cut_type": 1, "type": ""}, "largest": {"url": "https://wx2.sinaimg.cn/large/b72d9517gy1hhg8w3fww0j20u012a11c.jpg", "width": 1080, "height": 1378, "cut_type": 1, "type": ""}, "mw2000": {"url": "https://wx2.sinaimg.cn/mw2000/b72d9517gy1hhg8w3fww0j20u012a11c.jpg", "width": 1080, "height": 1378, "cut_type": 1, "type": ""}, "object_id": "1042018:9076a1f3d3e1d67b354fdd5d64749641", "pic_id": "b72d9517gy1hhg8w3fww0j20u012a11c", "photo_tag": 0, "type": "pic", "pic_status": 0}}, "is_paid": false, "pic_bg_new": "http://vip.storage.weibo.com/feed_cover/raresvip_0052001143_mobile_new.png?version=2021091501", "mblog_vip_type": 0, "number_display_strategy": {"apply_scenario_flag": 3, "display_text_min_number": 1000000, "display_text": "100万+"}, "reposts_count": 0, "comments_count": 27, "attitudes_count": 10, "attitudes_status": 0, "isLongText": false, "mlevel": 0, "content_auth": 0, "is_show_bulletin": 2, "comment_manage_info": {"comment_permission_type": -1, "approval_comment_type": 0, "comment_sort_type": 0}, "share_repost_type": 0, "tag_struct": [{"tag_name": "长沙", "tag_scheme": "sinaweibo://pageinfo?containerid=1008086b357589b12f6141fc48c4b0375ef2f9_-_lbs&amp;lcardid=frompoi&amp;extparam=frompoi", "url_type_pic": "https://h5.sinaimg.cn/upload/100/972/2022/06/13/timeline_location.png", "oid": "1022:1001018008643010000000000", "otype": "place", "tag_type": 1, "tag_hidden": 2, "ori_url": "http://t.cn/EvoILgo", "actionlog": {"act_code": 2413, "oid": "1022:1001018008643010000000000", "uicode": "", "luicode": "", "fid": "1076033073217815_-_WEIBO_SECOND_PROFILE_WEIBO", "ext": "orifid:"}, "desc": "楚汉名城", "is_checkin": 1}], "mblogtype": 0, "showFeedRepost": false, "showFeedComment": false, "pictureViewerSign": false, "showPictureViewer": false, "rcList": [], "text": "好喜欢长沙🥰&lt;br /&gt;好想做湖南媳妇😜&lt;a href=/n/成毅 usercard=\"name=@成毅\"&gt;@成毅&lt;/a&gt;  ​​​", "region_name": "发布于 湖南", "customIcons": []}