{"visible": {"type": 0, "list_id": 0}, "created_at": "Wed Aug 30 15:44:13 +0800 2023", "id": 4940462253935881, "idstr": "4940462253935881", "mid": "4940462253935881", "mblogid": "NgYBHgvTX", "user": {"id": 3073217815, "idstr": "3073217815", "pc_new": 0, "screen_name": "七十七只绵羊", "profile_image_url": "https://tvax3.sinaimg.cn/crop.0.0.512.512.50/b72d9517ly8hf8e0vpc8ej20e80e8myg.jpg?KID=imgbed,tva&amp;Expires=1704748227&amp;ssig=9fTgkONTAj", "profile_url": "/u/3073217815", "verified": true, "verified_type": 0, "domain": "", "weihao": "", "verified_type_ext": 0, "avatar_large": "https://tvax3.sinaimg.cn/crop.0.0.512.512.180/b72d9517ly8hf8e0vpc8ej20e80e8myg.jpg?KID=imgbed,tva&amp;Expires=1704748227&amp;ssig=kYon%2BEzX8f", "avatar_hd": "https://tvax3.sinaimg.cn/crop.0.0.512.512.1024/b72d9517ly8hf8e0vpc8ej20e80e8myg.jpg?KID=imgbed,tva&amp;Expires=1704748227&amp;ssig=Pn6z9XgTne", "follow_me": false, "following": false, "mbrank": 5, "mbtype": 11, "v_plus": 0, "planet_video": false, "icon_list": [{"type": "vip", "data": {"mbrank": 5, "mbtype": 11, "svip": 1, "vvip": 0}}]}, "can_edit": false, "edit_count": 1, "text_raw": "来见公公婆婆了[害羞]@成毅  ​​​", "textLength": 45, "annotations": [{"photo_sub_type": "0"}, [], {"client_mblogid": "iPhone-F43EB2B0-72A7-4064-906F-115DDFA7C49F"}, {"source_text": "", "phone_id": "1399"}, {"mapi_request": true}, {"place": {"poiid": "8008643010000000000", "title": "长沙", "type": "checkin", "spot_type": "0"}}, {"spot_type": "0"}], "source": "iPhone客户端", "favorited": false, "rid": "16_0_50_5226123721967370789_0_0_0", "cardid": "raresvip_0052001143", "pic_ids": ["b72d9517gy1hhetd4rwq7j22c03407wm"], "geo": {"type": "Point", "coordinates": [28.19409, 112.982279]}, "pic_num": 1, "pic_infos": {"b72d9517gy1hhetd4rwq7j22c03407wm": {"thumbnail": {"url": "https://wx1.sinaimg.cn/wap180/b72d9517gy1hhetd4rwq7j22c03407wm.jpg", "width": 135, "height": 180, "cut_type": 1, "type": ""}, "bmiddle": {"url": "https://wx1.sinaimg.cn/wap360/b72d9517gy1hhetd4rwq7j22c03407wm.jpg", "width": 270, "height": 360, "cut_type": 1, "type": ""}, "large": {"url": "https://wx1.sinaimg.cn/orj960/b72d9517gy1hhetd4rwq7j22c03407wm.jpg", "width": 960, "height": 1279, "cut_type": 1, "type": ""}, "original": {"url": "https://wx1.sinaimg.cn/orj1080/b72d9517gy1hhetd4rwq7j22c03407wm.jpg", "width": 1080, "height": 1439, "cut_type": 1, "type": ""}, "largest": {"url": "https://wx1.sinaimg.cn/large/b72d9517gy1hhetd4rwq7j22c03407wm.jpg", "width": 2048, "height": 2730, "cut_type": 1, "type": ""}, "mw2000": {"url": "https://wx1.sinaimg.cn/mw2000/b72d9517gy1hhetd4rwq7j22c03407wm.jpg", "width": 2000, "height": 2666, "cut_type": 1, "type": ""}, "object_id": "1042018:ac2c4cfa839d3ce935d64b162e102933", "pic_id": "b72d9517gy1hhetd4rwq7j22c03407wm", "photo_tag": 0, "type": "pic", "pic_status": 1}}, "is_paid": false, "pic_bg_new": "http://vip.storage.weibo.com/feed_cover/raresvip_0052001143_mobile_new.png?version=2021091501", "mblog_vip_type": 0, "number_display_strategy": {"apply_scenario_flag": 3, "display_text_min_number": 1000000, "display_text": "100万+"}, "reposts_count": 0, "comments_count": 8, "attitudes_count": 4, "attitudes_status": 0, "isLongText": false, "mlevel": 0, "content_auth": 0, "is_show_bulletin": 2, "comment_manage_info": {"comment_permission_type": -1, "approval_comment_type": 0, "comment_sort_type": 0}, "share_repost_type": 0, "tag_struct": [{"tag_name": "长沙", "tag_scheme": "sinaweibo://pageinfo?containerid=1008086b357589b12f6141fc48c4b0375ef2f9_-_lbs&amp;lcardid=frompoi&amp;extparam=frompoi", "url_type_pic": "https://h5.sinaimg.cn/upload/100/972/2022/06/13/timeline_location.png", "oid": "1022:1001018008643010000000000", "otype": "place", "tag_type": 1, "tag_hidden": 2, "ori_url": "http://t.cn/EvoILgo", "actionlog": {"act_code": 2413, "oid": "1022:1001018008643010000000000", "uicode": "", "luicode": "", "fid": "1076033073217815_-_WEIBO_SECOND_PROFILE_WEIBO", "ext": "orifid:"}, "desc": "楚汉名城", "is_checkin": 1}], "mblogtype": 0, "showFeedRepost": false, "showFeedComment": false, "pictureViewerSign": false, "showPictureViewer": false, "rcList": [], "text": "来见公公婆婆了&lt;img alt=\"[害羞]\" title=\"[害羞]\" src=\"https://face.t.sinajs.cn/t4/appstyle/expression/ext/normal/c1/2018new_haixiu_org.png\" /&gt;&lt;a href=/n/成毅 usercard=\"name=@成毅\"&gt;@成毅&lt;/a&gt;  ​​​", "region_name": "发布于 湖南", "customIcons": []}