{"visible": {"type": 0, "list_id": 0}, "created_at": "Tue Sep 05 17:44:09 +0800 2023", "id": 4942666762027933, "idstr": "4942666762027933", "mid": "4942666762027933", "mblogid": "NhTXm8vyB", "user": {"id": 3073217815, "idstr": "3073217815", "pc_new": 0, "screen_name": "七十七只绵羊", "profile_image_url": "https://tvax3.sinaimg.cn/crop.0.0.512.512.50/b72d9517ly8hf8e0vpc8ej20e80e8myg.jpg?KID=imgbed,tva&amp;Expires=1704748227&amp;ssig=9fTgkONTAj", "profile_url": "/u/3073217815", "verified": true, "verified_type": 0, "domain": "", "weihao": "", "verified_type_ext": 0, "avatar_large": "https://tvax3.sinaimg.cn/crop.0.0.512.512.180/b72d9517ly8hf8e0vpc8ej20e80e8myg.jpg?KID=imgbed,tva&amp;Expires=1704748227&amp;ssig=kYon%2BEzX8f", "avatar_hd": "https://tvax3.sinaimg.cn/crop.0.0.512.512.1024/b72d9517ly8hf8e0vpc8ej20e80e8myg.jpg?KID=imgbed,tva&amp;Expires=1704748227&amp;ssig=Pn6z9XgTne", "follow_me": false, "following": false, "mbrank": 5, "mbtype": 11, "v_plus": 0, "planet_video": false, "icon_list": [{"type": "vip", "data": {"mbrank": 5, "mbtype": 11, "svip": 1, "vvip": 0}}]}, "can_edit": false, "text_raw": "#papi酱气离婚的又气不离婚的#干脆都不要结婚好了[doge] 谈恋爱归谈恋爱 不要结婚呢 ​​​", "textLength": 78, "annotations": [{"ann_ext": "ann_ext:search|t:31|q:#papi酱气离婚的又气不离婚的#|creator_source:bottomsendweibo"}, {"shooting": 1, "client_mblogid": "iPhone-70C87970-72AA-4EDD-9337-0223BB8545E1"}, {"source_text": "", "phone_id": "1399"}, {"mapi_request": true}], "source": "iPhone客户端", "favorited": false, "rid": "10_0_50_5226123721967370789_0_0_0", "cardid": "raresvip_0052001143", "pic_ids": [], "pic_num": 0, "is_paid": false, "pic_bg_new": "http://vip.storage.weibo.com/feed_cover/raresvip_0052001143_mobile_new.png?version=2021091501", "mblog_vip_type": 0, "number_display_strategy": {"apply_scenario_flag": 3, "display_text_min_number": 1000000, "display_text": "100万+"}, "reposts_count": 0, "comments_count": 0, "attitudes_count": 1, "attitudes_status": 0, "isLongText": false, "mlevel": 0, "content_auth": 0, "is_show_bulletin": 2, "comment_manage_info": {"comment_permission_type": -1, "approval_comment_type": 0, "comment_sort_type": 0}, "share_repost_type": 0, "topic_struct": [{"title": "", "topic_url": "sinaweibo://searchall?containerid=231522&amp;q=%23papi%E9%85%B1%E6%B0%94%E7%A6%BB%E5%A9%9A%E7%9A%84%E5%8F%88%E6%B0%94%E4%B8%8D%E7%A6%BB%E5%A9%9A%E7%9A%84%23&amp;extparam=%23papi%E9%85%B1%E6%B0%94%E7%A6%BB%E5%A9%9A%E7%9A%84%E5%8F%88%E6%B0%94%E4%B8%8D%E7%A6%BB%E5%A9%9A%E7%9A%84%23", "topic_title": "papi酱气离婚的又气不离婚的", "actionlog": {"act_type": 1, "act_code": 300, "oid": "1022:231522e67194bf41c44c2e6c72893bb4cd1752", "uuid": 4942580445085839, "cardid": "", "lcardid": "", "uicode": "", "luicode": "", "fid": "1076033073217815_-_WEIBO_SECOND_PROFILE_WEIBO", "lfid": "", "ext": "mid:4942666762027933|rid:10_0_50_5226123721967370789_0_0_0|short_url:|long_url:|comment_id:|miduid:3073217815|rootmid:4942666762027933|rootuid:3073217815|authorid:|uuid:4942580445085839|is_ad_weibo:0"}}], "mblogtype": 0, "showFeedRepost": false, "showFeedComment": false, "pictureViewerSign": false, "showPictureViewer": false, "rcList": [], "text": "&lt;a href=\"//s.weibo.com/weibo?q=%23papi%E9%85%B1%E6%B0%94%E7%A6%BB%E5%A9%9A%E7%9A%84%E5%8F%88%E6%B0%94%E4%B8%8D%E7%A6%BB%E5%A9%9A%E7%9A%84%23\" target=\"_blank\"&gt;#papi酱气离婚的又气不离婚的#&lt;/a&gt;干脆都不要结婚好了&lt;img alt=\"[doge]\" title=\"[doge]\" src=\"https://face.t.sinajs.cn/t4/appstyle/expression/ext/normal/a1/2018new_doge02_org.png\" /&gt; 谈恋爱归谈恋爱 不要结婚呢 ​​​", "region_name": "发布于 浙江", "customIcons": []}