{"visible": {"type": 0, "list_id": 0}, "created_at": "Tue Sep 05 11:43:19 +0800 2023", "id": 4942575955609839, "idstr": "4942575955609839", "mid": "4942575955609839", "mblogid": "NhRATnxnh", "user": {"id": 3073217815, "idstr": "3073217815", "pc_new": 0, "screen_name": "七十七只绵羊", "profile_image_url": "https://tvax3.sinaimg.cn/crop.0.0.512.512.50/b72d9517ly8hf8e0vpc8ej20e80e8myg.jpg?KID=imgbed,tva&amp;Expires=1704748227&amp;ssig=9fTgkONTAj", "profile_url": "/u/3073217815", "verified": true, "verified_type": 0, "domain": "", "weihao": "", "verified_type_ext": 0, "avatar_large": "https://tvax3.sinaimg.cn/crop.0.0.512.512.180/b72d9517ly8hf8e0vpc8ej20e80e8myg.jpg?KID=imgbed,tva&amp;Expires=1704748227&amp;ssig=kYon%2BEzX8f", "avatar_hd": "https://tvax3.sinaimg.cn/crop.0.0.512.512.1024/b72d9517ly8hf8e0vpc8ej20e80e8myg.jpg?KID=imgbed,tva&amp;Expires=1704748227&amp;ssig=Pn6z9XgTne", "follow_me": false, "following": false, "mbrank": 5, "mbtype": 11, "v_plus": 0, "planet_video": false, "icon_list": [{"type": "vip", "data": {"mbrank": 5, "mbtype": 11, "svip": 1, "vvip": 0}}]}, "can_edit": false, "text_raw": "好哦 等你[赢牛奶]", "annotations": [{"mapi_request": true}], "source": "iPhone客户端", "favorited": false, "mark": "999_reallog_mark_ad:999|WeiboADNatural", "rid": "11_0_50_5226123721967370789_0_0_0", "cardid": "raresvip_0052001143", "pic_ids": [], "pic_num": 0, "is_paid": false, "pic_bg_new": "http://vip.storage.weibo.com/feed_cover/raresvip_0052001143_mobile_new.png?version=2021091501", "mblog_vip_type": 0, "number_display_strategy": {"apply_scenario_flag": 3, "display_text_min_number": 1000000, "display_text": "100万+"}, "reposts_count": 0, "comments_count": 0, "attitudes_count": 0, "attitudes_status": 0, "isLongText": false, "mlevel": 0, "content_auth": 0, "is_show_bulletin": 2, "comment_manage_info": {"comment_permission_type": -1, "approval_comment_type": 0, "comment_sort_type": 0}, "repost_type": 1, "share_repost_type": 0, "topic_struct": [{"title": "", "topic_url": "sinaweibo://searchall?containerid=231522&amp;q=%23%E4%B8%80%E6%8A%B9%E6%97%A0%E7%91%95%E4%B8%8D%E6%80%95%E6%80%BC%23&amp;extparam=%23%E4%B8%80%E6%8A%B9%E6%97%A0%E7%91%95%E4%B8%8D%E6%80%95%E6%80%BC%23", "topic_title": "一抹无瑕不怕怼", "actionlog": {"act_type": 1, "act_code": 300, "oid": "1022:2315229151f4ba0255a66467c05adb387e3d04", "uuid": 4939771649458397, "cardid": "", "lcardid": "", "uicode": "", "luicode": "", "fid": "1076033073217815_-_WEIBO_SECOND_PROFILE_WEIBO", "lfid": "", "ext": "mid:4942550026161772|rid:11_0_50_5226123721967370789_0_0_0|miduid:3073217815|rootmid:4942550026161772|rootuid:2060419113|authorid:|uuid:4939771649458397|is_ad_weibo:1"}}, {"title": "", "topic_url": "sinaweibo://searchall?containerid=231522&amp;q=%23%E4%BB%8A%E5%A4%9C%E5%A4%A7%E6%98%8E%E6%98%9F%23&amp;extparam=%23%E4%BB%8A%E5%A4%9C%E5%A4%A7%E6%98%8E%E6%98%9F%23", "topic_title": "今夜大明星", "actionlog": {"act_type": 1, "act_code": 300, "oid": "1022:2315221fd42f1c9d5a337b50cb71b39160244c", "uuid": 4655991772676721, "cardid": "", "lcardid": "", "uicode": "", "luicode": "", "fid": "1076033073217815_-_WEIBO_SECOND_PROFILE_WEIBO", "lfid": "", "ext": "mid:4942550026161772|rid:11_0_50_5226123721967370789_0_0_0|miduid:3073217815|rootmid:4942550026161772|rootuid:2060419113|authorid:|uuid:4655991772676721|is_ad_weibo:1"}}], "url_struct": [{"url_title": "网页链接", "url_type_pic": "https://h5.sinaimg.cn/upload/2015/09/25/3/timeline_card_small_web.png", "ori_url": "sinaweibo://browser?disable_interception=1&amp;disable_sinaurl=1&amp;allowRedirect=1&amp;url=https%3A%2F%2Fh5.m.taobao.com%2Ftaolive%2Fvideo.html%3Fid%3D424419581372%26livesource%3Danchor_pc_share%26spm%3Da2141.live_waitou%26mark_id%3D999_reallog_mark_ad%25253A999%25257CWeiboADNatural&amp;schemewhitelist=%7B%22itunes%22%3A%5B%22.%2A%22%5D%2C%22scheme%22%3A%5B%22.%2A%22%5D%7D", "short_url": "http://t.cn/A6OqEUhd", "long_url": "https://h5.m.taobao.com/taolive/video.html?id=424419581372&amp;livesource=anchor_pc_share&amp;spm=a2141.live_waitou&amp;mark_id=999_reallog_mark_ad%3A999%7CWeiboADNatural", "url_type": 0, "result": true, "actionlog": {"act_type": 1, "act_code": 300, "oid": "4942575955609839", "uuid": "", "cardid": "", "lcardid": "", "uicode": "", "luicode": "", "fid": "1076033073217815_-_WEIBO_SECOND_PROFILE_WEIBO", "lfid": "", "ext": "mid:4942550026161772|rid:11_0_50_5226123721967370789_0_0_0|miduid:3073217815|rootmid:4942550026161772|rootuid:2060419113|authorid:|uuid:|is_ad_weibo:1|analysis_card:url_struct", "mid": "4942575955609839", "source": "ad", "code": 14000014, "mark": "999_reallog_mark_ad:999|WeiboADNatural", "uid": "6839654475"}, "storage_type": "", "hide": 0, "position": 2, "need_save_obj": 1, "log": "su=A6OqEUhd&amp;mark=999_reallog_mark_ad:999|WeiboADNatural&amp;mid=4942550026161772"}, {"url_title": "MakeUpForEver中国的微博视频", "url_type_pic": "https://h5.sinaimg.cn/upload/2015/09/25/3/timeline_card_small_video.png", "ori_url": "sinaweibo://video/vvs?mid=4942550026161772&amp;object_id=1034:4941225736732713&amp;url_type=39&amp;object_type=video&amp;pos=1&amp;mark_id=999_reallog_mark_ad%253A999%257CWeiboADNatural", "page_id": "2304444941225736732713", "short_url": "http://t.cn/A6OqEb2T", "long_url": "https://video.weibo.com/show?fid=1034:4941225736732713&amp;mark_id=999_reallog_mark_ad%3A999%7CWeiboADNatural", "url_type": 39, "result": false, "actionlog": {"act_type": 1, "act_code": 300, "oid": "4942575955609839", "uuid": 4941226200531091, "cardid": "", "lcardid": "", "uicode": "", "luicode": "", "fid": "1076033073217815_-_WEIBO_SECOND_PROFILE_WEIBO", "lfid": "", "ext": "mid:4942550026161772|rid:11_0_50_5226123721967370789_0_0_0|miduid:3073217815|rootmid:4942550026161772|rootuid:2060419113|authorid:1880845233|uuid:4941226200531091|is_ad_weibo:1|analysis_card:url_struct", "mid": "4942575955609839", "source": "ad", "code": 14000014, "mark": "999_reallog_mark_ad:999|WeiboADNatural", "uid": "6839654475"}, "storage_type": "oss", "hide": 0, "object_type": "", "ttl": 3600, "h5_target_url": "https://video.weibo.com/show?fid=1034:4941225736732713&amp;from=1FFFF96039&amp;weiboauthoruid=2060419113", "need_save_obj": 0}], "mblogtype": 0, "showFeedRepost": false, "showFeedComment": false, "pictureViewerSign": false, "showPictureViewer": false, "rcList": [], "text": "好哦 等你&lt;img alt=\"[赢牛奶]\" title=\"[赢牛奶]\" src=\"https://face.t.sinajs.cn/t4/appstyle/expression/ext/normal/9c/2021_yingniunai_org.png\" /&gt;", "region_name": "发布于 浙江", "customIcons": [], "retweeted_status": {"visible": {"type": 0, "list_id": 0}, "created_at": "Tue Sep 05 10:00:17 +0800 2023", "id": 4942550026161772, "idstr": "4942550026161772", "mid": "4942550026161772", "mblogid": "NhQV4pQXq", "user": {"id": 2060419113, "idstr": "2060419113", "pc_new": 0, "screen_name": "成毅", "profile_image_url": "https://tvax1.sinaimg.cn/crop.0.0.1080.1080.50/002frj8lly8hj4a1cc148j60u00u0gon02.jpg?KID=imgbed,tva&amp;Expires=1704748227&amp;ssig=bgjxXgPpr5", "profile_url": "/u/2060419113", "verified": true, "verified_type": 0, "domain": "", "weihao": "", "verified_type_ext": 1, "avatar_large": "https://tvax1.sinaimg.cn/crop.0.0.1080.1080.180/002frj8lly8hj4a1cc148j60u00u0gon02.jpg?KID=imgbed,tva&amp;Expires=1704748227&amp;ssig=w3atYvsKJ6", "avatar_hd": "https://tvax1.sinaimg.cn/crop.0.0.1080.1080.1024/002frj8lly8hj4a1cc148j60u00u0gon02.jpg?KID=imgbed,tva&amp;Expires=1704748227&amp;ssig=X%2FUqL%2BpDZi", "follow_me": false, "following": false, "mbrank": 8, "mbtype": 12, "v_plus": 0, "planet_video": false, "icon_list": [{"type": "vip", "data": {"mbrank": 8, "mbtype": 12, "svip": 1, "vvip": 0}}]}, "can_edit": false, "text_raw": "镜头拉近，如何释出自信底色？与@MakeUpForEver中国 仿真肌底妆家族一起，革新底妆想象。仿真肌丝绒粉饼#一抹无瑕不怕怼#，24小时雾感持妆，成就无畏本色。9月7日晚8点，锁定玫珂菲官方旗舰店#今夜大明星# 点击预约http://t.cn/A6OqEUhd，和我一起探索底色无瑕的秘诀！http://t.cn/A6OqEb2T ​​​", "textLength": 269, "annotations": [[], {"shooting": 1, "client_mblogid": "iPhone-51A0BCB2-124D-4C90-8909-6F8B33FCADD5"}, {"source_text": "🐳", "phone_id": "1399"}, {"mapi_request": true}], "source": "🐳iPhone客户端", "favorited": false, "buttons": [{"type": "follow", "name": "加关注", "params": {"uid": 2060419113, "disable_group": 1, "extparams": {"followcardid": "1008080010_"}}, "actionlog": {"act_code": "92", "oid": "4942550026161772"}}], "mark": "999_reallog_mark_ad:999|WeiboADNatural", "rid": "11_0_50_5226123721967370789_0_0_0", "cardid": "star_318", "pic_ids": [], "geo": "", "pic_num": 0, "is_paid": false, "mblog_vip_type": 0, "number_display_strategy": {"apply_scenario_flag": 3, "display_text_min_number": 1000000, "display_text": "100万+"}, "reposts_count": 1000000, "comments_count": 1000000, "attitudes_count": 3256376, "attitudes_status": 0, "isLongText": false, "mlevel": 0, "content_auth": 0, "is_show_bulletin": 2, "comment_manage_info": {"comment_permission_type": -1, "approval_comment_type": 0, "comment_sort_type": 0, "ai_play_picture_type": 0}, "mblogtype": 0, "showFeedRepost": false, "showFeedComment": false, "pictureViewerSign": false, "showPictureViewer": false, "rcList": [], "text": "镜头拉近，如何释出自信底色？与&lt;a href=/n/MakeUpForEver中国 usercard=\"name=@MakeUpForEver中国\"&gt;@MakeUpForEver中国&lt;/a&gt; 仿真肌底妆家族一起，革新底妆想象。仿真肌丝绒粉饼&lt;a href=\"//s.weibo.com/weibo?q=%23%E4%B8%80%E6%8A%B9%E6%97%A0%E7%91%95%E4%B8%8D%E6%80%95%E6%80%BC%23\" target=\"_blank\"&gt;#一抹无瑕不怕怼#&lt;/a&gt;，24小时雾感持妆，成就无畏本色。9月7日晚8点，锁定玫珂菲官方旗舰店&lt;a href=\"//s.weibo.com/weibo?q=%23%E4%BB%8A%E5%A4%9C%E5%A4%A7%E6%98%8E%E6%98%9F%23\" target=\"_blank\"&gt;#今夜大明星#&lt;/a&gt; 点击预约&lt;a target=\"_blank\" href=\"//weibo.cn/sinaurl?u=https%3A%2F%2Fh5.m.taobao.com%2Ftaolive%2Fvideo.html%3Fid%3D424419581372%26livesource%3Danchor_pc_share%26spm%3Da2141.live_waitou%26mark_id%3D999_reallog_mark_ad%253A999%257CWeiboADNatural\"&gt;&lt;img class=\"icon-link\" src=\"https://h5.sinaimg.cn/upload/2015/09/25/3/timeline_card_small_web_default.png\"/&gt;网页链接&lt;/a&gt;，和我一起探索底色无瑕的秘诀！&lt;a target=\"_blank\" href=\"https://video.weibo.com/show?fid=1034:4941225736732713\"&gt;&lt;img class=\"icon-link\" src=\"https://h5.sinaimg.cn/upload/2015/09/25/3/timeline_card_small_video_default.png\"/&gt;MakeUpForEver中国的微博视频&lt;/a&gt; ​​​", "region_name": "发布于 湖南", "customIcons": []}, "page_info": {"type": "11", "page_id": "2304444941225736732713", "object_type": "video", "object_id": "1034:4941225736732713", "content1": "MakeUpForEver中国的微博视频", "content2": "#一抹无瑕不怕怼#镜头拉近，如何释出自信底色？和@MakeUpForEver中国 「仿真肌」底妆家族系列一起，革新底妆想象，#仿真肌丝绒粉饼#三重柔焦微粒隐匿瑕疵，一抹磨皮雾哑，成就无畏本色。9月7日晚8点，锁定玫珂菲官方直播间，和我一起探索底色无瑕的秘诀！戳链接预约👉http", "act_status": 1, "media_info": {"name": "MakeUpForEver中国的微博视频", "stream_url": "http://f.video.weibocdn.com/o0/RKPDfnMClx088gufoDWE01041200dRjB0E010.mp4?label=mp4_720p&amp;template=720x1280.24.0&amp;ori=0&amp;ps=1CwnkDw1GXwCQx&amp;Expires=1704741027&amp;ssig=kbTKP9Bnn6&amp;KID=unistore,video", "stream_url_hd": "http://f.video.weibocdn.com/o0/RKPDfnMClx088gufoDWE01041200dRjB0E010.mp4?label=mp4_720p&amp;template=720x1280.24.0&amp;ori=0&amp;ps=1CwnkDw1GXwCQx&amp;Expires=1704741027&amp;ssig=kbTKP9Bnn6&amp;KID=unistore,video", "format": "mp4", "h5_url": "https://video.weibo.com/show?fid=1034:4941225736732713&amp;mark_id=999_reallog_mark_ad%253A999%257CWeiboADNatural", "mp4_sd_url": "http://f.video.weibocdn.com/o0/RKPDfnMClx088gufoDWE01041200dRjB0E010.mp4?label=mp4_720p&amp;template=720x1280.24.0&amp;ori=0&amp;ps=1CwnkDw1GXwCQx&amp;Expires=1704741027&amp;ssig=kbTKP9Bnn6&amp;KID=unistore,video", "mp4_hd_url": "http://f.video.weibocdn.com/o0/RKPDfnMClx088gufoDWE01041200dRjB0E010.mp4?label=mp4_720p&amp;template=720x1280.24.0&amp;ori=0&amp;ps=1CwnkDw1GXwCQx&amp;Expires=1704741027&amp;ssig=kbTKP9Bnn6&amp;KID=unistore,video", "h265_mp4_hd": "http://f.video.weibocdn.com/o0/RKPDfnMClx088gufoDWE01041200dRjB0E010.mp4?label=mp4_720p&amp;template=720x1280.24.0&amp;ori=0&amp;ps=1CwnkDw1GXwCQx&amp;Expires=1704741027&amp;ssig=kbTKP9Bnn6&amp;KID=unistore,video", "h265_mp4_ld": "http://f.video.weibocdn.com/o0/RKPDfnMClx088gufoDWE01041200dRjB0E010.mp4?label=mp4_720p&amp;template=720x1280.24.0&amp;ori=0&amp;ps=1CwnkDw1GXwCQx&amp;Expires=1704741027&amp;ssig=kbTKP9Bnn6&amp;KID=unistore,video", "inch_4_mp4_hd": "http://f.video.weibocdn.com/o0/RKPDfnMClx088gufoDWE01041200dRjB0E010.mp4?label=mp4_720p&amp;template=720x1280.24.0&amp;ori=0&amp;ps=1CwnkDw1GXwCQx&amp;Expires=1704741027&amp;ssig=kbTKP9Bnn6&amp;KID=unistore,video", "inch_5_mp4_hd": "http://f.video.weibocdn.com/o0/RKPDfnMClx088gufoDWE01041200dRjB0E010.mp4?label=mp4_720p&amp;template=720x1280.24.0&amp;ori=0&amp;ps=1CwnkDw1GXwCQx&amp;Expires=1704741027&amp;ssig=kbTKP9Bnn6&amp;KID=unistore,video", "inch_5_5_mp4_hd": "http://f.video.weibocdn.com/o0/RKPDfnMClx088gufoDWE01041200dRjB0E010.mp4?label=mp4_720p&amp;template=720x1280.24.0&amp;ori=0&amp;ps=1CwnkDw1GXwCQx&amp;Expires=1704741027&amp;ssig=kbTKP9Bnn6&amp;KID=unistore,video", "mp4_720p_mp4": "http://f.video.weibocdn.com/o0/RKPDfnMClx088gufoDWE01041200dRjB0E010.mp4?label=mp4_720p&amp;template=720x1280.24.0&amp;ori=0&amp;ps=1CwnkDw1GXwCQx&amp;Expires=1704741027&amp;ssig=kbTKP9Bnn6&amp;KID=unistore,video", "hevc_mp4_720p": "", "prefetch_type": 1, "prefetch_size": 262144, "act_status": 1, "protocol": "general,dash", "media_id": "4941225736732713", "origin_total_bitrate": 0, "video_orientation": "vertical", "duration": 32, "forward_strategy": -1, "search_scheme": "sinaweibo://svssearch?containerid=232080", "is_short_video": 0, "vote_is_show": 0, "belong_collection": 0, "titles_display_time": "3", "show_progress_bar": 1, "show_mute_button": true, "ext_info": {"video_orientation": "vertical"}, "next_title": "镜头拉近，如何释出自信底色？与@MakeUpForEver中国 仿真肌底妆家族一起，革新底妆想象。仿真肌丝绒粉饼#一抹无瑕不怕怼#，24小时雾感持妆，成就无畏本色。9月7日晚8点，锁定玫珂菲官方旗舰店#今夜大明星# 点击预约http://t.cn/A6OqEUhd，和我一起探索底色无瑕的秘诀！", "kol_title": "", "play_completion_actions": [{"type": "1", "icon": "https://h5.sinaimg.cn/upload/100/1413/2021/12/22/feed_video_icon_replay.png", "text": "重播", "link": "", "btn_code": 1000, "show_position": 1, "actionlog": {"oid": "2304444941225736732713", "act_code": 1221, "act_type": 1, "source": "ad", "mid": "4942575955609839", "code": "80000002", "mark": "999_reallog_mark_ad:999|WeiboADNatural", "ext": ""}}, {"type": 6, "icon": "https://tvax1.sinaimg.cn/crop.0.0.1000.1000.180/701b6bb1ly8h4b5ud7mccj20rs0rswfk.jpg?KID=imgbed,tva&amp;Expires=1704748227&amp;ssig=cW5F1caTwA", "text": "", "display_mode": 2, "display_starttime": 5, "display_endtime": 99999, "countdown_time": 5, "show_position": 48, "scheme": "", "link": "", "btn_code": 1009, "actionlog": {"oid": "2304444941225736732713", "act_code": 91, "act_type": 1, "source": "ad", "ext": "uid:1880845233|user_name:MakeUpForEver玫珂菲|followers_count:1263045|verified:1|verified_type:2|verified_type_ext:50|verified_reason:路威酩轩香水化妆品（上海）有限公司|level:3", "mid": "4942575955609839", "mark": "999_reallog_mark_ad:999|WeiboADNatural"}, "ext": {"uid": "1880845233", "user_name": "MakeUpForEver玫珂菲", "followers_count": 1263045, "verified": true, "verified_type": 2, "verified_type_ext": 50, "verified_reason": "路威酩轩香水化妆品（上海）有限公司", "level": 3}, "display_type": 0}], "video_publish_time": 1693563592, "play_loop_type": 0, "author_mid": "4941226762309518", "author_name": "MakeUpForEver玫珂菲", "extra_info": {"sceneid": "profile_mb"}, "video_download_strategy": {"abandon_download": 0}, "jump_to": 6, "online_users": "2764万次观看", "online_users_number": 27646874, "ttl": 3600, "storage_type": "oss", "is_keep_current_mblog": 1, "author_info": {"id": 1880845233, "idstr": "1880845233", "pc_new": 7, "screen_name": "MakeUpForEver玫珂菲", "profile_image_url": "https://tvax1.sinaimg.cn/crop.0.0.1000.1000.50/701b6bb1ly8h4b5ud7mccj20rs0rswfk.jpg?KID=imgbed,tva&amp;Expires=1704748227&amp;ssig=p71ex81QTA", "profile_url": "/u/1880845233", "verified": true, "verified_type": 2, "domain": "makeupforeverchina", "weihao": "", "verified_type_ext": 50, "avatar_large": "https://tvax1.sinaimg.cn/crop.0.0.1000.1000.180/701b6bb1ly8h4b5ud7mccj20rs0rswfk.jpg?KID=imgbed,tva&amp;Expires=1704748227&amp;ssig=cW5F1caTwA", "avatar_hd": "https://tvax1.sinaimg.cn/crop.0.0.1000.1000.1024/701b6bb1ly8h4b5ud7mccj20rs0rswfk.jpg?KID=imgbed,tva&amp;Expires=1704748227&amp;ssig=tWNX0wH6qF", "follow_me": false, "following": false, "mbrank": 7, "mbtype": 11, "v_plus": 0, "planet_video": false, "verified_reason": "路威酩轩香水化妆品（上海）有限公司", "description": "我们汇聚彩妆艺术大师，共创卓越的产品和服务，以艺术点燃灵感，释放你的至美个性与魅力", "location": "上海", "gender": "f", "followers_count": 1263045, "followers_count_str": "126.3万", "friends_count": 337, "statuses_count": 5472, "url": "", "svip": 0, "vvip": 0, "cover_image_phone": "https://wx3.sinaimg.cn/crop.0.0.640.640.640/701b6bb1ly1hj9tlmc9lfj20u00u075r.jpg"}, "playback_list": [{"meta": {"label": "mp4_1080p", "quality_index": 1080, "quality_desc": "高清", "quality_label": "1080p", "quality_class": "HD", "type": 1, "quality_group": 1080, "is_hidden": false}, "play_info": {"type": 1, "mime": "video/mp4", "protocol": "general", "label": "mp4_1080p", "url": "https://f.video.weibocdn.com/o0/FeXv9dEslx088gufFo0o01041200oSsU0E010.mp4?label=mp4_1080p&amp;template=1080x1920.24.0&amp;media_id=4941225736732713&amp;tp=8x8A3El:YTkl0eM8&amp;us=0&amp;ori=1&amp;bf=4&amp;ot=v&amp;lp=00003MndIw&amp;ps=mZ6WB&amp;uid=7sSuzF&amp;ab=,3601-g32,8143-g0,8013-g0,3601-g32,3601-g31,3601-g29,3601-g39,3601-g19,3601-g36,3601-g38,3601-g27&amp;Expires=1704741027&amp;ssig=gSnAKyAot0&amp;KID=unistore,video", "bitrate": 1472874, "prefetch_range": "0-1180619", "video_codecs": "avc1.640032", "fps": 25, "width": 1080, "height": 1920, "size": 5929240, "duration": 32.205, "sar": "1.0", "audio_codecs": "mp4a.40.5", "audio_sample_rate": 44100, "quality_label": "1080p", "quality_class": "HD", "quality_desc": "高清", "audio_channels": 2, "audio_sample_fmt": "fltp", "audio_bits_per_sample": 0, "watermark": "none", "extension": {"transcode_info": {"pcdn_rule_id": 0, "pcdn_jank": 0, "origin_video_dr": "SDR", "ab_strategies": ",3601-g32,8143-g0,8013-g0,3601-g32,3601-g31,3601-g29,3601-g39,3601-g19,3601-g36,3601-g38,3601-g27"}}, "video_decoder": "hard", "prefetch_enabled": true, "tcp_receive_buffer": 262144, "dolby_atmos": false, "color_transfer": "bt709", "first_pkt_end_pos": 62719}}, {"meta": {"label": "mp4_720p", "quality_index": 720, "quality_desc": "高清", "quality_label": "720p", "quality_class": "HD", "type": 1, "quality_group": 720, "is_hidden": false}, "play_info": {"type": 1, "mime": "video/mp4", "protocol": "general", "label": "mp4_720p", "url": "https://f.video.weibocdn.com/o0/RKPDfnMClx088gufoDWE01041200dRjB0E010.mp4?label=mp4_720p&amp;template=720x1280.24.0&amp;media_id=4941225736732713&amp;tp=8x8A3El:YTkl0eM8&amp;us=0&amp;ori=1&amp;bf=4&amp;ot=v&amp;lp=00003MndIw&amp;ps=mZ6WB&amp;uid=7sSuzF&amp;ab=,3601-g32,8143-g0,8013-g0,3601-g32,3601-g31,3601-g29,3601-g39,3601-g19,3601-g36,3601-g38,3601-g27&amp;Expires=1704741027&amp;ssig=kbTKP9Bnn6&amp;KID=unistore,video", "bitrate": 820546, "prefetch_range": "0-652131", "video_codecs": "avc1.64001f", "fps": 25, "width": 720, "height": 1280, "size": 3303211, "duration": 32.205, "sar": "1.0", "audio_codecs": "mp4a.40.5", "audio_sample_rate": 44100, "quality_label": "720p", "quality_class": "HD", "quality_desc": "高清", "audio_channels": 2, "audio_sample_fmt": "fltp", "audio_bits_per_sample": 0, "watermark": "none", "extension": {"transcode_info": {"pcdn_rule_id": 0, "pcdn_jank": 0, "origin_video_dr": "SDR", "ab_strategies": ",3601-g32,8143-g0,8013-g0,3601-g32,3601-g31,3601-g29,3601-g39,3601-g19,3601-g36,3601-g38,3601-g27"}}, "video_decoder": "hard", "prefetch_enabled": true, "tcp_receive_buffer": 262144, "dolby_atmos": false, "color_transfer": "bt709", "first_pkt_end_pos": 46720}}, {"meta": {"label": "mp4_hd", "quality_index": 480, "quality_desc": "标清", "quality_label": "480p", "quality_class": "SD", "type": 1, "quality_group": 480, "is_hidden": false}, "play_info": {"type": 1, "mime": "video/mp4", "protocol": "general", "label": "mp4_hd", "url": "https://f.video.weibocdn.com/o0/hWP9smutlx088gugq4Ag010412008uWR0E010.mp4?label=mp4_hd&amp;template=540x960.24.0&amp;media_id=4941225736732713&amp;tp=8x8A3El:YTkl0eM8&amp;us=0&amp;ori=1&amp;bf=4&amp;ot=v&amp;lp=00003MndIw&amp;ps=mZ6WB&amp;uid=7sSuzF&amp;ab=,3601-g32,8143-g0,8013-g0,3601-g32,3601-g31,3601-g29,3601-g39,3601-g19,3601-g36,3601-g38,3601-g27&amp;Expires=1704741027&amp;ssig=28JyP6E1GS&amp;KID=unistore,video", "bitrate": 503174, "prefetch_range": "0-422327", "video_codecs": "avc1.64001f", "fps": 25, "width": 540, "height": 960, "size": 2025593, "duration": 32.205, "sar": "1.0", "audio_codecs": "mp4a.40.5", "audio_sample_rate": 44100, "quality_label": "480p", "quality_class": "SD", "quality_desc": "标清", "audio_channels": 2, "audio_sample_fmt": "fltp", "audio_bits_per_sample": 0, "watermark": "none", "extension": {"transcode_info": {"pcdn_rule_id": 0, "pcdn_jank": 0, "origin_video_dr": "SDR", "ab_strategies": ",3601-g32,8143-g0,8013-g0,3601-g32,3601-g31,3601-g29,3601-g39,3601-g19,3601-g36,3601-g38,3601-g27"}}, "video_decoder": "hard", "prefetch_enabled": true, "tcp_receive_buffer": 262144, "dolby_atmos": false, "color_transfer": "bt709", "first_pkt_end_pos": 39021}}, {"meta": {"label": "scrubber_hd", "quality_index": 480, "quality_desc": "标清", "quality_label": "480p", "quality_class": "SD", "type": 3, "quality_group": 480, "is_hidden": false}, "play_info": {"type": 3, "mime": "image/jpeg", "protocol": "general", "label": "scrubber_hd", "url": "https://wx1.sinaimg.cn/large/701b6bb1ly1hhh95br7ebj20f07eodkp.jpg?media_id=4941225736732713&amp;tp=8x8A3El:YTkl0eM8&amp;us=0&amp;ori=1&amp;bf=4&amp;ot=v&amp;lp=00003MndIw&amp;ps=mZ6WB&amp;uid=7sSuzF&amp;ab=,3601-g32,8143-g0,8013-g0,3601-g32,3601-g31,3601-g29,3601-g39,3601-g19,3601-g36,3601-g38,3601-g27&amp;Expires=1704741027&amp;ssig=hp8AgQCr4Y&amp;KID=unistore,video", "prefetch_range": "0-512000", "width": 180, "height": 320, "quality_label": "480p", "quality_class": "SD", "quality_desc": "标清", "extension": {"transcode_info": {"pcdn_rule_id": 0, "pcdn_jank": 0, "origin_video_dr": "SDR", "ab_strategies": ",3601-g32,8143-g0,8013-g0,3601-g32,3601-g31,3601-g29,3601-g39,3601-g19,3601-g36,3601-g38,3601-g27"}}, "video_decoder": "hard", "prefetch_enabled": true, "tcp_receive_buffer": 262144, "col": 3, "row": 30, "interval": 1, "offset": 0.5, "urls": ["http://wx4.sinaimg.cn/large/701b6bb1ly1hhh95br7ebj20f07eodkp.jpg"]}}, {"meta": {"label": "mp4_ld", "quality_index": 360, "quality_desc": "流畅", "quality_label": "360p", "quality_class": "SD", "type": 1, "quality_group": 360, "is_hidden": false}, "play_info": {"type": 1, "mime": "video/mp4", "protocol": "general", "label": "mp4_ld", "url": "https://f.video.weibocdn.com/o0/uOgIG70Clx088gueZJle010412004FmH0E010.mp4?label=mp4_ld&amp;template=360x640.24.0&amp;media_id=4941225736732713&amp;tp=8x8A3El:YTkl0eM8&amp;us=0&amp;ori=1&amp;bf=4&amp;ot=v&amp;lp=00003MndIw&amp;ps=mZ6WB&amp;uid=7sSuzF&amp;ab=,3601-g32,8143-g0,8013-g0,3601-g32,3601-g31,3601-g29,3601-g39,3601-g19,3601-g36,3601-g38,3601-g27&amp;Expires=1704741027&amp;ssig=3tkNGIKZ5x&amp;KID=unistore,video", "bitrate": 276310, "prefetch_range": "0-241760", "video_codecs": "avc1.64001e", "fps": 25, "width": 360, "height": 640, "size": 1112323, "duration": 32.205, "sar": "1.0", "audio_codecs": "mp4a.40.5", "audio_sample_rate": 44100, "quality_label": "360p", "quality_class": "SD", "quality_desc": "流畅", "audio_channels": 2, "audio_sample_fmt": "fltp", "audio_bits_per_sample": 0, "watermark": "none", "extension": {"transcode_info": {"pcdn_rule_id": 0, "pcdn_jank": 0, "origin_video_dr": "SDR", "ab_strategies": ",3601-g32,8143-g0,8013-g0,3601-g32,3601-g31,3601-g29,3601-g39,3601-g19,3601-g36,3601-g38,3601-g27"}}, "video_decoder": "hard", "prefetch_enabled": true, "tcp_receive_buffer": 262144, "dolby_atmos": false, "color_transfer": "bt709", "first_pkt_end_pos": 31880}}]}, "page_pic": "https://wx1.sinaimg.cn/orj480/701b6bb1ly1hhkqs7jusjj20tl13g45k.jpg", "page_title": "MakeUpForEver中国的微博视频", "page_url": "sinaweibo://infopage?containerid=2304444941225736732713&amp;containerid=2304444941225736732713&amp;url_type=39&amp;object_type=video&amp;pos=2&amp;allowRedirect=1&amp;disable_interception=1&amp;disable_sinaurl=1&amp;schemewhitelist=%7B%22scheme%22%3A%5B%22.%2A%22%5D%2C%22itunes%22%3A%5B%22.%2A%22%5D%7D&amp;mark_id=999_reallog_mark_ad%253A999%257CWeiboADNatural", "pic_info": {"pic_big": {"height": "960", "url": "https://wx1.sinaimg.cn/orj480/701b6bb1ly1hhkqs7jusjj20tl13g45k.jpg", "width": "540"}, "pic_small": {"height": "960", "url": "https://wx1.sinaimg.cn/orj480/701b6bb1ly1hhkqs7jusjj20tl13g45k.jpg", "width": "540"}, "pic_middle": {"url": "https://wx1.sinaimg.cn/orj480/701b6bb1ly1hhkqs7jusjj20tl13g45k.jpg", "height": "960", "width": "540"}}, "oid": "1880845233", "type_icon": "", "author_id": "1880845233", "authorid": "1880845233", "warn": "", "actionlog": {"act_type": 1, "act_code": 799, "lcardid": "", "fid": "1076033073217815_-_WEIBO_SECOND_PROFILE_WEIBO", "mid": "4942575955609839", "oid": "2304444941225736732713", "uuid": 4941226200531091, "source": "ad", "ext": "uid:6839654475|mid:4942575955609839|objectid:1034%3A4941225736732713|from:1|object_duration:32.205|miduid:3073217815|rootuid:2060419113|rootmid:4942550026161772|authorid:1880845233|video_orientation:vertical|third_vid:|is_album:0|is_contribution:0|video_tags:|isfan:0|ua:Mozilla/5.0 (Windows NT 10.0; Win64; x64) AppleWebKit/537.36 (KHTML, like Gecko) Chrome/120.0.0.0 Safari/537.36 WeiboPro/1.0.0|sceneid:profile_mb|uuid:4941226200531091|detail:native|contribution:0|short_video:0|st_video:1|author_mid:4941226762309518|cluster_type_status:|is_ad_weibo:999_reallog_mark_ad:999|WeiboADNatural|source:ad|ad_log_ext_source:ad|container_mid:4942575955609839|analysis_card:page_info", "code": "80000001", "mark": "999_reallog_mark_ad:999|WeiboADNatural"}, "short_url": "http://t.cn/A6OqEb2T"}}