{"visible": {"type": 0, "list_id": 0}, "created_at": "Thu Sep 07 16:18:24 +0800 2023", "id": 4943369957804729, "idstr": "4943369957804729", "mid": "4943369957804729", "mblogid": "NicfxwKmJ", "user": {"id": 3073217815, "idstr": "3073217815", "pc_new": 0, "screen_name": "七十七只绵羊", "profile_image_url": "https://tvax3.sinaimg.cn/crop.0.0.512.512.50/b72d9517ly8hf8e0vpc8ej20e80e8myg.jpg?KID=imgbed,tva&amp;Expires=1704748227&amp;ssig=9fTgkONTAj", "profile_url": "/u/3073217815", "verified": true, "verified_type": 0, "domain": "", "weihao": "", "verified_type_ext": 0, "avatar_large": "https://tvax3.sinaimg.cn/crop.0.0.512.512.180/b72d9517ly8hf8e0vpc8ej20e80e8myg.jpg?KID=imgbed,tva&amp;Expires=1704748227&amp;ssig=kYon%2BEzX8f", "avatar_hd": "https://tvax3.sinaimg.cn/crop.0.0.512.512.1024/b72d9517ly8hf8e0vpc8ej20e80e8myg.jpg?KID=imgbed,tva&amp;Expires=1704748227&amp;ssig=Pn6z9XgTne", "follow_me": false, "following": false, "mbrank": 5, "mbtype": 11, "v_plus": 0, "planet_video": false, "icon_list": [{"type": "vip", "data": {"mbrank": 5, "mbtype": 11, "svip": 1, "vvip": 0}}]}, "can_edit": false, "text_raw": "渣🌊时不时就抽风[哼]\n用可爱儿子震一下楼[裂开] ​​​", "textLength": 47, "annotations": [{"photo_sub_type": "0,0"}, [], {"client_mblogid": "iPhone-F2D86FA9-069C-440C-B31E-10BC8B4FF89A"}, {"source_text": "", "phone_id": "1399"}, {"mapi_request": true}], "source": "iPhone客户端", "favorited": false, "rid": "7_0_50_5226123721967370789_0_0_0", "cardid": "raresvip_0052001143", "pic_ids": ["b72d9517gy1hho3adtnxuj20u0140tii", "b72d9517gy1hho3ae6pzbj20u0140k1c"], "pic_num": 2, "pic_infos": {"b72d9517gy1hho3adtnxuj20u0140tii": {"thumbnail": {"url": "https://wx4.sinaimg.cn/wap180/b72d9517gy1hho3adtnxuj20u0140tii.jpg", "width": 135, "height": 180, "cut_type": 1, "type": ""}, "bmiddle": {"url": "https://wx4.sinaimg.cn/wap360/b72d9517gy1hho3adtnxuj20u0140tii.jpg", "width": 270, "height": 360, "cut_type": 1, "type": ""}, "large": {"url": "https://wx4.sinaimg.cn/orj960/b72d9517gy1hho3adtnxuj20u0140tii.jpg", "width": 960, "height": 1280, "cut_type": 1, "type": ""}, "original": {"url": "https://wx4.sinaimg.cn/orj1080/b72d9517gy1hho3adtnxuj20u0140tii.jpg", "width": 1080, "height": 1440, "cut_type": 1, "type": ""}, "largest": {"url": "https://wx4.sinaimg.cn/large/b72d9517gy1hho3adtnxuj20u0140tii.jpg", "width": 1080, "height": 1440, "cut_type": 1, "type": ""}, "mw2000": {"url": "https://wx4.sinaimg.cn/mw2000/b72d9517gy1hho3adtnxuj20u0140tii.jpg", "width": 1080, "height": 1440, "cut_type": 1, "type": ""}, "object_id": "1042018:64c88cf224251372020d7ec1f08d9015", "pic_id": "b72d9517gy1hho3adtnxuj20u0140tii", "photo_tag": 0, "type": "pic", "pic_status": 0}, "b72d9517gy1hho3ae6pzbj20u0140k1c": {"thumbnail": {"url": "https://wx2.sinaimg.cn/wap180/b72d9517gy1hho3ae6pzbj20u0140k1c.jpg", "width": 135, "height": 180, "cut_type": 1, "type": ""}, "bmiddle": {"url": "https://wx2.sinaimg.cn/wap360/b72d9517gy1hho3ae6pzbj20u0140k1c.jpg", "width": 270, "height": 360, "cut_type": 1, "type": ""}, "large": {"url": "https://wx2.sinaimg.cn/orj960/b72d9517gy1hho3ae6pzbj20u0140k1c.jpg", "width": 960, "height": 1280, "cut_type": 1, "type": ""}, "original": {"url": "https://wx2.sinaimg.cn/orj1080/b72d9517gy1hho3ae6pzbj20u0140k1c.jpg", "width": 1080, "height": 1440, "cut_type": 1, "type": ""}, "largest": {"url": "https://wx2.sinaimg.cn/large/b72d9517gy1hho3ae6pzbj20u0140k1c.jpg", "width": 1080, "height": 1440, "cut_type": 1, "type": ""}, "mw2000": {"url": "https://wx2.sinaimg.cn/mw2000/b72d9517gy1hho3ae6pzbj20u0140k1c.jpg", "width": 1080, "height": 1440, "cut_type": 1, "type": ""}, "object_id": "1042018:e702662872aa7246eac9945932f7d61e", "pic_id": "b72d9517gy1hho3ae6pzbj20u0140k1c", "photo_tag": 0, "type": "pic", "pic_status": 0}}, "is_paid": false, "pic_bg_new": "http://vip.storage.weibo.com/feed_cover/raresvip_0052001143_mobile_new.png?version=2021091501", "mblog_vip_type": 0, "number_display_strategy": {"apply_scenario_flag": 3, "display_text_min_number": 1000000, "display_text": "100万+"}, "reposts_count": 0, "comments_count": 0, "attitudes_count": 0, "attitudes_status": 0, "isLongText": false, "mlevel": 0, "content_auth": 0, "is_show_bulletin": 2, "comment_manage_info": {"comment_permission_type": -1, "approval_comment_type": 0, "comment_sort_type": 0}, "share_repost_type": 0, "mblogtype": 0, "showFeedRepost": false, "showFeedComment": false, "pictureViewerSign": false, "showPictureViewer": false, "rcList": [], "text": "渣🌊时不时就抽风&lt;img alt=\"[哼]\" title=\"[哼]\" src=\"https://face.t.sinajs.cn/t4/appstyle/expression/ext/normal/7c/2018new_heng_org.png\" /&gt;&lt;br /&gt;用可爱儿子震一下楼&lt;img alt=\"[裂开]\" title=\"[裂开]\" src=\"https://face.t.sinajs.cn/t4/appstyle/expression/ext/normal/1b/202011_liekai_org.png\" /&gt; ​​​", "region_name": "发布于 浙江", "customIcons": []}