{"visible": {"type": 0, "list_id": 0}, "created_at": "Sun Sep 10 17:18:08 +0800 2023", "id": 4944472154308983, "idstr": "4944472154308983", "mid": "4944472154308983", "mblogid": "NiEVhi4XJ", "user": {"id": 3073217815, "idstr": "3073217815", "pc_new": 0, "screen_name": "七十七只绵羊", "profile_image_url": "https://tvax3.sinaimg.cn/crop.0.0.512.512.50/b72d9517ly8hf8e0vpc8ej20e80e8myg.jpg?KID=imgbed,tva&amp;Expires=1704748227&amp;ssig=9fTgkONTAj", "profile_url": "/u/3073217815", "verified": true, "verified_type": 0, "domain": "", "weihao": "", "verified_type_ext": 0, "avatar_large": "https://tvax3.sinaimg.cn/crop.0.0.512.512.180/b72d9517ly8hf8e0vpc8ej20e80e8myg.jpg?KID=imgbed,tva&amp;Expires=1704748227&amp;ssig=kYon%2BEzX8f", "avatar_hd": "https://tvax3.sinaimg.cn/crop.0.0.512.512.1024/b72d9517ly8hf8e0vpc8ej20e80e8myg.jpg?KID=imgbed,tva&amp;Expires=1704748227&amp;ssig=Pn6z9XgTne", "follow_me": false, "following": false, "mbrank": 5, "mbtype": 11, "v_plus": 0, "planet_video": false, "icon_list": [{"type": "vip", "data": {"mbrank": 5, "mbtype": 11, "svip": 1, "vvip": 0}}]}, "can_edit": false, "text_raw": "#成毅南风知我意# cy#成毅傅云深# \n\n你是我来之不易的温柔小星球[赢牛奶][赢牛奶][赢牛奶]\n\n成毅莲花楼|李莲花|李相夷|南风知我意|傅云深@成毅 ​ http://t.cn/A6O6IER6 ​​​", "textLength": 157, "annotations": [[], [], {"client_mblogid": "iPhone-F4E4FBDE-0A8D-4D20-9894-EC26AB8CDBBB"}, {"source_text": "", "phone_id": "1399"}, {"mapi_request": true}], "source": "iPhone客户端", "favorited": false, "rid": "4_0_50_5226123721967370789_0_0_0", "cardid": "raresvip_0052001143", "pic_ids": [], "pic_num": 0, "is_paid": false, "pic_bg_new": "https://n.sinaimg.cn/default/944aebbe/20231129/pic_hypertalk_diamond.png", "mblog_vip_type": 0, "number_display_strategy": {"apply_scenario_flag": 3, "display_text_min_number": 1000000, "display_text": "100万+"}, "title_source": {"name": "成毅超话", "url": "sinaweibo://pageinfo?pageid=100808df9d09de177dc73f4da8b01ba01129fd&amp;extparam=成毅", "image": "http://wx3.sinaimg.cn/thumbnail/005O6Q2qly8hj6khbeiagj30u00u0wir.jpg"}, "reposts_count": 0, "comments_count": 212, "attitudes_count": 17, "attitudes_status": 0, "isLongText": false, "mlevel": 0, "content_auth": 0, "is_show_bulletin": 3, "comment_manage_info": {"comment_permission_type": -1, "approval_comment_type": 0, "comment_sort_type": 0}, "screen_name_suffix_new": [{"content": "七十七只绵羊", "remark": "", "color": "FF333333", "dark_color": "FFD3D3D3", "type": 1, "truncation": {"mode": 1}}, {"content": "成毅超话", "color": "FF507DAF", "dark_color": "FF7691b9", "type": 2, "scheme": "sinaweibo://pageinfo?pageid=100808df9d09de177dc73f4da8b01ba01129fd&amp;extparam=成毅&amp;extension=%7B%22mblog_object_ref%22%3A%22topic%22%7D", "icons": [{"url": "https://h5.sinaimg.cn/upload/1000/808/2020/02/17/andriod_chaohua_header.png", "scheme": "sinaweibo://pageinfo?pageid=100808df9d09de177dc73f4da8b01ba01129fd&amp;extparam=成毅", "cleaned": true}], "icons_location": 0, "truncation": {"mode": 1, "keep_end_size": 2}, "actionlog": {"act_code": 1404, "oid": "1022:100808df9d09de177dc73f4da8b01ba01129fd", "uicode": "", "luicode": "", "fid": "1076033073217815_-_WEIBO_SECOND_PROFILE_WEIBO", "ext": "mid:4944472154308983|source_type:3|uid:6839654475|analysis_extra:follow:0|new_style:1"}, "cleaned": true}], "share_repost_type": 0, "topic_struct": [{"title": "", "topic_url": "sinaweibo://searchall?containerid=231522&amp;q=%23%E6%88%90%E6%AF%85%E5%8D%97%E9%A3%8E%E7%9F%A5%E6%88%91%E6%84%8F%23&amp;extparam=%23%E6%88%90%E6%AF%85%E5%8D%97%E9%A3%8E%E7%9F%A5%E6%88%91%E6%84%8F%23", "topic_title": "成毅南风知我意", "actionlog": {"act_type": 1, "act_code": 300, "oid": "1022:2315226926390fdf0e9786fe63664f99852135", "uuid": 4462568767750263, "cardid": "", "lcardid": "", "uicode": "", "luicode": "", "fid": "1076033073217815_-_WEIBO_SECOND_PROFILE_WEIBO", "lfid": "", "ext": "mid:4944472154308983|rid:4_0_50_5226123721967370789_0_0_0|short_url:|long_url:|comment_id:|miduid:3073217815|rootmid:4944472154308983|rootuid:3073217815|authorid:|uuid:4462568767750263|is_ad_weibo:0"}}, {"title": "", "topic_url": "sinaweibo://searchall?containerid=231522&amp;q=%23%E6%88%90%E6%AF%85%E5%82%85%E4%BA%91%E6%B7%B1%23&amp;extparam=%23%E6%88%90%E6%AF%85%E5%82%85%E4%BA%91%E6%B7%B1%23", "topic_title": "成毅傅云深", "actionlog": {"act_type": 1, "act_code": 300, "oid": "1022:231522e0bfff4aba759c41ebffaeb886eece9e", "uuid": 4441449503392019, "cardid": "", "lcardid": "", "uicode": "", "luicode": "", "fid": "1076033073217815_-_WEIBO_SECOND_PROFILE_WEIBO", "lfid": "", "ext": "mid:4944472154308983|rid:4_0_50_5226123721967370789_0_0_0|short_url:|long_url:|comment_id:|miduid:3073217815|rootmid:4944472154308983|rootuid:3073217815|authorid:|uuid:4441449503392019|is_ad_weibo:0"}}], "url_struct": [{"url_title": "七十七只绵羊的微博视频", "url_type_pic": "https://h5.sinaimg.cn/upload/2015/09/25/3/timeline_card_small_video.png", "ori_url": "sinaweibo://video/vvs?mid=4944472154308983&amp;object_id=1034:4944472052531261&amp;url_type=39&amp;object_type=video&amp;pos=1", "page_id": "2304444944472052531261", "short_url": "http://t.cn/A6O6IER6", "long_url": "https://video.weibo.com/show?fid=1034:4944472052531261", "url_type": 39, "result": false, "actionlog": {"act_type": 1, "act_code": 300, "oid": "1034:4944472052531261", "uuid": 4944472063606795, "cardid": "", "lcardid": "", "uicode": "", "luicode": "", "fid": "1076033073217815_-_WEIBO_SECOND_PROFILE_WEIBO", "lfid": "", "ext": "mid:4944472154308983|rid:4_0_50_5226123721967370789_0_0_0|short_url:http://t.cn/A6O6IER6|long_url:https://video.weibo.com/show?fid=1034:4944472052531261|comment_id:|miduid:3073217815|rootmid:4944472154308983|rootuid:3073217815|authorid:3073217815|uuid:4944472063606795|is_ad_weibo:0|analysis_card:url_struct"}, "storage_type": "oss", "hide": 0, "object_type": "", "ttl": 3600, "h5_target_url": "https://video.weibo.com/show?fid=1034:4944472052531261&amp;from=1FFFF96039&amp;weiboauthoruid=3073217815", "need_save_obj": 0}, {"url_title": "成毅超话", "url_type_pic": "https://h5.sinaimg.cn/upload/100/959/2020/05/09/timeline_card_small_super.png", "ori_url": "sinaweibo://pageinfo?containerid=100808df9d09de177dc73f4da8b01ba01129fd&amp;extparam=成毅&amp;extension=%7B%22mblog_object_ref%22%3A%22content%22%7D", "page_id": "100808df9d09de177dc73f4da8b01ba01129fd", "short_url": "#成毅[超话]#", "long_url": "", "url_type": "", "result": false, "actionlog": {"act_type": 1, "act_code": 300, "oid": "1022:100808df9d09de177dc73f4da8b01ba01129fd", "uuid": 3546028530778404, "cardid": "", "lcardid": "", "uicode": "", "luicode": "", "fid": "1076033073217815_-_WEIBO_SECOND_PROFILE_WEIBO", "lfid": "", "ext": "mid:4944472154308983|rid:4_0_50_5226123721967370789_0_0_0|short_url:|long_url:|comment_id:|miduid:3073217815|rootmid:4944472154308983|rootuid:3073217815|authorid:|uuid:3546028530778404|is_ad_weibo:0|analysis_card:url_struct"}, "storage_type": "", "hide": 0, "object_type": "", "h5_target_url": "https://huati.weibo.com/k/成毅?from=1FFFF96039&amp;weiboauthoruid=3073217815", "need_save_obj": 0}], "mblogtype": 0, "showFeedRepost": false, "showFeedComment": false, "pictureViewerSign": false, "showPictureViewer": false, "rcList": [], "text": "&lt;a href=\"//s.weibo.com/weibo?q=%23%E6%88%90%E6%AF%85%E5%8D%97%E9%A3%8E%E7%9F%A5%E6%88%91%E6%84%8F%23\" target=\"_blank\"&gt;#成毅南风知我意#&lt;/a&gt; cy&lt;a href=\"//s.weibo.com/weibo?q=%23%E6%88%90%E6%AF%85%E5%82%85%E4%BA%91%E6%B7%B1%23\" target=\"_blank\"&gt;#成毅傅云深#&lt;/a&gt; &lt;br /&gt;&lt;br /&gt;你是我来之不易的温柔小星球&lt;img alt=\"[赢牛奶]\" title=\"[赢牛奶]\" src=\"https://face.t.sinajs.cn/t4/appstyle/expression/ext/normal/9c/2021_yingniunai_org.png\" /&gt;&lt;img alt=\"[赢牛奶]\" title=\"[赢牛奶]\" src=\"https://face.t.sinajs.cn/t4/appstyle/expression/ext/normal/9c/2021_yingniunai_org.png\" /&gt;&lt;img alt=\"[赢牛奶]\" title=\"[赢牛奶]\" src=\"https://face.t.sinajs.cn/t4/appstyle/expression/ext/normal/9c/2021_yingniunai_org.png\" /&gt;&lt;br /&gt;&lt;br /&gt;成毅莲花楼|李莲花|李相夷|南风知我意|傅云深&lt;a href=/n/成毅 usercard=\"name=@成毅\"&gt;@成毅&lt;/a&gt; ​ &lt;a target=\"_blank\" href=\"https://video.weibo.com/show?fid=1034:4944472052531261\"&gt;&lt;img class=\"icon-link\" src=\"https://h5.sinaimg.cn/upload/2015/09/25/3/timeline_card_small_video_default.png\"/&gt;七十七只绵羊的微博视频&lt;/a&gt; ​​​", "region_name": "发布于 浙江", "customIcons": [], "page_info": {"type": "11", "page_id": "2304444944472052531261", "object_type": "video", "object_id": "1034:4944472052531261", "content1": "七十七只绵羊的微博视频", "content2": "#成毅南风知我意# cy#成毅傅云深# \n\n你是我来之不易的温柔小星球[赢牛奶][赢牛奶][赢牛奶]\n\n成毅莲花楼|李莲花|李相夷|南风知我意|傅云深@成毅 ​", "act_status": 1, "media_info": {"name": "七十七只绵羊的微博视频", "stream_url": "http://f.video.weibocdn.com/o0/aplYFV79lx088uLRNsJq010412001MP60E010.mp4?label=mp4_720p&amp;template=720x1280.24.0&amp;ori=0&amp;ps=1CwnkDw1GXwCQx&amp;Expires=1704741027&amp;ssig=x%2BAyWLEJfN&amp;KID=unistore,video", "stream_url_hd": "http://f.video.weibocdn.com/o0/aplYFV79lx088uLRNsJq010412001MP60E010.mp4?label=mp4_720p&amp;template=720x1280.24.0&amp;ori=0&amp;ps=1CwnkDw1GXwCQx&amp;Expires=1704741027&amp;ssig=x%2BAyWLEJfN&amp;KID=unistore,video", "format": "mp4", "h5_url": "https://video.weibo.com/show?fid=1034:4944472052531261", "mp4_sd_url": "http://f.video.weibocdn.com/o0/aplYFV79lx088uLRNsJq010412001MP60E010.mp4?label=mp4_720p&amp;template=720x1280.24.0&amp;ori=0&amp;ps=1CwnkDw1GXwCQx&amp;Expires=1704741027&amp;ssig=x%2BAyWLEJfN&amp;KID=unistore,video", "mp4_hd_url": "http://f.video.weibocdn.com/o0/aplYFV79lx088uLRNsJq010412001MP60E010.mp4?label=mp4_720p&amp;template=720x1280.24.0&amp;ori=0&amp;ps=1CwnkDw1GXwCQx&amp;Expires=1704741027&amp;ssig=x%2BAyWLEJfN&amp;KID=unistore,video", "h265_mp4_hd": "http://f.video.weibocdn.com/o0/aplYFV79lx088uLRNsJq010412001MP60E010.mp4?label=mp4_720p&amp;template=720x1280.24.0&amp;ori=0&amp;ps=1CwnkDw1GXwCQx&amp;Expires=1704741027&amp;ssig=x%2BAyWLEJfN&amp;KID=unistore,video", "h265_mp4_ld": "http://f.video.weibocdn.com/o0/aplYFV79lx088uLRNsJq010412001MP60E010.mp4?label=mp4_720p&amp;template=720x1280.24.0&amp;ori=0&amp;ps=1CwnkDw1GXwCQx&amp;Expires=1704741027&amp;ssig=x%2BAyWLEJfN&amp;KID=unistore,video", "inch_4_mp4_hd": "http://f.video.weibocdn.com/o0/aplYFV79lx088uLRNsJq010412001MP60E010.mp4?label=mp4_720p&amp;template=720x1280.24.0&amp;ori=0&amp;ps=1CwnkDw1GXwCQx&amp;Expires=1704741027&amp;ssig=x%2BAyWLEJfN&amp;KID=unistore,video", "inch_5_mp4_hd": "http://f.video.weibocdn.com/o0/aplYFV79lx088uLRNsJq010412001MP60E010.mp4?label=mp4_720p&amp;template=720x1280.24.0&amp;ori=0&amp;ps=1CwnkDw1GXwCQx&amp;Expires=1704741027&amp;ssig=x%2BAyWLEJfN&amp;KID=unistore,video", "inch_5_5_mp4_hd": "http://f.video.weibocdn.com/o0/aplYFV79lx088uLRNsJq010412001MP60E010.mp4?label=mp4_720p&amp;template=720x1280.24.0&amp;ori=0&amp;ps=1CwnkDw1GXwCQx&amp;Expires=1704741027&amp;ssig=x%2BAyWLEJfN&amp;KID=unistore,video", "mp4_720p_mp4": "http://f.video.weibocdn.com/o0/aplYFV79lx088uLRNsJq010412001MP60E010.mp4?label=mp4_720p&amp;template=720x1280.24.0&amp;ori=0&amp;ps=1CwnkDw1GXwCQx&amp;Expires=1704741027&amp;ssig=x%2BAyWLEJfN&amp;KID=unistore,video", "hevc_mp4_720p": "", "prefetch_type": 1, "prefetch_size": 262144, "act_status": 1, "protocol": "general,dash", "media_id": "4944472052531261", "origin_total_bitrate": 8119368, "video_orientation": "vertical", "duration": 7, "forward_strategy": -1, "search_scheme": "sinaweibo://svssearch?containerid=232080", "is_short_video": 0, "vote_is_show": 0, "belong_collection": 0, "titles_display_time": "3", "show_progress_bar": 1, "show_mute_button": true, "ext_info": {"video_orientation": "vertical"}, "next_title": "#成毅南风知我意# cy#成毅傅云深# \n\n你是我来之不易的温柔小星球[赢牛奶][赢牛奶][赢牛奶]\n\n成毅莲花楼|李莲花|李相夷|南风知我意|傅云深@成毅", "kol_title": "#成毅南风知我意# cy#成毅傅云深# \n\n你是我来之不易的温柔小星球[赢牛奶][赢牛奶][赢牛奶]\n\n成毅莲花楼|李莲花|李相夷|南风知我意|傅云深@成毅", "play_completion_actions": [{"type": "1", "icon": "https://h5.sinaimg.cn/upload/100/1413/2021/12/22/feed_video_icon_replay.png", "text": "重播", "link": "", "btn_code": 1000, "show_position": 1, "actionlog": {"oid": "2304444944472052531261", "act_code": 1221, "act_type": 0, "source": "video"}}, {"type": 6, "icon": "https://tvax3.sinaimg.cn/crop.0.0.512.512.180/b72d9517ly8hf8e0vpc8ej20e80e8myg.jpg?KID=imgbed,tva&amp;Expires=1704748227&amp;ssig=kYon%2BEzX8f", "text": "", "display_mode": 2, "display_starttime": 5, "display_endtime": 99999, "countdown_time": 5, "show_position": 48, "scheme": "", "link": "", "btn_code": 1009, "actionlog": {"oid": "2304444944472052531261", "act_code": 91, "act_type": 0, "source": "video", "ext": "mid:4944472154308983|oid:1034:4944472052531261|muid:3073217815|authorid:3073217815"}, "ext": {"uid": "3073217815", "user_name": "七十七只绵羊", "followers_count": 12283, "verified": true, "verified_type": 0, "verified_reason": "超话粉丝大咖（成毅超话）", "level": 3}, "display_type": 0}], "video_publish_time": 1694337466, "play_loop_type": 0, "author_mid": "4944472154308983", "author_name": "七十七只绵羊", "extra_info": {"sceneid": "profile_mb"}, "video_download_strategy": {"abandon_download": 0}, "jump_to": 6, "big_pic_info": {"pic_big": {"height": 1920, "url": "https://wx4.sinaimg.cn/orj1080/b72d9517gy1hhrlvtfu69j20u01hc78c.jpg", "width": 1080}, "pic_small": {"height": 320, "url": "https://wx4.sinaimg.cn/or180/b72d9517gy1hhrlvtfu69j20u01hc78c.jpg", "width": 180}, "pic_middle": {"height": 640, "url": "https://wx4.sinaimg.cn/or360/b72d9517gy1hhrlvtfu69j20u01hc78c.jpg", "width": 360}}, "online_users": "460次观看", "online_users_number": 460, "ttl": 3600, "storage_type": "oss", "is_keep_current_mblog": 0, "author_info": {"id": 3073217815, "idstr": "3073217815", "pc_new": 0, "screen_name": "七十七只绵羊", "profile_image_url": "https://tvax3.sinaimg.cn/crop.0.0.512.512.50/b72d9517ly8hf8e0vpc8ej20e80e8myg.jpg?KID=imgbed,tva&amp;Expires=1704748227&amp;ssig=9fTgkONTAj", "profile_url": "/u/3073217815", "verified": true, "verified_type": 0, "domain": "", "weihao": "", "verified_type_ext": 0, "avatar_large": "https://tvax3.sinaimg.cn/crop.0.0.512.512.180/b72d9517ly8hf8e0vpc8ej20e80e8myg.jpg?KID=imgbed,tva&amp;Expires=1704748227&amp;ssig=kYon%2BEzX8f", "avatar_hd": "https://tvax3.sinaimg.cn/crop.0.0.512.512.1024/b72d9517ly8hf8e0vpc8ej20e80e8myg.jpg?KID=imgbed,tva&amp;Expires=1704748227&amp;ssig=Pn6z9XgTne", "follow_me": false, "following": false, "mbrank": 5, "mbtype": 11, "v_plus": 0, "planet_video": false, "verified_reason": "超话粉丝大咖（成毅超话）", "description": "唯爱淇淇 🈲️取关 🈲️块🧱 否则拉嘿 暂时只呼极好 别的不要来呼我", "location": "浙江", "gender": "f", "followers_count": 12284, "followers_count_str": "1.2万", "friends_count": 1676, "statuses_count": 1414, "url": "", "svip": 1, "vvip": 0, "cover_image_phone": "https://wx1.sinaimg.cn/crop.0.0.640.640.640/b72d9517gy1hdj0r4xx1hj20hs0hst9y.jpg"}, "playback_list": [{"meta": {"label": "mp4_1080p", "quality_index": 1080, "quality_desc": "高清", "quality_label": "1080p", "quality_class": "HD", "type": 1, "quality_group": 1080, "is_hidden": false}, "play_info": {"type": 1, "mime": "video/mp4", "protocol": "general", "label": "mp4_1080p", "url": "https://f.video.weibocdn.com/o0/iyjm7dAklx088uLVvwfm010412003fq90E010.mp4?label=mp4_1080p&amp;template=1080x1920.24.0&amp;media_id=4944472052531261&amp;tp=8x8A3El:YTkl0eM8&amp;us=0&amp;ori=1&amp;bf=4&amp;ot=v&amp;lp=00003MndIw&amp;ps=mZ6WB&amp;uid=7sSuzF&amp;ab=,8012-g2,8143-g0,8013-g0,3601-g29,7598-g0&amp;Expires=1704741027&amp;ssig=cvSgLFGdzE&amp;KID=unistore,video", "bitrate": 857911, "prefetch_range": "0-375805", "video_codecs": "avc1.640032", "fps": 30, "width": 1080, "height": 1920, "size": 774265, "duration": 7.219, "sar": "0.0", "audio_codecs": "mp4a.40.5", "audio_sample_rate": 44100, "quality_label": "1080p", "quality_class": "HD", "quality_desc": "高清", "audio_channels": 2, "audio_sample_fmt": "fltp", "audio_bits_per_sample": 0, "watermark": "none", "extension": {"transcode_info": {"pcdn_rule_id": 0, "pcdn_jank": 0, "origin_video_dr": "SDR", "ab_strategies": ",8012-g2,8143-g0,8013-g0,3601-g29,7598-g0"}}, "video_decoder": "hard", "prefetch_enabled": true, "tcp_receive_buffer": 262144, "dolby_atmos": false, "color_transfer": "bt709", "first_pkt_end_pos": 37230}}, {"meta": {"label": "mp4_720p", "quality_index": 720, "quality_desc": "高清", "quality_label": "720p", "quality_class": "HD", "type": 1, "quality_group": 720, "is_hidden": false}, "play_info": {"type": 1, "mime": "video/mp4", "protocol": "general", "label": "mp4_720p", "url": "https://f.video.weibocdn.com/o0/aplYFV79lx088uLRNsJq010412001MP60E010.mp4?label=mp4_720p&amp;template=720x1280.24.0&amp;media_id=4944472052531261&amp;tp=8x8A3El:YTkl0eM8&amp;us=0&amp;ori=1&amp;bf=4&amp;ot=v&amp;lp=00003MndIw&amp;ps=mZ6WB&amp;uid=7sSuzF&amp;ab=,8012-g2,8143-g0,8013-g0,3601-g29,7598-g0&amp;Expires=1704741027&amp;ssig=x%2BAyWLEJfN&amp;KID=unistore,video", "bitrate": 472031, "prefetch_range": "0-184789", "video_codecs": "avc1.64001f", "fps": 30, "width": 720, "height": 1280, "size": 426008, "duration": 7.219, "sar": "0.0", "audio_codecs": "mp4a.40.5", "audio_sample_rate": 44100, "quality_label": "720p", "quality_class": "HD", "quality_desc": "高清", "audio_channels": 2, "audio_sample_fmt": "fltp", "audio_bits_per_sample": 0, "watermark": "none", "extension": {"transcode_info": {"pcdn_rule_id": 0, "pcdn_jank": 0, "origin_video_dr": "SDR", "ab_strategies": ",8012-g2,8143-g0,8013-g0,3601-g29,7598-g0"}}, "video_decoder": "hard", "prefetch_enabled": true, "tcp_receive_buffer": 262144, "dolby_atmos": false, "color_transfer": "bt709", "first_pkt_end_pos": 23010}}, {"meta": {"label": "mp4_hd", "quality_index": 480, "quality_desc": "标清", "quality_label": "480p", "quality_class": "SD", "type": 1, "quality_group": 480, "is_hidden": false}, "play_info": {"type": 1, "mime": "video/mp4", "protocol": "general", "label": "mp4_hd", "url": "https://f.video.weibocdn.com/o0/g5dxeg6llx088uLRXq64010412000Tq40E010.mp4?label=mp4_hd&amp;template=540x960.24.0&amp;media_id=4944472052531261&amp;tp=8x8A3El:YTkl0eM8&amp;us=0&amp;ori=1&amp;bf=4&amp;ot=v&amp;lp=00003MndIw&amp;ps=mZ6WB&amp;uid=7sSuzF&amp;ab=,8012-g2,8143-g0,8013-g0,3601-g29,7598-g0&amp;Expires=1704741027&amp;ssig=orKgBcutic&amp;KID=unistore,video", "bitrate": 236050, "prefetch_range": "0-96161", "video_codecs": "avc1.64001f", "fps": 30, "width": 540, "height": 960, "size": 213036, "duration": 7.219, "sar": "0.0", "audio_codecs": "mp4a.40.5", "audio_sample_rate": 44100, "quality_label": "480p", "quality_class": "SD", "quality_desc": "标清", "audio_channels": 2, "audio_sample_fmt": "fltp", "audio_bits_per_sample": 0, "watermark": "none", "extension": {"transcode_info": {"pcdn_rule_id": 0, "pcdn_jank": 0, "origin_video_dr": "SDR", "ab_strategies": ",8012-g2,8143-g0,8013-g0,3601-g29,7598-g0"}}, "video_decoder": "hard", "prefetch_enabled": true, "tcp_receive_buffer": 262144, "dolby_atmos": false, "color_transfer": "bt709", "first_pkt_end_pos": 17977}}, {"meta": {"label": "scrubber_hd", "quality_index": 480, "quality_desc": "标清", "quality_label": "480p", "quality_class": "SD", "type": 3, "quality_group": 480, "is_hidden": false}, "play_info": {"type": 3, "mime": "image/jpeg", "protocol": "general", "label": "scrubber_hd", "url": "https://wx4.sinaimg.cn/large/b72d9517ly1hhrlvxky9hj20f07eogno.jpg?media_id=4944472052531261&amp;tp=8x8A3El:YTkl0eM8&amp;us=0&amp;ori=1&amp;bf=4&amp;ot=v&amp;lp=00003MndIw&amp;ps=mZ6WB&amp;uid=7sSuzF&amp;ab=,8012-g2,8143-g0,8013-g0,3601-g29,7598-g0&amp;Expires=1704741027&amp;ssig=sgeYeXPXkz&amp;KID=unistore,video", "prefetch_range": "0-512000", "width": 180, "height": 320, "quality_label": "480p", "quality_class": "SD", "quality_desc": "标清", "extension": {"transcode_info": {"pcdn_rule_id": 0, "pcdn_jank": 0, "origin_video_dr": "SDR", "ab_strategies": ",8012-g2,8143-g0,8013-g0,3601-g29,7598-g0"}}, "video_decoder": "hard", "prefetch_enabled": true, "tcp_receive_buffer": 262144, "col": 3, "row": 30, "interval": 1, "offset": 0.5, "urls": ["http://wx4.sinaimg.cn/large/b72d9517ly1hhrlvxky9hj20f07eogno.jpg"]}}, {"meta": {"label": "mp4_ld", "quality_index": 360, "quality_desc": "流畅", "quality_label": "360p", "quality_class": "SD", "type": 1, "quality_group": 360, "is_hidden": false}, "play_info": {"type": 1, "mime": "video/mp4", "protocol": "general", "label": "mp4_ld", "url": "https://f.video.weibocdn.com/o0/jb6dFYP9lx088uMASAxi010412000oZa0E010.mp4?label=mp4_ld&amp;template=360x640.24.0&amp;media_id=4944472052531261&amp;tp=8x8A3El:YTkl0eM8&amp;us=0&amp;ori=1&amp;bf=4&amp;ot=v&amp;lp=00003MndIw&amp;ps=mZ6WB&amp;uid=7sSuzF&amp;ab=,8012-g2,8143-g0,8013-g0,3601-g29,7598-g0&amp;Expires=1704741027&amp;ssig=uHroqtdOSZ&amp;KID=unistore,video", "bitrate": 106424, "prefetch_range": "0-47659", "video_codecs": "avc1.64001e", "fps": 30, "width": 360, "height": 640, "size": 96048, "duration": 7.219, "sar": "0.0", "audio_codecs": "mp4a.40.5", "audio_sample_rate": 44100, "quality_label": "360p", "quality_class": "SD", "quality_desc": "流畅", "audio_channels": 2, "audio_sample_fmt": "fltp", "audio_bits_per_sample": 0, "watermark": "none", "extension": {"transcode_info": {"pcdn_rule_id": 0, "pcdn_jank": 0, "origin_video_dr": "SDR", "ab_strategies": ",8012-g2,8143-g0,8013-g0,3601-g29,7598-g0"}}, "video_decoder": "hard", "prefetch_enabled": true, "tcp_receive_buffer": 262144, "dolby_atmos": false, "color_transfer": "bt709", "first_pkt_end_pos": 13954}}]}, "page_pic": "https://wx4.sinaimg.cn/orj480/b72d9517gy1hhrlvtfu69j20u01hc78c.jpg", "page_title": "七十七只绵羊的微博视频", "page_url": "sinaweibo://infopage?containerid=2304444944472052531261&amp;containerid=2304444944472052531261&amp;url_type=39&amp;object_type=video&amp;pos=2", "pic_info": {"pic_big": {"height": "960", "url": "https://wx4.sinaimg.cn/orj480/b72d9517gy1hhrlvtfu69j20u01hc78c.jpg", "width": "540"}, "pic_small": {"height": "960", "url": "https://wx4.sinaimg.cn/orj480/b72d9517gy1hhrlvtfu69j20u01hc78c.jpg", "width": "540"}, "pic_middle": {"url": "https://wx4.sinaimg.cn/orj480/b72d9517gy1hhrlvtfu69j20u01hc78c.jpg", "height": "960", "width": "540"}}, "oid": "3073217815", "type_icon": "", "author_id": "3073217815", "authorid": "3073217815", "warn": "", "actionlog": {"act_type": 1, "act_code": 799, "lcardid": "", "fid": "1076033073217815_-_WEIBO_SECOND_PROFILE_WEIBO", "mid": "4944472154308983", "oid": "1034:4944472052531261", "uuid": 4944472063606795, "source": "video", "ext": "uid:6839654475|mid:4944472154308983|objectid:1034%3A4944472052531261|from:1|object_duration:7.219|miduid:3073217815|rootuid:3073217815|rootmid:4944472154308983|authorid:3073217815|video_orientation:vertical|third_vid:|is_album:0|is_contribution:0|video_tags:|isfan:0|ua:Mozilla/5.0 (Windows NT 10.0; Win64; x64) AppleWebKit/537.36 (KHTML, like Gecko) Chrome/120.0.0.0 Safari/537.36 WeiboPro/1.0.0|sceneid:profile_mb|uuid:4944472063606795|detail:native|contribution:0|short_video:0|st_video:1|author_mid:4944472154308983|cluster_type_status:|is_ad_weibo:0|analysis_card:page_info"}, "short_url": "http://t.cn/A6O6IER6"}}