{"visible": {"type": 0, "list_id": 0}, "created_at": "Tue Sep 12 16:53:27 +0800 2023", "id": 4945190719325460, "idstr": "4945190719325460", "mid": "4945190719325460", "mblogid": "NiXCfD7YE", "user": {"id": 3073217815, "idstr": "3073217815", "pc_new": 0, "screen_name": "七十七只绵羊", "profile_image_url": "https://tvax3.sinaimg.cn/crop.0.0.512.512.50/b72d9517ly8hf8e0vpc8ej20e80e8myg.jpg?KID=imgbed,tva&amp;Expires=1704748227&amp;ssig=9fTgkONTAj", "profile_url": "/u/3073217815", "verified": true, "verified_type": 0, "domain": "", "weihao": "", "verified_type_ext": 0, "avatar_large": "https://tvax3.sinaimg.cn/crop.0.0.512.512.180/b72d9517ly8hf8e0vpc8ej20e80e8myg.jpg?KID=imgbed,tva&amp;Expires=1704748227&amp;ssig=kYon%2BEzX8f", "avatar_hd": "https://tvax3.sinaimg.cn/crop.0.0.512.512.1024/b72d9517ly8hf8e0vpc8ej20e80e8myg.jpg?KID=imgbed,tva&amp;Expires=1704748227&amp;ssig=Pn6z9XgTne", "follow_me": false, "following": false, "mbrank": 5, "mbtype": 11, "v_plus": 0, "planet_video": false, "icon_list": [{"type": "vip", "data": {"mbrank": 5, "mbtype": 11, "svip": 1, "vvip": 0}}]}, "can_edit": false, "text_raw": "#南风知我意连更10天18集#cy #成毅傅云深#\n\n过年啦🧨\n接下来天天看傅总[爱你][爱你]@成毅 ​​​", "textLength": 85, "annotations": [{"photo_sub_type": "0"}, [], {"client_mblogid": "iPhone-8C9813E0-6089-487F-A198-E1668FBC79BE"}, {"source_text": "", "phone_id": "1399"}, {"mapi_request": true}], "source": "iPhone客户端", "favorited": false, "rid": "1_0_50_5226123721967370789_0_0_0", "cardid": "raresvip_0052001143", "pic_ids": ["b72d9517gy1hhtwf4dydrj20k00vdmy7"], "pic_num": 1, "pic_infos": {"b72d9517gy1hhtwf4dydrj20k00vdmy7": {"thumbnail": {"url": "https://wx1.sinaimg.cn/wap180/b72d9517gy1hhtwf4dydrj20k00vdmy7.jpg", "width": 114, "height": 180, "cut_type": 1, "type": ""}, "bmiddle": {"url": "https://wx1.sinaimg.cn/wap360/b72d9517gy1hhtwf4dydrj20k00vdmy7.jpg", "width": 229, "height": 360, "cut_type": 1, "type": ""}, "large": {"url": "https://wx1.sinaimg.cn/orj960/b72d9517gy1hhtwf4dydrj20k00vdmy7.jpg", "width": 720, "height": 1129, "cut_type": 1, "type": ""}, "original": {"url": "https://wx1.sinaimg.cn/orj1080/b72d9517gy1hhtwf4dydrj20k00vdmy7.jpg", "width": 720, "height": 1129, "cut_type": 1, "type": ""}, "largest": {"url": "https://wx1.sinaimg.cn/large/b72d9517gy1hhtwf4dydrj20k00vdmy7.jpg", "width": 720, "height": 1129, "cut_type": 1, "type": ""}, "mw2000": {"url": "https://wx1.sinaimg.cn/mw2000/b72d9517gy1hhtwf4dydrj20k00vdmy7.jpg", "width": 720, "height": 1129, "cut_type": 1, "type": ""}, "object_id": "1042018:3688a333d7280c16ef51878c56b26d17", "pic_id": "b72d9517gy1hhtwf4dydrj20k00vdmy7", "photo_tag": 0, "type": "pic", "pic_status": 0}}, "is_paid": false, "pic_bg_new": "https://n.sinaimg.cn/default/944aebbe/20231129/pic_hypertalk_diamond.png", "mblog_vip_type": 0, "number_display_strategy": {"apply_scenario_flag": 3, "display_text_min_number": 1000000, "display_text": "100万+"}, "title_source": {"name": "成毅超话", "url": "sinaweibo://pageinfo?pageid=100808df9d09de177dc73f4da8b01ba01129fd&amp;extparam=成毅", "image": "http://wx3.sinaimg.cn/thumbnail/005O6Q2qly8hj6khbeiagj30u00u0wir.jpg"}, "reposts_count": 0, "comments_count": 218, "attitudes_count": 15, "attitudes_status": 0, "isLongText": false, "mlevel": 0, "content_auth": 0, "is_show_bulletin": 3, "comment_manage_info": {"comment_permission_type": -1, "approval_comment_type": 0, "comment_sort_type": 0}, "screen_name_suffix_new": [{"content": "七十七只绵羊", "remark": "", "color": "FF333333", "dark_color": "FFD3D3D3", "type": 1, "truncation": {"mode": 1}}, {"content": "成毅超话", "color": "FF507DAF", "dark_color": "FF7691b9", "type": 2, "scheme": "sinaweibo://pageinfo?pageid=100808df9d09de177dc73f4da8b01ba01129fd&amp;extparam=成毅&amp;extension=%7B%22mblog_object_ref%22%3A%22topic%22%7D", "icons": [{"url": "https://h5.sinaimg.cn/upload/1000/808/2020/02/17/andriod_chaohua_header.png", "scheme": "sinaweibo://pageinfo?pageid=100808df9d09de177dc73f4da8b01ba01129fd&amp;extparam=成毅", "cleaned": true}], "icons_location": 0, "truncation": {"mode": 1, "keep_end_size": 2}, "actionlog": {"act_code": 1404, "oid": "1022:100808df9d09de177dc73f4da8b01ba01129fd", "uicode": "", "luicode": "", "fid": "1076033073217815_-_WEIBO_SECOND_PROFILE_WEIBO", "ext": "mid:4945190719325460|source_type:3|uid:6839654475|analysis_extra:follow:0|new_style:1"}, "cleaned": true}], "share_repost_type": 0, "topic_struct": [{"title": "", "topic_url": "sinaweibo://searchall?containerid=231522&amp;q=%23%E5%8D%97%E9%A3%8E%E7%9F%A5%E6%88%91%E6%84%8F%E8%BF%9E%E6%9B%B410%E5%A4%A918%E9%9B%86%23&amp;extparam=%23%E5%8D%97%E9%A3%8E%E7%9F%A5%E6%88%91%E6%84%8F%E8%BF%9E%E6%9B%B410%E5%A4%A918%E9%9B%86%23", "topic_title": "南风知我意连更10天18集", "actionlog": {"act_type": 1, "act_code": 300, "oid": "1022:231522df9aa2216e1697de91d96874f6a52cf4", "uuid": 4945133060489269, "cardid": "", "lcardid": "", "uicode": "", "luicode": "", "fid": "1076033073217815_-_WEIBO_SECOND_PROFILE_WEIBO", "lfid": "", "ext": "mid:4945190719325460|rid:1_0_50_5226123721967370789_0_0_0|short_url:|long_url:|comment_id:|miduid:3073217815|rootmid:4945190719325460|rootuid:3073217815|authorid:|uuid:4945133060489269|is_ad_weibo:0"}}, {"title": "", "topic_url": "sinaweibo://searchall?containerid=231522&amp;q=%23%E6%88%90%E6%AF%85%E5%82%85%E4%BA%91%E6%B7%B1%23&amp;extparam=%23%E6%88%90%E6%AF%85%E5%82%85%E4%BA%91%E6%B7%B1%23", "topic_title": "成毅傅云深", "actionlog": {"act_type": 1, "act_code": 300, "oid": "1022:231522e0bfff4aba759c41ebffaeb886eece9e", "uuid": 4441449503392019, "cardid": "", "lcardid": "", "uicode": "", "luicode": "", "fid": "1076033073217815_-_WEIBO_SECOND_PROFILE_WEIBO", "lfid": "", "ext": "mid:4945190719325460|rid:1_0_50_5226123721967370789_0_0_0|short_url:|long_url:|comment_id:|miduid:3073217815|rootmid:4945190719325460|rootuid:3073217815|authorid:|uuid:4441449503392019|is_ad_weibo:0"}}], "url_struct": [{"url_title": "成毅超话", "url_type_pic": "https://h5.sinaimg.cn/upload/100/959/2020/05/09/timeline_card_small_super.png", "ori_url": "sinaweibo://pageinfo?containerid=100808df9d09de177dc73f4da8b01ba01129fd&amp;extparam=成毅&amp;extension=%7B%22mblog_object_ref%22%3A%22content%22%7D", "page_id": "100808df9d09de177dc73f4da8b01ba01129fd", "short_url": "#成毅[超话]#", "long_url": "", "url_type": "", "result": false, "actionlog": {"act_type": 1, "act_code": 300, "oid": "1022:100808df9d09de177dc73f4da8b01ba01129fd", "uuid": 3546028530778404, "cardid": "", "lcardid": "", "uicode": "", "luicode": "", "fid": "1076033073217815_-_WEIBO_SECOND_PROFILE_WEIBO", "lfid": "", "ext": "mid:4945190719325460|rid:1_0_50_5226123721967370789_0_0_0|short_url:|long_url:|comment_id:|miduid:3073217815|rootmid:4945190719325460|rootuid:3073217815|authorid:|uuid:3546028530778404|is_ad_weibo:0|analysis_card:url_struct"}, "storage_type": "", "hide": 0, "object_type": "", "h5_target_url": "https://huati.weibo.com/k/成毅?from=1FFFF96039&amp;weiboauthoruid=3073217815", "need_save_obj": 0}], "mblogtype": 0, "showFeedRepost": false, "showFeedComment": false, "pictureViewerSign": false, "showPictureViewer": false, "rcList": [], "text": "&lt;a href=\"//s.weibo.com/weibo?q=%23%E5%8D%97%E9%A3%8E%E7%9F%A5%E6%88%91%E6%84%8F%E8%BF%9E%E6%9B%B410%E5%A4%A918%E9%9B%86%23\" target=\"_blank\"&gt;#南风知我意连更10天18集#&lt;/a&gt;cy &lt;a href=\"//s.weibo.com/weibo?q=%23%E6%88%90%E6%AF%85%E5%82%85%E4%BA%91%E6%B7%B1%23\" target=\"_blank\"&gt;#成毅傅云深#&lt;/a&gt;&lt;br /&gt;&lt;br /&gt;过年啦🧨&lt;br /&gt;接下来天天看傅总&lt;img alt=\"[爱你]\" title=\"[爱你]\" src=\"https://face.t.sinajs.cn/t4/appstyle/expression/ext/normal/f6/2018new_aini_org.png\" /&gt;&lt;img alt=\"[爱你]\" title=\"[爱你]\" src=\"https://face.t.sinajs.cn/t4/appstyle/expression/ext/normal/f6/2018new_aini_org.png\" /&gt;&lt;a href=/n/成毅 usercard=\"name=@成毅\"&gt;@成毅&lt;/a&gt; ​​​", "region_name": "发布于 浙江", "customIcons": []}