{"visible": {"type": 0, "list_id": 0}, "created_at": "Fri Sep 22 17:23:06 +0800 2023", "id": 4948822059123664, "idstr": "4948822059123664", "mid": "4948822059123664", "mblogid": "Nku5fChtS", "user": {"id": 3073217815, "idstr": "3073217815", "pc_new": 0, "screen_name": "七十七只绵羊", "profile_image_url": "https://tvax3.sinaimg.cn/crop.0.0.512.512.50/b72d9517ly8hf8e0vpc8ej20e80e8myg.jpg?KID=imgbed,tva&amp;Expires=1704748213&amp;ssig=ggDTRuXbGo", "profile_url": "/u/3073217815", "verified": true, "verified_type": 0, "domain": "", "weihao": "", "verified_type_ext": 0, "avatar_large": "https://tvax3.sinaimg.cn/crop.0.0.512.512.180/b72d9517ly8hf8e0vpc8ej20e80e8myg.jpg?KID=imgbed,tva&amp;Expires=1704748213&amp;ssig=g3HRl4Lkmg", "avatar_hd": "https://tvax3.sinaimg.cn/crop.0.0.512.512.1024/b72d9517ly8hf8e0vpc8ej20e80e8myg.jpg?KID=imgbed,tva&amp;Expires=1704748213&amp;ssig=Oa3U%2Ft1WCY", "follow_me": false, "following": false, "mbrank": 5, "mbtype": 11, "v_plus": 0, "planet_video": false, "icon_list": [{"type": "vip", "data": {"mbrank": 5, "mbtype": 11, "svip": 1, "vvip": 0}}]}, "can_edit": false, "text_raw": "#她被困在考研考编里的五年#考不上我就不考了 路有千万条 就一定要死磕在体制内吗 [微笑] ​​​", "textLength": 83, "annotations": [{"ann_ext": "ann_ext:search|t:31|q:#她被困在考研考编里的五年#|creator_source:bottomsendweibo"}, {"shooting": 1, "client_mblogid": "iPhone-1AB16683-44D1-4C51-AA1B-91FA0F5D3391"}, {"source_text": "", "phone_id": "1399"}, {"mapi_request": true}], "source": "iPhone客户端", "favorited": false, "rid": "16_0_50_162725796767654972_0_0_0", "cardid": "raresvip_0052001143", "pic_ids": [], "pic_num": 0, "is_paid": false, "pic_bg_new": "http://vip.storage.weibo.com/feed_cover/raresvip_0052001143_mobile_new.png?version=2021091501", "mblog_vip_type": 0, "number_display_strategy": {"apply_scenario_flag": 3, "display_text_min_number": 1000000, "display_text": "100万+"}, "reposts_count": 0, "comments_count": 0, "attitudes_count": 1, "attitudes_status": 0, "isLongText": false, "mlevel": 0, "content_auth": 0, "is_show_bulletin": 2, "comment_manage_info": {"comment_permission_type": -1, "approval_comment_type": 0, "comment_sort_type": 0}, "share_repost_type": 0, "topic_struct": [{"title": "", "topic_url": "sinaweibo://searchall?containerid=231522&amp;q=%23%E5%A5%B9%E8%A2%AB%E5%9B%B0%E5%9C%A8%E8%80%83%E7%A0%94%E8%80%83%E7%BC%96%E9%87%8C%E7%9A%84%E4%BA%94%E5%B9%B4%23&amp;extparam=%23%E5%A5%B9%E8%A2%AB%E5%9B%B0%E5%9C%A8%E8%80%83%E7%A0%94%E8%80%83%E7%BC%96%E9%87%8C%E7%9A%84%E4%BA%94%E5%B9%B4%23", "topic_title": "她被困在考研考编里的五年", "actionlog": {"act_type": 1, "act_code": 300, "oid": "1022:2315220136ee18f56e0aabe37e9aab2e64076c", "uuid": 4948517901828295, "cardid": "", "lcardid": "", "uicode": "", "luicode": "", "fid": "1076033073217815_-_WEIBO_SECOND_PROFILE_WEIBO", "lfid": "", "ext": "mid:4948822059123664|rid:16_0_50_162725796767654972_0_0_0|short_url:|long_url:|comment_id:|miduid:3073217815|rootmid:4948822059123664|rootuid:3073217815|authorid:|uuid:4948517901828295|is_ad_weibo:0"}}], "mblogtype": 0, "showFeedRepost": false, "showFeedComment": false, "pictureViewerSign": false, "showPictureViewer": false, "rcList": [], "text": "&lt;a href=\"//s.weibo.com/weibo?q=%23%E5%A5%B9%E8%A2%AB%E5%9B%B0%E5%9C%A8%E8%80%83%E7%A0%94%E8%80%83%E7%BC%96%E9%87%8C%E7%9A%84%E4%BA%94%E5%B9%B4%23\" target=\"_blank\"&gt;#她被困在考研考编里的五年#&lt;/a&gt;考不上我就不考了 路有千万条 就一定要死磕在体制内吗 &lt;img alt=\"[微笑]\" title=\"[微笑]\" src=\"https://face.t.sinajs.cn/t4/appstyle/expression/ext/normal/e3/2018new_weixioa02_org.png\" /&gt; ​​​", "region_name": "发布于 浙江", "customIcons": []}