{"visible": {"type": 0, "list_id": 0}, "created_at": "Wed Sep 27 12:06:14 +0800 2023", "id": 4950554255298959, "idstr": "4950554255298959", "mid": "4950554255298959", "mblogid": "Nld97mev5", "user": {"id": 3073217815, "idstr": "3073217815", "pc_new": 0, "screen_name": "七十七只绵羊", "profile_image_url": "https://tvax3.sinaimg.cn/crop.0.0.512.512.50/b72d9517ly8hf8e0vpc8ej20e80e8myg.jpg?KID=imgbed,tva&amp;Expires=1704748213&amp;ssig=ggDTRuXbGo", "profile_url": "/u/3073217815", "verified": true, "verified_type": 0, "domain": "", "weihao": "", "verified_type_ext": 0, "avatar_large": "https://tvax3.sinaimg.cn/crop.0.0.512.512.180/b72d9517ly8hf8e0vpc8ej20e80e8myg.jpg?KID=imgbed,tva&amp;Expires=1704748213&amp;ssig=g3HRl4Lkmg", "avatar_hd": "https://tvax3.sinaimg.cn/crop.0.0.512.512.1024/b72d9517ly8hf8e0vpc8ej20e80e8myg.jpg?KID=imgbed,tva&amp;Expires=1704748213&amp;ssig=Oa3U%2Ft1WCY", "follow_me": false, "following": false, "mbrank": 5, "mbtype": 11, "v_plus": 0, "planet_video": false, "icon_list": [{"type": "vip", "data": {"mbrank": 5, "mbtype": 11, "svip": 1, "vvip": 0}}]}, "can_edit": false, "text_raw": "[打call][打call][打call]", "annotations": [{"mapi_request": true}], "source": "iPhone客户端", "favorited": false, "mark": "999_reallog_mark_ad:999|WeiboADNatural", "rid": "12_0_50_162725796767654972_0_0_0", "cardid": "raresvip_0052001143", "pic_ids": [], "pic_num": 0, "is_paid": false, "pic_bg_new": "http://vip.storage.weibo.com/feed_cover/raresvip_0052001143_mobile_new.png?version=2021091501", "mblog_vip_type": 0, "number_display_strategy": {"apply_scenario_flag": 3, "display_text_min_number": 1000000, "display_text": "100万+"}, "reposts_count": 0, "comments_count": 0, "attitudes_count": 0, "attitudes_status": 0, "isLongText": false, "mlevel": 0, "content_auth": 0, "is_show_bulletin": 2, "comment_manage_info": {"comment_permission_type": -1, "approval_comment_type": 0, "comment_sort_type": 0}, "repost_type": 1, "share_repost_type": 0, "topic_struct": [{"title": "", "topic_url": "sinaweibo://searchall?containerid=231522&amp;q=%23%E9%9B%B7%E6%9C%8B%E4%BA%9A%E5%A4%AA%E5%8C%BA%E5%93%81%E7%89%8C%E4%BB%A3%E8%A8%80%E4%BA%BA%E6%88%90%E6%AF%85%23&amp;extparam=%23%E9%9B%B7%E6%9C%8B%E4%BA%9A%E5%A4%AA%E5%8C%BA%E5%93%81%E7%89%8C%E4%BB%A3%E8%A8%80%E4%BA%BA%E6%88%90%E6%AF%85%23", "topic_title": "雷朋亚太区品牌代言人成毅", "actionlog": {"act_type": 1, "act_code": 300, "oid": "1022:23152277e13318fe28fa40ad5fae4c54f44ae4", "uuid": 4948807241695345, "cardid": "", "lcardid": "", "uicode": "", "luicode": "", "fid": "1076033073217815_-_WEIBO_SECOND_PROFILE_WEIBO", "lfid": "", "ext": "mid:4950522487898831|rid:12_0_50_162725796767654972_0_0_0|miduid:3073217815|rootmid:4950522487898831|rootuid:2060419113|authorid:|uuid:4948807241695345|is_ad_weibo:1"}}], "url_struct": [{"url_title": "Ray-Ban雷朋的微博视频", "url_type_pic": "https://h5.sinaimg.cn/upload/2015/09/25/3/timeline_card_small_video.png", "ori_url": "sinaweibo://video/vvs?mid=4950522487898831&amp;object_id=1034:4948805406097479&amp;url_type=39&amp;object_type=video&amp;pos=1&amp;mark_id=999_reallog_mark_ad%253A999%257CWeiboADNatural", "page_id": "2304444948805406097479", "short_url": "http://t.cn/A6OTXuuW", "long_url": "https://video.weibo.com/show?fid=1034:4948805406097479&amp;mark_id=999_reallog_mark_ad%3A999%7CWeiboADNatural", "url_type": 39, "result": false, "actionlog": {"act_type": 1, "act_code": 300, "oid": "4950554255298959", "uuid": 4948805563973660, "cardid": "", "lcardid": "", "uicode": "", "luicode": "", "fid": "1076033073217815_-_WEIBO_SECOND_PROFILE_WEIBO", "lfid": "", "ext": "mid:4950522487898831|rid:12_0_50_162725796767654972_0_0_0|miduid:3073217815|rootmid:4950522487898831|rootuid:2060419113|authorid:2027467614|uuid:4948805563973660|is_ad_weibo:1|analysis_card:url_struct", "mid": "4950554255298959", "source": "ad", "code": 14000014, "mark": "999_reallog_mark_ad:999|WeiboADNatural", "uid": "6839654475"}, "storage_type": "oss", "hide": 0, "object_type": "", "ttl": 3600, "h5_target_url": "https://video.weibo.com/show?fid=1034:4948805406097479&amp;from=1FFFF96039&amp;weiboauthoruid=2060419113", "need_save_obj": 0}], "mblogtype": 0, "showFeedRepost": false, "showFeedComment": false, "pictureViewerSign": false, "showPictureViewer": false, "rcList": [], "text": "&lt;img alt=\"[打call]\" title=\"[打call]\" src=\"https://face.t.sinajs.cn/t4/appstyle/expression/ext/normal/39/moren_dacall02_org.png\" /&gt;&lt;img alt=\"[打call]\" title=\"[打call]\" src=\"https://face.t.sinajs.cn/t4/appstyle/expression/ext/normal/39/moren_dacall02_org.png\" /&gt;&lt;img alt=\"[打call]\" title=\"[打call]\" src=\"https://face.t.sinajs.cn/t4/appstyle/expression/ext/normal/39/moren_dacall02_org.png\" /&gt;", "region_name": "发布于 浙江", "customIcons": [], "retweeted_status": {"visible": {"type": 0, "list_id": 0}, "created_at": "Wed Sep 27 10:00:00 +0800 2023", "id": 4950522487898831, "idstr": "4950522487898831", "mid": "4950522487898831", "mblogid": "NlcjSx8Qv", "user": {"id": 2060419113, "idstr": "2060419113", "pc_new": 0, "screen_name": "成毅", "profile_image_url": "https://tvax1.sinaimg.cn/crop.0.0.1080.1080.50/002frj8lly8hj4a1cc148j60u00u0gon02.jpg?KID=imgbed,tva&amp;Expires=1704748213&amp;ssig=OLifRXMJwZ", "profile_url": "/u/2060419113", "verified": true, "verified_type": 0, "domain": "", "weihao": "", "verified_type_ext": 1, "avatar_large": "https://tvax1.sinaimg.cn/crop.0.0.1080.1080.180/002frj8lly8hj4a1cc148j60u00u0gon02.jpg?KID=imgbed,tva&amp;Expires=1704748213&amp;ssig=Ld%2B6nIQjCB", "avatar_hd": "https://tvax1.sinaimg.cn/crop.0.0.1080.1080.1024/002frj8lly8hj4a1cc148j60u00u0gon02.jpg?KID=imgbed,tva&amp;Expires=1704748213&amp;ssig=4qpzGw1gxZ", "follow_me": false, "following": false, "mbrank": 8, "mbtype": 12, "v_plus": 0, "planet_video": false, "icon_list": [{"type": "vip", "data": {"mbrank": 8, "mbtype": 12, "svip": 1, "vvip": 0}}]}, "can_edit": false, "text_raw": "坚定目光，无畏挑战。演绎率性真我，保持无限热爱！\n很高兴成为雷朋亚太区品牌代言人，和@Ray-Ban雷朋 一起，突破自我，解锁全新视界！\n#雷朋亚太区品牌代言人成毅#\nhttp://t.cn/A6OTXuuW ​​​", "textLength": 174, "source": "&lt;a target=\"_blank\" href=\"https://t.sina.com.cn\" rel=\"nofollow\"&gt;微博视频号&lt;/a&gt;", "favorited": false, "buttons": [{"type": "follow", "name": "加关注", "params": {"uid": 2060419113, "disable_group": 1, "extparams": {"followcardid": "1008080010_"}}, "actionlog": {"act_code": "92", "oid": "4950522487898831"}}], "mark": "999_reallog_mark_ad:999|WeiboADNatural", "rid": "12_0_50_162725796767654972_0_0_0", "pic_ids": [], "geo": "", "pic_num": 0, "is_paid": false, "mblog_vip_type": 0, "number_display_strategy": {"apply_scenario_flag": 3, "display_text_min_number": 1000000, "display_text": "100万+"}, "reposts_count": 1000000, "comments_count": 1000000, "attitudes_count": 8799381, "attitudes_status": 0, "isLongText": false, "mlevel": 0, "content_auth": 0, "is_show_bulletin": 2, "comment_manage_info": {"comment_permission_type": -1, "approval_comment_type": 0, "comment_sort_type": 0, "ai_play_picture_type": 0}, "mblogtype": 0, "showFeedRepost": false, "showFeedComment": false, "pictureViewerSign": false, "showPictureViewer": false, "rcList": [], "text": "坚定目光，无畏挑战。演绎率性真我，保持无限热爱！&lt;br /&gt;很高兴成为雷朋亚太区品牌代言人，和&lt;a href=/n/Ray-Ban雷朋 usercard=\"name=@Ray-Ban雷朋\"&gt;@Ray-Ban雷朋&lt;/a&gt; 一起，突破自我，解锁全新视界！&lt;br /&gt;&lt;a href=\"//s.weibo.com/weibo?q=%23%E9%9B%B7%E6%9C%8B%E4%BA%9A%E5%A4%AA%E5%8C%BA%E5%93%81%E7%89%8C%E4%BB%A3%E8%A8%80%E4%BA%BA%E6%88%90%E6%AF%85%23\" target=\"_blank\"&gt;#雷朋亚太区品牌代言人成毅#&lt;/a&gt;&lt;br /&gt;&lt;a target=\"_blank\" href=\"https://video.weibo.com/show?fid=1034:4948805406097479\"&gt;&lt;img class=\"icon-link\" src=\"https://h5.sinaimg.cn/upload/2015/09/25/3/timeline_card_small_video_default.png\"/&gt;Ray-Ban雷朋的微博视频&lt;/a&gt; ​​​", "region_name": "发布于 北京", "customIcons": []}, "page_info": {"type": 5, "page_id": "2304444948805406097479", "object_type": "video", "oid": "2027467614", "page_title": "Ray-Ban雷朋的微博视频", "page_pic": "https://wx1.sinaimg.cn/orj480/78d8b35egy1hi5fqxeuu8j21re0zox24.jpg", "type_icon": "", "page_url": "sinaweibo://infopage?containerid=2304444948805406097479&amp;containerid=2304444948805406097479&amp;url_type=39&amp;object_type=video&amp;pos=2&amp;allowRedirect=1&amp;disable_interception=1&amp;disable_sinaurl=1&amp;schemewhitelist=%7B%22scheme%22%3A%5B%22.%2A%22%5D%2C%22itunes%22%3A%5B%22.%2A%22%5D%7D&amp;mark_id=999_reallog_mark_ad%253A999%257CWeiboADNatural", "object_id": "1034:4948805406097479", "media_info": {"name": "Ray-Ban雷朋的微博视频", "stream_url": "http://f.video.weibocdn.com/o0/WnghCfCtlx088NQQH5w4010412001Sh00E010.mp4?label=mp4_ld&amp;template=640x360.25.0&amp;ori=0&amp;ps=1CwnkDw1GXwCQx&amp;Expires=1704741013&amp;ssig=G76tirPYH1&amp;KID=unistore,video", "stream_url_hd": "http://f.video.weibocdn.com/o0/vVvTES3klx088NQQXmrm010412002ZND0E010.mp4?label=mp4_hd&amp;template=852x480.25.0&amp;ori=0&amp;ps=1CwnkDw1GXwCQx&amp;Expires=1704741013&amp;ssig=7QJh3Em6Wz&amp;KID=unistore,video", "format": "mp4", "h5_url": "https://video.weibo.com/show?fid=1034:4948805406097479&amp;mark_id=999_reallog_mark_ad%253A999%257CWeiboADNatural", "mp4_sd_url": "http://f.video.weibocdn.com/o0/WnghCfCtlx088NQQH5w4010412001Sh00E010.mp4?label=mp4_ld&amp;template=640x360.25.0&amp;ori=0&amp;ps=1CwnkDw1GXwCQx&amp;Expires=1704741013&amp;ssig=G76tirPYH1&amp;KID=unistore,video", "mp4_hd_url": "http://f.video.weibocdn.com/o0/vVvTES3klx088NQQXmrm010412002ZND0E010.mp4?label=mp4_hd&amp;template=852x480.25.0&amp;ori=0&amp;ps=1CwnkDw1GXwCQx&amp;Expires=1704741013&amp;ssig=7QJh3Em6Wz&amp;KID=unistore,video", "h265_mp4_hd": "", "h265_mp4_ld": "", "inch_4_mp4_hd": "", "inch_5_mp4_hd": "", "inch_5_5_mp4_hd": "", "mp4_720p_mp4": "http://f.video.weibocdn.com/o0/Q2PzOy9Nlx088NQR56Y80104120067jf0E010.mp4?label=mp4_720p&amp;template=1280x720.25.0&amp;ori=0&amp;ps=1CwnkDw1GXwCQx&amp;Expires=1704741013&amp;ssig=F6ls1y3Jze&amp;KID=unistore,video", "hevc_mp4_720p": "", "prefetch_type": 1, "prefetch_size": 262144, "act_status": 1, "protocol": "general,dash", "media_id": "4948805406097479", "origin_total_bitrate": 0, "video_orientation": "horizontal", "duration": 15, "forward_strategy": -1, "search_scheme": "sinaweibo://svssearch?containerid=232080", "is_short_video": 0, "vote_is_show": 0, "belong_collection": 0, "titles_display_time": "3", "show_progress_bar": 1, "show_mute_button": true, "ext_info": {"video_orientation": "horizontal"}, "next_title": "坚定目光，无畏挑战。演绎率性真我，保持无限热爱！\n很高兴成为雷朋亚太区品牌代言人，和@Ray-Ban雷朋 一起，突破自我，解锁全新视界！\n#雷朋亚太区品牌代言人成毅#", "kol_title": "雷朋亚太区品牌代言人成毅", "play_completion_actions": [{"type": "1", "icon": "https://h5.sinaimg.cn/upload/100/1413/2021/12/22/feed_video_icon_replay.png", "text": "重播", "link": "", "btn_code": 1000, "show_position": 1, "actionlog": {"oid": "2304444948805406097479", "act_code": 1221, "act_type": 0, "source": "video"}}, {"type": 6, "icon": "https://tvax4.sinaimg.cn/crop.0.0.1080.1080.180/78d8b35ely8h5fmg2n8qij20u00u0dgt.jpg?KID=imgbed,tva&amp;Expires=1704748213&amp;ssig=jqBvFHWTcx", "text": "", "display_mode": 2, "display_starttime": 5, "display_endtime": 99999, "countdown_time": 5, "show_position": 48, "scheme": "", "link": "", "btn_code": 1009, "actionlog": {"oid": "2304444948805406097479", "act_code": 91, "act_type": 0, "source": "video", "ext": "mid:4950522487898831|oid:1034:4948805406097479|muid:2060419113|authorid:2027467614"}, "ext": {"uid": "2027467614", "user_name": "Ray-Ban雷朋", "followers_count": 710413, "verified": true, "verified_type": 2, "verified_type_ext": 50, "verified_reason": "Ray-Ban雷朋眼镜官方微博", "level": 3}, "display_type": 0}], "video_publish_time": 1695370653, "play_loop_type": 0, "video_title": "雷朋亚太区品牌代言人成毅", "author_mid": "4948807240911603", "author_name": "Ray-Ban雷朋", "extra_info": {"sceneid": "profile_mb"}, "video_download_strategy": {"abandon_download": 0}, "jump_to": 6, "big_pic_info": {"pic_big": {"height": 1080, "url": "https://wx1.sinaimg.cn/orj1080/78d8b35egy1hi5fqxeuu8j21re0zox24.jpg", "width": 1920}, "pic_small": {"height": 150, "url": "https://wx1.sinaimg.cn/or180/78d8b35egy1hi5fqxeuu8j21re0zox24.jpg", "width": 266}, "pic_middle": {"height": 270, "url": "https://wx1.sinaimg.cn/or360/78d8b35egy1hi5fqxeuu8j21re0zox24.jpg", "width": 480}}, "online_users": "2802万次观看", "online_users_number": 28026469, "ttl": 3600, "storage_type": "oss", "is_keep_current_mblog": 1, "author_info": {"id": 2027467614, "idstr": "2027467614", "pc_new": 7, "screen_name": "Ray-Ban雷朋", "profile_image_url": "https://tvax4.sinaimg.cn/crop.0.0.1080.1080.50/78d8b35ely8h5fmg2n8qij20u00u0dgt.jpg?KID=imgbed,tva&amp;Expires=1704748213&amp;ssig=86KUxHIyTo", "profile_url": "/u/2027467614", "verified": true, "verified_type": 2, "domain": "raybanchina", "weihao": "", "verified_type_ext": 50, "avatar_large": "https://tvax4.sinaimg.cn/crop.0.0.1080.1080.180/78d8b35ely8h5fmg2n8qij20u00u0dgt.jpg?KID=imgbed,tva&amp;Expires=1704748213&amp;ssig=jqBvFHWTcx", "avatar_hd": "https://tvax4.sinaimg.cn/crop.0.0.1080.1080.1024/78d8b35ely8h5fmg2n8qij20u00u0dgt.jpg?KID=imgbed,tva&amp;Expires=1704748213&amp;ssig=uUgk%2BZKsGp", "follow_me": false, "following": false, "mbrank": 6, "mbtype": 12, "v_plus": 0, "planet_video": false, "verified_reason": "Ray-Ban雷朋眼镜官方微博", "description": "Genuine Since 1937 经典源于1937", "location": "海外 美国", "gender": "m", "followers_count": 710414, "followers_count_str": "71万", "friends_count": 695, "statuses_count": 5881, "url": "http://www.douban.com/minisite/ray-ban/", "svip": 1, "vvip": 0, "cover_image_phone": "https://wx4.sinaimg.cn/crop.0.0.640.640.640/78d8b35ely1hib3zpcwzaj20u00u0tab.jpg"}, "playback_list": [{"meta": {"label": "mp4_1080p", "quality_index": 1080, "quality_desc": "高清", "quality_label": "1080p", "quality_class": "HD", "type": 1, "quality_group": 1080, "is_hidden": false}, "play_info": {"type": 1, "mime": "video/mp4", "protocol": "general", "label": "mp4_1080p", "url": "https://f.video.weibocdn.com/o0/XJJuFFItlx088NQREUaA01041200b4o80E010.mp4?label=mp4_1080p&amp;template=1920x1080.25.0&amp;media_id=4948805406097479&amp;tp=8x8A3El:YTkl0eM8&amp;us=0&amp;ori=1&amp;bf=4&amp;ot=h&amp;lp=00003MndIw&amp;ps=mZ6WB&amp;uid=7sSuzF&amp;ab=,8143-g0,8013-g0,3601-g31,3601-g36,3601-g39,3601-g19,3601-g36,3601-g27&amp;Expires=1704741013&amp;ssig=wSCFMBu3Y5&amp;KID=unistore,video", "bitrate": 1387943, "prefetch_range": "0-445902", "video_codecs": "avc1.640032", "fps": 25, "width": 1920, "height": 1080, "size": 2638480, "duration": 15.208, "sar": "1.0", "audio_codecs": "mp4a.40.5", "audio_sample_rate": 44100, "quality_label": "1080p", "quality_class": "HD", "quality_desc": "高清", "audio_channels": 2, "audio_sample_fmt": "fltp", "audio_bits_per_sample": 0, "watermark": "none", "extension": {"transcode_info": {"pcdn_rule_id": 0, "pcdn_jank": 0, "origin_video_dr": "SDR", "ab_strategies": ",8143-g0,8013-g0,3601-g31,3601-g36,3601-g39,3601-g19,3601-g36,3601-g27"}}, "video_decoder": "hard", "prefetch_enabled": true, "tcp_receive_buffer": 262144, "dolby_atmos": false, "color_transfer": "bt709", "first_pkt_end_pos": 23759}}, {"meta": {"label": "mp4_720p", "quality_index": 720, "quality_desc": "高清", "quality_label": "720p", "quality_class": "HD", "type": 1, "quality_group": 720, "is_hidden": false}, "play_info": {"type": 1, "mime": "video/mp4", "protocol": "general", "label": "mp4_720p", "url": "https://f.video.weibocdn.com/o0/Q2PzOy9Nlx088NQR56Y80104120067jf0E010.mp4?label=mp4_720p&amp;template=1280x720.25.0&amp;media_id=4948805406097479&amp;tp=8x8A3El:YTkl0eM8&amp;us=0&amp;ori=1&amp;bf=4&amp;ot=h&amp;lp=00003MndIw&amp;ps=mZ6WB&amp;uid=7sSuzF&amp;ab=,8143-g0,8013-g0,3601-g31,3601-g36,3601-g39,3601-g19,3601-g36,3601-g27&amp;Expires=1704741013&amp;ssig=F6ls1y3Jze&amp;KID=unistore,video", "bitrate": 767001, "prefetch_range": "0-257655", "video_codecs": "avc1.64001f", "fps": 25, "width": 1280, "height": 720, "size": 1458069, "duration": 15.208, "sar": "1.0", "audio_codecs": "mp4a.40.5", "audio_sample_rate": 44100, "quality_label": "720p", "quality_class": "HD", "quality_desc": "高清", "audio_channels": 2, "audio_sample_fmt": "fltp", "audio_bits_per_sample": 0, "watermark": "none", "extension": {"transcode_info": {"pcdn_rule_id": 0, "pcdn_jank": 0, "origin_video_dr": "SDR", "ab_strategies": ",8143-g0,8013-g0,3601-g31,3601-g36,3601-g39,3601-g19,3601-g36,3601-g27"}}, "video_decoder": "hard", "prefetch_enabled": true, "tcp_receive_buffer": 262144, "dolby_atmos": false, "color_transfer": "bt709", "first_pkt_end_pos": 19232}}, {"meta": {"label": "mp4_hd", "quality_index": 480, "quality_desc": "标清", "quality_label": "480p", "quality_class": "SD", "type": 1, "quality_group": 480, "is_hidden": false}, "play_info": {"type": 1, "mime": "video/mp4", "protocol": "general", "label": "mp4_hd", "url": "https://f.video.weibocdn.com/o0/vVvTES3klx088NQQXmrm010412002ZND0E010.mp4?label=mp4_hd&amp;template=852x480.25.0&amp;media_id=4948805406097479&amp;tp=8x8A3El:YTkl0eM8&amp;us=0&amp;ori=1&amp;bf=4&amp;ot=h&amp;lp=00003MndIw&amp;ps=mZ6WB&amp;uid=7sSuzF&amp;ab=,8143-g0,8013-g0,3601-g31,3601-g36,3601-g39,3601-g19,3601-g36,3601-g27&amp;Expires=1704741013&amp;ssig=7QJh3Em6Wz&amp;KID=unistore,video", "bitrate": 375705, "prefetch_range": "0-137470", "video_codecs": "avc1.64001e", "fps": 25, "width": 852, "height": 480, "size": 714217, "duration": 15.208, "sar": "1.001565", "audio_codecs": "mp4a.40.5", "audio_sample_rate": 44100, "quality_label": "480p", "quality_class": "SD", "quality_desc": "标清", "audio_channels": 2, "audio_sample_fmt": "fltp", "audio_bits_per_sample": 0, "watermark": "none", "extension": {"transcode_info": {"pcdn_rule_id": 0, "pcdn_jank": 0, "origin_video_dr": "SDR", "ab_strategies": ",8143-g0,8013-g0,3601-g31,3601-g36,3601-g39,3601-g19,3601-g36,3601-g27"}}, "video_decoder": "hard", "prefetch_enabled": true, "tcp_receive_buffer": 262144, "dolby_atmos": false, "color_transfer": "bt709", "first_pkt_end_pos": 15943}}, {"meta": {"label": "scrubber_hd", "quality_index": 480, "quality_desc": "标清", "quality_label": "480p", "quality_class": "SD", "type": 3, "quality_group": 480, "is_hidden": false}, "play_info": {"type": 3, "mime": "image/jpeg", "protocol": "general", "label": "scrubber_hd", "url": "https://wx1.sinaimg.cn/large/78d8b35ely1hi5frf9hjvj20qo460q5s.jpg?media_id=4948805406097479&amp;tp=8x8A3El:YTkl0eM8&amp;us=0&amp;ori=1&amp;bf=4&amp;ot=h&amp;lp=00003MndIw&amp;ps=mZ6WB&amp;uid=7sSuzF&amp;ab=,8143-g0,8013-g0,3601-g31,3601-g36,3601-g39,3601-g19,3601-g36,3601-g27&amp;Expires=1704741013&amp;ssig=GIPMMvSGMP&amp;KID=unistore,video", "prefetch_range": "0-512000", "width": 320, "height": 180, "quality_label": "480p", "quality_class": "SD", "quality_desc": "标清", "extension": {"transcode_info": {"pcdn_rule_id": 0, "pcdn_jank": 0, "origin_video_dr": "SDR", "ab_strategies": ",8143-g0,8013-g0,3601-g31,3601-g36,3601-g39,3601-g19,3601-g36,3601-g27"}}, "video_decoder": "hard", "prefetch_enabled": true, "tcp_receive_buffer": 262144, "col": 3, "row": 30, "interval": 1, "offset": 0.5, "urls": ["http://wx4.sinaimg.cn/large/78d8b35ely1hi5frf9hjvj20qo460q5s.jpg"]}}, {"meta": {"label": "mp4_ld", "quality_index": 360, "quality_desc": "流畅", "quality_label": "360p", "quality_class": "SD", "type": 1, "quality_group": 360, "is_hidden": false}, "play_info": {"type": 1, "mime": "video/mp4", "protocol": "general", "label": "mp4_ld", "url": "https://f.video.weibocdn.com/o0/WnghCfCtlx088NQQH5w4010412001Sh00E010.mp4?label=mp4_ld&amp;template=640x360.25.0&amp;media_id=4948805406097479&amp;tp=8x8A3El:YTkl0eM8&amp;us=0&amp;ori=1&amp;bf=4&amp;ot=h&amp;lp=00003MndIw&amp;ps=mZ6WB&amp;uid=7sSuzF&amp;ab=,8143-g0,8013-g0,3601-g31,3601-g36,3601-g39,3601-g19,3601-g36,3601-g27&amp;Expires=1704741013&amp;ssig=G76tirPYH1&amp;KID=unistore,video", "bitrate": 235117, "prefetch_range": "0-91230", "video_codecs": "avc1.64001e", "fps": 25, "width": 640, "height": 360, "size": 446958, "duration": 15.208, "sar": "1.0", "audio_codecs": "mp4a.40.5", "audio_sample_rate": 44100, "quality_label": "360p", "quality_class": "SD", "quality_desc": "流畅", "audio_channels": 2, "audio_sample_fmt": "fltp", "audio_bits_per_sample": 0, "watermark": "none", "extension": {"transcode_info": {"pcdn_rule_id": 0, "pcdn_jank": 0, "origin_video_dr": "SDR", "ab_strategies": ",8143-g0,8013-g0,3601-g31,3601-g36,3601-g39,3601-g19,3601-g36,3601-g27"}}, "video_decoder": "hard", "prefetch_enabled": true, "tcp_receive_buffer": 262144, "dolby_atmos": false, "color_transfer": "bt709", "first_pkt_end_pos": 14383}}]}, "author_id": "2027467614", "authorid": "2027467614", "cards": [{"type": "11", "page_id": "2304444948805406097479", "object_type": "video", "object_id": "1034:4948805406097479", "content1": "Ray-Ban雷朋的微博视频", "content2": "坚定目光，无畏挑战。演绎率性真我，保持无限热爱！\n很高兴成为雷朋亚太区品牌代言人，和@Ray-Ban雷朋 一起，突破自我，解锁全新视界！\n#雷朋亚太区品牌代言人成毅#", "act_status": 1, "media_info": {"name": "Ray-Ban雷朋的微博视频", "stream_url": "http://f.video.weibocdn.com/o0/WnghCfCtlx088NQQH5w4010412001Sh00E010.mp4?label=mp4_ld&amp;template=640x360.25.0&amp;ori=0&amp;ps=1CwnkDw1GXwCQx&amp;Expires=1704741013&amp;ssig=G76tirPYH1&amp;KID=unistore,video", "stream_url_hd": "http://f.video.weibocdn.com/o0/vVvTES3klx088NQQXmrm010412002ZND0E010.mp4?label=mp4_hd&amp;template=852x480.25.0&amp;ori=0&amp;ps=1CwnkDw1GXwCQx&amp;Expires=1704741013&amp;ssig=7QJh3Em6Wz&amp;KID=unistore,video", "format": "mp4", "h5_url": "https://video.weibo.com/show?fid=1034:4948805406097479&amp;mark_id=999_reallog_mark_ad%253A999%257CWeiboADNatural", "mp4_sd_url": "http://f.video.weibocdn.com/o0/WnghCfCtlx088NQQH5w4010412001Sh00E010.mp4?label=mp4_ld&amp;template=640x360.25.0&amp;ori=0&amp;ps=1CwnkDw1GXwCQx&amp;Expires=1704741013&amp;ssig=G76tirPYH1&amp;KID=unistore,video", "mp4_hd_url": "http://f.video.weibocdn.com/o0/vVvTES3klx088NQQXmrm010412002ZND0E010.mp4?label=mp4_hd&amp;template=852x480.25.0&amp;ori=0&amp;ps=1CwnkDw1GXwCQx&amp;Expires=1704741013&amp;ssig=7QJh3Em6Wz&amp;KID=unistore,video", "h265_mp4_hd": "", "h265_mp4_ld": "", "inch_4_mp4_hd": "", "inch_5_mp4_hd": "", "inch_5_5_mp4_hd": "", "mp4_720p_mp4": "http://f.video.weibocdn.com/o0/Q2PzOy9Nlx088NQR56Y80104120067jf0E010.mp4?label=mp4_720p&amp;template=1280x720.25.0&amp;ori=0&amp;ps=1CwnkDw1GXwCQx&amp;Expires=1704741013&amp;ssig=F6ls1y3Jze&amp;KID=unistore,video", "hevc_mp4_720p": "", "prefetch_type": 1, "prefetch_size": 262144, "act_status": 1, "protocol": "general,dash", "media_id": "4948805406097479", "origin_total_bitrate": 0, "video_orientation": "horizontal", "duration": 15, "forward_strategy": -1, "search_scheme": "sinaweibo://svssearch?containerid=232080", "is_short_video": 0, "vote_is_show": 0, "belong_collection": 0, "titles_display_time": "3", "show_progress_bar": 1, "show_mute_button": true, "ext_info": {"video_orientation": "horizontal"}, "next_title": "坚定目光，无畏挑战。演绎率性真我，保持无限热爱！\n很高兴成为雷朋亚太区品牌代言人，和@Ray-Ban雷朋 一起，突破自我，解锁全新视界！\n#雷朋亚太区品牌代言人成毅#", "kol_title": "雷朋亚太区品牌代言人成毅", "play_completion_actions": [{"type": "1", "icon": "https://h5.sinaimg.cn/upload/100/1413/2021/12/22/feed_video_icon_replay.png", "text": "重播", "link": "", "btn_code": 1000, "show_position": 1, "actionlog": {"oid": "2304444948805406097479", "act_code": 1221, "act_type": 1, "source": "ad", "mid": "4950554255298959", "code": "80000002", "mark": "999_reallog_mark_ad:999|WeiboADNatural", "ext": "|third_party_scheme_protocol:|ad_type:app"}}, {"type": 6, "icon": "https://tvax4.sinaimg.cn/crop.0.0.1080.1080.180/78d8b35ely8h5fmg2n8qij20u00u0dgt.jpg?KID=imgbed,tva&amp;Expires=1704748213&amp;ssig=jqBvFHWTcx", "text": "", "display_mode": 2, "display_starttime": 5, "display_endtime": 99999, "countdown_time": 5, "show_position": 48, "scheme": "", "link": "", "btn_code": 1009, "actionlog": {"oid": "2304444948805406097479", "act_code": 91, "act_type": 1, "source": "ad", "ext": "Array|third_party_scheme_protocol:|ad_type:app", "mid": "4950554255298959", "mark": "999_reallog_mark_ad:999|WeiboADNatural"}, "ext": {"uid": "2027467614", "user_name": "Ray-Ban雷朋", "followers_count": 710413, "verified": true, "verified_type": 2, "verified_type_ext": 50, "verified_reason": "Ray-Ban雷朋眼镜官方微博", "level": 3}, "display_type": 0}], "video_publish_time": 1695370653, "play_loop_type": 0, "video_title": "雷朋亚太区品牌代言人成毅", "author_mid": "4948807240911603", "author_name": "Ray-Ban雷朋", "extra_info": {"sceneid": "profile_mb"}, "video_download_strategy": {"abandon_download": 0}, "jump_to": 6, "big_pic_info": {"pic_big": {"height": 1080, "url": "https://wx1.sinaimg.cn/orj1080/78d8b35egy1hi5fqxeuu8j21re0zox24.jpg", "width": 1920}, "pic_small": {"height": 150, "url": "https://wx1.sinaimg.cn/or180/78d8b35egy1hi5fqxeuu8j21re0zox24.jpg", "width": 266}, "pic_middle": {"height": 270, "url": "https://wx1.sinaimg.cn/or360/78d8b35egy1hi5fqxeuu8j21re0zox24.jpg", "width": 480}}, "online_users": "2802万次观看", "online_users_number": 28026469, "ttl": 3600, "storage_type": "oss"}, "page_pic": "https://wx1.sinaimg.cn/orj480/78d8b35egy1hi5fqxeuu8j21re0zox24.jpg", "page_title": "Ray-Ban雷朋的微博视频", "page_url": "sinaweibo://infopage?containerid=2304444948805406097479&amp;containerid=2304444948805406097479&amp;url_type=39&amp;object_type=video&amp;pos=2&amp;allowRedirect=1&amp;disable_interception=1&amp;disable_sinaurl=1&amp;schemewhitelist=%7B%22scheme%22%3A%5B%22.%2A%22%5D%2C%22itunes%22%3A%5B%22.%2A%22%5D%7D&amp;mark_id=999_reallog_mark_ad%253A999%257CWeiboADNatural", "pic_info": {"pic_big": {"height": "480", "url": "https://wx1.sinaimg.cn/orj480/78d8b35egy1hi5fqxeuu8j21re0zox24.jpg", "width": "852"}, "pic_small": {"height": "480", "url": "https://wx1.sinaimg.cn/orj480/78d8b35egy1hi5fqxeuu8j21re0zox24.jpg", "width": "852"}, "pic_middle": {"url": "https://wx1.sinaimg.cn/orj480/78d8b35egy1hi5fqxeuu8j21re0zox24.jpg", "height": "480", "width": "852"}}, "oid": "2027467614", "type_icon": "", "author_id": "2027467614", "authorid": "2027467614", "warn": "", "actionlog": {"act_type": 1, "act_code": 799, "lcardid": "", "fid": "1076033073217815_-_WEIBO_SECOND_PROFILE_WEIBO", "mid": "4950554255298959", "oid": "2304444948805406097479", "uuid": 4948805563973660, "source": "ad", "ext": "uid:6839654475|mid:4950554255298959|objectid:1034%3A4948805406097479|from:1|object_duration:15.208|miduid:3073217815|rootuid:2060419113|rootmid:4950522487898831|authorid:2027467614|video_orientation:horizontal|third_vid:|is_album:0|is_contribution:0|video_tags:|isfan:0|ua:Mozilla/5.0 (Windows NT 10.0; Win64; x64) AppleWebKit/537.36 (KHTML, like Gecko) Chrome/120.0.0.0 Safari/537.36 WeiboPro/1.0.0|sceneid:profile_mb|uuid:4948805563973660|detail:native|contribution:0|short_video:0|st_video:1|author_mid:4948807240911603|cluster_type_status:|is_ad_weibo:999_reallog_mark_ad:999|WeiboADNatural|source:ad|ad_log_ext_source:ad|container_mid:4950554255298959|analysis_card:page_info", "code": "80000001", "mark": "999_reallog_mark_ad:999|WeiboADNatural"}}, {"type": 34, "page_id": "2304444948805406097479", "object_type": "video", "page_desc": "娱乐明星 明星资讯 · 2802万次观看", "oid": "2027467614", "page_title": "娱乐明星 明星资讯 · 2802万次观看", "page_pic": "https://wx1.sinaimg.cn/orj480/78d8b35egy1hi5fqxeuu8j21re0zox24.jpg", "type_icon": "", "page_url": "sinaweibo://video/vvs?sceneid=profile_mb&amp;object_id=1034:4948805406097479&amp;mid=4950522487898831&amp;log_ext=is_contribution%3A%7Cfirst_level_channel_id%3A%7Csecond_level_channel_id%3A&amp;url_type=39&amp;object_type=video&amp;pos=2&amp;mark_id=999_reallog_mark_ad%253A999%257CWeiboADNatural", "object_id": "1034:4948805406097479", "author_id": "2027467614", "authorid": "2027467614", "is_broadcast": 1, "icon_url": "https://h5.sinaimg.cn/upload/1000/1327/2021/01/20/videofeed_album_icon.png", "withPlayCount": true, "ext": "is_contribution:|first_level_channel_id:|second_level_channel_id:", "actionlog": {"act_type": 1, "act_code": "3457", "oid": "1034:4948805406097479", "uuid": 4948805563973660, "cardid": "", "lcardid": "", "uicode": "", "luicode": "", "fid": "1076033073217815_-_WEIBO_SECOND_PROFILE_WEIBO", "lfid": "", "ext": "mid:4950522487898831|rid:12_0_50_162725796767654972_0_0_0|miduid:3073217815|rootmid:4950522487898831|rootuid:2060419113|authorid:2027467614|uuid:4948805563973660|is_ad_weibo:1|is_contribution:|first_level_channel_id:|second_level_channel_id:|play_page:playlist|analysis_card:page_info"}}], "actionlog": {"act_type": 1, "act_code": 799, "lcardid": "", "fid": "1076033073217815_-_WEIBO_SECOND_PROFILE_WEIBO", "mid": "4950522487898831", "oid": "1034:4948805406097479", "uuid": 4948805563973660, "source": "video", "ext": "uid:6839654475|mid:4950554255298959|objectid:1034%3A4948805406097479|from:1|object_duration:15.208|miduid:3073217815|rootuid:2060419113|rootmid:4950522487898831|authorid:2027467614|video_orientation:horizontal|third_vid:|is_album:0|is_contribution:0|video_tags:|isfan:0|ua:Mozilla/5.0 (Windows NT 10.0; Win64; x64) AppleWebKit/537.36 (KHTML, like Gecko) Chrome/120.0.0.0 Safari/537.36 WeiboPro/1.0.0|sceneid:profile_mb|uuid:4948805563973660|detail:native|contribution:0|short_video:0|st_video:1|author_mid:4948807240911603|cluster_type_status:|is_ad_weibo:999_reallog_mark_ad:999|WeiboADNatural|source:ad|ad_log_ext_source:ad|container_mid:4950554255298959|analysis_card:page_info"}, "short_url": "http://t.cn/A6OTXuuW"}}