{"visible": {"type": 0, "list_id": 0}, "created_at": "Tue Oct 03 22:28:02 +0800 2023", "id": 4952885065156781, "idstr": "4952885065156781", "mid": "4952885065156781", "mblogid": "NmbMulDvT", "user": {"id": 3073217815, "idstr": "3073217815", "pc_new": 0, "screen_name": "七十七只绵羊", "profile_image_url": "https://tvax3.sinaimg.cn/crop.0.0.512.512.50/b72d9517ly8hf8e0vpc8ej20e80e8myg.jpg?KID=imgbed,tva&amp;Expires=1704748213&amp;ssig=ggDTRuXbGo", "profile_url": "/u/3073217815", "verified": true, "verified_type": 0, "domain": "", "weihao": "", "verified_type_ext": 0, "avatar_large": "https://tvax3.sinaimg.cn/crop.0.0.512.512.180/b72d9517ly8hf8e0vpc8ej20e80e8myg.jpg?KID=imgbed,tva&amp;Expires=1704748213&amp;ssig=g3HRl4Lkmg", "avatar_hd": "https://tvax3.sinaimg.cn/crop.0.0.512.512.1024/b72d9517ly8hf8e0vpc8ej20e80e8myg.jpg?KID=imgbed,tva&amp;Expires=1704748213&amp;ssig=Oa3U%2Ft1WCY", "follow_me": false, "following": false, "mbrank": 5, "mbtype": 11, "v_plus": 0, "planet_video": false, "icon_list": [{"type": "vip", "data": {"mbrank": 5, "mbtype": 11, "svip": 1, "vvip": 0}}]}, "can_edit": false, "text_raw": "近日～ ​​​", "textLength": 6, "annotations": [{"photo_sub_type": "0,0,0,0"}, [], {"client_mblogid": "iPhone-6872AD11-6276-4FCB-A423-D73BFE8C227F"}, {"source_text": "", "phone_id": "1399"}, {"mapi_request": true}], "source": "iPhone客户端", "favorited": false, "rid": "5_0_50_162725796767654972_0_0_0", "cardid": "raresvip_0052001143", "pic_ids": ["b72d9517gy1hiig3j7yn5j21sc2dsu0x", "b72d9517gy1hiig3lm0n6j22c0340kjn", "b72d9517gy1hiig3mwvkwj22c03401kx", "b72d9517gy1hiig3on1haj22c0340hdt"], "pic_num": 4, "pic_infos": {"b72d9517gy1hiig3j7yn5j21sc2dsu0x": {"thumbnail": {"url": "https://wx3.sinaimg.cn/wap180/b72d9517gy1hiig3j7yn5j21sc2dsu0x.jpg", "width": 135, "height": 180, "cut_type": 1, "type": ""}, "bmiddle": {"url": "https://wx3.sinaimg.cn/wap360/b72d9517gy1hiig3j7yn5j21sc2dsu0x.jpg", "width": 270, "height": 360, "cut_type": 1, "type": ""}, "large": {"url": "https://wx3.sinaimg.cn/orj960/b72d9517gy1hiig3j7yn5j21sc2dsu0x.jpg", "width": 960, "height": 1279, "cut_type": 1, "type": ""}, "original": {"url": "https://wx3.sinaimg.cn/orj1080/b72d9517gy1hiig3j7yn5j21sc2dsu0x.jpg", "width": 1080, "height": 1439, "cut_type": 1, "type": ""}, "largest": {"url": "https://wx3.sinaimg.cn/large/b72d9517gy1hiig3j7yn5j21sc2dsu0x.jpg", "width": 2048, "height": 2730, "cut_type": 1, "type": ""}, "mw2000": {"url": "https://wx3.sinaimg.cn/mw2000/b72d9517gy1hiig3j7yn5j21sc2dsu0x.jpg", "width": 2000, "height": 2666, "cut_type": 1, "type": ""}, "object_id": "1042018:316981923f01a9ce1b249e98c00df162", "pic_id": "b72d9517gy1hiig3j7yn5j21sc2dsu0x", "photo_tag": 0, "type": "pic", "pic_status": 1}, "b72d9517gy1hiig3lm0n6j22c0340kjn": {"thumbnail": {"url": "https://wx4.sinaimg.cn/wap180/b72d9517gy1hiig3lm0n6j22c0340kjn.jpg", "width": 135, "height": 180, "cut_type": 1, "type": ""}, "bmiddle": {"url": "https://wx4.sinaimg.cn/wap360/b72d9517gy1hiig3lm0n6j22c0340kjn.jpg", "width": 270, "height": 360, "cut_type": 1, "type": ""}, "large": {"url": "https://wx4.sinaimg.cn/orj960/b72d9517gy1hiig3lm0n6j22c0340kjn.jpg", "width": 960, "height": 1279, "cut_type": 1, "type": ""}, "original": {"url": "https://wx4.sinaimg.cn/orj1080/b72d9517gy1hiig3lm0n6j22c0340kjn.jpg", "width": 1080, "height": 1439, "cut_type": 1, "type": ""}, "largest": {"url": "https://wx4.sinaimg.cn/large/b72d9517gy1hiig3lm0n6j22c0340kjn.jpg", "width": 2048, "height": 2730, "cut_type": 1, "type": ""}, "mw2000": {"url": "https://wx4.sinaimg.cn/mw2000/b72d9517gy1hiig3lm0n6j22c0340kjn.jpg", "width": 2000, "height": 2666, "cut_type": 1, "type": ""}, "object_id": "1042018:1d285879300c04f6120c72f01555dfd3", "pic_id": "b72d9517gy1hiig3lm0n6j22c0340kjn", "photo_tag": 0, "type": "pic", "pic_status": 1}, "b72d9517gy1hiig3mwvkwj22c03401kx": {"thumbnail": {"url": "https://wx3.sinaimg.cn/wap180/b72d9517gy1hiig3mwvkwj22c03401kx.jpg", "width": 135, "height": 180, "cut_type": 1, "type": ""}, "bmiddle": {"url": "https://wx3.sinaimg.cn/wap360/b72d9517gy1hiig3mwvkwj22c03401kx.jpg", "width": 270, "height": 360, "cut_type": 1, "type": ""}, "large": {"url": "https://wx3.sinaimg.cn/orj960/b72d9517gy1hiig3mwvkwj22c03401kx.jpg", "width": 960, "height": 1279, "cut_type": 1, "type": ""}, "original": {"url": "https://wx3.sinaimg.cn/orj1080/b72d9517gy1hiig3mwvkwj22c03401kx.jpg", "width": 1080, "height": 1439, "cut_type": 1, "type": ""}, "largest": {"url": "https://wx3.sinaimg.cn/large/b72d9517gy1hiig3mwvkwj22c03401kx.jpg", "width": 2048, "height": 2730, "cut_type": 1, "type": ""}, "mw2000": {"url": "https://wx3.sinaimg.cn/mw2000/b72d9517gy1hiig3mwvkwj22c03401kx.jpg", "width": 2000, "height": 2666, "cut_type": 1, "type": ""}, "object_id": "1042018:ae6624181cfb7070807f61e0b06654a5", "pic_id": "b72d9517gy1hiig3mwvkwj22c03401kx", "photo_tag": 0, "type": "pic", "pic_status": 1}, "b72d9517gy1hiig3on1haj22c0340hdt": {"thumbnail": {"url": "https://wx2.sinaimg.cn/wap180/b72d9517gy1hiig3on1haj22c0340hdt.jpg", "width": 135, "height": 180, "cut_type": 1, "type": ""}, "bmiddle": {"url": "https://wx2.sinaimg.cn/wap360/b72d9517gy1hiig3on1haj22c0340hdt.jpg", "width": 270, "height": 360, "cut_type": 1, "type": ""}, "large": {"url": "https://wx2.sinaimg.cn/orj960/b72d9517gy1hiig3on1haj22c0340hdt.jpg", "width": 960, "height": 1279, "cut_type": 1, "type": ""}, "original": {"url": "https://wx2.sinaimg.cn/orj1080/b72d9517gy1hiig3on1haj22c0340hdt.jpg", "width": 1080, "height": 1439, "cut_type": 1, "type": ""}, "largest": {"url": "https://wx2.sinaimg.cn/large/b72d9517gy1hiig3on1haj22c0340hdt.jpg", "width": 2048, "height": 2730, "cut_type": 1, "type": ""}, "mw2000": {"url": "https://wx2.sinaimg.cn/mw2000/b72d9517gy1hiig3on1haj22c0340hdt.jpg", "width": 2000, "height": 2666, "cut_type": 1, "type": ""}, "object_id": "1042018:84ba60e4c6505a7e59b3f132a21133db", "pic_id": "b72d9517gy1hiig3on1haj22c0340hdt", "photo_tag": 0, "type": "pic", "pic_status": 1}}, "is_paid": false, "pic_bg_new": "http://vip.storage.weibo.com/feed_cover/raresvip_0052001143_mobile_new.png?version=2021091501", "mblog_vip_type": 0, "number_display_strategy": {"apply_scenario_flag": 3, "display_text_min_number": 1000000, "display_text": "100万+"}, "reposts_count": 0, "comments_count": 3, "attitudes_count": 2, "attitudes_status": 0, "isLongText": false, "mlevel": 0, "content_auth": 0, "is_show_bulletin": 2, "comment_manage_info": {"comment_permission_type": -1, "approval_comment_type": 0, "comment_sort_type": 0}, "share_repost_type": 0, "mblogtype": 0, "showFeedRepost": false, "showFeedComment": false, "pictureViewerSign": false, "showPictureViewer": false, "rcList": [], "text": "近日～ ​​​", "region_name": "发布于 浙江", "customIcons": []}