{"visible": {"type": 0, "list_id": 0}, "created_at": "Tue Oct 03 18:19:25 +0800 2023", "id": 4952822497940437, "idstr": "4952822497940437", "mid": "4952822497940437", "mblogid": "Nma9zxjFz", "user": {"id": 3073217815, "idstr": "3073217815", "pc_new": 0, "screen_name": "七十七只绵羊", "profile_image_url": "https://tvax3.sinaimg.cn/crop.0.0.512.512.50/b72d9517ly8hf8e0vpc8ej20e80e8myg.jpg?KID=imgbed,tva&amp;Expires=1704748213&amp;ssig=ggDTRuXbGo", "profile_url": "/u/3073217815", "verified": true, "verified_type": 0, "domain": "", "weihao": "", "verified_type_ext": 0, "avatar_large": "https://tvax3.sinaimg.cn/crop.0.0.512.512.180/b72d9517ly8hf8e0vpc8ej20e80e8myg.jpg?KID=imgbed,tva&amp;Expires=1704748213&amp;ssig=g3HRl4Lkmg", "avatar_hd": "https://tvax3.sinaimg.cn/crop.0.0.512.512.1024/b72d9517ly8hf8e0vpc8ej20e80e8myg.jpg?KID=imgbed,tva&amp;Expires=1704748213&amp;ssig=Oa3U%2Ft1WCY", "follow_me": false, "following": false, "mbrank": 5, "mbtype": 11, "v_plus": 0, "planet_video": false, "icon_list": [{"type": "vip", "data": {"mbrank": 5, "mbtype": 11, "svip": 1, "vvip": 0}}]}, "can_edit": false, "text_raw": "#成毅南风知我意# cy #成毅傅云深#\n \n喜欢我就眨一下眼睛👀，不喜欢我就把左脚放到右边的肩膀上[doge][doge]@成毅\n \n成毅莲花楼|李莲花|李相夷|南风知我意|傅云深 ​ ​​​", "textLength": 156, "annotations": [{"photo_sub_type": "0"}, [], {"client_mblogid": "iPhone-7442C327-BC8B-4562-A10A-A54EE1A98958"}, {"source_text": "", "phone_id": "1399"}, {"mapi_request": true}], "source": "iPhone客户端", "favorited": false, "rid": "6_0_50_162725796767654972_0_0_0", "cardid": "raresvip_0052001143", "pic_ids": ["b72d9517gy1hii8x1kwubg20qe0ij7wr"], "pic_num": 1, "pic_infos": {"b72d9517gy1hii8x1kwubg20qe0ij7wr": {"thumbnail": {"url": "https://wx4.sinaimg.cn/wap180/b72d9517gy1hii8x1kwubg20qe0ij7wr.gif", "width": 180, "height": 126, "cut_type": 1, "type": ""}, "bmiddle": {"url": "https://wx4.sinaimg.cn/wap360/b72d9517gy1hii8x1kwubg20qe0ij7wr.gif", "width": 360, "height": 252, "cut_type": 1, "type": ""}, "large": {"url": "https://wx4.sinaimg.cn/sti960/b72d9517gy1hii8x1kwubg20qe0ij7wr.gif", "width": 950, "height": 667, "cut_type": 1, "type": ""}, "original": {"url": "https://wx4.sinaimg.cn/orj1080/b72d9517gy1hii8x1kwubg20qe0ij7wr.gif", "width": 950, "height": 667, "cut_type": 1, "type": ""}, "largest": {"url": "https://wx4.sinaimg.cn/large/b72d9517gy1hii8x1kwubg20qe0ij7wr.gif", "width": 950, "height": 667, "cut_type": 1, "type": ""}, "mw2000": {"url": "https://wx4.sinaimg.cn/mw2000/b72d9517gy1hii8x1kwubg20qe0ij7wr.gif", "width": 950, "height": 667, "cut_type": 1, "type": ""}, "object_id": "1042018:676c1e67d42efb36de921293fc5c7ed4", "pic_id": "b72d9517gy1hii8x1kwubg20qe0ij7wr", "photo_tag": 0, "type": "gif", "video_object_id": "1022:2311284952822500753414", "video": "http://g.us.sinaimg.cn/o0/b31GR4c8lx0895wzoVjG010412000EHv0E010.mp4?label=gif_mp4&amp;template=950x668.28.0&amp;ssig=XqnYQIbBKK&amp;Expires=1704741013&amp;KID=unistore,video", "pic_status": 1}}, "is_paid": false, "pic_bg_new": "https://n.sinaimg.cn/default/944aebbe/20231129/pic_hypertalk_diamond.png", "mblog_vip_type": 0, "number_display_strategy": {"apply_scenario_flag": 3, "display_text_min_number": 1000000, "display_text": "100万+"}, "title_source": {"name": "成毅超话", "url": "sinaweibo://pageinfo?pageid=100808df9d09de177dc73f4da8b01ba01129fd&amp;extparam=成毅", "image": "http://wx3.sinaimg.cn/thumbnail/005O6Q2qly8hj6khbeiagj30u00u0wir.jpg"}, "reposts_count": 2, "comments_count": 213, "attitudes_count": 11, "attitudes_status": 0, "isLongText": false, "mlevel": 0, "content_auth": 0, "is_show_bulletin": 3, "comment_manage_info": {"comment_permission_type": -1, "approval_comment_type": 0, "comment_sort_type": 0}, "screen_name_suffix_new": [{"content": "七十七只绵羊", "remark": "", "color": "FF333333", "dark_color": "FFD3D3D3", "type": 1, "truncation": {"mode": 1}}, {"content": "成毅超话", "color": "FF507DAF", "dark_color": "FF7691b9", "type": 2, "scheme": "sinaweibo://pageinfo?pageid=100808df9d09de177dc73f4da8b01ba01129fd&amp;extparam=成毅&amp;extension=%7B%22mblog_object_ref%22%3A%22topic%22%7D", "icons": [{"url": "https://h5.sinaimg.cn/upload/1000/808/2020/02/17/andriod_chaohua_header.png", "scheme": "sinaweibo://pageinfo?pageid=100808df9d09de177dc73f4da8b01ba01129fd&amp;extparam=成毅", "cleaned": true}], "icons_location": 0, "truncation": {"mode": 1, "keep_end_size": 2}, "actionlog": {"act_code": 1404, "oid": "1022:100808df9d09de177dc73f4da8b01ba01129fd", "uicode": "", "luicode": "", "fid": "1076033073217815_-_WEIBO_SECOND_PROFILE_WEIBO", "ext": "mid:4952822497940437|source_type:3|uid:6839654475|analysis_extra:follow:0|new_style:1"}, "cleaned": true}], "share_repost_type": 0, "topic_struct": [{"title": "", "topic_url": "sinaweibo://searchall?containerid=231522&amp;q=%23%E6%88%90%E6%AF%85%E5%8D%97%E9%A3%8E%E7%9F%A5%E6%88%91%E6%84%8F%23&amp;extparam=%23%E6%88%90%E6%AF%85%E5%8D%97%E9%A3%8E%E7%9F%A5%E6%88%91%E6%84%8F%23", "topic_title": "成毅南风知我意", "actionlog": {"act_type": 1, "act_code": 300, "oid": "1022:2315226926390fdf0e9786fe63664f99852135", "uuid": 4462568767750263, "cardid": "", "lcardid": "", "uicode": "", "luicode": "", "fid": "1076033073217815_-_WEIBO_SECOND_PROFILE_WEIBO", "lfid": "", "ext": "mid:4952822497940437|rid:6_0_50_162725796767654972_0_0_0|short_url:|long_url:|comment_id:|miduid:3073217815|rootmid:4952822497940437|rootuid:3073217815|authorid:|uuid:4462568767750263|is_ad_weibo:0"}}, {"title": "", "topic_url": "sinaweibo://searchall?containerid=231522&amp;q=%23%E6%88%90%E6%AF%85%E5%82%85%E4%BA%91%E6%B7%B1%23&amp;extparam=%23%E6%88%90%E6%AF%85%E5%82%85%E4%BA%91%E6%B7%B1%23", "topic_title": "成毅傅云深", "actionlog": {"act_type": 1, "act_code": 300, "oid": "1022:231522e0bfff4aba759c41ebffaeb886eece9e", "uuid": 4441449503392019, "cardid": "", "lcardid": "", "uicode": "", "luicode": "", "fid": "1076033073217815_-_WEIBO_SECOND_PROFILE_WEIBO", "lfid": "", "ext": "mid:4952822497940437|rid:6_0_50_162725796767654972_0_0_0|short_url:|long_url:|comment_id:|miduid:3073217815|rootmid:4952822497940437|rootuid:3073217815|authorid:|uuid:4441449503392019|is_ad_weibo:0"}}], "url_struct": [{"url_title": "成毅超话", "url_type_pic": "https://h5.sinaimg.cn/upload/100/959/2020/05/09/timeline_card_small_super.png", "ori_url": "sinaweibo://pageinfo?containerid=100808df9d09de177dc73f4da8b01ba01129fd&amp;extparam=成毅&amp;extension=%7B%22mblog_object_ref%22%3A%22content%22%7D", "page_id": "100808df9d09de177dc73f4da8b01ba01129fd", "short_url": "#成毅[超话]#", "long_url": "", "url_type": "", "result": false, "actionlog": {"act_type": 1, "act_code": 300, "oid": "1022:100808df9d09de177dc73f4da8b01ba01129fd", "uuid": 3546028530778404, "cardid": "", "lcardid": "", "uicode": "", "luicode": "", "fid": "1076033073217815_-_WEIBO_SECOND_PROFILE_WEIBO", "lfid": "", "ext": "mid:4952822497940437|rid:6_0_50_162725796767654972_0_0_0|short_url:|long_url:|comment_id:|miduid:3073217815|rootmid:4952822497940437|rootuid:3073217815|authorid:|uuid:3546028530778404|is_ad_weibo:0|analysis_card:url_struct"}, "storage_type": "", "hide": 0, "object_type": "", "h5_target_url": "https://huati.weibo.com/k/成毅?from=1FFFF96039&amp;weiboauthoruid=3073217815", "need_save_obj": 0}], "mblogtype": 0, "showFeedRepost": false, "showFeedComment": false, "pictureViewerSign": false, "showPictureViewer": false, "rcList": [], "text": "&lt;a href=\"//s.weibo.com/weibo?q=%23%E6%88%90%E6%AF%85%E5%8D%97%E9%A3%8E%E7%9F%A5%E6%88%91%E6%84%8F%23\" target=\"_blank\"&gt;#成毅南风知我意#&lt;/a&gt; cy &lt;a href=\"//s.weibo.com/weibo?q=%23%E6%88%90%E6%AF%85%E5%82%85%E4%BA%91%E6%B7%B1%23\" target=\"_blank\"&gt;#成毅傅云深#&lt;/a&gt;&lt;br /&gt; &lt;br /&gt;喜欢我就眨一下眼睛👀，不喜欢我就把左脚放到右边的肩膀上&lt;img alt=\"[doge]\" title=\"[doge]\" src=\"https://face.t.sinajs.cn/t4/appstyle/expression/ext/normal/a1/2018new_doge02_org.png\" /&gt;&lt;img alt=\"[doge]\" title=\"[doge]\" src=\"https://face.t.sinajs.cn/t4/appstyle/expression/ext/normal/a1/2018new_doge02_org.png\" /&gt;&lt;a href=/n/成毅 usercard=\"name=@成毅\"&gt;@成毅&lt;/a&gt;&lt;br /&gt; &lt;br /&gt;成毅莲花楼|李莲花|李相夷|南风知我意|傅云深 ​ ​​​", "region_name": "发布于 浙江", "customIcons": []}