{"visible": {"type": 0, "list_id": 0}, "created_at": "Tue Oct 03 12:14:50 +0800 2023", "id": 4952730747535639, "idstr": "4952730747535639", "mid": "4952730747535639", "mblogid": "Nm7LAvCmz", "user": {"id": 3073217815, "idstr": "3073217815", "pc_new": 0, "screen_name": "七十七只绵羊", "profile_image_url": "https://tvax3.sinaimg.cn/crop.0.0.512.512.50/b72d9517ly8hf8e0vpc8ej20e80e8myg.jpg?KID=imgbed,tva&amp;Expires=1704748213&amp;ssig=ggDTRuXbGo", "profile_url": "/u/3073217815", "verified": true, "verified_type": 0, "domain": "", "weihao": "", "verified_type_ext": 0, "avatar_large": "https://tvax3.sinaimg.cn/crop.0.0.512.512.180/b72d9517ly8hf8e0vpc8ej20e80e8myg.jpg?KID=imgbed,tva&amp;Expires=1704748213&amp;ssig=g3HRl4Lkmg", "avatar_hd": "https://tvax3.sinaimg.cn/crop.0.0.512.512.1024/b72d9517ly8hf8e0vpc8ej20e80e8myg.jpg?KID=imgbed,tva&amp;Expires=1704748213&amp;ssig=Oa3U%2Ft1WCY", "follow_me": false, "following": false, "mbrank": 5, "mbtype": 11, "v_plus": 0, "planet_video": false, "icon_list": [{"type": "vip", "data": {"mbrank": 5, "mbtype": 11, "svip": 1, "vvip": 0}}]}, "can_edit": false, "text_raw": "#瘦不下来是因为皮质醇过高#这些我都有 为什么我还是个细狗[doge]荒谬的很 ​​​", "textLength": 69, "annotations": [{"photo_sub_type": "0"}, {"ann_ext": "ann_ext:search|t:30|q:瘦不下来是因为皮质醇过高|creator_source:bottomsendweibo"}, {"client_mblogid": "iPhone-150BE70A-0EAA-4999-854A-9685860D5B99"}, {"source_text": "", "phone_id": "1399"}, {"mapi_request": true}], "source": "iPhone客户端", "favorited": false, "rid": "7_0_50_162725796767654972_0_0_0", "cardid": "raresvip_0052001143", "pic_ids": ["b10c1bc2ly1hibbi9jixjj208c08ct91"], "pic_num": 1, "pic_infos": {"b10c1bc2ly1hibbi9jixjj208c08ct91": {"thumbnail": {"url": "https://wx2.sinaimg.cn/wap180/b10c1bc2ly1hibbi9jixjj208c08ct91.jpg", "width": 180, "height": 180, "cut_type": 1, "type": ""}, "bmiddle": {"url": "https://wx2.sinaimg.cn/wap360/b10c1bc2ly1hibbi9jixjj208c08ct91.jpg", "width": 300, "height": 300, "cut_type": 1, "type": ""}, "large": {"url": "https://wx2.sinaimg.cn/orj960/b10c1bc2ly1hibbi9jixjj208c08ct91.jpg", "width": 300, "height": 300, "cut_type": 1, "type": ""}, "original": {"url": "https://wx2.sinaimg.cn/orj1080/b10c1bc2ly1hibbi9jixjj208c08ct91.jpg", "width": 300, "height": 300, "cut_type": 1, "type": ""}, "largest": {"url": "https://wx2.sinaimg.cn/large/b10c1bc2ly1hibbi9jixjj208c08ct91.jpg", "width": 300, "height": 300, "cut_type": 1, "type": ""}, "mw2000": {"url": "https://wx2.sinaimg.cn/mw2000/b10c1bc2ly1hibbi9jixjj208c08ct91.jpg", "width": 300, "height": 300, "cut_type": 1, "type": ""}, "object_id": "1042018:5e99d240a0355dfb6ace8e0c84ca2ce8", "pic_id": "b10c1bc2ly1hibbi9jixjj208c08ct91", "photo_tag": 0, "type": "pic", "pic_status": 0}}, "is_paid": false, "pic_bg_new": "http://vip.storage.weibo.com/feed_cover/raresvip_0052001143_mobile_new.png?version=2021091501", "mblog_vip_type": 0, "number_display_strategy": {"apply_scenario_flag": 3, "display_text_min_number": 1000000, "display_text": "100万+"}, "reposts_count": 0, "comments_count": 4, "attitudes_count": 1, "attitudes_status": 0, "isLongText": false, "mlevel": 0, "content_auth": 0, "is_show_bulletin": 2, "comment_manage_info": {"comment_permission_type": -1, "approval_comment_type": 0, "comment_sort_type": 0}, "share_repost_type": 0, "topic_struct": [{"title": "", "topic_url": "sinaweibo://searchall?containerid=231522&amp;q=%23%E7%98%A6%E4%B8%8D%E4%B8%8B%E6%9D%A5%E6%98%AF%E5%9B%A0%E4%B8%BA%E7%9A%AE%E8%B4%A8%E9%86%87%E8%BF%87%E9%AB%98%23&amp;extparam=%23%E7%98%A6%E4%B8%8D%E4%B8%8B%E6%9D%A5%E6%98%AF%E5%9B%A0%E4%B8%BA%E7%9A%AE%E8%B4%A8%E9%86%87%E8%BF%87%E9%AB%98%23", "topic_title": "瘦不下来是因为皮质醇过高", "actionlog": {"act_type": 1, "act_code": 300, "oid": "1022:231522619b892cae64664ee51c0b31e9a6d4da", "uuid": 4952691687292978, "cardid": "", "lcardid": "", "uicode": "", "luicode": "", "fid": "1076033073217815_-_WEIBO_SECOND_PROFILE_WEIBO", "lfid": "", "ext": "mid:4952730747535639|rid:7_0_50_162725796767654972_0_0_0|short_url:|long_url:|comment_id:|miduid:3073217815|rootmid:4952730747535639|rootuid:3073217815|authorid:|uuid:4952691687292978|is_ad_weibo:0"}}], "mblogtype": 0, "showFeedRepost": false, "showFeedComment": false, "pictureViewerSign": false, "showPictureViewer": false, "rcList": [], "text": "&lt;a href=\"//s.weibo.com/weibo?q=%23%E7%98%A6%E4%B8%8D%E4%B8%8B%E6%9D%A5%E6%98%AF%E5%9B%A0%E4%B8%BA%E7%9A%AE%E8%B4%A8%E9%86%87%E8%BF%87%E9%AB%98%23\" target=\"_blank\"&gt;#瘦不下来是因为皮质醇过高#&lt;/a&gt;这些我都有 为什么我还是个细狗&lt;img alt=\"[doge]\" title=\"[doge]\" src=\"https://face.t.sinajs.cn/t4/appstyle/expression/ext/normal/a1/2018new_doge02_org.png\" /&gt;荒谬的很 ​​​", "region_name": "发布于 浙江", "customIcons": []}