{"visible": {"type": 0, "list_id": 0}, "created_at": "Fri Oct 06 12:44:59 +0800 2023", "id": 4953825497844196, "idstr": "4953825497844196", "mid": "4953825497844196", "mblogid": "NmAfjwUDi", "user": {"id": 3073217815, "idstr": "3073217815", "pc_new": 0, "screen_name": "七十七只绵羊", "profile_image_url": "https://tvax3.sinaimg.cn/crop.0.0.512.512.50/b72d9517ly8hf8e0vpc8ej20e80e8myg.jpg?KID=imgbed,tva&amp;Expires=1704748213&amp;ssig=ggDTRuXbGo", "profile_url": "/u/3073217815", "verified": true, "verified_type": 0, "domain": "", "weihao": "", "verified_type_ext": 0, "avatar_large": "https://tvax3.sinaimg.cn/crop.0.0.512.512.180/b72d9517ly8hf8e0vpc8ej20e80e8myg.jpg?KID=imgbed,tva&amp;Expires=1704748213&amp;ssig=g3HRl4Lkmg", "avatar_hd": "https://tvax3.sinaimg.cn/crop.0.0.512.512.1024/b72d9517ly8hf8e0vpc8ej20e80e8myg.jpg?KID=imgbed,tva&amp;Expires=1704748213&amp;ssig=Oa3U%2Ft1WCY", "follow_me": false, "following": false, "mbrank": 5, "mbtype": 11, "v_plus": 0, "planet_video": false, "icon_list": [{"type": "vip", "data": {"mbrank": 5, "mbtype": 11, "svip": 1, "vvip": 0}}]}, "can_edit": false, "text_raw": "#刘同 精神容易崩溃的人有一个共同点#说的太好了 回顾过去展望未来原来如此让人喘不过气 大家往往都忘了过好当下 人生几十年 过好当下的每一天才是最重要的[心] ​​​", "textLength": 149, "annotations": [{"ann_ext": "ann_ext:search|t:31|q:刘同 精神容易崩溃的人有一个共同点|creator_source:bottomsendweibo"}, {"shooting": 1, "client_mblogid": "iPhone-D61242B1-162F-4BC5-BA73-F5612B88895D"}, {"source_text": "", "phone_id": "1399"}, {"mapi_request": true}], "source": "iPhone客户端", "favorited": false, "rid": "3_0_50_162725796767654972_0_0_0", "cardid": "raresvip_0052001143", "pic_ids": [], "pic_num": 0, "is_paid": false, "pic_bg_new": "http://vip.storage.weibo.com/feed_cover/raresvip_0052001143_mobile_new.png?version=2021091501", "mblog_vip_type": 0, "number_display_strategy": {"apply_scenario_flag": 3, "display_text_min_number": 1000000, "display_text": "100万+"}, "reposts_count": 0, "comments_count": 0, "attitudes_count": 1, "attitudes_status": 0, "isLongText": false, "mlevel": 0, "content_auth": 0, "is_show_bulletin": 2, "comment_manage_info": {"comment_permission_type": -1, "approval_comment_type": 0, "comment_sort_type": 0}, "share_repost_type": 0, "topic_struct": [{"title": "", "topic_url": "sinaweibo://searchall?containerid=231522&amp;q=%23%E5%88%98%E5%90%8C%20%E7%B2%BE%E7%A5%9E%E5%AE%B9%E6%98%93%E5%B4%A9%E6%BA%83%E7%9A%84%E4%BA%BA%E6%9C%89%E4%B8%80%E4%B8%AA%E5%85%B1%E5%90%8C%E7%82%B9%23&amp;extparam=%23%E5%88%98%E5%90%8C%20%E7%B2%BE%E7%A5%9E%E5%AE%B9%E6%98%93%E5%B4%A9%E6%BA%83%E7%9A%84%E4%BA%BA%E6%9C%89%E4%B8%80%E4%B8%AA%E5%85%B1%E5%90%8C%E7%82%B9%23", "topic_title": "刘同 精神容易崩溃的人有一个共同点", "actionlog": {"act_type": 1, "act_code": 300, "oid": "1022:23152293968aae6c9a61b4e0ef86456953e5a0", "uuid": 4953792201359508, "cardid": "", "lcardid": "", "uicode": "", "luicode": "", "fid": "1076033073217815_-_WEIBO_SECOND_PROFILE_WEIBO", "lfid": "", "ext": "mid:4953825497844196|rid:3_0_50_162725796767654972_0_0_0|short_url:|long_url:|comment_id:|miduid:3073217815|rootmid:4953825497844196|rootuid:3073217815|authorid:|uuid:4953792201359508|is_ad_weibo:0"}}], "mblogtype": 0, "showFeedRepost": false, "showFeedComment": false, "pictureViewerSign": false, "showPictureViewer": false, "rcList": [], "text": "&lt;a href=\"//s.weibo.com/weibo?q=%23%E5%88%98%E5%90%8C%20%E7%B2%BE%E7%A5%9E%E5%AE%B9%E6%98%93%E5%B4%A9%E6%BA%83%E7%9A%84%E4%BA%BA%E6%9C%89%E4%B8%80%E4%B8%AA%E5%85%B1%E5%90%8C%E7%82%B9%23\" target=\"_blank\"&gt;#刘同 精神容易崩溃的人有一个共同点#&lt;/a&gt;说的太好了 回顾过去展望未来原来如此让人喘不过气 大家往往都忘了过好当下 人生几十年 过好当下的每一天才是最重要的&lt;img alt=\"[心]\" title=\"[心]\" src=\"https://face.t.sinajs.cn/t4/appstyle/expression/ext/normal/8a/2018new_xin_org.png\" /&gt; ​​​", "region_name": "发布于 浙江", "customIcons": []}