{"visible": {"type": 0, "list_id": 0}, "created_at": "Sun Oct 08 00:28:30 +0800 2023", "id": 4954364932784978, "idstr": "4954364932784978", "mid": "4954364932784978", "mblogid": "NmOhnbGv0", "user": {"id": 3073217815, "idstr": "3073217815", "pc_new": 0, "screen_name": "七十七只绵羊", "profile_image_url": "https://tvax3.sinaimg.cn/crop.0.0.512.512.50/b72d9517ly8hf8e0vpc8ej20e80e8myg.jpg?KID=imgbed,tva&amp;Expires=1704748213&amp;ssig=ggDTRuXbGo", "profile_url": "/u/3073217815", "verified": true, "verified_type": 0, "domain": "", "weihao": "", "verified_type_ext": 0, "avatar_large": "https://tvax3.sinaimg.cn/crop.0.0.512.512.180/b72d9517ly8hf8e0vpc8ej20e80e8myg.jpg?KID=imgbed,tva&amp;Expires=1704748213&amp;ssig=g3HRl4Lkmg", "avatar_hd": "https://tvax3.sinaimg.cn/crop.0.0.512.512.1024/b72d9517ly8hf8e0vpc8ej20e80e8myg.jpg?KID=imgbed,tva&amp;Expires=1704748213&amp;ssig=Oa3U%2Ft1WCY", "follow_me": false, "following": false, "mbrank": 5, "mbtype": 11, "v_plus": 0, "planet_video": false, "icon_list": [{"type": "vip", "data": {"mbrank": 5, "mbtype": 11, "svip": 1, "vvip": 0}}]}, "can_edit": false, "text_raw": "☔️ http://t.cn/A6OsN7aH ​​​", "textLength": 25, "annotations": [[], [], {"client_mblogid": "iPhone-DB0367A3-5FEC-4547-866B-49B444D5E515"}, {"source_text": "", "phone_id": "1399"}, {"mapi_request": true}], "source": "iPhone客户端", "favorited": false, "rid": "2_0_50_162725796767654972_0_0_0", "cardid": "raresvip_0052001143", "pic_ids": [], "pic_num": 0, "is_paid": false, "pic_bg_new": "http://vip.storage.weibo.com/feed_cover/raresvip_0052001143_mobile_new.png?version=2021091501", "mblog_vip_type": 0, "number_display_strategy": {"apply_scenario_flag": 3, "display_text_min_number": 1000000, "display_text": "100万+"}, "reposts_count": 0, "comments_count": 0, "attitudes_count": 1, "attitudes_status": 0, "isLongText": false, "mlevel": 0, "content_auth": 0, "is_show_bulletin": 2, "comment_manage_info": {"comment_permission_type": -1, "approval_comment_type": 0, "comment_sort_type": 0}, "share_repost_type": 0, "url_struct": [{"url_title": "七十七只绵羊的微博视频", "url_type_pic": "https://h5.sinaimg.cn/upload/2015/09/25/3/timeline_card_small_video.png", "ori_url": "sinaweibo://video/vvs?mid=4954364932784978&amp;object_id=1034:4954364792733738&amp;url_type=39&amp;object_type=video&amp;pos=1", "page_id": "2304444954364792733738", "short_url": "http://t.cn/A6OsN7aH", "long_url": "https://video.weibo.com/show?fid=1034:4954364792733738", "url_type": 39, "result": false, "actionlog": {"act_type": 1, "act_code": 300, "oid": "1034:4954364792733738", "uuid": 4954364807479358, "cardid": "", "lcardid": "", "uicode": "", "luicode": "", "fid": "1076033073217815_-_WEIBO_SECOND_PROFILE_WEIBO", "lfid": "", "ext": "mid:4954364932784978|rid:2_0_50_162725796767654972_0_0_0|short_url:http://t.cn/A6OsN7aH|long_url:https://video.weibo.com/show?fid=1034:4954364792733738|comment_id:|miduid:3073217815|rootmid:4954364932784978|rootuid:3073217815|authorid:3073217815|uuid:4954364807479358|is_ad_weibo:0|analysis_card:url_struct"}, "storage_type": "oss", "hide": 0, "object_type": "", "ttl": 3600, "h5_target_url": "https://video.weibo.com/show?fid=1034:4954364792733738&amp;from=1FFFF96039&amp;weiboauthoruid=3073217815", "need_save_obj": 0}], "mblogtype": 0, "showFeedRepost": false, "showFeedComment": false, "pictureViewerSign": false, "showPictureViewer": false, "rcList": [], "text": "☔️ &lt;a target=\"_blank\" href=\"https://video.weibo.com/show?fid=1034:4954364792733738\"&gt;&lt;img class=\"icon-link\" src=\"https://h5.sinaimg.cn/upload/2015/09/25/3/timeline_card_small_video_default.png\"/&gt;七十七只绵羊的微博视频&lt;/a&gt; ​​​", "region_name": "发布于 浙江", "customIcons": [], "page_info": {"type": "11", "page_id": "2304444954364792733738", "object_type": "video", "object_id": "1034:4954364792733738", "content1": "七十七只绵羊的微博视频", "content2": "☔️", "act_status": 1, "media_info": {"name": "七十七只绵羊的微博视频", "stream_url": "http://f.video.weibocdn.com/o0/w9bvXE0Zlx089cjtl8fC010412009iDw0E010.mp4?label=mp4_720p&amp;template=720x1280.24.0&amp;ori=0&amp;ps=1CwnkDw1GXwCQx&amp;Expires=1704741013&amp;ssig=mJkUyPtGIT&amp;KID=unistore,video", "stream_url_hd": "http://f.video.weibocdn.com/o0/w9bvXE0Zlx089cjtl8fC010412009iDw0E010.mp4?label=mp4_720p&amp;template=720x1280.24.0&amp;ori=0&amp;ps=1CwnkDw1GXwCQx&amp;Expires=1704741013&amp;ssig=mJkUyPtGIT&amp;KID=unistore,video", "format": "mp4", "h5_url": "https://video.weibo.com/show?fid=1034:4954364792733738", "mp4_sd_url": "http://f.video.weibocdn.com/o0/w9bvXE0Zlx089cjtl8fC010412009iDw0E010.mp4?label=mp4_720p&amp;template=720x1280.24.0&amp;ori=0&amp;ps=1CwnkDw1GXwCQx&amp;Expires=1704741013&amp;ssig=mJkUyPtGIT&amp;KID=unistore,video", "mp4_hd_url": "http://f.video.weibocdn.com/o0/w9bvXE0Zlx089cjtl8fC010412009iDw0E010.mp4?label=mp4_720p&amp;template=720x1280.24.0&amp;ori=0&amp;ps=1CwnkDw1GXwCQx&amp;Expires=1704741013&amp;ssig=mJkUyPtGIT&amp;KID=unistore,video", "h265_mp4_hd": "http://f.video.weibocdn.com/o0/w9bvXE0Zlx089cjtl8fC010412009iDw0E010.mp4?label=mp4_720p&amp;template=720x1280.24.0&amp;ori=0&amp;ps=1CwnkDw1GXwCQx&amp;Expires=1704741013&amp;ssig=mJkUyPtGIT&amp;KID=unistore,video", "h265_mp4_ld": "http://f.video.weibocdn.com/o0/w9bvXE0Zlx089cjtl8fC010412009iDw0E010.mp4?label=mp4_720p&amp;template=720x1280.24.0&amp;ori=0&amp;ps=1CwnkDw1GXwCQx&amp;Expires=1704741013&amp;ssig=mJkUyPtGIT&amp;KID=unistore,video", "inch_4_mp4_hd": "http://f.video.weibocdn.com/o0/w9bvXE0Zlx089cjtl8fC010412009iDw0E010.mp4?label=mp4_720p&amp;template=720x1280.24.0&amp;ori=0&amp;ps=1CwnkDw1GXwCQx&amp;Expires=1704741013&amp;ssig=mJkUyPtGIT&amp;KID=unistore,video", "inch_5_mp4_hd": "http://f.video.weibocdn.com/o0/w9bvXE0Zlx089cjtl8fC010412009iDw0E010.mp4?label=mp4_720p&amp;template=720x1280.24.0&amp;ori=0&amp;ps=1CwnkDw1GXwCQx&amp;Expires=1704741013&amp;ssig=mJkUyPtGIT&amp;KID=unistore,video", "inch_5_5_mp4_hd": "http://f.video.weibocdn.com/o0/w9bvXE0Zlx089cjtl8fC010412009iDw0E010.mp4?label=mp4_720p&amp;template=720x1280.24.0&amp;ori=0&amp;ps=1CwnkDw1GXwCQx&amp;Expires=1704741013&amp;ssig=mJkUyPtGIT&amp;KID=unistore,video", "mp4_720p_mp4": "http://f.video.weibocdn.com/o0/w9bvXE0Zlx089cjtl8fC010412009iDw0E010.mp4?label=mp4_720p&amp;template=720x1280.24.0&amp;ori=0&amp;ps=1CwnkDw1GXwCQx&amp;Expires=1704741013&amp;ssig=mJkUyPtGIT&amp;KID=unistore,video", "hevc_mp4_720p": "", "prefetch_type": 1, "prefetch_size": 262144, "act_status": 1, "protocol": "general,dash", "media_id": "4954364792733738", "origin_total_bitrate": 1867167, "video_orientation": "vertical", "duration": 29, "forward_strategy": -1, "search_scheme": "sinaweibo://svssearch?containerid=232080", "is_short_video": 0, "vote_is_show": 0, "belong_collection": 0, "titles_display_time": "3", "show_progress_bar": 1, "show_mute_button": true, "ext_info": {"video_orientation": "vertical"}, "next_title": "☔️", "kol_title": "☔️", "play_completion_actions": [{"type": "1", "icon": "https://h5.sinaimg.cn/upload/100/1413/2021/12/22/feed_video_icon_replay.png", "text": "重播", "link": "", "btn_code": 1000, "show_position": 1, "actionlog": {"oid": "2304444954364792733738", "act_code": 1221, "act_type": 0, "source": "video"}}, {"type": 6, "icon": "https://tvax3.sinaimg.cn/crop.0.0.512.512.180/b72d9517ly8hf8e0vpc8ej20e80e8myg.jpg?KID=imgbed,tva&amp;Expires=1704748213&amp;ssig=g3HRl4Lkmg", "text": "", "display_mode": 2, "display_starttime": 5, "display_endtime": 99999, "countdown_time": 5, "show_position": 48, "scheme": "", "link": "", "btn_code": 1009, "actionlog": {"oid": "2304444954364792733738", "act_code": 91, "act_type": 0, "source": "video", "ext": "mid:4954364932784978|oid:1034:4954364792733738|muid:3073217815|authorid:3073217815"}, "ext": {"uid": "3073217815", "user_name": "七十七只绵羊", "followers_count": 12283, "verified": true, "verified_type": 0, "verified_reason": "超话粉丝大咖（成毅超话）", "level": 3}, "display_type": 0}], "video_publish_time": 1696696080, "play_loop_type": 0, "author_mid": "4954364932784978", "author_name": "七十七只绵羊", "extra_info": {"sceneid": "profile_mb"}, "video_download_strategy": {"abandon_download": 0}, "jump_to": 6, "big_pic_info": {"pic_big": {"height": 1280, "url": "https://wx4.sinaimg.cn/orj1080/b72d9517gy1hin61rw7isj20k00zk0vr.jpg", "width": 720}, "pic_small": {"height": 320, "url": "https://wx4.sinaimg.cn/or180/b72d9517gy1hin61rw7isj20k00zk0vr.jpg", "width": 180}, "pic_middle": {"height": 640, "url": "https://wx4.sinaimg.cn/or360/b72d9517gy1hin61rw7isj20k00zk0vr.jpg", "width": 360}}, "online_users": "83次观看", "online_users_number": 83, "ttl": 3600, "storage_type": "oss", "is_keep_current_mblog": 0, "author_info": {"id": 3073217815, "idstr": "3073217815", "pc_new": 0, "screen_name": "七十七只绵羊", "profile_image_url": "https://tvax3.sinaimg.cn/crop.0.0.512.512.50/b72d9517ly8hf8e0vpc8ej20e80e8myg.jpg?KID=imgbed,tva&amp;Expires=1704748213&amp;ssig=ggDTRuXbGo", "profile_url": "/u/3073217815", "verified": true, "verified_type": 0, "domain": "", "weihao": "", "verified_type_ext": 0, "avatar_large": "https://tvax3.sinaimg.cn/crop.0.0.512.512.180/b72d9517ly8hf8e0vpc8ej20e80e8myg.jpg?KID=imgbed,tva&amp;Expires=1704748213&amp;ssig=g3HRl4Lkmg", "avatar_hd": "https://tvax3.sinaimg.cn/crop.0.0.512.512.1024/b72d9517ly8hf8e0vpc8ej20e80e8myg.jpg?KID=imgbed,tva&amp;Expires=1704748213&amp;ssig=Oa3U%2Ft1WCY", "follow_me": false, "following": false, "mbrank": 5, "mbtype": 11, "v_plus": 0, "planet_video": false, "verified_reason": "超话粉丝大咖（成毅超话）", "description": "唯爱淇淇 🈲️取关 🈲️块🧱 否则拉嘿 暂时只呼极好 别的不要来呼我", "location": "浙江", "gender": "f", "followers_count": 12284, "followers_count_str": "1.2万", "friends_count": 1676, "statuses_count": 1414, "url": "", "svip": 1, "vvip": 0, "cover_image_phone": "https://wx1.sinaimg.cn/crop.0.0.640.640.640/b72d9517gy1hdj0r4xx1hj20hs0hst9y.jpg"}, "playback_list": [{"meta": {"label": "mp4_720p", "quality_index": 720, "quality_desc": "高清", "quality_label": "720p", "quality_class": "HD", "type": 1, "quality_group": 720, "is_hidden": false}, "play_info": {"type": 1, "mime": "video/mp4", "protocol": "general", "label": "mp4_720p", "url": "https://f.video.weibocdn.com/o0/w9bvXE0Zlx089cjtl8fC010412009iDw0E010.mp4?label=mp4_720p&amp;template=720x1280.24.0&amp;media_id=4954364792733738&amp;tp=8x8A3El:YTkl0eM8&amp;us=0&amp;ori=1&amp;bf=4&amp;ot=v&amp;lp=00003MndIw&amp;ps=mZ6WB&amp;uid=7sSuzF&amp;ab=,8012-g2,8143-g0,8013-g0,7598-g0,3601-g27&amp;Expires=1704741013&amp;ssig=mJkUyPtGIT&amp;KID=unistore,video", "bitrate": 599464, "prefetch_range": "0-265793", "video_codecs": "avc1.64001f", "fps": 30, "width": 720, "height": 1280, "size": 2216594, "duration": 29.58, "sar": "0.0", "audio_codecs": "mp4a.40.5", "audio_sample_rate": 44100, "quality_label": "720p", "quality_class": "HD", "quality_desc": "高清", "audio_channels": 2, "audio_sample_fmt": "fltp", "audio_bits_per_sample": 0, "watermark": "none", "extension": {"transcode_info": {"pcdn_rule_id": 0, "pcdn_jank": 0, "origin_video_dr": "SDR", "ab_strategies": ",8012-g2,8143-g0,8013-g0,7598-g0,3601-g27"}}, "video_decoder": "hard", "prefetch_enabled": true, "tcp_receive_buffer": 262144, "dolby_atmos": false, "first_pkt_end_pos": 47301}}, {"meta": {"label": "mp4_hd", "quality_index": 480, "quality_desc": "标清", "quality_label": "480p", "quality_class": "SD", "type": 1, "quality_group": 480, "is_hidden": false}, "play_info": {"type": 1, "mime": "video/mp4", "protocol": "general", "label": "mp4_hd", "url": "https://f.video.weibocdn.com/o0/H8byNr7Zlx089cjtr1Nm0104120057hj0E010.mp4?label=mp4_hd&amp;template=540x960.24.0&amp;media_id=4954364792733738&amp;tp=8x8A3El:YTkl0eM8&amp;us=0&amp;ori=1&amp;bf=4&amp;ot=v&amp;lp=00003MndIw&amp;ps=mZ6WB&amp;uid=7sSuzF&amp;ab=,8012-g2,8143-g0,8013-g0,7598-g0,3601-g27&amp;Expires=1704741013&amp;ssig=bLq%2BfUUE58&amp;KID=unistore,video", "bitrate": 329839, "prefetch_range": "0-159476", "video_codecs": "avc1.64001f", "fps": 30, "width": 540, "height": 960, "size": 1219621, "duration": 29.58, "sar": "0.0", "audio_codecs": "mp4a.40.5", "audio_sample_rate": 44100, "quality_label": "480p", "quality_class": "SD", "quality_desc": "标清", "audio_channels": 2, "audio_sample_fmt": "fltp", "audio_bits_per_sample": 0, "watermark": "none", "extension": {"transcode_info": {"pcdn_rule_id": 0, "pcdn_jank": 0, "origin_video_dr": "SDR", "ab_strategies": ",8012-g2,8143-g0,8013-g0,7598-g0,3601-g27"}}, "video_decoder": "hard", "prefetch_enabled": true, "tcp_receive_buffer": 262144, "dolby_atmos": false, "first_pkt_end_pos": 40796}}, {"meta": {"label": "scrubber_hd", "quality_index": 480, "quality_desc": "标清", "quality_label": "480p", "quality_class": "SD", "type": 3, "quality_group": 480, "is_hidden": false}, "play_info": {"type": 3, "mime": "image/jpeg", "protocol": "general", "label": "scrubber_hd", "url": "https://wx3.sinaimg.cn/large/b72d9517ly1hin61wqeaij20f07eowhi.jpg?media_id=4954364792733738&amp;tp=8x8A3El:YTkl0eM8&amp;us=0&amp;ori=1&amp;bf=4&amp;ot=v&amp;lp=00003MndIw&amp;ps=mZ6WB&amp;uid=7sSuzF&amp;ab=,8012-g2,8143-g0,8013-g0,7598-g0,3601-g27&amp;Expires=1704741013&amp;ssig=a8tyDkRa1j&amp;KID=unistore,video", "prefetch_range": "0-512000", "width": 180, "height": 320, "quality_label": "480p", "quality_class": "SD", "quality_desc": "标清", "extension": {"transcode_info": {"pcdn_rule_id": 0, "pcdn_jank": 0, "origin_video_dr": "SDR", "ab_strategies": ",8012-g2,8143-g0,8013-g0,7598-g0,3601-g27"}}, "video_decoder": "hard", "prefetch_enabled": true, "tcp_receive_buffer": 262144, "col": 3, "row": 30, "interval": 1, "offset": 0.5, "urls": ["http://wx4.sinaimg.cn/large/b72d9517ly1hin61wqeaij20f07eowhi.jpg"]}}, {"meta": {"label": "mp4_ld", "quality_index": 360, "quality_desc": "流畅", "quality_label": "360p", "quality_class": "SD", "type": 1, "quality_group": 360, "is_hidden": false}, "play_info": {"type": 1, "mime": "video/mp4", "protocol": "general", "label": "mp4_ld", "url": "https://f.video.weibocdn.com/o0/fOk2iQFklx089cjt1Yly010412002IoJ0E010.mp4?label=mp4_ld&amp;template=360x640.24.0&amp;media_id=4954364792733738&amp;tp=8x8A3El:YTkl0eM8&amp;us=0&amp;ori=1&amp;bf=4&amp;ot=v&amp;lp=00003MndIw&amp;ps=mZ6WB&amp;uid=7sSuzF&amp;ab=,8012-g2,8143-g0,8013-g0,7598-g0,3601-g27&amp;Expires=1704741013&amp;ssig=JI3lxCxtTe&amp;KID=unistore,video", "bitrate": 175065, "prefetch_range": "0-96371", "video_codecs": "avc1.64001e", "fps": 30, "width": 360, "height": 640, "size": 647325, "duration": 29.58, "sar": "0.0", "audio_codecs": "mp4a.40.5", "audio_sample_rate": 44100, "quality_label": "360p", "quality_class": "SD", "quality_desc": "流畅", "audio_channels": 2, "audio_sample_fmt": "fltp", "audio_bits_per_sample": 0, "watermark": "none", "extension": {"transcode_info": {"pcdn_rule_id": 0, "pcdn_jank": 0, "origin_video_dr": "SDR", "ab_strategies": ",8012-g2,8143-g0,8013-g0,7598-g0,3601-g27"}}, "video_decoder": "hard", "prefetch_enabled": true, "tcp_receive_buffer": 262144, "dolby_atmos": false, "first_pkt_end_pos": 34771}}]}, "page_pic": "https://wx4.sinaimg.cn/orj480/b72d9517gy1hin61rw7isj20k00zk0vr.jpg", "page_title": "七十七只绵羊的微博视频", "page_url": "sinaweibo://infopage?containerid=2304444954364792733738&amp;containerid=2304444954364792733738&amp;url_type=39&amp;object_type=video&amp;pos=2", "pic_info": {"pic_big": {"height": "960", "url": "https://wx4.sinaimg.cn/orj480/b72d9517gy1hin61rw7isj20k00zk0vr.jpg", "width": "540"}, "pic_small": {"height": "960", "url": "https://wx4.sinaimg.cn/orj480/b72d9517gy1hin61rw7isj20k00zk0vr.jpg", "width": "540"}, "pic_middle": {"url": "https://wx4.sinaimg.cn/orj480/b72d9517gy1hin61rw7isj20k00zk0vr.jpg", "height": "960", "width": "540"}}, "oid": "3073217815", "type_icon": "", "author_id": "3073217815", "authorid": "3073217815", "warn": "", "actionlog": {"act_type": 1, "act_code": 799, "lcardid": "", "fid": "1076033073217815_-_WEIBO_SECOND_PROFILE_WEIBO", "mid": "4954364932784978", "oid": "1034:4954364792733738", "uuid": 4954364807479358, "source": "video", "ext": "uid:6839654475|mid:4954364932784978|objectid:1034%3A4954364792733738|from:1|object_duration:29.58|miduid:3073217815|rootuid:3073217815|rootmid:4954364932784978|authorid:3073217815|video_orientation:vertical|third_vid:|is_album:0|is_contribution:0|video_tags:|isfan:0|ua:Mozilla/5.0 (Windows NT 10.0; Win64; x64) AppleWebKit/537.36 (KHTML, like Gecko) Chrome/120.0.0.0 Safari/537.36 WeiboPro/1.0.0|sceneid:profile_mb|uuid:4954364807479358|detail:native|contribution:0|short_video:0|st_video:1|author_mid:4954364932784978|cluster_type_status:|is_ad_weibo:0|analysis_card:page_info"}, "short_url": "http://t.cn/A6OsN7aH"}}