{"visible": {"type": 0, "list_id": 0}, "created_at": "Wed Oct 11 13:19:17 +0800 2023", "id": 4955646069313193, "idstr": "4955646069313193", "mid": "4955646069313193", "mblogid": "NnlBID4MN", "user": {"id": 3073217815, "idstr": "3073217815", "pc_new": 0, "screen_name": "七十七只绵羊", "profile_image_url": "https://tvax3.sinaimg.cn/crop.0.0.512.512.50/b72d9517ly8hf8e0vpc8ej20e80e8myg.jpg?KID=imgbed,tva&amp;Expires=1704748200&amp;ssig=z9GdMWWTxa", "profile_url": "/u/3073217815", "verified": true, "verified_type": 0, "domain": "", "weihao": "", "verified_type_ext": 0, "avatar_large": "https://tvax3.sinaimg.cn/crop.0.0.512.512.180/b72d9517ly8hf8e0vpc8ej20e80e8myg.jpg?KID=imgbed,tva&amp;Expires=1704748200&amp;ssig=E2D7ubxVlR", "avatar_hd": "https://tvax3.sinaimg.cn/crop.0.0.512.512.1024/b72d9517ly8hf8e0vpc8ej20e80e8myg.jpg?KID=imgbed,tva&amp;Expires=1704748200&amp;ssig=iyVm7ZCvga", "follow_me": false, "following": false, "mbrank": 5, "mbtype": 11, "v_plus": 0, "planet_video": false, "icon_list": [{"type": "vip", "data": {"mbrank": 5, "mbtype": 11, "svip": 1, "vvip": 0}}]}, "can_edit": false, "text_raw": "恭喜哥哥又又又解锁新身份[心]", "annotations": [{"mapi_request": true}], "source": "iPhone客户端", "favorited": false, "mark": "999_reallog_mark_ad:999|WeiboADNatural", "rid": "18_0_50_5135069616428170695_0_0_0", "cardid": "raresvip_0052001143", "pic_ids": [], "pic_num": 0, "is_paid": false, "pic_bg_new": "http://vip.storage.weibo.com/feed_cover/raresvip_0052001143_mobile_new.png?version=2021091501", "mblog_vip_type": 0, "number_display_strategy": {"apply_scenario_flag": 3, "display_text_min_number": 1000000, "display_text": "100万+"}, "reposts_count": 0, "comments_count": 0, "attitudes_count": 0, "attitudes_status": 0, "isLongText": false, "mlevel": 0, "content_auth": 0, "is_show_bulletin": 2, "comment_manage_info": {"comment_permission_type": -1, "approval_comment_type": 0, "comment_sort_type": 0}, "repost_type": 1, "share_repost_type": 0, "topic_struct": [{"title": "", "topic_url": "sinaweibo://searchall?containerid=231522&amp;q=%23%E4%B8%80%E9%94%AE%E8%BF%98%E5%8E%9F%2C+%E9%87%8D%E5%A1%91%E5%8F%91%E8%8A%AF%23&amp;extparam=%23%E4%B8%80%E9%94%AE%E8%BF%98%E5%8E%9F%2C+%E9%87%8D%E5%A1%91%E5%8F%91%E8%8A%AF%23", "topic_title": "一键还原, 重塑发芯", "actionlog": {"act_type": 1, "act_code": 300, "oid": "1022:23152224fa8940b9624a4c53d5a3f02d5c6630", "uuid": 4565792426557463, "cardid": "", "lcardid": "", "uicode": "", "luicode": "", "fid": "1076033073217815_-_WEIBO_SECOND_PROFILE_WEIBO", "lfid": "", "ext": "mid:4955598685997590|rid:18_0_50_5135069616428170695_0_0_0|miduid:3073217815|rootmid:4955598685997590|rootuid:2060419113|authorid:|uuid:4565792426557463|is_ad_weibo:1"}}], "url_struct": [{"url_title": "成毅的微博视频", "url_type_pic": "https://h5.sinaimg.cn/upload/2015/09/25/3/timeline_card_small_video.png", "ori_url": "sinaweibo://video/vvs?mid=4955598685997590&amp;object_id=1034:4955344552787974&amp;url_type=39&amp;object_type=video&amp;pos=1&amp;mark_id=999_reallog_mark_ad%253A999%257CWeiboADNatural", "page_id": "2304444955344552787974", "short_url": "http://t.cn/A6W7yNsZ", "long_url": "https://video.weibo.com/show?fid=1034:4955344552787974&amp;mark_id=999_reallog_mark_ad%3A999%7CWeiboADNatural", "url_type": 39, "result": false, "actionlog": {"act_type": 1, "act_code": 300, "oid": "4955646069313193", "uuid": 4955344832037103, "cardid": "", "lcardid": "", "uicode": "", "luicode": "", "fid": "1076033073217815_-_WEIBO_SECOND_PROFILE_WEIBO", "lfid": "", "ext": "mid:4955598685997590|rid:18_0_50_5135069616428170695_0_0_0|miduid:3073217815|rootmid:4955598685997590|rootuid:2060419113|authorid:2060419113|uuid:4955344832037103|is_ad_weibo:1|analysis_card:url_struct", "mid": "4955646069313193", "source": "ad", "code": 14000014, "mark": "999_reallog_mark_ad:999|WeiboADNatural", "uid": "6839654475"}, "storage_type": "oss", "hide": 0, "object_type": "", "ttl": 3600, "h5_target_url": "https://video.weibo.com/show?fid=1034:4955344552787974&amp;from=1FFFF96039&amp;weiboauthoruid=2060419113", "need_save_obj": 0}], "mblogtype": 0, "showFeedRepost": false, "showFeedComment": false, "pictureViewerSign": false, "showPictureViewer": false, "rcList": [], "text": "恭喜哥哥又又又解锁新身份&lt;img alt=\"[心]\" title=\"[心]\" src=\"https://face.t.sinajs.cn/t4/appstyle/expression/ext/normal/8a/2018new_xin_org.png\" /&gt;", "region_name": "发布于 浙江", "customIcons": [], "retweeted_status": {"visible": {"type": 0, "list_id": 0}, "created_at": "Wed Oct 11 10:11:00 +0800 2023", "id": 4955598685997590, "idstr": "4955598685997590", "mid": "4955598685997590", "mblogid": "Nnknipafk", "user": {"id": 2060419113, "idstr": "2060419113", "pc_new": 0, "screen_name": "成毅", "profile_image_url": "https://tvax1.sinaimg.cn/crop.0.0.1080.1080.50/002frj8lly8hj4a1cc148j60u00u0gon02.jpg?KID=imgbed,tva&amp;Expires=1704748200&amp;ssig=hBGTKydSbA", "profile_url": "/u/2060419113", "verified": true, "verified_type": 0, "domain": "", "weihao": "", "verified_type_ext": 1, "avatar_large": "https://tvax1.sinaimg.cn/crop.0.0.1080.1080.180/002frj8lly8hj4a1cc148j60u00u0gon02.jpg?KID=imgbed,tva&amp;Expires=1704748200&amp;ssig=2KvYohBZxa", "avatar_hd": "https://tvax1.sinaimg.cn/crop.0.0.1080.1080.1024/002frj8lly8hj4a1cc148j60u00u0gon02.jpg?KID=imgbed,tva&amp;Expires=1704748200&amp;ssig=49cf7NPpNn", "follow_me": false, "following": false, "mbrank": 8, "mbtype": 12, "v_plus": 0, "planet_video": false, "icon_list": [{"type": "vip", "data": {"mbrank": 8, "mbtype": 12, "svip": 1, "vvip": 0}}]}, "can_edit": false, "text_raw": "很高兴成为@OLAPLEX欧拉裴 中国区品牌代言人！#一键还原, 重塑发芯#，与我一起启程发丝创「芯」之旅！ http://t.cn/A6W7yNsZ ​​​", "textLength": 116, "annotations": [{"mapi_request": true}], "source": "&lt;a target=\"_blank\" href=\"https://t.sina.com.cn\" rel=\"nofollow\"&gt;微博视频号&lt;/a&gt;", "favorited": false, "buttons": [{"type": "follow", "name": "加关注", "params": {"uid": 2060419113, "disable_group": 1, "extparams": {"followcardid": "1008080010_"}}, "actionlog": {"act_code": "92", "oid": "4955598685997590"}}], "mark": "999_reallog_mark_ad:999|WeiboADNatural", "rid": "18_0_50_5135069616428170695_0_0_0", "cardid": "star_318", "pic_ids": [], "geo": "", "pic_num": 0, "is_paid": false, "mblog_vip_type": 0, "number_display_strategy": {"apply_scenario_flag": 3, "display_text_min_number": 1000000, "display_text": "100万+"}, "reposts_count": 1000000, "comments_count": 1000000, "attitudes_count": 8116462, "attitudes_status": 0, "isLongText": false, "mlevel": 0, "content_auth": 0, "is_show_bulletin": 2, "comment_manage_info": {"comment_permission_type": -1, "approval_comment_type": 0, "comment_sort_type": 0, "ai_play_picture_type": 0}, "mblogtype": 0, "showFeedRepost": false, "showFeedComment": false, "pictureViewerSign": false, "showPictureViewer": false, "rcList": [], "text": "很高兴成为&lt;a href=/n/OLAPLEX欧拉裴 usercard=\"name=@OLAPLEX欧拉裴\"&gt;@OLAPLEX欧拉裴&lt;/a&gt; 中国区品牌代言人！&lt;a href=\"//s.weibo.com/weibo?q=%23%E4%B8%80%E9%94%AE%E8%BF%98%E5%8E%9F%2C%20%E9%87%8D%E5%A1%91%E5%8F%91%E8%8A%AF%23\" target=\"_blank\"&gt;#一键还原, 重塑发芯#&lt;/a&gt;，与我一起启程发丝创「芯」之旅！ &lt;a target=\"_blank\" href=\"https://video.weibo.com/show?fid=1034:4955344552787974\"&gt;&lt;img class=\"icon-link\" src=\"https://h5.sinaimg.cn/upload/2015/09/25/3/timeline_card_small_video_default.png\"/&gt;成毅的微博视频&lt;/a&gt; ​​​", "region_name": "发布于 湖南", "customIcons": []}, "page_info": {"type": "11", "page_id": "2304444955344552787974", "object_type": "video", "object_id": "1034:4955344552787974", "content1": "成毅的微博视频", "content2": "很高兴成为@OLAPLEX欧拉裴 中国区品牌代言人！#一键还原, 重塑发芯#，与我一起启程发丝创「芯」之旅！", "act_status": 1, "media_info": {"name": "成毅的微博视频", "stream_url": "http://f.video.weibocdn.com/o0/gcr5pU2ilx089gDTaKK4010412008Vd20E010.mp4?label=mp4_ld&amp;template=640x360.25.0&amp;ori=0&amp;ps=1CwnkDw1GXwCQx&amp;Expires=1704741000&amp;ssig=J9CZKW%2BPUK&amp;KID=unistore,video", "stream_url_hd": "http://f.video.weibocdn.com/o0/qiG6juwwlx089gDTpjnq01041200e96R0E010.mp4?label=mp4_hd&amp;template=852x480.25.0&amp;ori=0&amp;ps=1CwnkDw1GXwCQx&amp;Expires=1704741000&amp;ssig=anGty1Zv1E&amp;KID=unistore,video", "format": "mp4", "h5_url": "https://video.weibo.com/show?fid=1034:4955344552787974&amp;mark_id=999_reallog_mark_ad%253A999%257CWeiboADNatural", "mp4_sd_url": "http://f.video.weibocdn.com/o0/gcr5pU2ilx089gDTaKK4010412008Vd20E010.mp4?label=mp4_ld&amp;template=640x360.25.0&amp;ori=0&amp;ps=1CwnkDw1GXwCQx&amp;Expires=1704741000&amp;ssig=J9CZKW%2BPUK&amp;KID=unistore,video", "mp4_hd_url": "http://f.video.weibocdn.com/o0/qiG6juwwlx089gDTpjnq01041200e96R0E010.mp4?label=mp4_hd&amp;template=852x480.25.0&amp;ori=0&amp;ps=1CwnkDw1GXwCQx&amp;Expires=1704741000&amp;ssig=anGty1Zv1E&amp;KID=unistore,video", "h265_mp4_hd": "", "h265_mp4_ld": "", "inch_4_mp4_hd": "", "inch_5_mp4_hd": "", "inch_5_5_mp4_hd": "", "mp4_720p_mp4": "http://f.video.weibocdn.com/o0/NhiZf8uZlx089gDTuTVK01041200pXKH0E010.mp4?label=mp4_720p&amp;template=1280x720.25.0&amp;ori=0&amp;ps=1CwnkDw1GXwCQx&amp;Expires=1704741000&amp;ssig=Ko7qxbnkCE&amp;KID=unistore,video", "hevc_mp4_720p": "", "prefetch_type": 1, "prefetch_size": 262144, "act_status": 1, "protocol": "general,dash", "media_id": "4955344552787974", "origin_total_bitrate": 0, "video_orientation": "horizontal", "duration": 47, "forward_strategy": -1, "search_scheme": "sinaweibo://svssearch?containerid=232080", "is_short_video": 0, "vote_is_show": 0, "belong_collection": 0, "titles_display_time": "3", "show_progress_bar": 1, "show_mute_button": true, "ext_info": {"video_orientation": "horizontal"}, "next_title": "很高兴成为@OLAPLEX欧拉裴 中国区品牌代言人！#一键还原, 重塑发芯#，与我一起启程发丝创「芯」之旅！", "kol_title": "", "play_completion_actions": [{"type": "1", "icon": "https://h5.sinaimg.cn/upload/100/1413/2021/12/22/feed_video_icon_replay.png", "text": "重播", "link": "", "btn_code": 1000, "show_position": 1, "actionlog": {"oid": "2304444955344552787974", "act_code": 1221, "act_type": 1, "source": "ad", "mid": "4955646069313193", "code": "80000002", "mark": "999_reallog_mark_ad:999|WeiboADNatural", "ext": ""}}, {"type": 6, "icon": "https://tvax1.sinaimg.cn/crop.0.0.1080.1080.180/002frj8lly8hj4a1cc148j60u00u0gon02.jpg?KID=imgbed,tva&amp;Expires=1704748200&amp;ssig=2KvYohBZxa", "text": "", "display_mode": 2, "display_starttime": 5, "display_endtime": 99999, "countdown_time": 5, "show_position": 48, "scheme": "", "link": "", "btn_code": 1009, "actionlog": {"oid": "2304444955344552787974", "act_code": 91, "act_type": 1, "source": "ad", "ext": "uid:2060419113|user_name:成毅|followers_count:25932824|verified:1|verified_type:0|verified_type_ext:1|verified_reason:演员，代表作品《青云志》《怒海潜沙 秦岭神树》|level:3", "mid": "4955646069313193", "mark": "999_reallog_mark_ad:999|WeiboADNatural"}, "ext": {"uid": "2060419113", "user_name": "成毅", "followers_count": 25932824, "verified": true, "verified_type": 0, "verified_type_ext": 1, "verified_reason": "演员，代表作品《青云志》《怒海潜沙 秦岭神树》", "level": 3}, "display_type": 0}], "video_publish_time": 1696929736, "play_loop_type": 0, "author_mid": "4955598685997590", "author_name": "成毅", "extra_info": {"sceneid": "profile_mb"}, "video_download_strategy": {"abandon_download": 0}, "jump_to": 6, "big_pic_info": {"pic_big": {"height": 1080, "url": "https://wx4.sinaimg.cn/orj1080/002frj8lly1hiqamcx1q0j61hc0u0t9k02.jpg", "width": 1920}, "pic_small": {"height": 150, "url": "https://wx4.sinaimg.cn/or180/002frj8lly1hiqamcx1q0j61hc0u0t9k02.jpg", "width": 266}, "pic_middle": {"height": 270, "url": "https://wx4.sinaimg.cn/or360/002frj8lly1hiqamcx1q0j61hc0u0t9k02.jpg", "width": 480}}, "online_users": "2590万次观看", "online_users_number": 25901277, "ttl": 3600, "storage_type": "oss", "is_keep_current_mblog": 1, "author_info": {"id": 2060419113, "idstr": "2060419113", "pc_new": 0, "screen_name": "成毅", "profile_image_url": "https://tvax1.sinaimg.cn/crop.0.0.1080.1080.50/002frj8lly8hj4a1cc148j60u00u0gon02.jpg?KID=imgbed,tva&amp;Expires=1704748200&amp;ssig=hBGTKydSbA", "profile_url": "/u/2060419113", "verified": true, "verified_type": 0, "domain": "", "weihao": "", "verified_type_ext": 1, "avatar_large": "https://tvax1.sinaimg.cn/crop.0.0.1080.1080.180/002frj8lly8hj4a1cc148j60u00u0gon02.jpg?KID=imgbed,tva&amp;Expires=1704748200&amp;ssig=2KvYohBZxa", "avatar_hd": "https://tvax1.sinaimg.cn/crop.0.0.1080.1080.1024/002frj8lly8hj4a1cc148j60u00u0gon02.jpg?KID=imgbed,tva&amp;Expires=1704748200&amp;ssig=49cf7NPpNn", "follow_me": false, "following": false, "mbrank": 8, "mbtype": 12, "v_plus": 0, "planet_video": false, "verified_reason": "演员，代表作品《青云志》《怒海潜沙 秦岭神树》", "description": "工作联系：chengyistudio@yeah.net", "location": "北京 东城区", "gender": "m", "followers_count": 25933045, "followers_count_str": "2593.3万", "friends_count": 94, "statuses_count": 645, "url": "", "svip": 1, "vvip": 0, "cover_image_phone": "https://wx4.sinaimg.cn/crop.0.0.640.640.640/7acf8029ly1ghnsknttlcj20n00n0jt0.jpg;https://ww4.sinaimg.cn/crop.0.0.640.640.640/7acf8029jw1f5i7vn2a2uj20ku0k0tb8.jpg"}, "playback_list": [{"meta": {"label": "mp4_2160p60", "quality_index": 2200, "quality_desc": "超清", "quality_label": "4K60", "quality_class": "HD", "type": 1, "quality_group": 2200, "is_hidden": false}, "play_info": {"type": 1, "mime": "video/mp4", "protocol": "general", "label": "mp4_2160p60", "url": "https://f.video.weibocdn.com/o0/7cZxwHGAlx089gDURP0k01041202rpsN0E010.mp4?label=mp4_2160p60&amp;template=3840x2160.23.0&amp;media_id=4955344552787974&amp;tp=8x8A3El:YTkl0eM8&amp;us=0&amp;ori=1&amp;bf=4&amp;ot=h&amp;lp=00003MndIw&amp;ps=mZ6WB&amp;uid=7sSuzF&amp;ab=,3601-g32,8143-g0,3601-g19,3601-g36,8013-g0,12192-g0,3601-g39,3601-g19,3601-g36,3601-g27&amp;Expires=1704741000&amp;ssig=LXCYyoH93P&amp;KID=unistore,video", "bitrate": 6017745, "prefetch_range": "0-1264877", "video_codecs": "avc1.640034", "fps": 60, "width": 3840, "height": 2160, "size": 36085413, "duration": 47.972, "sar": "1.0", "audio_codecs": "mp4a.40.5", "audio_sample_rate": 44100, "quality_label": "4K60", "quality_class": "HD", "quality_desc": "超清", "audio_channels": 2, "audio_sample_fmt": "fltp", "audio_bits_per_sample": 0, "watermark": "original", "extension": {"transcode_info": {"pcdn_rule_id": 0, "pcdn_jank": 0, "origin_video_dr": "SDR", "ab_strategies": ",3601-g32,8143-g0,3601-g19,3601-g36,8013-g0,12192-g0,3601-g39,3601-g19,3601-g36,3601-g27"}}, "video_decoder": "hard", "prefetch_enabled": true, "tcp_receive_buffer": 262144, "dolby_atmos": false, "color_transfer": "bt709", "first_pkt_end_pos": 94023}}, {"meta": {"label": "mp4_1440p60", "quality_index": 1500, "quality_desc": "超清", "quality_label": "2K60", "quality_class": "HD", "type": 1, "quality_group": 1500, "is_hidden": false}, "play_info": {"type": 1, "mime": "video/mp4", "protocol": "general", "label": "mp4_1440p60", "url": "https://f.video.weibocdn.com/o0/NXvQILZYlx089gDWVUow01041201evkW0E010.mp4?label=mp4_1440p60&amp;template=2560x1440.23.0&amp;media_id=4955344552787974&amp;tp=8x8A3El:YTkl0eM8&amp;us=0&amp;ori=1&amp;bf=4&amp;ot=h&amp;lp=00003MndIw&amp;ps=mZ6WB&amp;uid=7sSuzF&amp;ab=,3601-g32,8143-g0,3601-g19,3601-g36,8013-g0,12192-g0,3601-g39,3601-g19,3601-g36,3601-g27&amp;Expires=1704741000&amp;ssig=VOEvtInv6K&amp;KID=unistore,video", "bitrate": 3040672, "prefetch_range": "0-587803", "video_codecs": "avc1.640033", "fps": 60, "width": 2560, "height": 1440, "size": 18233390, "duration": 47.972, "sar": "1.0", "audio_codecs": "mp4a.40.5", "audio_sample_rate": 44100, "quality_label": "2K60", "quality_class": "HD", "quality_desc": "超清", "audio_channels": 2, "audio_sample_fmt": "fltp", "audio_bits_per_sample": 0, "watermark": "original", "extension": {"transcode_info": {"pcdn_rule_id": 0, "pcdn_jank": 0, "origin_video_dr": "SDR", "ab_strategies": ",3601-g32,8143-g0,3601-g19,3601-g36,8013-g0,12192-g0,3601-g39,3601-g19,3601-g36,3601-g27"}}, "video_decoder": "hard", "prefetch_enabled": true, "tcp_receive_buffer": 262144, "dolby_atmos": false, "color_transfer": "bt709", "first_pkt_end_pos": 65856}}, {"meta": {"label": "mp4_1080p", "quality_index": 1080, "quality_desc": "高清", "quality_label": "1080p", "quality_class": "HD", "type": 1, "quality_group": 1080, "is_hidden": false}, "play_info": {"type": 1, "mime": "video/mp4", "protocol": "general", "label": "mp4_1080p", "url": "https://f.video.weibocdn.com/o0/JVvO9EDJlx089gDTY0Wk01041200Hbyz0E010.mp4?label=mp4_1080p&amp;template=1920x1080.25.0&amp;media_id=4955344552787974&amp;tp=8x8A3El:YTkl0eM8&amp;us=0&amp;ori=1&amp;bf=4&amp;ot=h&amp;lp=00003MndIw&amp;ps=mZ6WB&amp;uid=7sSuzF&amp;ab=,3601-g32,8143-g0,3601-g19,3601-g36,8013-g0,12192-g0,3601-g39,3601-g19,3601-g36,3601-g27&amp;Expires=1704741000&amp;ssig=qwIRZgrmmb&amp;KID=unistore,video", "bitrate": 1716423, "prefetch_range": "0-323519", "video_codecs": "avc1.640032", "fps": 30, "width": 1920, "height": 1080, "size": 10292531, "duration": 47.972, "sar": "1.0", "audio_codecs": "mp4a.40.5", "audio_sample_rate": 44100, "quality_label": "1080p", "quality_class": "HD", "quality_desc": "高清", "audio_channels": 2, "audio_sample_fmt": "fltp", "audio_bits_per_sample": 0, "watermark": "original", "extension": {"transcode_info": {"pcdn_rule_id": 0, "pcdn_jank": 0, "origin_video_dr": "SDR", "ab_strategies": ",3601-g32,8143-g0,3601-g19,3601-g36,8013-g0,12192-g0,3601-g39,3601-g19,3601-g36,3601-g27"}}, "video_decoder": "hard", "prefetch_enabled": true, "tcp_receive_buffer": 262144, "dolby_atmos": false, "color_transfer": "bt709", "first_pkt_end_pos": 50399}}, {"meta": {"label": "mp4_720p", "quality_index": 720, "quality_desc": "高清", "quality_label": "720p", "quality_class": "HD", "type": 1, "quality_group": 720, "is_hidden": false}, "play_info": {"type": 1, "mime": "video/mp4", "protocol": "general", "label": "mp4_720p", "url": "https://f.video.weibocdn.com/o0/NhiZf8uZlx089gDTuTVK01041200pXKH0E010.mp4?label=mp4_720p&amp;template=1280x720.25.0&amp;media_id=4955344552787974&amp;tp=8x8A3El:YTkl0eM8&amp;us=0&amp;ori=1&amp;bf=4&amp;ot=h&amp;lp=00003MndIw&amp;ps=mZ6WB&amp;uid=7sSuzF&amp;ab=,3601-g32,8143-g0,3601-g19,3601-g36,8013-g0,12192-g0,3601-g39,3601-g19,3601-g36,3601-g27&amp;Expires=1704741000&amp;ssig=Ko7qxbnkCE&amp;KID=unistore,video", "bitrate": 1031917, "prefetch_range": "0-221662", "video_codecs": "avc1.64001f", "fps": 30, "width": 1280, "height": 720, "size": 6187891, "duration": 47.972, "sar": "1.0", "audio_codecs": "mp4a.40.5", "audio_sample_rate": 44100, "quality_label": "720p", "quality_class": "HD", "quality_desc": "高清", "audio_channels": 2, "audio_sample_fmt": "fltp", "audio_bits_per_sample": 0, "watermark": "original", "extension": {"transcode_info": {"pcdn_rule_id": 0, "pcdn_jank": 0, "origin_video_dr": "SDR", "ab_strategies": ",3601-g32,8143-g0,3601-g19,3601-g36,8013-g0,12192-g0,3601-g39,3601-g19,3601-g36,3601-g27"}}, "video_decoder": "hard", "prefetch_enabled": true, "tcp_receive_buffer": 262144, "dolby_atmos": false, "color_transfer": "bt709", "first_pkt_end_pos": 46155}}, {"meta": {"label": "mp4_hd", "quality_index": 480, "quality_desc": "标清", "quality_label": "480p", "quality_class": "SD", "type": 1, "quality_group": 480, "is_hidden": false}, "play_info": {"type": 1, "mime": "video/mp4", "protocol": "general", "label": "mp4_hd", "url": "https://f.video.weibocdn.com/o0/qiG6juwwlx089gDTpjnq01041200e96R0E010.mp4?label=mp4_hd&amp;template=852x480.25.0&amp;media_id=4955344552787974&amp;tp=8x8A3El:YTkl0eM8&amp;us=0&amp;ori=1&amp;bf=4&amp;ot=h&amp;lp=00003MndIw&amp;ps=mZ6WB&amp;uid=7sSuzF&amp;ab=,3601-g32,8143-g0,3601-g19,3601-g36,8013-g0,12192-g0,3601-g39,3601-g19,3601-g36,3601-g27&amp;Expires=1704741000&amp;ssig=anGty1Zv1E&amp;KID=unistore,video", "bitrate": 562263, "prefetch_range": "0-121744", "video_codecs": "avc1.64001f", "fps": 30, "width": 852, "height": 480, "size": 3371613, "duration": 47.972, "sar": "1.001565", "audio_codecs": "mp4a.40.5", "audio_sample_rate": 44100, "quality_label": "480p", "quality_class": "SD", "quality_desc": "标清", "audio_channels": 2, "audio_sample_fmt": "fltp", "audio_bits_per_sample": 0, "watermark": "original", "extension": {"transcode_info": {"pcdn_rule_id": 0, "pcdn_jank": 0, "origin_video_dr": "SDR", "ab_strategies": ",3601-g32,8143-g0,3601-g19,3601-g36,8013-g0,12192-g0,3601-g39,3601-g19,3601-g36,3601-g27"}}, "video_decoder": "hard", "prefetch_enabled": true, "tcp_receive_buffer": 262144, "dolby_atmos": false, "color_transfer": "bt709", "first_pkt_end_pos": 42640}}, {"meta": {"label": "scrubber_hd", "quality_index": 480, "quality_desc": "标清", "quality_label": "480p", "quality_class": "SD", "type": 3, "quality_group": 480, "is_hidden": false}, "play_info": {"type": 3, "mime": "image/jpeg", "protocol": "general", "label": "scrubber_hd", "url": "https://wx1.sinaimg.cn/large/002frj8lly1hiqb0tvqjpj60qo460n2a02.jpg?media_id=4955344552787974&amp;tp=8x8A3El:YTkl0eM8&amp;us=0&amp;ori=1&amp;bf=4&amp;ot=h&amp;lp=00003MndIw&amp;ps=mZ6WB&amp;uid=7sSuzF&amp;ab=,3601-g32,8143-g0,3601-g19,3601-g36,8013-g0,12192-g0,3601-g39,3601-g19,3601-g36,3601-g27&amp;Expires=1704741000&amp;ssig=PeMoFXRU7h&amp;KID=unistore,video", "prefetch_range": "0-512000", "width": 320, "height": 180, "quality_label": "480p", "quality_class": "SD", "quality_desc": "标清", "extension": {"transcode_info": {"pcdn_rule_id": 0, "pcdn_jank": 0, "origin_video_dr": "SDR", "ab_strategies": ",3601-g32,8143-g0,3601-g19,3601-g36,8013-g0,12192-g0,3601-g39,3601-g19,3601-g36,3601-g27"}}, "video_decoder": "hard", "prefetch_enabled": true, "tcp_receive_buffer": 262144, "col": 3, "row": 30, "interval": 1, "offset": 0.5, "urls": ["http://wx4.sinaimg.cn/large/002frj8lly1hiqb0tvqjpj60qo460n2a02.jpg"]}}, {"meta": {"label": "mp4_ld", "quality_index": 360, "quality_desc": "流畅", "quality_label": "360p", "quality_class": "SD", "type": 1, "quality_group": 360, "is_hidden": false}, "play_info": {"type": 1, "mime": "video/mp4", "protocol": "general", "label": "mp4_ld", "url": "https://f.video.weibocdn.com/o0/gcr5pU2ilx089gDTaKK4010412008Vd20E010.mp4?label=mp4_ld&amp;template=640x360.25.0&amp;media_id=4955344552787974&amp;tp=8x8A3El:YTkl0eM8&amp;us=0&amp;ori=1&amp;bf=4&amp;ot=h&amp;lp=00003MndIw&amp;ps=mZ6WB&amp;uid=7sSuzF&amp;ab=,3601-g32,8143-g0,3601-g19,3601-g36,8013-g0,12192-g0,3601-g39,3601-g19,3601-g36,3601-g27&amp;Expires=1704741000&amp;ssig=J9CZKW%2BPUK&amp;KID=unistore,video", "bitrate": 354630, "prefetch_range": "0-93312", "video_codecs": "avc1.64001e", "fps": 30, "width": 640, "height": 360, "size": 2126540, "duration": 47.972, "sar": "1.0", "audio_codecs": "mp4a.40.5", "audio_sample_rate": 44100, "quality_label": "360p", "quality_class": "SD", "quality_desc": "流畅", "audio_channels": 2, "audio_sample_fmt": "fltp", "audio_bits_per_sample": 0, "watermark": "original", "extension": {"transcode_info": {"pcdn_rule_id": 0, "pcdn_jank": 0, "origin_video_dr": "SDR", "ab_strategies": ",3601-g32,8143-g0,3601-g19,3601-g36,8013-g0,12192-g0,3601-g39,3601-g19,3601-g36,3601-g27"}}, "video_decoder": "hard", "prefetch_enabled": true, "tcp_receive_buffer": 262144, "dolby_atmos": false, "color_transfer": "bt709", "first_pkt_end_pos": 41486}}]}, "page_pic": "https://wx4.sinaimg.cn/orj480/002frj8lly1hiqamcx1q0j61hc0u0t9k02.jpg", "page_title": "成毅的微博视频", "page_url": "sinaweibo://infopage?containerid=2304444955344552787974&amp;containerid=2304444955344552787974&amp;url_type=39&amp;object_type=video&amp;pos=2&amp;allowRedirect=1&amp;disable_interception=1&amp;disable_sinaurl=1&amp;schemewhitelist=%7B%22scheme%22%3A%5B%22.%2A%22%5D%2C%22itunes%22%3A%5B%22.%2A%22%5D%7D&amp;mark_id=999_reallog_mark_ad%253A999%257CWeiboADNatural", "pic_info": {"pic_big": {"height": "480", "url": "https://wx4.sinaimg.cn/orj480/002frj8lly1hiqamcx1q0j61hc0u0t9k02.jpg", "width": "852"}, "pic_small": {"height": "480", "url": "https://wx4.sinaimg.cn/orj480/002frj8lly1hiqamcx1q0j61hc0u0t9k02.jpg", "width": "852"}, "pic_middle": {"url": "https://wx4.sinaimg.cn/orj480/002frj8lly1hiqamcx1q0j61hc0u0t9k02.jpg", "height": "480", "width": "852"}}, "oid": "2060419113", "type_icon": "", "author_id": "2060419113", "authorid": "2060419113", "warn": "", "actionlog": {"act_type": 1, "act_code": 799, "lcardid": "", "fid": "1076033073217815_-_WEIBO_SECOND_PROFILE_WEIBO", "mid": "4955646069313193", "oid": "2304444955344552787974", "uuid": 4955344832037103, "source": "ad", "ext": "uid:6839654475|mid:4955646069313193|objectid:1034%3A4955344552787974|from:1|object_duration:47.972|miduid:3073217815|rootuid:2060419113|rootmid:4955598685997590|authorid:2060419113|video_orientation:horizontal|third_vid:|is_album:0|is_contribution:0|video_tags:|isfan:0|ua:Mozilla/5.0 (Windows NT 10.0; Win64; x64) AppleWebKit/537.36 (KHTML, like Gecko) Chrome/120.0.0.0 Safari/537.36 WeiboPro/1.0.0|sceneid:profile_mb|uuid:4955344832037103|detail:native|contribution:0|short_video:0|st_video:1|author_mid:4955598685997590|cluster_type_status:|is_ad_weibo:999_reallog_mark_ad:999|WeiboADNatural|source:ad|ad_log_ext_source:ad|container_mid:4955646069313193|analysis_card:page_info", "code": "80000001", "mark": "999_reallog_mark_ad:999|WeiboADNatural"}, "short_url": "http://t.cn/A6W7yNsZ"}}