{"visible": {"type": 0, "list_id": 0}, "created_at": "Fri Oct 13 21:16:09 +0800 2023", "id": 4956490852210086, "idstr": "4956490852210086", "mid": "4956490852210086", "mblogid": "NnHAh9gWy", "user": {"id": 3073217815, "idstr": "3073217815", "pc_new": 0, "screen_name": "七十七只绵羊", "profile_image_url": "https://tvax3.sinaimg.cn/crop.0.0.512.512.50/b72d9517ly8hf8e0vpc8ej20e80e8myg.jpg?KID=imgbed,tva&amp;Expires=1704748200&amp;ssig=z9GdMWWTxa", "profile_url": "/u/3073217815", "verified": true, "verified_type": 0, "domain": "", "weihao": "", "verified_type_ext": 0, "avatar_large": "https://tvax3.sinaimg.cn/crop.0.0.512.512.180/b72d9517ly8hf8e0vpc8ej20e80e8myg.jpg?KID=imgbed,tva&amp;Expires=1704748200&amp;ssig=E2D7ubxVlR", "avatar_hd": "https://tvax3.sinaimg.cn/crop.0.0.512.512.1024/b72d9517ly8hf8e0vpc8ej20e80e8myg.jpg?KID=imgbed,tva&amp;Expires=1704748200&amp;ssig=iyVm7ZCvga", "follow_me": false, "following": false, "mbrank": 5, "mbtype": 11, "v_plus": 0, "planet_video": false, "icon_list": [{"type": "vip", "data": {"mbrank": 5, "mbtype": 11, "svip": 1, "vvip": 0}}]}, "can_edit": false, "text_raw": "很开心收到宝子送的娃[爱你]\n从一年前相遇一起粉成毅到现在是素未谋面的好朋友喔 天气变冷 但是心很暖[心]@淇实我是一支绿果果- ​​​", "textLength": 119, "annotations": [{"photo_sub_type": "0"}, [], {"client_mblogid": "iPhone-67F15EA1-619E-4AA0-82DF-AD86BB7AFACC"}, {"source_text": "", "phone_id": "1399"}, {"mapi_request": true}], "source": "iPhone客户端", "favorited": false, "rid": "16_0_50_5135069616428170695_0_0_0", "cardid": "raresvip_0052001143", "pic_ids": ["b72d9517gy1hity60x3abj22c02c1u0z"], "pic_num": 1, "pic_infos": {"b72d9517gy1hity60x3abj22c02c1u0z": {"thumbnail": {"url": "https://wx1.sinaimg.cn/wap180/b72d9517gy1hity60x3abj22c02c1u0z.jpg", "width": 180, "height": 180, "cut_type": 1, "type": ""}, "bmiddle": {"url": "https://wx1.sinaimg.cn/wap360/b72d9517gy1hity60x3abj22c02c1u0z.jpg", "width": 360, "height": 360, "cut_type": 1, "type": ""}, "large": {"url": "https://wx1.sinaimg.cn/orj960/b72d9517gy1hity60x3abj22c02c1u0z.jpg", "width": 960, "height": 960, "cut_type": 1, "type": ""}, "original": {"url": "https://wx1.sinaimg.cn/orj1080/b72d9517gy1hity60x3abj22c02c1u0z.jpg", "width": 1080, "height": 1080, "cut_type": 1, "type": ""}, "largest": {"url": "https://wx1.sinaimg.cn/large/b72d9517gy1hity60x3abj22c02c1u0z.jpg", "width": 2048, "height": 2048, "cut_type": 1, "type": ""}, "mw2000": {"url": "https://wx1.sinaimg.cn/mw2000/b72d9517gy1hity60x3abj22c02c1u0z.jpg", "width": 2000, "height": 2000, "cut_type": 1, "type": ""}, "object_id": "1042018:c4dc1a58eb702e7b2694c562d1d793ab", "pic_id": "b72d9517gy1hity60x3abj22c02c1u0z", "photo_tag": 0, "type": "pic", "pic_status": 1}}, "is_paid": false, "pic_bg_new": "http://vip.storage.weibo.com/feed_cover/raresvip_0052001143_mobile_new.png?version=2021091501", "mblog_vip_type": 0, "number_display_strategy": {"apply_scenario_flag": 3, "display_text_min_number": 1000000, "display_text": "100万+"}, "reposts_count": 0, "comments_count": 2, "attitudes_count": 1, "attitudes_status": 0, "isLongText": false, "mlevel": 0, "content_auth": 0, "is_show_bulletin": 2, "comment_manage_info": {"comment_permission_type": -1, "approval_comment_type": 0, "comment_sort_type": 0}, "share_repost_type": 0, "mblogtype": 0, "showFeedRepost": false, "showFeedComment": false, "pictureViewerSign": false, "showPictureViewer": false, "rcList": [], "text": "很开心收到宝子送的娃&lt;img alt=\"[爱你]\" title=\"[爱你]\" src=\"https://face.t.sinajs.cn/t4/appstyle/expression/ext/normal/f6/2018new_aini_org.png\" /&gt;&lt;br /&gt;从一年前相遇一起粉成毅到现在是素未谋面的好朋友喔 天气变冷 但是心很暖&lt;img alt=\"[心]\" title=\"[心]\" src=\"https://face.t.sinajs.cn/t4/appstyle/expression/ext/normal/8a/2018new_xin_org.png\" /&gt;&lt;a href=/n/淇实我是一支绿果果- usercard=\"name=@淇实我是一支绿果果-\"&gt;@淇实我是一支绿果果-&lt;/a&gt; ​​​", "region_name": "发布于 浙江", "customIcons": []}