{"visible": {"type": 0, "list_id": 0}, "created_at": "Fri Oct 20 23:23:39 +0800 2023", "id": 4959059655262982, "idstr": "4959059655262982", "mid": "4959059655262982", "mblogid": "NoMpvm58O", "user": {"id": 3073217815, "idstr": "3073217815", "pc_new": 0, "screen_name": "七十七只绵羊", "profile_image_url": "https://tvax3.sinaimg.cn/crop.0.0.512.512.50/b72d9517ly8hf8e0vpc8ej20e80e8myg.jpg?KID=imgbed,tva&amp;Expires=1704748200&amp;ssig=z9GdMWWTxa", "profile_url": "/u/3073217815", "verified": true, "verified_type": 0, "domain": "", "weihao": "", "verified_type_ext": 0, "avatar_large": "https://tvax3.sinaimg.cn/crop.0.0.512.512.180/b72d9517ly8hf8e0vpc8ej20e80e8myg.jpg?KID=imgbed,tva&amp;Expires=1704748200&amp;ssig=E2D7ubxVlR", "avatar_hd": "https://tvax3.sinaimg.cn/crop.0.0.512.512.1024/b72d9517ly8hf8e0vpc8ej20e80e8myg.jpg?KID=imgbed,tva&amp;Expires=1704748200&amp;ssig=iyVm7ZCvga", "follow_me": false, "following": false, "mbrank": 5, "mbtype": 11, "v_plus": 0, "planet_video": false, "icon_list": [{"type": "vip", "data": {"mbrank": 5, "mbtype": 11, "svip": 1, "vvip": 0}}]}, "can_edit": false, "text_raw": "今天晚上的月亮很美\n手机拍不出来一点[怒] ​​​", "textLength": 39, "annotations": [{"photo_sub_type": "0"}, [], {"client_mblogid": "iPhone-26CEFBD5-AACB-420A-9498-F04490657AFD"}, {"source_text": "", "phone_id": "1399"}, {"mapi_request": true}], "source": "iPhone客户端", "favorited": false, "rid": "9_0_50_5135069616428170695_0_0_0", "cardid": "raresvip_0052001143", "pic_ids": ["b72d9517gy1hj258nebz1j22c0340kjm"], "pic_num": 1, "pic_infos": {"b72d9517gy1hj258nebz1j22c0340kjm": {"thumbnail": {"url": "https://wx4.sinaimg.cn/wap180/b72d9517gy1hj258nebz1j22c0340kjm.jpg", "width": 135, "height": 180, "cut_type": 1, "type": ""}, "bmiddle": {"url": "https://wx4.sinaimg.cn/wap360/b72d9517gy1hj258nebz1j22c0340kjm.jpg", "width": 270, "height": 360, "cut_type": 1, "type": ""}, "large": {"url": "https://wx4.sinaimg.cn/orj960/b72d9517gy1hj258nebz1j22c0340kjm.jpg", "width": 960, "height": 1279, "cut_type": 1, "type": ""}, "original": {"url": "https://wx4.sinaimg.cn/orj1080/b72d9517gy1hj258nebz1j22c0340kjm.jpg", "width": 1080, "height": 1439, "cut_type": 1, "type": ""}, "largest": {"url": "https://wx4.sinaimg.cn/large/b72d9517gy1hj258nebz1j22c0340kjm.jpg", "width": 2048, "height": 2730, "cut_type": 1, "type": ""}, "mw2000": {"url": "https://wx4.sinaimg.cn/mw2000/b72d9517gy1hj258nebz1j22c0340kjm.jpg", "width": 2000, "height": 2666, "cut_type": 1, "type": ""}, "object_id": "1042018:5e44d47d6e9b1701d3bd858f241e6a3e", "pic_id": "b72d9517gy1hj258nebz1j22c0340kjm", "photo_tag": 0, "type": "pic", "pic_status": 1}}, "is_paid": false, "pic_bg_new": "http://vip.storage.weibo.com/feed_cover/raresvip_0052001143_mobile_new.png?version=2021091501", "mblog_vip_type": 0, "number_display_strategy": {"apply_scenario_flag": 3, "display_text_min_number": 1000000, "display_text": "100万+"}, "reposts_count": 0, "comments_count": 0, "attitudes_count": 0, "attitudes_status": 0, "isLongText": false, "mlevel": 0, "content_auth": 0, "is_show_bulletin": 2, "comment_manage_info": {"comment_permission_type": -1, "approval_comment_type": 0, "comment_sort_type": 0}, "share_repost_type": 0, "mblogtype": 0, "showFeedRepost": false, "showFeedComment": false, "pictureViewerSign": false, "showPictureViewer": false, "rcList": [], "text": "今天晚上的月亮很美&lt;br /&gt;手机拍不出来一点&lt;img alt=\"[怒]\" title=\"[怒]\" src=\"https://face.t.sinajs.cn/t4/appstyle/expression/ext/normal/f6/2018new_nu_org.png\" /&gt; ​​​", "region_name": "发布于 浙江", "customIcons": []}