{"visible": {"type": 0, "list_id": 0}, "created_at": "Tue Oct 24 11:10:48 +0800 2023", "id": 4960324782654003, "idstr": "4960324782654003", "mid": "4960324782654003", "mblogid": "Npjk2b8qv", "user": {"id": 3073217815, "idstr": "3073217815", "pc_new": 0, "screen_name": "七十七只绵羊", "profile_image_url": "https://tvax3.sinaimg.cn/crop.0.0.512.512.50/b72d9517ly8hf8e0vpc8ej20e80e8myg.jpg?KID=imgbed,tva&amp;Expires=1704748200&amp;ssig=z9GdMWWTxa", "profile_url": "/u/3073217815", "verified": true, "verified_type": 0, "domain": "", "weihao": "", "verified_type_ext": 0, "avatar_large": "https://tvax3.sinaimg.cn/crop.0.0.512.512.180/b72d9517ly8hf8e0vpc8ej20e80e8myg.jpg?KID=imgbed,tva&amp;Expires=1704748200&amp;ssig=E2D7ubxVlR", "avatar_hd": "https://tvax3.sinaimg.cn/crop.0.0.512.512.1024/b72d9517ly8hf8e0vpc8ej20e80e8myg.jpg?KID=imgbed,tva&amp;Expires=1704748200&amp;ssig=iyVm7ZCvga", "follow_me": false, "following": false, "mbrank": 5, "mbtype": 11, "v_plus": 0, "planet_video": false, "icon_list": [{"type": "vip", "data": {"mbrank": 5, "mbtype": 11, "svip": 1, "vvip": 0}}]}, "can_edit": false, "text_raw": "你眼中的银河，我所摘到的梦", "annotations": [{"mapi_request": true}], "source": "iPhone客户端", "favorited": false, "mark": "999_reallog_mark_ad:999|WeiboADNatural", "rid": "6_0_50_5135069616428170695_0_0_0", "cardid": "raresvip_0052001143", "pic_ids": [], "pic_num": 0, "is_paid": false, "pic_bg_new": "http://vip.storage.weibo.com/feed_cover/raresvip_0052001143_mobile_new.png?version=2021091501", "mblog_vip_type": 0, "number_display_strategy": {"apply_scenario_flag": 3, "display_text_min_number": 1000000, "display_text": "100万+"}, "reposts_count": 0, "comments_count": 0, "attitudes_count": 0, "attitudes_status": 0, "isLongText": false, "mlevel": 0, "content_auth": 0, "is_show_bulletin": 2, "comment_manage_info": {"comment_permission_type": -1, "approval_comment_type": 0, "comment_sort_type": 0}, "repost_type": 1, "share_repost_type": 0, "topic_struct": [{"title": "", "topic_url": "sinaweibo://searchall?containerid=231522&amp;q=%23%E6%92%91%E4%B8%AA%E5%9C%BA%E9%9D%A2%23&amp;extparam=%23%E6%92%91%E4%B8%AA%E5%9C%BA%E9%9D%A2%23", "topic_title": "撑个场面", "actionlog": {"act_type": 1, "act_code": 300, "oid": "1022:2315226b54e48782b0722b8604044b3ceb95c2", "uuid": 4947744182501493, "cardid": "", "lcardid": "", "uicode": "", "luicode": "", "fid": "1076033073217815_-_WEIBO_SECOND_PROFILE_WEIBO", "lfid": "", "ext": "mid:4960307191221671|rid:6_0_50_5135069616428170695_0_0_0|miduid:3073217815|rootmid:4960307191221671|rootuid:2060419113|authorid:|uuid:4947744182501493|is_ad_weibo:1"}}, {"title": "", "topic_url": "sinaweibo://searchall?containerid=231522&amp;q=%23%E4%BD%B0%E8%8D%89%E9%9B%86%20%E9%9D%9E%E5%87%A1%E4%BF%AE%E6%8A%A4%20%E7%84%95%E7%84%B6%E6%96%B0%E7%94%9F%23&amp;extparam=%23%E4%BD%B0%E8%8D%89%E9%9B%86%20%E9%9D%9E%E5%87%A1%E4%BF%AE%E6%8A%A4%20%E7%84%95%E7%84%B6%E6%96%B0%E7%94%9F%23", "topic_title": "佰草集 非凡修护 焕然新生", "actionlog": {"act_type": 1, "act_code": 300, "oid": "1022:231522d61968f022e5e75d3f0d7425b97eb4c2", "uuid": 4892739429990700, "cardid": "", "lcardid": "", "uicode": "", "luicode": "", "fid": "1076033073217815_-_WEIBO_SECOND_PROFILE_WEIBO", "lfid": "", "ext": "mid:4960307191221671|rid:6_0_50_5135069616428170695_0_0_0|miduid:3073217815|rootmid:4960307191221671|rootuid:2060419113|authorid:|uuid:4892739429990700|is_ad_weibo:1"}}], "url_struct": [{"url_title": "网页链接", "url_type_pic": "https://h5.sinaimg.cn/upload/2015/09/25/3/timeline_card_small_web.png", "ori_url": "sinaweibo://browser?disable_interception=1&amp;disable_sinaurl=1&amp;allowRedirect=1&amp;url=https%3A%2F%2Fm.tb.cn%2Fh.56357EW%3Fmark_id%3D999_reallog_mark_ad%25253A999%25257CWeiboADNatural&amp;schemewhitelist=%7B%22itunes%22%3A%5B%22.%2A%22%5D%2C%22scheme%22%3A%5B%22.%2A%22%5D%7D", "short_url": "http://t.cn/A6Wyjiut", "long_url": "https://m.tb.cn/h.56357EW?mark_id=999_reallog_mark_ad%3A999%7CWeiboADNatural", "url_type": 0, "result": true, "actionlog": {"act_type": 1, "act_code": 300, "oid": "4960324782654003", "uuid": "", "cardid": "", "lcardid": "", "uicode": "", "luicode": "", "fid": "1076033073217815_-_WEIBO_SECOND_PROFILE_WEIBO", "lfid": "", "ext": "mid:4960307191221671|rid:6_0_50_5135069616428170695_0_0_0|miduid:3073217815|rootmid:4960307191221671|rootuid:2060419113|authorid:|uuid:|is_ad_weibo:1|analysis_card:url_struct", "mid": "4960324782654003", "source": "ad", "code": 14000014, "mark": "999_reallog_mark_ad:999|WeiboADNatural", "uid": "6839654475"}, "storage_type": "", "hide": 0, "position": 2, "need_save_obj": 1, "log": "su=A6Wyjiut&amp;mark=999_reallog_mark_ad:999|WeiboADNatural&amp;mid=4960307191221671"}, {"url_title": "佰草集Herborist的微博视频", "url_type_pic": "https://h5.sinaimg.cn/upload/2015/09/25/3/timeline_card_small_video.png", "ori_url": "sinaweibo://video/vvs?mid=4960307191221671&amp;object_id=1034:4960049735335992&amp;url_type=39&amp;object_type=video&amp;pos=1&amp;mark_id=999_reallog_mark_ad%253A999%257CWeiboADNatural", "page_id": "2304444960049735335992", "short_url": "http://t.cn/A6Wc7pvb", "long_url": "https://video.weibo.com/show?fid=1034:4960049735335992&amp;mark_id=999_reallog_mark_ad%3A999%7CWeiboADNatural", "url_type": 39, "result": false, "actionlog": {"act_type": 1, "act_code": 300, "oid": "4960324782654003", "uuid": 4960049981292652, "cardid": "", "lcardid": "", "uicode": "", "luicode": "", "fid": "1076033073217815_-_WEIBO_SECOND_PROFILE_WEIBO", "lfid": "", "ext": "mid:4960307191221671|rid:6_0_50_5135069616428170695_0_0_0|miduid:3073217815|rootmid:4960307191221671|rootuid:2060419113|authorid:1666052741|uuid:4960049981292652|is_ad_weibo:1|analysis_card:url_struct", "mid": "4960324782654003", "source": "ad", "code": 14000014, "mark": "999_reallog_mark_ad:999|WeiboADNatural", "uid": "6839654475"}, "storage_type": "oss", "hide": 0, "object_type": "", "ttl": 3600, "h5_target_url": "https://video.weibo.com/show?fid=1034:4960049735335992&amp;from=1FFFF96039&amp;weiboauthoruid=2060419113", "need_save_obj": 0}], "mblogtype": 0, "showFeedRepost": false, "showFeedComment": false, "pictureViewerSign": false, "showPictureViewer": false, "rcList": [], "text": "你眼中的银河，我所摘到的梦", "region_name": "发布于 浙江", "customIcons": [], "retweeted_status": {"visible": {"type": 0, "list_id": 0}, "created_at": "Tue Oct 24 10:00:55 +0800 2023", "id": 4960307191221671, "idstr": "4960307191221671", "mid": "4960307191221671", "mblogid": "NpiRF57On", "user": {"id": 2060419113, "idstr": "2060419113", "pc_new": 0, "screen_name": "成毅", "profile_image_url": "https://tvax1.sinaimg.cn/crop.0.0.1080.1080.50/002frj8lly8hj4a1cc148j60u00u0gon02.jpg?KID=imgbed,tva&amp;Expires=1704748200&amp;ssig=hBGTKydSbA", "profile_url": "/u/2060419113", "verified": true, "verified_type": 0, "domain": "", "weihao": "", "verified_type_ext": 1, "avatar_large": "https://tvax1.sinaimg.cn/crop.0.0.1080.1080.180/002frj8lly8hj4a1cc148j60u00u0gon02.jpg?KID=imgbed,tva&amp;Expires=1704748200&amp;ssig=2KvYohBZxa", "avatar_hd": "https://tvax1.sinaimg.cn/crop.0.0.1080.1080.1024/002frj8lly8hj4a1cc148j60u00u0gon02.jpg?KID=imgbed,tva&amp;Expires=1704748200&amp;ssig=49cf7NPpNn", "follow_me": false, "following": false, "mbrank": 8, "mbtype": 12, "v_plus": 0, "planet_video": false, "icon_list": [{"type": "vip", "data": {"mbrank": 8, "mbtype": 12, "svip": 1, "vvip": 0}}]}, "can_edit": false, "text_raw": "生活中，要时刻为自己#撑个场面#，肌肤亦是如此，拥有强韧底气，才能持续紧致嘭弹。这个双十一，有@佰草集Herborist 为肌肤注入非凡本草能量，保持上扬好状态～\n双十一记得来天猫佰草集官方旗舰店http://t.cn/A6Wyjiut ，GET我为你挑选的护肤好礼吧！#佰草集 非凡修护 焕然新生#&nbsp;http://t.cn/A6Wc7pvb ​​​", "textLength": 279, "annotations": [[], {"shooting": 1, "client_mblogid": "iPhone-D9B2FE9F-C0AE-4493-A1D5-13B628107FB9"}, {"source_text": "🐳", "phone_id": "1399"}, {"mapi_request": true}], "source": "🐳iPhone客户端", "favorited": false, "buttons": [{"type": "follow", "name": "加关注", "params": {"uid": 2060419113, "disable_group": 1, "extparams": {"followcardid": "1008080010_"}}, "actionlog": {"act_code": "92", "oid": "4960307191221671"}}], "mark": "999_reallog_mark_ad:999|WeiboADNatural", "rid": "6_0_50_5135069616428170695_0_0_0", "cardid": "star_318", "pic_ids": [], "geo": "", "pic_num": 0, "is_paid": false, "mblog_vip_type": 0, "number_display_strategy": {"apply_scenario_flag": 3, "display_text_min_number": 1000000, "display_text": "100万+"}, "reposts_count": 1000000, "comments_count": 1000000, "attitudes_count": 3185338, "attitudes_status": 0, "isLongText": false, "mlevel": 0, "content_auth": 0, "is_show_bulletin": 2, "comment_manage_info": {"comment_permission_type": -1, "approval_comment_type": 0, "comment_sort_type": 0, "ai_play_picture_type": 0}, "mblogtype": 0, "showFeedRepost": false, "showFeedComment": false, "pictureViewerSign": false, "showPictureViewer": false, "rcList": [], "text": "生活中，要时刻为自己&lt;a href=\"//s.weibo.com/weibo?q=%23%E6%92%91%E4%B8%AA%E5%9C%BA%E9%9D%A2%23\" target=\"_blank\"&gt;#撑个场面#&lt;/a&gt;，肌肤亦是如此，拥有强韧底气，才能持续紧致嘭弹。这个双十一，有&lt;a href=/n/佰草集Herborist usercard=\"name=@佰草集Herborist\"&gt;@佰草集Herborist&lt;/a&gt; 为肌肤注入非凡本草能量，保持上扬好状态～&lt;br /&gt;双十一记得来天猫佰草集官方旗舰店&lt;a target=\"_blank\" href=\"//weibo.cn/sinaurl?u=https%3A%2F%2Fm.tb.cn%2Fh.56357EW%3Fmark_id%3D999_reallog_mark_ad%253A999%257CWeiboADNatural\"&gt;&lt;img class=\"icon-link\" src=\"https://h5.sinaimg.cn/upload/2015/09/25/3/timeline_card_small_web_default.png\"/&gt;网页链接&lt;/a&gt; ，GET我为你挑选的护肤好礼吧！&lt;a href=\"//s.weibo.com/weibo?q=%23%E4%BD%B0%E8%8D%89%E9%9B%86%20%E9%9D%9E%E5%87%A1%E4%BF%AE%E6%8A%A4%20%E7%84%95%E7%84%B6%E6%96%B0%E7%94%9F%23\" target=\"_blank\"&gt;#佰草集 非凡修护 焕然新生#&lt;/a&gt;&nbsp;&lt;a target=\"_blank\" href=\"https://video.weibo.com/show?fid=1034:4960049735335992\"&gt;&lt;img class=\"icon-link\" src=\"https://h5.sinaimg.cn/upload/2015/09/25/3/timeline_card_small_video_default.png\"/&gt;佰草集Herborist的微博视频&lt;/a&gt; ​​​", "region_name": "发布于 湖南", "customIcons": []}, "page_info": {"type": "11", "page_id": "2304444960049735335992", "object_type": "video", "object_id": "1034:4960049735335992", "content1": "佰草集Herborist的微博视频", "content2": "分享视频", "act_status": 1, "media_info": {"name": "佰草集Herborist的微博视频", "stream_url": "http://f.video.weibocdn.com/o0/Bjetu9K0lx089BkYLsc801041200an0Z0E010.mp4?label=mp4_720p&amp;template=720x1280.24.0&amp;ori=0&amp;ps=1CwnkDw1GXwCQx&amp;Expires=1704741000&amp;ssig=ndByMKFwpo&amp;KID=unistore,video", "stream_url_hd": "http://f.video.weibocdn.com/o0/Bjetu9K0lx089BkYLsc801041200an0Z0E010.mp4?label=mp4_720p&amp;template=720x1280.24.0&amp;ori=0&amp;ps=1CwnkDw1GXwCQx&amp;Expires=1704741000&amp;ssig=ndByMKFwpo&amp;KID=unistore,video", "format": "mp4", "h5_url": "https://video.weibo.com/show?fid=1034:4960049735335992&amp;mark_id=999_reallog_mark_ad%253A999%257CWeiboADNatural", "mp4_sd_url": "http://f.video.weibocdn.com/o0/Bjetu9K0lx089BkYLsc801041200an0Z0E010.mp4?label=mp4_720p&amp;template=720x1280.24.0&amp;ori=0&amp;ps=1CwnkDw1GXwCQx&amp;Expires=1704741000&amp;ssig=ndByMKFwpo&amp;KID=unistore,video", "mp4_hd_url": "http://f.video.weibocdn.com/o0/Bjetu9K0lx089BkYLsc801041200an0Z0E010.mp4?label=mp4_720p&amp;template=720x1280.24.0&amp;ori=0&amp;ps=1CwnkDw1GXwCQx&amp;Expires=1704741000&amp;ssig=ndByMKFwpo&amp;KID=unistore,video", "h265_mp4_hd": "http://f.video.weibocdn.com/o0/Bjetu9K0lx089BkYLsc801041200an0Z0E010.mp4?label=mp4_720p&amp;template=720x1280.24.0&amp;ori=0&amp;ps=1CwnkDw1GXwCQx&amp;Expires=1704741000&amp;ssig=ndByMKFwpo&amp;KID=unistore,video", "h265_mp4_ld": "http://f.video.weibocdn.com/o0/Bjetu9K0lx089BkYLsc801041200an0Z0E010.mp4?label=mp4_720p&amp;template=720x1280.24.0&amp;ori=0&amp;ps=1CwnkDw1GXwCQx&amp;Expires=1704741000&amp;ssig=ndByMKFwpo&amp;KID=unistore,video", "inch_4_mp4_hd": "http://f.video.weibocdn.com/o0/Bjetu9K0lx089BkYLsc801041200an0Z0E010.mp4?label=mp4_720p&amp;template=720x1280.24.0&amp;ori=0&amp;ps=1CwnkDw1GXwCQx&amp;Expires=1704741000&amp;ssig=ndByMKFwpo&amp;KID=unistore,video", "inch_5_mp4_hd": "http://f.video.weibocdn.com/o0/Bjetu9K0lx089BkYLsc801041200an0Z0E010.mp4?label=mp4_720p&amp;template=720x1280.24.0&amp;ori=0&amp;ps=1CwnkDw1GXwCQx&amp;Expires=1704741000&amp;ssig=ndByMKFwpo&amp;KID=unistore,video", "inch_5_5_mp4_hd": "http://f.video.weibocdn.com/o0/Bjetu9K0lx089BkYLsc801041200an0Z0E010.mp4?label=mp4_720p&amp;template=720x1280.24.0&amp;ori=0&amp;ps=1CwnkDw1GXwCQx&amp;Expires=1704741000&amp;ssig=ndByMKFwpo&amp;KID=unistore,video", "mp4_720p_mp4": "http://f.video.weibocdn.com/o0/Bjetu9K0lx089BkYLsc801041200an0Z0E010.mp4?label=mp4_720p&amp;template=720x1280.24.0&amp;ori=0&amp;ps=1CwnkDw1GXwCQx&amp;Expires=1704741000&amp;ssig=ndByMKFwpo&amp;KID=unistore,video", "hevc_mp4_720p": "", "prefetch_type": 1, "prefetch_size": 262144, "act_status": 1, "protocol": "general,dash", "media_id": "4960049735335992", "origin_total_bitrate": 0, "video_orientation": "vertical", "duration": 44, "forward_strategy": -1, "search_scheme": "sinaweibo://svssearch?containerid=232080", "is_short_video": 0, "vote_is_show": 0, "belong_collection": 0, "titles_display_time": "3", "show_progress_bar": 1, "show_mute_button": true, "ext_info": {"video_orientation": "vertical"}, "next_title": "生活中，要时刻为自己#撑个场面#，肌肤亦是如此，拥有强韧底气，才能持续紧致嘭弹。这个双十一，有@佰草集Herborist 为肌肤注入非凡本草能量，保持上扬好状态～\n双十一记得来天猫佰草集官方旗舰店http://t.cn/A6Wyjiut ，GET我为你挑选的护肤好礼吧！#佰草集 非凡修护 焕然新生#&nbsp;", "kol_title": "", "play_completion_actions": [{"type": "1", "icon": "https://h5.sinaimg.cn/upload/100/1413/2021/12/22/feed_video_icon_replay.png", "text": "重播", "link": "", "btn_code": 1000, "show_position": 1, "actionlog": {"oid": "2304444960049735335992", "act_code": 1221, "act_type": 1, "source": "ad", "mid": "4960324782654003", "code": "80000002", "mark": "999_reallog_mark_ad:999|WeiboADNatural", "ext": ""}}, {"type": 6, "icon": "https://tvax2.sinaimg.cn/crop.34.34.413.413.180/634df285ly8gyardjkwv9j20dw0dw74h.jpg?KID=imgbed,tva&amp;Expires=1704748200&amp;ssig=3Gy39Sgk4Z", "text": "", "display_mode": 2, "display_starttime": 5, "display_endtime": 99999, "countdown_time": 5, "show_position": 48, "scheme": "", "link": "", "btn_code": 1009, "actionlog": {"oid": "2304444960049735335992", "act_code": 91, "act_type": 1, "source": "ad", "ext": "uid:1666052741|user_name:佰草集Herborist|followers_count:2529246|verified:1|verified_type:2|verified_type_ext:50|verified_reason:上海佰草集化妆品有限公司|level:3", "mid": "4960324782654003", "mark": "999_reallog_mark_ad:999|WeiboADNatural"}, "ext": {"uid": "1666052741", "user_name": "佰草集Herborist", "followers_count": 2529246, "verified": true, "verified_type": 2, "verified_type_ext": 50, "verified_reason": "上海佰草集化妆品有限公司", "level": 3}, "display_type": 0}], "video_publish_time": 1698051531, "play_loop_type": 0, "author_mid": "4960050477270491", "author_name": "佰草集Herborist", "extra_info": {"sceneid": "profile_mb"}, "video_download_strategy": {"abandon_download": 0}, "jump_to": 6, "big_pic_info": {"pic_big": {"height": 1920, "url": "https://wx3.sinaimg.cn/orj1080/634df285ly1hj5azrjobpj20u01hcju8.jpg", "width": 1080}, "pic_small": {"height": 320, "url": "https://wx3.sinaimg.cn/or180/634df285ly1hj5azrjobpj20u01hcju8.jpg", "width": 180}, "pic_middle": {"height": 640, "url": "https://wx3.sinaimg.cn/or360/634df285ly1hj5azrjobpj20u01hcju8.jpg", "width": 360}}, "online_users": "2763万次观看", "online_users_number": 27637661, "ttl": 3600, "storage_type": "oss", "is_keep_current_mblog": 1, "author_info": {"id": 1666052741, "idstr": "1666052741", "pc_new": 7, "screen_name": "佰草集Herborist", "profile_image_url": "https://tvax2.sinaimg.cn/crop.34.34.413.413.50/634df285ly8gyardjkwv9j20dw0dw74h.jpg?KID=imgbed,tva&amp;Expires=1704748200&amp;ssig=D3UK2ZajgG", "profile_url": "/u/1666052741", "verified": true, "verified_type": 2, "domain": "jahwaherborist", "weihao": "", "verified_type_ext": 50, "avatar_large": "https://tvax2.sinaimg.cn/crop.34.34.413.413.180/634df285ly8gyardjkwv9j20dw0dw74h.jpg?KID=imgbed,tva&amp;Expires=1704748200&amp;ssig=3Gy39Sgk4Z", "avatar_hd": "https://tvax2.sinaimg.cn/crop.34.34.413.413.1024/634df285ly8gyardjkwv9j20dw0dw74h.jpg?KID=imgbed,tva&amp;Expires=1704748200&amp;ssig=DvZv%2FmbUMW", "follow_me": false, "following": false, "mbrank": 7, "mbtype": 12, "v_plus": 0, "planet_video": false, "verified_reason": "上海佰草集化妆品有限公司", "description": "佰草集，25年来传承并革新中国特色本草护肤理念，专研中国女性肤质，探索更安心更卓效的本草活性成分，树立高功效中国特色本草品牌。", "location": "上海", "gender": "f", "followers_count": 2529246, "followers_count_str": "252.9万", "friends_count": 102, "statuses_count": 3175, "url": "http://www.herborist.com.cn", "svip": 0, "vvip": 0, "cover_image_phone": "https://wx1.sinaimg.cn/crop.0.0.640.640.640/634df285gy1hks18fy54pj20u00u0wg5.jpg"}, "playback_list": [{"meta": {"label": "mp4_1080p", "quality_index": 1080, "quality_desc": "高清", "quality_label": "1080p", "quality_class": "HD", "type": 1, "quality_group": 1080, "is_hidden": false}, "play_info": {"type": 1, "mime": "video/mp4", "protocol": "general", "label": "mp4_1080p", "url": "https://f.video.weibocdn.com/o0/xs1SgFKPlx089BkY2laE01041200gLHH0E010.mp4?label=mp4_1080p&amp;template=1080x1920.24.0&amp;media_id=4960049735335992&amp;tp=8x8A3El:YTkl0eM8&amp;us=0&amp;ori=1&amp;bf=4&amp;ot=v&amp;lp=00003MndIw&amp;ps=mZ6WB&amp;uid=7sSuzF&amp;ab=,3601-g32,8143-g0,8013-g0,12192-g2,3601-g32,3601-g31,3601-g39,3601-g19,3601-g36,7598-g0,3601-g27&amp;Expires=1704741000&amp;ssig=%2B3W%2BjjIiI%2B&amp;KID=unistore,video", "bitrate": 720567, "prefetch_range": "0-314726", "video_codecs": "avc1.640032", "fps": 25, "width": 1080, "height": 1920, "size": 3996625, "duration": 44.372, "sar": "1.0", "audio_codecs": "mp4a.40.5", "audio_sample_rate": 44100, "quality_label": "1080p", "quality_class": "HD", "quality_desc": "高清", "audio_channels": 2, "audio_sample_fmt": "fltp", "audio_bits_per_sample": 0, "watermark": "original", "extension": {"transcode_info": {"pcdn_rule_id": 0, "pcdn_jank": 0, "origin_video_dr": "SDR", "ab_strategies": ",3601-g32,8143-g0,8013-g0,12192-g2,3601-g32,3601-g31,3601-g39,3601-g19,3601-g36,7598-g0,3601-g27"}}, "video_decoder": "hard", "prefetch_enabled": true, "tcp_receive_buffer": 262144, "dolby_atmos": false, "color_transfer": "bt709", "first_pkt_end_pos": 65109}}, {"meta": {"label": "mp4_720p", "quality_index": 720, "quality_desc": "高清", "quality_label": "720p", "quality_class": "HD", "type": 1, "quality_group": 720, "is_hidden": false}, "play_info": {"type": 1, "mime": "video/mp4", "protocol": "general", "label": "mp4_720p", "url": "https://f.video.weibocdn.com/o0/Bjetu9K0lx089BkYLsc801041200an0Z0E010.mp4?label=mp4_720p&amp;template=720x1280.24.0&amp;media_id=4960049735335992&amp;tp=8x8A3El:YTkl0eM8&amp;us=0&amp;ori=1&amp;bf=4&amp;ot=v&amp;lp=00003MndIw&amp;ps=mZ6WB&amp;uid=7sSuzF&amp;ab=,3601-g32,8143-g0,8013-g0,12192-g2,3601-g32,3601-g31,3601-g39,3601-g19,3601-g36,7598-g0,3601-g27&amp;Expires=1704741000&amp;ssig=ndByMKFwpo&amp;KID=unistore,video", "bitrate": 445641, "prefetch_range": "0-207280", "video_codecs": "avc1.64001f", "fps": 25, "width": 720, "height": 1280, "size": 2471753, "duration": 44.372, "sar": "1.0", "audio_codecs": "mp4a.40.5", "audio_sample_rate": 44100, "quality_label": "720p", "quality_class": "HD", "quality_desc": "高清", "audio_channels": 2, "audio_sample_fmt": "fltp", "audio_bits_per_sample": 0, "watermark": "original", "extension": {"transcode_info": {"pcdn_rule_id": 0, "pcdn_jank": 0, "origin_video_dr": "SDR", "ab_strategies": ",3601-g32,8143-g0,8013-g0,12192-g2,3601-g32,3601-g31,3601-g39,3601-g19,3601-g36,7598-g0,3601-g27"}}, "video_decoder": "hard", "prefetch_enabled": true, "tcp_receive_buffer": 262144, "dolby_atmos": false, "color_transfer": "bt709", "first_pkt_end_pos": 51778}}, {"meta": {"label": "mp4_hd", "quality_index": 480, "quality_desc": "标清", "quality_label": "480p", "quality_class": "SD", "type": 1, "quality_group": 480, "is_hidden": false}, "play_info": {"type": 1, "mime": "video/mp4", "protocol": "general", "label": "mp4_hd", "url": "https://f.video.weibocdn.com/o0/kVMXF3z3lx089BkZa4QE0104120067eE0E010.mp4?label=mp4_hd&amp;template=540x960.24.0&amp;media_id=4960049735335992&amp;tp=8x8A3El:YTkl0eM8&amp;us=0&amp;ori=1&amp;bf=4&amp;ot=v&amp;lp=00003MndIw&amp;ps=mZ6WB&amp;uid=7sSuzF&amp;ab=,3601-g32,8143-g0,8013-g0,12192-g2,3601-g32,3601-g31,3601-g39,3601-g19,3601-g36,7598-g0,3601-g27&amp;Expires=1704741000&amp;ssig=R1R%2FjszclZ&amp;KID=unistore,video", "bitrate": 262829, "prefetch_range": "0-130107", "video_codecs": "avc1.64001f", "fps": 25, "width": 540, "height": 960, "size": 1457784, "duration": 44.372, "sar": "1.0", "audio_codecs": "mp4a.40.5", "audio_sample_rate": 44100, "quality_label": "480p", "quality_class": "SD", "quality_desc": "标清", "audio_channels": 2, "audio_sample_fmt": "fltp", "audio_bits_per_sample": 0, "watermark": "original", "extension": {"transcode_info": {"pcdn_rule_id": 0, "pcdn_jank": 0, "origin_video_dr": "SDR", "ab_strategies": ",3601-g32,8143-g0,8013-g0,12192-g2,3601-g32,3601-g31,3601-g39,3601-g19,3601-g36,7598-g0,3601-g27"}}, "video_decoder": "hard", "prefetch_enabled": true, "tcp_receive_buffer": 262144, "dolby_atmos": false, "color_transfer": "bt709", "first_pkt_end_pos": 45568}}, {"meta": {"label": "scrubber_hd", "quality_index": 480, "quality_desc": "标清", "quality_label": "480p", "quality_class": "SD", "type": 3, "quality_group": 480, "is_hidden": false}, "play_info": {"type": 3, "mime": "image/jpeg", "protocol": "general", "label": "scrubber_hd", "url": "https://wx1.sinaimg.cn/large/634df285ly1hj5b0av0i0j20f07eoag8.jpg?media_id=4960049735335992&amp;tp=8x8A3El:YTkl0eM8&amp;us=0&amp;ori=1&amp;bf=4&amp;ot=v&amp;lp=00003MndIw&amp;ps=mZ6WB&amp;uid=7sSuzF&amp;ab=,3601-g32,8143-g0,8013-g0,12192-g2,3601-g32,3601-g31,3601-g39,3601-g19,3601-g36,7598-g0,3601-g27&amp;Expires=1704741000&amp;ssig=xpg9JGISXd&amp;KID=unistore,video", "prefetch_range": "0-512000", "width": 180, "height": 320, "quality_label": "480p", "quality_class": "SD", "quality_desc": "标清", "extension": {"transcode_info": {"pcdn_rule_id": 0, "pcdn_jank": 0, "origin_video_dr": "SDR", "ab_strategies": ",3601-g32,8143-g0,8013-g0,12192-g2,3601-g32,3601-g31,3601-g39,3601-g19,3601-g36,7598-g0,3601-g27"}}, "video_decoder": "hard", "prefetch_enabled": true, "tcp_receive_buffer": 262144, "col": 3, "row": 30, "interval": 1, "offset": 0.5, "urls": ["http://wx4.sinaimg.cn/large/634df285ly1hj5b0av0i0j20f07eoag8.jpg"]}}, {"meta": {"label": "mp4_ld", "quality_index": 360, "quality_desc": "流畅", "quality_label": "360p", "quality_class": "SD", "type": 1, "quality_group": 360, "is_hidden": false}, "play_info": {"type": 1, "mime": "video/mp4", "protocol": "general", "label": "mp4_ld", "url": "https://f.video.weibocdn.com/o0/U5eVaeSelx089BkYhac8010412003nxT0E010.mp4?label=mp4_ld&amp;template=360x640.24.0&amp;media_id=4960049735335992&amp;tp=8x8A3El:YTkl0eM8&amp;us=0&amp;ori=1&amp;bf=4&amp;ot=v&amp;lp=00003MndIw&amp;ps=mZ6WB&amp;uid=7sSuzF&amp;ab=,3601-g32,8143-g0,8013-g0,12192-g2,3601-g32,3601-g31,3601-g39,3601-g19,3601-g36,7598-g0,3601-g27&amp;Expires=1704741000&amp;ssig=jm8tZxtYNl&amp;KID=unistore,video", "bitrate": 145226, "prefetch_range": "0-84376", "video_codecs": "avc1.64001e", "fps": 25, "width": 360, "height": 640, "size": 805497, "duration": 44.372, "sar": "1.0", "audio_codecs": "mp4a.40.5", "audio_sample_rate": 44100, "quality_label": "360p", "quality_class": "SD", "quality_desc": "流畅", "audio_channels": 2, "audio_sample_fmt": "fltp", "audio_bits_per_sample": 0, "watermark": "original", "extension": {"transcode_info": {"pcdn_rule_id": 0, "pcdn_jank": 0, "origin_video_dr": "SDR", "ab_strategies": ",3601-g32,8143-g0,8013-g0,12192-g2,3601-g32,3601-g31,3601-g39,3601-g19,3601-g36,7598-g0,3601-g27"}}, "video_decoder": "hard", "prefetch_enabled": true, "tcp_receive_buffer": 262144, "dolby_atmos": false, "color_transfer": "bt709", "first_pkt_end_pos": 38836}}]}, "page_pic": "https://wx3.sinaimg.cn/orj480/634df285ly1hj5azrjobpj20u01hcju8.jpg", "page_title": "佰草集Herborist的微博视频", "page_url": "sinaweibo://infopage?containerid=2304444960049735335992&amp;containerid=2304444960049735335992&amp;url_type=39&amp;object_type=video&amp;pos=2&amp;allowRedirect=1&amp;disable_interception=1&amp;disable_sinaurl=1&amp;schemewhitelist=%7B%22scheme%22%3A%5B%22.%2A%22%5D%2C%22itunes%22%3A%5B%22.%2A%22%5D%7D&amp;mark_id=999_reallog_mark_ad%253A999%257CWeiboADNatural", "pic_info": {"pic_big": {"height": "960", "url": "https://wx3.sinaimg.cn/orj480/634df285ly1hj5azrjobpj20u01hcju8.jpg", "width": "540"}, "pic_small": {"height": "960", "url": "https://wx3.sinaimg.cn/orj480/634df285ly1hj5azrjobpj20u01hcju8.jpg", "width": "540"}, "pic_middle": {"url": "https://wx3.sinaimg.cn/orj480/634df285ly1hj5azrjobpj20u01hcju8.jpg", "height": "960", "width": "540"}}, "oid": "1666052741", "type_icon": "", "author_id": "1666052741", "authorid": "1666052741", "warn": "", "actionlog": {"act_type": 1, "act_code": 799, "lcardid": "", "fid": "1076033073217815_-_WEIBO_SECOND_PROFILE_WEIBO", "mid": "4960324782654003", "oid": "2304444960049735335992", "uuid": 4960049981292652, "source": "ad", "ext": "uid:6839654475|mid:4960324782654003|objectid:1034%3A4960049735335992|from:1|object_duration:44.372|miduid:3073217815|rootuid:2060419113|rootmid:4960307191221671|authorid:1666052741|video_orientation:vertical|third_vid:|is_album:0|is_contribution:0|video_tags:|isfan:0|ua:Mozilla/5.0 (Windows NT 10.0; Win64; x64) AppleWebKit/537.36 (KHTML, like Gecko) Chrome/120.0.0.0 Safari/537.36 WeiboPro/1.0.0|sceneid:profile_mb|uuid:4960049981292652|detail:native|contribution:0|short_video:0|st_video:1|author_mid:4960050477270491|cluster_type_status:|is_ad_weibo:999_reallog_mark_ad:999|WeiboADNatural|source:ad|ad_log_ext_source:ad|container_mid:4960324782654003|analysis_card:page_info", "code": "80000001", "mark": "999_reallog_mark_ad:999|WeiboADNatural"}, "short_url": "http://t.cn/A6Wc7pvb"}}