{"visible": {"type": 0, "list_id": 0}, "created_at": "Wed Oct 25 20:57:03 +0800 2023", "id": 4960834699921209, "idstr": "4960834699921209", "mid": "4960834699921209", "mblogid": "NpwAtFCXv", "user": {"id": 3073217815, "idstr": "3073217815", "pc_new": 0, "screen_name": "七十七只绵羊", "profile_image_url": "https://tvax3.sinaimg.cn/crop.0.0.512.512.50/b72d9517ly8hf8e0vpc8ej20e80e8myg.jpg?KID=imgbed,tva&amp;Expires=1704748200&amp;ssig=z9GdMWWTxa", "profile_url": "/u/3073217815", "verified": true, "verified_type": 0, "domain": "", "weihao": "", "verified_type_ext": 0, "avatar_large": "https://tvax3.sinaimg.cn/crop.0.0.512.512.180/b72d9517ly8hf8e0vpc8ej20e80e8myg.jpg?KID=imgbed,tva&amp;Expires=1704748200&amp;ssig=E2D7ubxVlR", "avatar_hd": "https://tvax3.sinaimg.cn/crop.0.0.512.512.1024/b72d9517ly8hf8e0vpc8ej20e80e8myg.jpg?KID=imgbed,tva&amp;Expires=1704748200&amp;ssig=iyVm7ZCvga", "follow_me": false, "following": false, "mbrank": 5, "mbtype": 11, "v_plus": 0, "planet_video": false, "icon_list": [{"type": "vip", "data": {"mbrank": 5, "mbtype": 11, "svip": 1, "vvip": 0}}]}, "can_edit": false, "text_raw": "#权志龙涉嫌吸毒被立案# 其实我一直不懂大家喜欢他啥 面相就让人看起来很不舒服 果然相由心生[二哈] ​​​", "textLength": 93, "annotations": [{"ann_ext": "ann_ext:search|t:30|q:#权志龙涉嫌吸毒被立案#|creator_source:bottomsendweibo"}, {"shooting": 1, "client_mblogid": "iPhone-58795C40-328A-4F5C-BBE5-D02C4F870E7A"}, {"source_text": "", "phone_id": "1399"}, {"mapi_request": true}], "source": "iPhone客户端", "favorited": false, "rid": "5_0_50_5135069616428170695_0_0_0", "cardid": "raresvip_0052001143", "pic_ids": [], "pic_num": 0, "is_paid": false, "pic_bg_new": "http://vip.storage.weibo.com/feed_cover/raresvip_0052001143_mobile_new.png?version=2021091501", "mblog_vip_type": 0, "number_display_strategy": {"apply_scenario_flag": 3, "display_text_min_number": 1000000, "display_text": "100万+"}, "reposts_count": 0, "comments_count": 1, "attitudes_count": 4, "attitudes_status": 0, "isLongText": false, "mlevel": 0, "content_auth": 0, "is_show_bulletin": 2, "comment_manage_info": {"comment_permission_type": -1, "approval_comment_type": 0, "comment_sort_type": 0}, "share_repost_type": 0, "topic_struct": [{"title": "", "topic_url": "sinaweibo://searchall?containerid=231522&amp;q=%23%E6%9D%83%E5%BF%97%E9%BE%99%E6%B6%89%E5%AB%8C%E5%90%B8%E6%AF%92%E8%A2%AB%E7%AB%8B%E6%A1%88%23&amp;extparam=%23%E6%9D%83%E5%BF%97%E9%BE%99%E6%B6%89%E5%AB%8C%E5%90%B8%E6%AF%92%E8%A2%AB%E7%AB%8B%E6%A1%88%23", "topic_title": "权志龙涉嫌吸毒被立案", "actionlog": {"act_type": 1, "act_code": 300, "oid": "1022:23152208360f1767eb47091fec183c7b025639", "uuid": 4960793467813930, "cardid": "", "lcardid": "", "uicode": "", "luicode": "", "fid": "1076033073217815_-_WEIBO_SECOND_PROFILE_WEIBO", "lfid": "", "ext": "mid:4960834699921209|rid:5_0_50_5135069616428170695_0_0_0|short_url:|long_url:|comment_id:|miduid:3073217815|rootmid:4960834699921209|rootuid:3073217815|authorid:|uuid:4960793467813930|is_ad_weibo:0"}}], "mblogtype": 0, "showFeedRepost": false, "showFeedComment": false, "pictureViewerSign": false, "showPictureViewer": false, "rcList": [], "text": "&lt;a href=\"//s.weibo.com/weibo?q=%23%E6%9D%83%E5%BF%97%E9%BE%99%E6%B6%89%E5%AB%8C%E5%90%B8%E6%AF%92%E8%A2%AB%E7%AB%8B%E6%A1%88%23\" target=\"_blank\"&gt;#权志龙涉嫌吸毒被立案#&lt;/a&gt; 其实我一直不懂大家喜欢他啥 面相就让人看起来很不舒服 果然相由心生&lt;img alt=\"[二哈]\" title=\"[二哈]\" src=\"https://face.t.sinajs.cn/t4/appstyle/expression/ext/normal/22/2018new_erha_org.png\" /&gt; ​​​", "region_name": "发布于 浙江", "customIcons": []}