{"visible": {"type": 0, "list_id": 0}, "created_at": "Sun Nov 05 14:10:04 +0800 2023", "id": 4964718546785970, "idstr": "4964718546785970", "mid": "4964718546785970", "mblogid": "Nr9CKstl8", "user": {"id": 3073217815, "idstr": "3073217815", "pc_new": 0, "screen_name": "七十七只绵羊", "profile_image_url": "https://tvax3.sinaimg.cn/crop.0.0.512.512.50/b72d9517ly8hf8e0vpc8ej20e80e8myg.jpg?KID=imgbed,tva&amp;Expires=1704748200&amp;ssig=z9GdMWWTxa", "profile_url": "/u/3073217815", "verified": true, "verified_type": 0, "domain": "", "weihao": "", "verified_type_ext": 0, "avatar_large": "https://tvax3.sinaimg.cn/crop.0.0.512.512.180/b72d9517ly8hf8e0vpc8ej20e80e8myg.jpg?KID=imgbed,tva&amp;Expires=1704748200&amp;ssig=E2D7ubxVlR", "avatar_hd": "https://tvax3.sinaimg.cn/crop.0.0.512.512.1024/b72d9517ly8hf8e0vpc8ej20e80e8myg.jpg?KID=imgbed,tva&amp;Expires=1704748200&amp;ssig=iyVm7ZCvga", "follow_me": false, "following": false, "mbrank": 5, "mbtype": 11, "v_plus": 0, "planet_video": false, "icon_list": [{"type": "vip", "data": {"mbrank": 5, "mbtype": 11, "svip": 1, "vvip": 0}}]}, "can_edit": false, "text_raw": "等你哥哥[心]", "annotations": [{"mapi_request": true}], "source": "iPhone客户端", "favorited": false, "mark": "999_reallog_mark_ad:999|WeiboADNatural", "rid": "0_0_50_5135069616428170695_0_0_0", "cardid": "raresvip_0052001143", "pic_ids": [], "pic_num": 0, "is_paid": false, "pic_bg_new": "http://vip.storage.weibo.com/feed_cover/raresvip_0052001143_mobile_new.png?version=2021091501", "mblog_vip_type": 0, "number_display_strategy": {"apply_scenario_flag": 3, "display_text_min_number": 1000000, "display_text": "100万+"}, "reposts_count": 0, "comments_count": 2, "attitudes_count": 1, "attitudes_status": 0, "isLongText": false, "mlevel": 0, "content_auth": 0, "is_show_bulletin": 2, "comment_manage_info": {"comment_permission_type": -1, "approval_comment_type": 0, "comment_sort_type": 0}, "repost_type": 1, "share_repost_type": 0, "topic_struct": [{"title": "", "topic_url": "sinaweibo://searchall?containerid=231522&amp;q=%23%E5%8F%8C11%E6%83%8A%E5%96%9C%E5%A4%9C%E5%98%89%E5%AE%BE%E5%85%A8%E9%98%B5%E5%AE%B9%23&amp;extparam=%23%E5%8F%8C11%E6%83%8A%E5%96%9C%E5%A4%9C%E5%98%89%E5%AE%BE%E5%85%A8%E9%98%B5%E5%AE%B9%23", "topic_title": "双11惊喜夜嘉宾全阵容", "actionlog": {"act_type": 1, "act_code": 300, "oid": "1022:231522bf80ab300dadb23ae3f7cf7a8a0a42f1", "uuid": 4964044862914594, "cardid": "", "lcardid": "", "uicode": "", "luicode": "", "fid": "1076033073217815_-_WEIBO_SECOND_PROFILE_WEIBO", "lfid": "", "ext": "mid:4964698871039235|rid:0_0_50_5135069616428170695_0_0_0|miduid:3073217815|rootmid:4964698871039235|rootuid:2060419113|authorid:|uuid:4964044862914594|is_ad_weibo:1"}}, {"title": "", "topic_url": "sinaweibo://searchall?containerid=231522&amp;q=%23%E5%8F%8C11%E6%83%8A%E5%96%9C%E5%A4%9C%23&amp;extparam=%23%E5%8F%8C11%E6%83%8A%E5%96%9C%E5%A4%9C%23", "topic_title": "双11惊喜夜", "actionlog": {"act_type": 1, "act_code": 300, "oid": "1022:231522b187f0876fe405d29e9b85512b9c944d", "uuid": 4952855810408725, "cardid": "", "lcardid": "", "uicode": "", "luicode": "", "fid": "1076033073217815_-_WEIBO_SECOND_PROFILE_WEIBO", "lfid": "", "ext": "mid:4964698871039235|rid:0_0_50_5135069616428170695_0_0_0|miduid:3073217815|rootmid:4964698871039235|rootuid:2060419113|authorid:|uuid:4952855810408725|is_ad_weibo:1"}}], "mblogtype": 0, "showFeedRepost": false, "showFeedComment": false, "pictureViewerSign": false, "showPictureViewer": false, "rcList": [], "text": "等你哥哥&lt;img alt=\"[心]\" title=\"[心]\" src=\"https://face.t.sinajs.cn/t4/appstyle/expression/ext/normal/8a/2018new_xin_org.png\" /&gt;", "region_name": "发布于 浙江", "customIcons": [], "retweeted_status": {"visible": {"type": 0, "list_id": 0}, "created_at": "Sun Nov 05 12:51:53 +0800 2023", "id": 4964698871039235, "idstr": "4964698871039235", "mid": "4964698871039235", "mblogid": "Nr9714mlR", "user": {"id": 2060419113, "idstr": "2060419113", "pc_new": 0, "screen_name": "成毅", "profile_image_url": "https://tvax1.sinaimg.cn/crop.0.0.1080.1080.50/002frj8lly8hj4a1cc148j60u00u0gon02.jpg?KID=imgbed,tva&amp;Expires=1704748200&amp;ssig=hBGTKydSbA", "profile_url": "/u/2060419113", "verified": true, "verified_type": 0, "domain": "", "weihao": "", "verified_type_ext": 1, "avatar_large": "https://tvax1.sinaimg.cn/crop.0.0.1080.1080.180/002frj8lly8hj4a1cc148j60u00u0gon02.jpg?KID=imgbed,tva&amp;Expires=1704748200&amp;ssig=2KvYohBZxa", "avatar_hd": "https://tvax1.sinaimg.cn/crop.0.0.1080.1080.1024/002frj8lly8hj4a1cc148j60u00u0gon02.jpg?KID=imgbed,tva&amp;Expires=1704748200&amp;ssig=49cf7NPpNn", "follow_me": false, "following": false, "mbrank": 8, "mbtype": 12, "v_plus": 0, "planet_video": false, "icon_list": [{"type": "vip", "data": {"mbrank": 8, "mbtype": 12, "svip": 1, "vvip": 0}}]}, "can_edit": false, "text_raw": "#双11惊喜夜嘉宾全阵容#&nbsp;惊喜准备就绪，11月10日19:30 来@湖南卫视 @芒果TV 、淘宝@天猫&nbsp;#双11惊喜夜#&nbsp;，我们不见不散！ ​​​", "textLength": 112, "annotations": [{"photo_sub_type": "0"}, [], {"client_mblogid": "iPhone-EB0E2269-9CF8-4750-8088-3B6DE6A6196D"}, {"source_text": "🐳", "phone_id": "1399"}, {"mapi_request": true}], "source": "🐳iPhone客户端", "favorited": false, "buttons": [{"type": "follow", "name": "加关注", "params": {"uid": 2060419113, "disable_group": 1, "extparams": {"followcardid": "1008080010_"}}, "actionlog": {"act_code": "92", "oid": "4964698871039235"}}], "mark": "999_reallog_mark_ad:999|WeiboADNatural", "rid": "0_0_50_5135069616428170695_0_0_0", "cardid": "star_318", "pic_ids": ["002frj8lgy1hjk4u8bew0j60zk1z4ak702"], "pic_focus_point": [{"focus_point": {"left": 0.3289855, "top": 0.2152174, "width": 0.25942028, "height": 0.17463768}, "pic_id": "002frj8lgy1hjk4u8bew0j60zk1z4ak702"}], "geo": "", "pic_num": 1, "pic_infos": {"002frj8lgy1hjk4u8bew0j60zk1z4ak702": {"thumbnail": {"url": "https://wx4.sinaimg.cn/wap180/002frj8lgy1hjk4u8bew0j60zk1z4ak702.jpg", "width": 90, "height": 180, "cut_type": 1, "type": ""}, "bmiddle": {"url": "https://wx4.sinaimg.cn/wap360/002frj8lgy1hjk4u8bew0j60zk1z4ak702.jpg", "width": 180, "height": 360, "cut_type": 1, "type": ""}, "large": {"url": "https://wx4.sinaimg.cn/orj960/002frj8lgy1hjk4u8bew0j60zk1z4ak702.jpg", "width": 960, "height": 1920, "cut_type": 1, "type": ""}, "original": {"url": "https://wx4.sinaimg.cn/orj1080/002frj8lgy1hjk4u8bew0j60zk1z4ak702.jpg", "width": 1080, "height": 2160, "cut_type": 1, "type": ""}, "largest": {"url": "https://wx4.sinaimg.cn/large/002frj8lgy1hjk4u8bew0j60zk1z4ak702.jpg", "width": 1280, "height": 2560, "cut_type": 1, "type": ""}, "mw2000": {"url": "https://wx4.sinaimg.cn/mw2000/002frj8lgy1hjk4u8bew0j60zk1z4ak702.jpg", "width": 1280, "height": 2560, "cut_type": 1, "type": ""}, "focus_point": {"left": 0.3289855, "top": 0.2152174, "width": 0.25942028, "height": 0.17463768}, "object_id": "1042018:3a268a26aa6616e16f466db871152529", "pic_id": "002frj8lgy1hjk4u8bew0j60zk1z4ak702", "photo_tag": 0, "type": "pic", "pic_status": 1, "actionlog": [{"mid": "4964698871039235", "oid": "002frj8lgy1hjk4u8bew0j60zk1z4ak702", "act_type": 1, "source": "ad", "code": "50000004", "mark": "999_reallog_mark_ad:999|WeiboADNatural", "atype": "1", "ext": ""}, {"mid": "4964698871039235", "oid": "002frj8lgy1hjk4u8bew0j60zk1z4ak702", "act_type": 1, "source": "ad", "code": "27000004", "mark": "999_reallog_mark_ad:999|WeiboADNatural", "atype": "2"}]}}, "is_paid": false, "mblog_vip_type": 0, "number_display_strategy": {"apply_scenario_flag": 3, "display_text_min_number": 1000000, "display_text": "100万+"}, "reposts_count": 1000000, "comments_count": 1000000, "attitudes_count": 3403254, "attitudes_status": 0, "isLongText": false, "mlevel": 0, "content_auth": 0, "is_show_bulletin": 2, "comment_manage_info": {"comment_permission_type": -1, "approval_comment_type": 0, "comment_sort_type": 0, "ai_play_picture_type": 0}, "mblogtype": 0, "showFeedRepost": false, "showFeedComment": false, "pictureViewerSign": false, "showPictureViewer": false, "rcList": [], "text": "&lt;a href=\"//s.weibo.com/weibo?q=%23%E5%8F%8C11%E6%83%8A%E5%96%9C%E5%A4%9C%E5%98%89%E5%AE%BE%E5%85%A8%E9%98%B5%E5%AE%B9%23\" target=\"_blank\"&gt;#双11惊喜夜嘉宾全阵容#&lt;/a&gt;&nbsp;惊喜准备就绪，11月10日19:30 来&lt;a href=/n/湖南卫视 usercard=\"name=@湖南卫视\"&gt;@湖南卫视&lt;/a&gt; &lt;a href=/n/芒果TV usercard=\"name=@芒果TV\"&gt;@芒果TV&lt;/a&gt; 、淘宝&lt;a href=/n/天猫 usercard=\"name=@天猫\"&gt;@天猫&lt;/a&gt;&nbsp;&lt;a href=\"//s.weibo.com/weibo?q=%23%E5%8F%8C11%E6%83%8A%E5%96%9C%E5%A4%9C%23\" target=\"_blank\"&gt;#双11惊喜夜#&lt;/a&gt;&nbsp;，我们不见不散！ ​​​", "region_name": "发布于 湖南", "customIcons": []}}