{"visible": {"type": 0, "list_id": 0}, "created_at": "Tue Nov 14 01:27:13 +0800 2023", "id": 4967788059821024, "idstr": "4967788059821024", "mid": "4967788059821024", "mblogid": "NsrtzFcTC", "user": {"id": 3073217815, "idstr": "3073217815", "pc_new": 0, "screen_name": "七十七只绵羊", "profile_image_url": "https://tvax3.sinaimg.cn/crop.0.0.512.512.50/b72d9517ly8hf8e0vpc8ej20e80e8myg.jpg?KID=imgbed,tva&amp;Expires=1704748183&amp;ssig=vatpMum9e%2F", "profile_url": "/u/3073217815", "verified": true, "verified_type": 0, "domain": "", "weihao": "", "verified_type_ext": 0, "avatar_large": "https://tvax3.sinaimg.cn/crop.0.0.512.512.180/b72d9517ly8hf8e0vpc8ej20e80e8myg.jpg?KID=imgbed,tva&amp;Expires=1704748183&amp;ssig=aGDrCM2wSl", "avatar_hd": "https://tvax3.sinaimg.cn/crop.0.0.512.512.1024/b72d9517ly8hf8e0vpc8ej20e80e8myg.jpg?KID=imgbed,tva&amp;Expires=1704748183&amp;ssig=dRAEnoVyNr", "follow_me": false, "following": false, "mbrank": 5, "mbtype": 11, "v_plus": 0, "planet_video": false, "icon_list": [{"type": "vip", "data": {"mbrank": 5, "mbtype": 11, "svip": 1, "vvip": 0}}]}, "can_edit": false, "text_raw": "有人在医院走廊鼾声如雷\n有人在病房被吵的无法入眠[微笑] ​​​", "textLength": 53, "annotations": [{"photo_sub_type": "0,0"}, [], {"client_mblogid": "iPhone-1492F570-E3AF-4B2E-9309-6ECF2882C1F8"}, {"source_text": "", "phone_id": "1399"}, {"mapi_request": true}], "source": "iPhone客户端", "favorited": false, "rid": "18_0_50_5135376955697938734_0_0_0", "cardid": "raresvip_0052001143", "pic_ids": ["b72d9517ly1hjtzoshoysj225i2ygnpd", "b72d9517ly1hjtzoqymyaj22c03404qq"], "pic_num": 2, "pic_infos": {"b72d9517ly1hjtzoshoysj225i2ygnpd": {"thumbnail": {"url": "https://wx3.sinaimg.cn/wap180/b72d9517ly1hjtzoshoysj225i2ygnpd.jpg", "width": 131, "height": 180, "cut_type": 1, "type": ""}, "bmiddle": {"url": "https://wx3.sinaimg.cn/wap360/b72d9517ly1hjtzoshoysj225i2ygnpd.jpg", "width": 262, "height": 360, "cut_type": 1, "type": ""}, "large": {"url": "https://wx3.sinaimg.cn/orj960/b72d9517ly1hjtzoshoysj225i2ygnpd.jpg", "width": 960, "height": 1318, "cut_type": 1, "type": ""}, "original": {"url": "https://wx3.sinaimg.cn/orj1080/b72d9517ly1hjtzoshoysj225i2ygnpd.jpg", "width": 1080, "height": 1482, "cut_type": 1, "type": ""}, "largest": {"url": "https://wx3.sinaimg.cn/large/b72d9517ly1hjtzoshoysj225i2ygnpd.jpg", "width": 2048, "height": 2812, "cut_type": 1, "type": ""}, "mw2000": {"url": "https://wx3.sinaimg.cn/mw2000/b72d9517ly1hjtzoshoysj225i2ygnpd.jpg", "width": 2000, "height": 2746, "cut_type": 1, "type": ""}, "object_id": "1042018:68213d25c53ebf83c99ab6d98f8b319a", "pic_id": "b72d9517ly1hjtzoshoysj225i2ygnpd", "photo_tag": 0, "type": "pic", "pic_status": 1}, "b72d9517ly1hjtzoqymyaj22c03404qq": {"thumbnail": {"url": "https://wx4.sinaimg.cn/wap180/b72d9517ly1hjtzoqymyaj22c03404qq.jpg", "width": 135, "height": 180, "cut_type": 1, "type": ""}, "bmiddle": {"url": "https://wx4.sinaimg.cn/wap360/b72d9517ly1hjtzoqymyaj22c03404qq.jpg", "width": 270, "height": 360, "cut_type": 1, "type": ""}, "large": {"url": "https://wx4.sinaimg.cn/orj960/b72d9517ly1hjtzoqymyaj22c03404qq.jpg", "width": 960, "height": 1279, "cut_type": 1, "type": ""}, "original": {"url": "https://wx4.sinaimg.cn/orj1080/b72d9517ly1hjtzoqymyaj22c03404qq.jpg", "width": 1080, "height": 1439, "cut_type": 1, "type": ""}, "largest": {"url": "https://wx4.sinaimg.cn/large/b72d9517ly1hjtzoqymyaj22c03404qq.jpg", "width": 2048, "height": 2730, "cut_type": 1, "type": ""}, "mw2000": {"url": "https://wx4.sinaimg.cn/mw2000/b72d9517ly1hjtzoqymyaj22c03404qq.jpg", "width": 2000, "height": 2666, "cut_type": 1, "type": ""}, "object_id": "1042018:81048fbb69157ed7b7ab91f95e650623", "pic_id": "b72d9517ly1hjtzoqymyaj22c03404qq", "photo_tag": 0, "type": "pic", "pic_status": 1}}, "is_paid": false, "pic_bg_new": "http://vip.storage.weibo.com/feed_cover/raresvip_0052001143_mobile_new.png?version=2021091501", "mblog_vip_type": 0, "number_display_strategy": {"apply_scenario_flag": 3, "display_text_min_number": 1000000, "display_text": "100万+"}, "reposts_count": 0, "comments_count": 3, "attitudes_count": 0, "attitudes_status": 0, "isLongText": false, "mlevel": 0, "content_auth": 0, "is_show_bulletin": 2, "comment_manage_info": {"comment_permission_type": -1, "approval_comment_type": 0, "comment_sort_type": 0}, "share_repost_type": 0, "mblogtype": 0, "showFeedRepost": false, "showFeedComment": false, "pictureViewerSign": false, "showPictureViewer": false, "rcList": [], "text": "有人在医院走廊鼾声如雷&lt;br /&gt;有人在病房被吵的无法入眠&lt;img alt=\"[微笑]\" title=\"[微笑]\" src=\"https://face.t.sinajs.cn/t4/appstyle/expression/ext/normal/e3/2018new_weixioa02_org.png\" /&gt; ​​​", "region_name": "发布于 安徽", "customIcons": []}