{"visible": {"type": 0, "list_id": 0}, "created_at": "Sat Nov 25 11:58:42 +0800 2023", "id": 4971933243807868, "idstr": "4971933243807868", "mid": "4971933243807868", "mblogid": "NubjmfYBe", "user": {"id": 3073217815, "idstr": "3073217815", "pc_new": 0, "screen_name": "七十七只绵羊", "profile_image_url": "https://tvax3.sinaimg.cn/crop.0.0.512.512.50/b72d9517ly8hf8e0vpc8ej20e80e8myg.jpg?KID=imgbed,tva&amp;Expires=1704748183&amp;ssig=vatpMum9e%2F", "profile_url": "/u/3073217815", "verified": true, "verified_type": 0, "domain": "", "weihao": "", "verified_type_ext": 0, "avatar_large": "https://tvax3.sinaimg.cn/crop.0.0.512.512.180/b72d9517ly8hf8e0vpc8ej20e80e8myg.jpg?KID=imgbed,tva&amp;Expires=1704748183&amp;ssig=aGDrCM2wSl", "avatar_hd": "https://tvax3.sinaimg.cn/crop.0.0.512.512.1024/b72d9517ly8hf8e0vpc8ej20e80e8myg.jpg?KID=imgbed,tva&amp;Expires=1704748183&amp;ssig=dRAEnoVyNr", "follow_me": false, "following": false, "mbrank": 5, "mbtype": 11, "v_plus": 0, "planet_video": false, "icon_list": [{"type": "vip", "data": {"mbrank": 5, "mbtype": 11, "svip": 1, "vvip": 0}}]}, "can_edit": false, "text_raw": "#成毅尖叫之夜彩排#cy#爱奇艺尖叫之夜为谁尖叫#\n\n期待新鲜的哥哥[心]\n好久不见啦@成毅 ​​​", "textLength": 80, "annotations": [{"photo_sub_type": "0"}, [], {"super_tag_id": "4881155643278199"}, {"client_mblogid": "iPhone-BC4CDB88-1695-4108-B737-E20CEEF4589E"}, {"source_text": "", "phone_id": "1399"}, {"mapi_request": true}], "source": "iPhone客户端", "favorited": false, "rid": "11_0_50_5135376955697938734_0_0_0", "cardid": "raresvip_0052001143", "pic_ids": ["b72d9517gy1hk77r99i2wj20v50u0776"], "pic_num": 1, "pic_infos": {"b72d9517gy1hk77r99i2wj20v50u0776": {"thumbnail": {"url": "https://wx2.sinaimg.cn/wap180/b72d9517gy1hk77r99i2wj20v50u0776.jpg", "width": 180, "height": 173, "cut_type": 1, "type": ""}, "bmiddle": {"url": "https://wx2.sinaimg.cn/wap360/b72d9517gy1hk77r99i2wj20v50u0776.jpg", "width": 360, "height": 346, "cut_type": 1, "type": ""}, "large": {"url": "https://wx2.sinaimg.cn/orj960/b72d9517gy1hk77r99i2wj20v50u0776.jpg", "width": 996, "height": 960, "cut_type": 1, "type": ""}, "original": {"url": "https://wx2.sinaimg.cn/orj1080/b72d9517gy1hk77r99i2wj20v50u0776.jpg", "width": 1121, "height": 1080, "cut_type": 1, "type": ""}, "largest": {"url": "https://wx2.sinaimg.cn/large/b72d9517gy1hk77r99i2wj20v50u0776.jpg", "width": 1121, "height": 1080, "cut_type": 1, "type": ""}, "mw2000": {"url": "https://wx2.sinaimg.cn/mw2000/b72d9517gy1hk77r99i2wj20v50u0776.jpg", "width": 1121, "height": 1080, "cut_type": 1, "type": ""}, "object_id": "1042018:d5cd01235f5309f2cc1d573a309c23b3", "pic_id": "b72d9517gy1hk77r99i2wj20v50u0776", "photo_tag": 0, "type": "pic", "pic_status": 0}}, "is_paid": false, "pic_bg_new": "https://n.sinaimg.cn/default/944aebbe/20231129/pic_hypertalk_diamond.png", "mblog_vip_type": 0, "number_display_strategy": {"apply_scenario_flag": 3, "display_text_min_number": 1000000, "display_text": "100万+"}, "title_source": {"name": "成毅超话", "url": "sinaweibo://pageinfo?pageid=100808df9d09de177dc73f4da8b01ba01129fd&amp;extparam=成毅", "image": "http://wx3.sinaimg.cn/thumbnail/005O6Q2qly8hj6khbeiagj30u00u0wir.jpg"}, "reposts_count": 0, "comments_count": 8, "attitudes_count": 7, "attitudes_status": 0, "isLongText": false, "mlevel": 0, "content_auth": 0, "is_show_bulletin": 3, "comment_manage_info": {"comment_permission_type": -1, "approval_comment_type": 0, "comment_sort_type": 0}, "screen_name_suffix_new": [{"content": "七十七只绵羊", "remark": "", "color": "FF333333", "dark_color": "FFD3D3D3", "type": 1, "truncation": {"mode": 1}}, {"content": "成毅超话", "color": "FF507DAF", "dark_color": "FF7691b9", "type": 2, "scheme": "sinaweibo://pageinfo?pageid=100808df9d09de177dc73f4da8b01ba01129fd&amp;extparam=成毅&amp;extension=%7B%22mblog_object_ref%22%3A%22topic%22%7D", "icons": [{"url": "https://h5.sinaimg.cn/upload/1000/808/2020/02/17/andriod_chaohua_header.png", "scheme": "sinaweibo://pageinfo?pageid=100808df9d09de177dc73f4da8b01ba01129fd&amp;extparam=成毅", "cleaned": true}], "icons_location": 0, "truncation": {"mode": 1, "keep_end_size": 2}, "actionlog": {"act_code": 1404, "oid": "1022:100808df9d09de177dc73f4da8b01ba01129fd", "uicode": "", "luicode": "", "fid": "1076033073217815_-_WEIBO_SECOND_PROFILE_WEIBO", "ext": "mid:4971933243807868|source_type:3|uid:6839654475|analysis_extra:follow:0|new_style:1"}, "cleaned": true}], "share_repost_type": 0, "topic_struct": [{"title": "", "topic_url": "sinaweibo://searchall?containerid=231522&amp;q=%23%E6%88%90%E6%AF%85%E5%B0%96%E5%8F%AB%E4%B9%8B%E5%A4%9C%E5%BD%A9%E6%8E%92%23&amp;extparam=%23%E6%88%90%E6%AF%85%E5%B0%96%E5%8F%AB%E4%B9%8B%E5%A4%9C%E5%BD%A9%E6%8E%92%23", "topic_title": "成毅尖叫之夜彩排", "actionlog": {"act_type": 1, "act_code": 300, "oid": "1022:2315226fc491a512443a5c4eb073025fb8f202", "uuid": 4971723492425991, "cardid": "", "lcardid": "", "uicode": "", "luicode": "", "fid": "1076033073217815_-_WEIBO_SECOND_PROFILE_WEIBO", "lfid": "", "ext": "mid:4971933243807868|rid:11_0_50_5135376955697938734_0_0_0|short_url:|long_url:|comment_id:|miduid:3073217815|rootmid:4971933243807868|rootuid:3073217815|authorid:|uuid:4971723492425991|is_ad_weibo:0"}}, {"title": "", "topic_url": "sinaweibo://searchall?containerid=231522&amp;q=%23%E7%88%B1%E5%A5%87%E8%89%BA%E5%B0%96%E5%8F%AB%E4%B9%8B%E5%A4%9C%E4%B8%BA%E8%B0%81%E5%B0%96%E5%8F%AB%23&amp;extparam=%23%E7%88%B1%E5%A5%87%E8%89%BA%E5%B0%96%E5%8F%AB%E4%B9%8B%E5%A4%9C%E4%B8%BA%E8%B0%81%E5%B0%96%E5%8F%AB%23", "topic_title": "爱奇艺尖叫之夜为谁尖叫", "actionlog": {"act_type": 1, "act_code": 300, "oid": "1022:23152283de01bde8d4b5bd26ef2988f12c8552", "uuid": 4971900487860323, "cardid": "", "lcardid": "", "uicode": "", "luicode": "", "fid": "1076033073217815_-_WEIBO_SECOND_PROFILE_WEIBO", "lfid": "", "ext": "mid:4971933243807868|rid:11_0_50_5135376955697938734_0_0_0|short_url:|long_url:|comment_id:|miduid:3073217815|rootmid:4971933243807868|rootuid:3073217815|authorid:|uuid:4971900487860323|is_ad_weibo:0"}}], "url_struct": [{"url_title": "成毅超话", "url_type_pic": "https://h5.sinaimg.cn/upload/100/959/2020/05/09/timeline_card_small_super.png", "ori_url": "sinaweibo://pageinfo?containerid=100808df9d09de177dc73f4da8b01ba01129fd&amp;extparam=成毅&amp;extension=%7B%22mblog_object_ref%22%3A%22content%22%7D", "page_id": "100808df9d09de177dc73f4da8b01ba01129fd", "short_url": "#成毅[超话]#", "long_url": "", "url_type": "", "result": false, "actionlog": {"act_type": 1, "act_code": 300, "oid": "1022:100808df9d09de177dc73f4da8b01ba01129fd", "uuid": 3546028530778404, "cardid": "", "lcardid": "", "uicode": "", "luicode": "", "fid": "1076033073217815_-_WEIBO_SECOND_PROFILE_WEIBO", "lfid": "", "ext": "mid:4971933243807868|rid:11_0_50_5135376955697938734_0_0_0|short_url:|long_url:|comment_id:|miduid:3073217815|rootmid:4971933243807868|rootuid:3073217815|authorid:|uuid:3546028530778404|is_ad_weibo:0|analysis_card:url_struct"}, "storage_type": "", "hide": 0, "object_type": "", "h5_target_url": "https://huati.weibo.com/k/成毅?from=1FFFF96039&amp;weiboauthoruid=3073217815", "need_save_obj": 0}], "mblogtype": 0, "showFeedRepost": false, "showFeedComment": false, "pictureViewerSign": false, "showPictureViewer": false, "rcList": [], "text": "&lt;a href=\"//s.weibo.com/weibo?q=%23%E6%88%90%E6%AF%85%E5%B0%96%E5%8F%AB%E4%B9%8B%E5%A4%9C%E5%BD%A9%E6%8E%92%23\" target=\"_blank\"&gt;#成毅尖叫之夜彩排#&lt;/a&gt;cy&lt;a href=\"//s.weibo.com/weibo?q=%23%E7%88%B1%E5%A5%87%E8%89%BA%E5%B0%96%E5%8F%AB%E4%B9%8B%E5%A4%9C%E4%B8%BA%E8%B0%81%E5%B0%96%E5%8F%AB%23\" target=\"_blank\"&gt;#爱奇艺尖叫之夜为谁尖叫#&lt;/a&gt;&lt;br /&gt;&lt;br /&gt;期待新鲜的哥哥&lt;img alt=\"[心]\" title=\"[心]\" src=\"https://face.t.sinajs.cn/t4/appstyle/expression/ext/normal/8a/2018new_xin_org.png\" /&gt;&lt;br /&gt;好久不见啦&lt;a href=/n/成毅 usercard=\"name=@成毅\"&gt;@成毅&lt;/a&gt; ​​​", "region_name": "发布于 浙江", "customIcons": []}