{"visible": {"type": 0, "list_id": 0}, "created_at": "Tue Nov 28 23:13:16 +0800 2023", "id": 4973190172901377, "idstr": "4973190172901377", "mid": "4973190172901377", "mblogid": "NuI0FcaMp", "user": {"id": 3073217815, "idstr": "3073217815", "pc_new": 0, "screen_name": "七十七只绵羊", "profile_image_url": "https://tvax3.sinaimg.cn/crop.0.0.512.512.50/b72d9517ly8hf8e0vpc8ej20e80e8myg.jpg?KID=imgbed,tva&amp;Expires=1704748183&amp;ssig=vatpMum9e%2F", "profile_url": "/u/3073217815", "verified": true, "verified_type": 0, "domain": "", "weihao": "", "verified_type_ext": 0, "avatar_large": "https://tvax3.sinaimg.cn/crop.0.0.512.512.180/b72d9517ly8hf8e0vpc8ej20e80e8myg.jpg?KID=imgbed,tva&amp;Expires=1704748183&amp;ssig=aGDrCM2wSl", "avatar_hd": "https://tvax3.sinaimg.cn/crop.0.0.512.512.1024/b72d9517ly8hf8e0vpc8ej20e80e8myg.jpg?KID=imgbed,tva&amp;Expires=1704748183&amp;ssig=dRAEnoVyNr", "follow_me": false, "following": false, "mbrank": 5, "mbtype": 11, "v_plus": 0, "planet_video": false, "icon_list": [{"type": "vip", "data": {"mbrank": 5, "mbtype": 11, "svip": 1, "vvip": 0}}]}, "can_edit": false, "text_raw": "夜宵完 饱饱睡觉 ​​​", "textLength": 15, "annotations": [{"photo_sub_type": "0"}, {"client_mblogid": "iPhone-2A742F1F-C571-4EB7-B6F7-A0AFE75E23BC"}, {"source_text": "", "phone_id": "1399"}, {"mapi_request": true}], "source": "iPhone客户端", "favorited": false, "rid": "8_0_50_5135376955697938734_0_0_0", "cardid": "raresvip_0052001143", "pic_ids": ["b72d9517gy1hkb83xhwknj20u01400xz"], "pic_focus_point": [{"focus_point": {"left": 0.018867847, "top": 0.20365027, "width": 0.9772225, "height": 0.73291683}, "pic_id": "b72d9517gy1hkb83xhwknj20u01400xz"}], "pic_num": 1, "pic_infos": {"b72d9517gy1hkb83xhwknj20u01400xz": {"thumbnail": {"url": "https://wx4.sinaimg.cn/wap180/b72d9517gy1hkb83xhwknj20u01400xz.jpg", "width": 135, "height": 180, "cut_type": 1, "type": ""}, "bmiddle": {"url": "https://wx4.sinaimg.cn/wap360/b72d9517gy1hkb83xhwknj20u01400xz.jpg", "width": 270, "height": 360, "cut_type": 1, "type": ""}, "large": {"url": "https://wx4.sinaimg.cn/orj960/b72d9517gy1hkb83xhwknj20u01400xz.jpg", "width": 960, "height": 1280, "cut_type": 1, "type": ""}, "original": {"url": "https://wx4.sinaimg.cn/orj1080/b72d9517gy1hkb83xhwknj20u01400xz.jpg", "width": 1080, "height": 1440, "cut_type": 1, "type": ""}, "largest": {"url": "https://wx4.sinaimg.cn/large/b72d9517gy1hkb83xhwknj20u01400xz.jpg", "width": 1080, "height": 1440, "cut_type": 1, "type": ""}, "mw2000": {"url": "https://wx4.sinaimg.cn/mw2000/b72d9517gy1hkb83xhwknj20u01400xz.jpg", "width": 1080, "height": 1440, "cut_type": 1, "type": ""}, "focus_point": {"left": 0.018867847, "top": 0.20365027, "width": 0.9772225, "height": 0.73291683}, "object_id": "1042018:d0342d4c6dc1193ff5e8e890fb494758", "pic_id": "b72d9517gy1hkb83xhwknj20u01400xz", "photo_tag": 0, "type": "pic", "pic_status": 0}}, "is_paid": false, "pic_bg_new": "http://vip.storage.weibo.com/feed_cover/raresvip_0052001143_mobile_new.png?version=2021091501", "mblog_vip_type": 0, "number_display_strategy": {"apply_scenario_flag": 3, "display_text_min_number": 1000000, "display_text": "100万+"}, "reposts_count": 0, "comments_count": 3, "attitudes_count": 1, "attitudes_status": 0, "isLongText": false, "mlevel": 0, "content_auth": 0, "is_show_bulletin": 2, "comment_manage_info": {"comment_permission_type": -1, "approval_comment_type": 0, "comment_sort_type": 0}, "share_repost_type": 0, "mblogtype": 0, "showFeedRepost": false, "showFeedComment": false, "pictureViewerSign": false, "showPictureViewer": false, "rcList": [], "text": "夜宵完 饱饱睡觉 ​​​", "region_name": "发布于 浙江", "customIcons": []}