{"visible": {"type": 0, "list_id": 0}, "created_at": "Wed Nov 29 10:55:54 +0800 2023", "id": 4973366991392431, "idstr": "4973366991392431", "mid": "4973366991392431", "mblogid": "NuMBR5Qez", "user": {"id": 6348479153, "idstr": "6348479153", "pc_new": 7, "screen_name": "就是一鼎沉香炉", "profile_image_url": "https://tvax4.sinaimg.cn/crop.0.0.1080.1080.50/006VDzr3ly8hlikooiaebj30u00u0aef.jpg?KID=imgbed,tva&amp;Expires=1704748183&amp;ssig=8Jm3oXFaZ3", "profile_url": "/u/6348479153", "verified": true, "verified_type": 0, "domain": "", "weihao": "", "verified_type_ext": 1, "avatar_large": "https://tvax4.sinaimg.cn/crop.0.0.1080.1080.180/006VDzr3ly8hlikooiaebj30u00u0aef.jpg?KID=imgbed,tva&amp;Expires=1704748183&amp;ssig=0vGS2M0xu0", "avatar_hd": "https://tvax4.sinaimg.cn/crop.0.0.1080.1080.1024/006VDzr3ly8hlikooiaebj30u00u0aef.jpg?KID=imgbed,tva&amp;Expires=1704748183&amp;ssig=oqxTEuA2gM", "follow_me": false, "following": false, "mbrank": 2, "mbtype": 11, "v_plus": 0, "planet_video": false, "icon_list": [{"type": "vip", "data": {"mbrank": 2, "mbtype": 11, "svip": 1, "vvip": 1}}]}, "can_edit": false, "edit_count": 1, "text_raw": "彼方尚有荣光在✨@成毅 \n观看获奖vcr正面𝐟𝐨𝐜𝐮𝐬🥹\n#成毅#\n#成毅 爱奇艺尖叫之夜# \nhttp://t.cn/A6WsRErN ​​​", "textLength": 113, "annotations": [[], {"client_mblogid": "iPhone-9ED43E2E-0CD8-4FF3-872D-2405874D6943"}, {"source_text": "", "phone_id": "-1"}, {"mapi_request": true}], "source": "&lt;a target=\"_blank\" href=\"https://t.sina.com.cn\" rel=\"nofollow\"&gt;微博视频号&lt;/a&gt;", "favorited": false, "buttons": [{"type": "follow", "name": "加关注", "pic": "http://u1.sinaimg.cn/upload/2013/06/14/timeline_card_small_button_icon_add.png", "params": {"uid": 6348479153}, "actionlog": {"act_code": 92, "uicode": "10000100", "oid": "4973366991392431", "cardid": "1076030002_6348479153"}}], "rid": "2_0_50_5135376955697938734_0_0_0", "pic_ids": [], "pic_num": 0, "is_paid": false, "mblog_vip_type": 0, "number_display_strategy": {"apply_scenario_flag": 3, "display_text_min_number": 1000000, "display_text": "100万+"}, "reposts_count": 6664, "comments_count": 4329, "attitudes_count": 28015, "attitudes_status": 0, "isLongText": false, "mlevel": 0, "content_auth": 0, "is_show_bulletin": 2, "comment_manage_info": {"comment_permission_type": -1, "approval_comment_type": 0, "comment_sort_type": 0}, "share_repost_type": 0, "topic_struct": [{"title": "", "topic_url": "sinaweibo://searchall?containerid=231522&amp;q=%23%E6%88%90%E6%AF%85%23&amp;isnewpage=1", "topic_title": "成毅", "actionlog": {"act_type": 1, "act_code": 300, "oid": "1022:231522df9d09de177dc73f4da8b01ba01129fd", "uuid": 4213209912340368, "cardid": "", "lcardid": "", "uicode": "", "luicode": "", "fid": "1076033073217815_-_WEIBO_SECOND_PROFILE_WEIBO", "lfid": "", "ext": "mid:4973366991392431|rid:2_0_50_5135376955697938734_0_0_0|short_url:|long_url:|comment_id:|miduid:6348479153|rootmid:4973366991392431|rootuid:6348479153|authorid:|uuid:4213209912340368|is_ad_weibo:0"}}, {"title": "", "topic_url": "sinaweibo://searchall?containerid=231522&amp;q=%23%E6%88%90%E6%AF%85%20%E7%88%B1%E5%A5%87%E8%89%BA%E5%B0%96%E5%8F%AB%E4%B9%8B%E5%A4%9C%23&amp;extparam=%23%E6%88%90%E6%AF%85%20%E7%88%B1%E5%A5%87%E8%89%BA%E5%B0%96%E5%8F%AB%E4%B9%8B%E5%A4%9C%23", "topic_title": "成毅 爱奇艺尖叫之夜", "actionlog": {"act_type": 1, "act_code": 300, "oid": "1022:2315225deee35aa708ae9a3780760779e265f3", "uuid": 4966956141641867, "cardid": "", "lcardid": "", "uicode": "", "luicode": "", "fid": "1076033073217815_-_WEIBO_SECOND_PROFILE_WEIBO", "lfid": "", "ext": "mid:4973366991392431|rid:2_0_50_5135376955697938734_0_0_0|short_url:|long_url:|comment_id:|miduid:6348479153|rootmid:4973366991392431|rootuid:6348479153|authorid:|uuid:4966956141641867|is_ad_weibo:0"}}], "url_struct": [{"url_title": "就是一鼎沉香炉的微博视频", "url_type_pic": "https://h5.sinaimg.cn/upload/2015/09/25/3/timeline_card_small_video.png", "ori_url": "sinaweibo://video/vvs?mid=4973366991392431&amp;object_id=1034:4973362339053657&amp;url_type=39&amp;object_type=video&amp;pos=1", "page_id": "2304444973362339053657", "short_url": "http://t.cn/A6WsRErN", "long_url": "https://video.weibo.com/show?fid=1034:4973362339053657", "url_type": 39, "result": false, "actionlog": {"act_type": 1, "act_code": 300, "oid": "1034:4973362339053657", "uuid": 4973363889176744, "cardid": "", "lcardid": "", "uicode": "", "luicode": "", "fid": "1076033073217815_-_WEIBO_SECOND_PROFILE_WEIBO", "lfid": "", "ext": "mid:4973366991392431|rid:2_0_50_5135376955697938734_0_0_0|short_url:http://t.cn/A6WsRErN|long_url:https://video.weibo.com/show?fid=1034:4973362339053657|comment_id:|miduid:6348479153|rootmid:4973366991392431|rootuid:6348479153|authorid:6348479153|uuid:4973363889176744|is_ad_weibo:0|analysis_card:url_struct"}, "storage_type": "oss", "hide": 0, "object_type": "", "ttl": 3600, "h5_target_url": "https://video.weibo.com/show?fid=1034:4973362339053657&amp;from=1FFFF96039&amp;weiboauthoruid=6348479153", "need_save_obj": 0}], "title": {"text": "她2023-12-07赞过的微博(2)", "structs": [{"name": "她2023-12-07赞过的微博(2)", "scheme": "sinaweibo://cardlist?containerid=2308693073217815_-_mix", "cleaned": true}]}, "mblogtype": 0, "showFeedRepost": false, "showFeedComment": false, "pictureViewerSign": false, "showPictureViewer": false, "rcList": [], "text": "彼方尚有荣光在✨&lt;a href=/n/成毅 usercard=\"name=@成毅\"&gt;@成毅&lt;/a&gt; &lt;br /&gt;观看获奖vcr正面𝐟𝐨𝐜𝐮𝐬🥹&lt;br /&gt;&lt;a href=\"//s.weibo.com/weibo?q=%23%E6%88%90%E6%AF%85%23\" target=\"_blank\"&gt;#成毅#&lt;/a&gt;&lt;br /&gt;&lt;a href=\"//s.weibo.com/weibo?q=%23%E6%88%90%E6%AF%85%20%E7%88%B1%E5%A5%87%E8%89%BA%E5%B0%96%E5%8F%AB%E4%B9%8B%E5%A4%9C%23\" target=\"_blank\"&gt;#成毅 爱奇艺尖叫之夜#&lt;/a&gt; &lt;br /&gt;&lt;a target=\"_blank\" href=\"https://video.weibo.com/show?fid=1034:4973362339053657\"&gt;&lt;img class=\"icon-link\" src=\"https://h5.sinaimg.cn/upload/2015/09/25/3/timeline_card_small_video_default.png\"/&gt;就是一鼎沉香炉的微博视频&lt;/a&gt; ​​​", "region_name": "发布于 浙江", "customIcons": [], "page_info": {"type": 5, "page_id": "2304444973362339053657", "object_type": "video", "oid": "6348479153", "page_title": "就是一鼎沉香炉的微博视频", "page_pic": "https://wx4.sinaimg.cn/orj480/006VDzr3ly1hkbsf620wij31o02817wh.jpg", "type_icon": "", "page_url": "sinaweibo://infopage?containerid=2304444973362339053657&amp;containerid=2304444973362339053657&amp;url_type=39&amp;object_type=video&amp;pos=2", "object_id": "1034:4973362339053657", "media_info": {"name": "就是一鼎沉香炉的微博视频", "stream_url": "http://f.video.weibocdn.com/o0/YHBe3I37lx08ay0IXj7W01041200K1Df0E010.mp4?label=mp4_720p&amp;template=720x1280.24.0&amp;ori=0&amp;ps=1CwnkDw1GXwCQx&amp;Expires=1704740983&amp;ssig=Qrfj32EVPh&amp;KID=unistore,video", "stream_url_hd": "http://f.video.weibocdn.com/o0/YHBe3I37lx08ay0IXj7W01041200K1Df0E010.mp4?label=mp4_720p&amp;template=720x1280.24.0&amp;ori=0&amp;ps=1CwnkDw1GXwCQx&amp;Expires=1704740983&amp;ssig=Qrfj32EVPh&amp;KID=unistore,video", "format": "mp4", "h5_url": "https://video.weibo.com/show?fid=1034:4973362339053657", "mp4_sd_url": "http://f.video.weibocdn.com/o0/YHBe3I37lx08ay0IXj7W01041200K1Df0E010.mp4?label=mp4_720p&amp;template=720x1280.24.0&amp;ori=0&amp;ps=1CwnkDw1GXwCQx&amp;Expires=1704740983&amp;ssig=Qrfj32EVPh&amp;KID=unistore,video", "mp4_hd_url": "http://f.video.weibocdn.com/o0/YHBe3I37lx08ay0IXj7W01041200K1Df0E010.mp4?label=mp4_720p&amp;template=720x1280.24.0&amp;ori=0&amp;ps=1CwnkDw1GXwCQx&amp;Expires=1704740983&amp;ssig=Qrfj32EVPh&amp;KID=unistore,video", "h265_mp4_hd": "http://f.video.weibocdn.com/o0/YHBe3I37lx08ay0IXj7W01041200K1Df0E010.mp4?label=mp4_720p&amp;template=720x1280.24.0&amp;ori=0&amp;ps=1CwnkDw1GXwCQx&amp;Expires=1704740983&amp;ssig=Qrfj32EVPh&amp;KID=unistore,video", "h265_mp4_ld": "http://f.video.weibocdn.com/o0/YHBe3I37lx08ay0IXj7W01041200K1Df0E010.mp4?label=mp4_720p&amp;template=720x1280.24.0&amp;ori=0&amp;ps=1CwnkDw1GXwCQx&amp;Expires=1704740983&amp;ssig=Qrfj32EVPh&amp;KID=unistore,video", "inch_4_mp4_hd": "http://f.video.weibocdn.com/o0/YHBe3I37lx08ay0IXj7W01041200K1Df0E010.mp4?label=mp4_720p&amp;template=720x1280.24.0&amp;ori=0&amp;ps=1CwnkDw1GXwCQx&amp;Expires=1704740983&amp;ssig=Qrfj32EVPh&amp;KID=unistore,video", "inch_5_mp4_hd": "http://f.video.weibocdn.com/o0/YHBe3I37lx08ay0IXj7W01041200K1Df0E010.mp4?label=mp4_720p&amp;template=720x1280.24.0&amp;ori=0&amp;ps=1CwnkDw1GXwCQx&amp;Expires=1704740983&amp;ssig=Qrfj32EVPh&amp;KID=unistore,video", "inch_5_5_mp4_hd": "http://f.video.weibocdn.com/o0/YHBe3I37lx08ay0IXj7W01041200K1Df0E010.mp4?label=mp4_720p&amp;template=720x1280.24.0&amp;ori=0&amp;ps=1CwnkDw1GXwCQx&amp;Expires=1704740983&amp;ssig=Qrfj32EVPh&amp;KID=unistore,video", "mp4_720p_mp4": "http://f.video.weibocdn.com/o0/YHBe3I37lx08ay0IXj7W01041200K1Df0E010.mp4?label=mp4_720p&amp;template=720x1280.24.0&amp;ori=0&amp;ps=1CwnkDw1GXwCQx&amp;Expires=1704740983&amp;ssig=Qrfj32EVPh&amp;KID=unistore,video", "hevc_mp4_720p": "", "prefetch_type": 1, "prefetch_size": 262144, "act_status": 1, "protocol": "general,dash", "media_id": "4973362339053657", "origin_total_bitrate": 51589692, "video_orientation": "vertical", "duration": 58, "forward_strategy": -1, "search_scheme": "sinaweibo://svssearch?containerid=232080", "is_short_video": 0, "vote_is_show": 0, "belong_collection": 0, "titles_display_time": "3", "show_progress_bar": 1, "show_mute_button": true, "ext_info": {"video_orientation": "vertical"}, "next_title": "彼方尚有荣光在✨@成毅 \n观看获奖vcr正面𝐟𝐨𝐜𝐮𝐬🥹\n#成毅#\n#成毅 爱奇艺尖叫之夜#", "kol_title": "年度影响力男演员", "play_completion_actions": [{"type": "1", "icon": "https://h5.sinaimg.cn/upload/100/1413/2021/12/22/feed_video_icon_replay.png", "text": "重播", "link": "", "btn_code": 1000, "show_position": 1, "actionlog": {"oid": "2304444973362339053657", "act_code": 1221, "act_type": 0, "source": "video"}}, {"type": 6, "icon": "https://tvax4.sinaimg.cn/crop.0.0.1080.1080.180/006VDzr3ly8hlikooiaebj30u00u0aef.jpg?KID=imgbed,tva&amp;Expires=1704748183&amp;ssig=0vGS2M0xu0", "text": "", "display_mode": 2, "display_starttime": 5, "display_endtime": 99999, "countdown_time": 5, "show_position": 48, "scheme": "", "link": "", "btn_code": 1009, "actionlog": {"oid": "2304444973362339053657", "act_code": 91, "act_type": 0, "source": "video", "ext": "mid:4973366991392431|oid:1034:4973362339053657|muid:6348479153|authorid:6348479153"}, "ext": {"uid": "6348479153", "user_name": "就是一鼎沉香炉", "followers_count": 273104, "verified": true, "verified_type": 0, "verified_type_ext": 1, "verified_reason": "娱乐博主", "level": 3}, "display_type": 0}], "video_publish_time": 1701225814, "play_loop_type": 0, "video_title": "年度影响力男演员", "author_mid": "4973366991392431", "author_name": "就是一鼎沉香炉", "extra_info": {"sceneid": "profile_mb"}, "video_download_strategy": {"abandon_download": 0}, "jump_to": 6, "big_pic_info": {"pic_big": {"height": 1440, "url": "https://wx4.sinaimg.cn/orj1080/006VDzr3ly1hkbsf620wij31o02817wh.jpg", "width": 1080}, "pic_small": {"height": 240, "url": "https://wx4.sinaimg.cn/or180/006VDzr3ly1hkbsf620wij31o02817wh.jpg", "width": 180}, "pic_middle": {"height": 480, "url": "https://wx4.sinaimg.cn/or360/006VDzr3ly1hkbsf620wij31o02817wh.jpg", "width": 360}}, "online_users": "49.6万次观看", "online_users_number": 496637, "ttl": 3600, "storage_type": "oss", "is_keep_current_mblog": 0, "author_info": {"id": 6348479153, "idstr": "6348479153", "pc_new": 7, "screen_name": "就是一鼎沉香炉", "profile_image_url": "https://tvax4.sinaimg.cn/crop.0.0.1080.1080.50/006VDzr3ly8hlikooiaebj30u00u0aef.jpg?KID=imgbed,tva&amp;Expires=1704748183&amp;ssig=8Jm3oXFaZ3", "profile_url": "/u/6348479153", "verified": true, "verified_type": 0, "domain": "", "weihao": "", "verified_type_ext": 1, "avatar_large": "https://tvax4.sinaimg.cn/crop.0.0.1080.1080.180/006VDzr3ly8hlikooiaebj30u00u0aef.jpg?KID=imgbed,tva&amp;Expires=1704748183&amp;ssig=0vGS2M0xu0", "avatar_hd": "https://tvax4.sinaimg.cn/crop.0.0.1080.1080.1024/006VDzr3ly8hlikooiaebj30u00u0aef.jpg?KID=imgbed,tva&amp;Expires=1704748183&amp;ssig=oqxTEuA2gM", "follow_me": false, "following": false, "mbrank": 2, "mbtype": 11, "v_plus": 0, "planet_video": false, "verified_reason": "娱乐博主", "description": "", "location": "其他", "gender": "f", "followers_count": 273104, "followers_count_str": "27.3万", "friends_count": 1, "statuses_count": 206, "url": "", "svip": 1, "vvip": 1, "cover_image_phone": "https://wx2.sinaimg.cn/crop.0.0.640.640.640/006VDzr3ly1hliko6glglj30u00u0gut.jpg"}, "playback_list": [{"meta": {"label": "mp4_1440p60", "quality_index": 1500, "quality_desc": "超清", "quality_label": "2K60", "quality_class": "HD", "type": 1, "quality_group": 1500, "is_hidden": false}, "play_info": {"type": 1, "mime": "video/mp4", "protocol": "general", "label": "mp4_1440p60", "url": "https://f.video.weibocdn.com/o0/e31Minbclx08ay0NBxQ401041202F1Ct0E010.mp4?label=mp4_1440p60&amp;template=1440x2560.23.0&amp;media_id=4973362339053657&amp;tp=2OPRH8lrzmoStT:YTkl0eM8&amp;us=0&amp;ori=1&amp;bf=4&amp;ot=v&amp;lp=00003MndIw&amp;ps=mZ6WB&amp;uid=7sSuzF&amp;ab=,8012-g2,8143-g0,8013-g0,3601-g36,3601-g38,3601-g38&amp;Expires=1704740983&amp;ssig=UukcjWqVjm&amp;KID=unistore,video", "bitrate": 5398719, "prefetch_range": "0-2121935", "video_codecs": "avc1.640033", "fps": 60, "width": 1440, "height": 2560, "size": 39330349, "duration": 58.28, "sar": "0.0", "audio_codecs": "mp4a.40.5", "audio_sample_rate": 44100, "quality_label": "2K60", "quality_class": "HD", "quality_desc": "超清", "audio_channels": 2, "audio_sample_fmt": "fltp", "audio_bits_per_sample": 0, "watermark": "none", "extension": {"transcode_info": {"pcdn_rule_id": 0, "pcdn_jank": 0, "origin_video_dr": "SDR", "ab_strategies": ",8012-g2,8143-g0,8013-g0,3601-g36,3601-g38,3601-g38"}}, "video_decoder": "hard", "prefetch_enabled": true, "tcp_receive_buffer": 262144, "dolby_atmos": false, "color_transfer": "bt709", "first_pkt_end_pos": 117005}}, {"meta": {"label": "mp4_1080p", "quality_index": 1080, "quality_desc": "高清", "quality_label": "1080p", "quality_class": "HD", "type": 1, "quality_group": 1080, "is_hidden": false}, "play_info": {"type": 1, "mime": "video/mp4", "protocol": "general", "label": "mp4_1080p", "url": "https://f.video.weibocdn.com/o0/wPm4nDDTlx08ay0JlLDq01041201r03I0E010.mp4?label=mp4_1080p&amp;template=1080x1920.24.0&amp;media_id=4973362339053657&amp;tp=2OPRH8lrzmoStT:YTkl0eM8&amp;us=0&amp;ori=1&amp;bf=4&amp;ot=v&amp;lp=00003MndIw&amp;ps=mZ6WB&amp;uid=7sSuzF&amp;ab=,8012-g2,8143-g0,8013-g0,3601-g36,3601-g38,3601-g38&amp;Expires=1704740983&amp;ssig=5KmTjLZO82&amp;KID=unistore,video", "bitrate": 2911607, "prefetch_range": "0-1112424", "video_codecs": "avc1.640032", "fps": 30, "width": 1080, "height": 1920, "size": 21211422, "duration": 58.28, "sar": "0.0", "audio_codecs": "mp4a.40.5", "audio_sample_rate": 44100, "quality_label": "1080p", "quality_class": "HD", "quality_desc": "高清", "audio_channels": 2, "audio_sample_fmt": "fltp", "audio_bits_per_sample": 0, "watermark": "none", "extension": {"transcode_info": {"pcdn_rule_id": 0, "pcdn_jank": 0, "origin_video_dr": "SDR", "ab_strategies": ",8012-g2,8143-g0,8013-g0,3601-g36,3601-g38,3601-g38"}}, "video_decoder": "hard", "prefetch_enabled": true, "tcp_receive_buffer": 262144, "dolby_atmos": false, "color_transfer": "bt709", "first_pkt_end_pos": 91726}}, {"meta": {"label": "mp4_720p", "quality_index": 720, "quality_desc": "高清", "quality_label": "720p", "quality_class": "HD", "type": 1, "quality_group": 720, "is_hidden": false}, "play_info": {"type": 1, "mime": "video/mp4", "protocol": "general", "label": "mp4_720p", "url": "https://f.video.weibocdn.com/o0/YHBe3I37lx08ay0IXj7W01041200K1Df0E010.mp4?label=mp4_720p&amp;template=720x1280.24.0&amp;media_id=4973362339053657&amp;tp=2OPRH8lrzmoStT:YTkl0eM8&amp;us=0&amp;ori=1&amp;bf=4&amp;ot=v&amp;lp=00003MndIw&amp;ps=mZ6WB&amp;uid=7sSuzF&amp;ab=,8012-g2,8143-g0,8013-g0,3601-g36,3601-g38,3601-g38&amp;Expires=1704740983&amp;ssig=Qrfj32EVPh&amp;KID=unistore,video", "bitrate": 1505720, "prefetch_range": "0-556637", "video_codecs": "avc1.64001f", "fps": 30, "width": 720, "height": 1280, "size": 10969365, "duration": 58.28, "sar": "0.0", "audio_codecs": "mp4a.40.5", "audio_sample_rate": 44100, "quality_label": "720p", "quality_class": "HD", "quality_desc": "高清", "audio_channels": 2, "audio_sample_fmt": "fltp", "audio_bits_per_sample": 0, "watermark": "none", "extension": {"transcode_info": {"pcdn_rule_id": 0, "pcdn_jank": 0, "origin_video_dr": "SDR", "ab_strategies": ",8012-g2,8143-g0,8013-g0,3601-g36,3601-g38,3601-g38"}}, "video_decoder": "hard", "prefetch_enabled": true, "tcp_receive_buffer": 262144, "dolby_atmos": false, "color_transfer": "bt709", "first_pkt_end_pos": 73249}}, {"meta": {"label": "mp4_hd", "quality_index": 480, "quality_desc": "标清", "quality_label": "480p", "quality_class": "SD", "type": 1, "quality_group": 480, "is_hidden": false}, "play_info": {"type": 1, "mime": "video/mp4", "protocol": "general", "label": "mp4_hd", "url": "https://f.video.weibocdn.com/o0/jK2QIzxBlx08ay0MtsPu01041200sepj0E010.mp4?label=mp4_hd&amp;template=540x960.24.0&amp;media_id=4973362339053657&amp;tp=2OPRH8lrzmoStT:YTkl0eM8&amp;us=0&amp;ori=1&amp;bf=4&amp;ot=v&amp;lp=00003MndIw&amp;ps=mZ6WB&amp;uid=7sSuzF&amp;ab=,8012-g2,8143-g0,8013-g0,3601-g36,3601-g38,3601-g38&amp;Expires=1704740983&amp;ssig=q0Xy2TmhfU&amp;KID=unistore,video", "bitrate": 923603, "prefetch_range": "0-339623", "video_codecs": "avc1.64001f", "fps": 30, "width": 540, "height": 960, "size": 6728569, "duration": 58.28, "sar": "0.0", "audio_codecs": "mp4a.40.5", "audio_sample_rate": 44100, "quality_label": "480p", "quality_class": "SD", "quality_desc": "标清", "audio_channels": 2, "audio_sample_fmt": "fltp", "audio_bits_per_sample": 0, "watermark": "none", "extension": {"transcode_info": {"pcdn_rule_id": 0, "pcdn_jank": 0, "origin_video_dr": "SDR", "ab_strategies": ",8012-g2,8143-g0,8013-g0,3601-g36,3601-g38,3601-g38"}}, "video_decoder": "hard", "prefetch_enabled": true, "tcp_receive_buffer": 262144, "dolby_atmos": false, "color_transfer": "bt709", "first_pkt_end_pos": 65186}}, {"meta": {"label": "scrubber_hd", "quality_index": 480, "quality_desc": "标清", "quality_label": "480p", "quality_class": "SD", "type": 3, "quality_group": 480, "is_hidden": false}, "play_info": {"type": 3, "mime": "image/jpeg", "protocol": "general", "label": "scrubber_hd", "url": "https://wx3.sinaimg.cn/large/006VDzr3ly1hkbtzwen46j30f07eoaip.jpg?media_id=4973362339053657&amp;tp=2OPRH8lrzmoStT:YTkl0eM8&amp;us=0&amp;ori=1&amp;bf=4&amp;ot=v&amp;lp=00003MndIw&amp;ps=mZ6WB&amp;uid=7sSuzF&amp;ab=,8012-g2,8143-g0,8013-g0,3601-g36,3601-g38,3601-g38&amp;Expires=1704740983&amp;ssig=3YdKyL3iXT&amp;KID=unistore,video", "prefetch_range": "0-512000", "width": 180, "height": 320, "quality_label": "480p", "quality_class": "SD", "quality_desc": "标清", "extension": {"transcode_info": {"pcdn_rule_id": 0, "pcdn_jank": 0, "origin_video_dr": "SDR", "ab_strategies": ",8012-g2,8143-g0,8013-g0,3601-g36,3601-g38,3601-g38"}}, "video_decoder": "hard", "prefetch_enabled": true, "tcp_receive_buffer": 262144, "col": 3, "row": 30, "interval": 1, "offset": 0.5, "urls": ["http://wx4.sinaimg.cn/large/006VDzr3ly1hkbtzwen46j30f07eoaip.jpg"]}}, {"meta": {"label": "mp4_ld", "quality_index": 360, "quality_desc": "流畅", "quality_label": "360p", "quality_class": "SD", "type": 1, "quality_group": 360, "is_hidden": false}, "play_info": {"type": 1, "mime": "video/mp4", "protocol": "general", "label": "mp4_ld", "url": "https://f.video.weibocdn.com/o0/M0fTpWsllx08ay0MeJ7q01041200fmAQ0E010.mp4?label=mp4_ld&amp;template=360x640.24.0&amp;media_id=4973362339053657&amp;tp=2OPRH8lrzmoStT:YTkl0eM8&amp;us=0&amp;ori=1&amp;bf=4&amp;ot=v&amp;lp=00003MndIw&amp;ps=mZ6WB&amp;uid=7sSuzF&amp;ab=,8012-g2,8143-g0,8013-g0,3601-g36,3601-g38,3601-g38&amp;Expires=1704740983&amp;ssig=D22mn%2BY7cw&amp;KID=unistore,video", "bitrate": 502636, "prefetch_range": "0-196383", "video_codecs": "avc1.64001e", "fps": 30, "width": 360, "height": 640, "size": 3661772, "duration": 58.28, "sar": "0.0", "audio_codecs": "mp4a.40.5", "audio_sample_rate": 44100, "quality_label": "360p", "quality_class": "SD", "quality_desc": "流畅", "audio_channels": 2, "audio_sample_fmt": "fltp", "audio_bits_per_sample": 0, "watermark": "none", "extension": {"transcode_info": {"pcdn_rule_id": 0, "pcdn_jank": 0, "origin_video_dr": "SDR", "ab_strategies": ",8012-g2,8143-g0,8013-g0,3601-g36,3601-g38,3601-g38"}}, "video_decoder": "hard", "prefetch_enabled": true, "tcp_receive_buffer": 262144, "dolby_atmos": false, "color_transfer": "bt709", "first_pkt_end_pos": 56836}}]}, "author_id": "6348479153", "authorid": "6348479153", "cards": [{"type": "11", "page_id": "2304444973362339053657", "object_type": "video", "object_id": "1034:4973362339053657", "content1": "就是一鼎沉香炉的微博视频", "content2": "彼方尚有荣光在✨@成毅 \n观看获奖vcr正面𝐟𝐨𝐜𝐮𝐬🥹\n#成毅##成毅 爱奇艺尖叫之夜#", "act_status": 1, "media_info": {"name": "就是一鼎沉香炉的微博视频", "stream_url": "http://f.video.weibocdn.com/o0/YHBe3I37lx08ay0IXj7W01041200K1Df0E010.mp4?label=mp4_720p&amp;template=720x1280.24.0&amp;ori=0&amp;ps=1CwnkDw1GXwCQx&amp;Expires=1704740983&amp;ssig=Qrfj32EVPh&amp;KID=unistore,video", "stream_url_hd": "http://f.video.weibocdn.com/o0/YHBe3I37lx08ay0IXj7W01041200K1Df0E010.mp4?label=mp4_720p&amp;template=720x1280.24.0&amp;ori=0&amp;ps=1CwnkDw1GXwCQx&amp;Expires=1704740983&amp;ssig=Qrfj32EVPh&amp;KID=unistore,video", "format": "mp4", "h5_url": "https://video.weibo.com/show?fid=1034:4973362339053657", "mp4_sd_url": "http://f.video.weibocdn.com/o0/YHBe3I37lx08ay0IXj7W01041200K1Df0E010.mp4?label=mp4_720p&amp;template=720x1280.24.0&amp;ori=0&amp;ps=1CwnkDw1GXwCQx&amp;Expires=1704740983&amp;ssig=Qrfj32EVPh&amp;KID=unistore,video", "mp4_hd_url": "http://f.video.weibocdn.com/o0/YHBe3I37lx08ay0IXj7W01041200K1Df0E010.mp4?label=mp4_720p&amp;template=720x1280.24.0&amp;ori=0&amp;ps=1CwnkDw1GXwCQx&amp;Expires=1704740983&amp;ssig=Qrfj32EVPh&amp;KID=unistore,video", "h265_mp4_hd": "http://f.video.weibocdn.com/o0/YHBe3I37lx08ay0IXj7W01041200K1Df0E010.mp4?label=mp4_720p&amp;template=720x1280.24.0&amp;ori=0&amp;ps=1CwnkDw1GXwCQx&amp;Expires=1704740983&amp;ssig=Qrfj32EVPh&amp;KID=unistore,video", "h265_mp4_ld": "http://f.video.weibocdn.com/o0/YHBe3I37lx08ay0IXj7W01041200K1Df0E010.mp4?label=mp4_720p&amp;template=720x1280.24.0&amp;ori=0&amp;ps=1CwnkDw1GXwCQx&amp;Expires=1704740983&amp;ssig=Qrfj32EVPh&amp;KID=unistore,video", "inch_4_mp4_hd": "http://f.video.weibocdn.com/o0/YHBe3I37lx08ay0IXj7W01041200K1Df0E010.mp4?label=mp4_720p&amp;template=720x1280.24.0&amp;ori=0&amp;ps=1CwnkDw1GXwCQx&amp;Expires=1704740983&amp;ssig=Qrfj32EVPh&amp;KID=unistore,video", "inch_5_mp4_hd": "http://f.video.weibocdn.com/o0/YHBe3I37lx08ay0IXj7W01041200K1Df0E010.mp4?label=mp4_720p&amp;template=720x1280.24.0&amp;ori=0&amp;ps=1CwnkDw1GXwCQx&amp;Expires=1704740983&amp;ssig=Qrfj32EVPh&amp;KID=unistore,video", "inch_5_5_mp4_hd": "http://f.video.weibocdn.com/o0/YHBe3I37lx08ay0IXj7W01041200K1Df0E010.mp4?label=mp4_720p&amp;template=720x1280.24.0&amp;ori=0&amp;ps=1CwnkDw1GXwCQx&amp;Expires=1704740983&amp;ssig=Qrfj32EVPh&amp;KID=unistore,video", "mp4_720p_mp4": "http://f.video.weibocdn.com/o0/YHBe3I37lx08ay0IXj7W01041200K1Df0E010.mp4?label=mp4_720p&amp;template=720x1280.24.0&amp;ori=0&amp;ps=1CwnkDw1GXwCQx&amp;Expires=1704740983&amp;ssig=Qrfj32EVPh&amp;KID=unistore,video", "hevc_mp4_720p": "", "prefetch_type": 1, "prefetch_size": 262144, "act_status": 1, "protocol": "general,dash", "media_id": "4973362339053657", "origin_total_bitrate": 51589692, "video_orientation": "vertical", "duration": 58, "forward_strategy": -1, "search_scheme": "sinaweibo://svssearch?containerid=232080", "is_short_video": 0, "vote_is_show": 0, "belong_collection": 0, "titles_display_time": "3", "show_progress_bar": 1, "show_mute_button": true, "ext_info": {"video_orientation": "vertical"}, "next_title": "彼方尚有荣光在✨@成毅 \n观看获奖vcr正面𝐟𝐨𝐜𝐮𝐬🥹\n#成毅#\n#成毅 爱奇艺尖叫之夜#", "kol_title": "年度影响力男演员", "play_completion_actions": [{"type": "1", "icon": "https://h5.sinaimg.cn/upload/100/1413/2021/12/22/feed_video_icon_replay.png", "text": "重播", "link": "", "btn_code": 1000, "show_position": 1, "actionlog": {"oid": "2304444973362339053657", "act_code": 1221, "act_type": 0, "source": "video"}}, {"type": 6, "icon": "https://tvax4.sinaimg.cn/crop.0.0.1080.1080.180/006VDzr3ly8hlikooiaebj30u00u0aef.jpg?KID=imgbed,tva&amp;Expires=1704748183&amp;ssig=0vGS2M0xu0", "text": "", "display_mode": 2, "display_starttime": 5, "display_endtime": 99999, "countdown_time": 5, "show_position": 48, "scheme": "", "link": "", "btn_code": 1009, "actionlog": {"oid": "2304444973362339053657", "act_code": 91, "act_type": 0, "source": "video", "ext": "mid:4973366991392431|oid:1034:4973362339053657|muid:6348479153|authorid:6348479153"}, "ext": {"uid": "6348479153", "user_name": "就是一鼎沉香炉", "followers_count": 273104, "verified": true, "verified_type": 0, "verified_type_ext": 1, "verified_reason": "娱乐博主", "level": 3}, "display_type": 0}], "video_publish_time": 1701225814, "play_loop_type": 0, "video_title": "年度影响力男演员", "author_mid": "4973366991392431", "author_name": "就是一鼎沉香炉", "extra_info": {"sceneid": "profile_mb"}, "video_download_strategy": {"abandon_download": 0}, "jump_to": 6, "big_pic_info": {"pic_big": {"height": 1440, "url": "https://wx4.sinaimg.cn/orj1080/006VDzr3ly1hkbsf620wij31o02817wh.jpg", "width": 1080}, "pic_small": {"height": 240, "url": "https://wx4.sinaimg.cn/or180/006VDzr3ly1hkbsf620wij31o02817wh.jpg", "width": 180}, "pic_middle": {"height": 480, "url": "https://wx4.sinaimg.cn/or360/006VDzr3ly1hkbsf620wij31o02817wh.jpg", "width": 360}}, "online_users": "49.6万次观看", "online_users_number": 496637, "ttl": 3600, "storage_type": "oss"}, "page_pic": "https://wx4.sinaimg.cn/orj480/006VDzr3ly1hkbsf620wij31o02817wh.jpg", "page_title": "就是一鼎沉香炉的微博视频", "page_url": "sinaweibo://infopage?containerid=2304444973362339053657&amp;containerid=2304444973362339053657&amp;url_type=39&amp;object_type=video&amp;pos=2", "pic_info": {"pic_big": {"height": "960", "url": "https://wx4.sinaimg.cn/orj480/006VDzr3ly1hkbsf620wij31o02817wh.jpg", "width": "540"}, "pic_small": {"height": "960", "url": "https://wx4.sinaimg.cn/orj480/006VDzr3ly1hkbsf620wij31o02817wh.jpg", "width": "540"}, "pic_middle": {"url": "https://wx4.sinaimg.cn/orj480/006VDzr3ly1hkbsf620wij31o02817wh.jpg", "height": "960", "width": "540"}}, "oid": "6348479153", "type_icon": "", "author_id": "6348479153", "authorid": "6348479153", "warn": "", "actionlog": {"act_type": 1, "act_code": 799, "lcardid": "", "fid": "1076033073217815_-_WEIBO_SECOND_PROFILE_WEIBO", "mid": "4973366991392431", "oid": "1034:4973362339053657", "uuid": 4973363889176744, "source": "video", "ext": "uid:6839654475|mid:4973366991392431|objectid:1034%3A4973362339053657|from:1|object_duration:58.28|miduid:6348479153|rootuid:6348479153|rootmid:4973366991392431|authorid:6348479153|video_orientation:vertical|third_vid:|is_album:0|is_contribution:0|video_tags:|isfan:0|ua:Mozilla/5.0 (Windows NT 10.0; Win64; x64) AppleWebKit/537.36 (KHTML, like Gecko) Chrome/120.0.0.0 Safari/537.36 WeiboPro/1.0.0|sceneid:profile_mb|uuid:4973363889176744|detail:native|contribution:0|short_video:0|st_video:1|author_mid:4973366991392431|cluster_type_status:|is_ad_weibo:0|analysis_card:page_info"}}, {"type": 34, "page_id": "2304444973362339053657", "object_type": "video", "page_desc": "娱乐综合 · 49.6万次观看", "oid": "6348479153", "page_title": "娱乐综合 · 49.6万次观看", "page_pic": "https://wx4.sinaimg.cn/orj480/006VDzr3ly1hkbsf620wij31o02817wh.jpg", "type_icon": "", "page_url": "sinaweibo://video/vvs?sceneid=profile_mb&amp;object_id=1034:4973362339053657&amp;mid=4973366991392431&amp;log_ext=is_contribution%3A%7Cfirst_level_channel_id%3A%7Csecond_level_channel_id%3A&amp;url_type=39&amp;object_type=video&amp;pos=2", "object_id": "1034:4973362339053657", "author_id": "6348479153", "authorid": "6348479153", "is_broadcast": 1, "icon_url": "https://h5.sinaimg.cn/upload/1000/1327/2021/01/20/videofeed_album_icon.png", "withPlayCount": true, "ext": "is_contribution:|first_level_channel_id:|second_level_channel_id:", "actionlog": {"act_type": 1, "act_code": "3457", "oid": "1034:4973362339053657", "uuid": 4973363889176744, "cardid": "", "lcardid": "", "uicode": "", "luicode": "", "fid": "1076033073217815_-_WEIBO_SECOND_PROFILE_WEIBO", "lfid": "", "ext": "mid:4973366991392431|rid:2_0_50_5135376955697938734_0_0_0|short_url:http://t.cn/A6WsRErN|long_url:https://video.weibo.com/show?fid=1034:4973362339053657|comment_id:|miduid:6348479153|rootmid:4973366991392431|rootuid:6348479153|authorid:6348479153|uuid:4973363889176744|is_ad_weibo:0|is_contribution:|first_level_channel_id:|second_level_channel_id:|play_page:playlist|analysis_card:page_info"}}], "actionlog": {"act_type": 1, "act_code": 799, "lcardid": "", "fid": "1076033073217815_-_WEIBO_SECOND_PROFILE_WEIBO", "mid": "4973366991392431", "oid": "1034:4973362339053657", "uuid": 4973363889176744, "source": "video", "ext": "uid:6839654475|mid:4973366991392431|objectid:1034%3A4973362339053657|from:1|object_duration:58.28|miduid:6348479153|rootuid:6348479153|rootmid:4973366991392431|authorid:6348479153|video_orientation:vertical|third_vid:|is_album:0|is_contribution:0|video_tags:|isfan:0|ua:Mozilla/5.0 (Windows NT 10.0; Win64; x64) AppleWebKit/537.36 (KHTML, like Gecko) Chrome/120.0.0.0 Safari/537.36 WeiboPro/1.0.0|sceneid:profile_mb|uuid:4973363889176744|detail:native|contribution:0|short_video:0|st_video:1|author_mid:4973366991392431|cluster_type_status:|is_ad_weibo:0|analysis_card:page_info"}, "short_url": "http://t.cn/A6WsRErN"}, "followBtnCode": {"uid": 6348479153}}