{"visible": {"type": 0, "list_id": 0}, "created_at": "Sun Dec 03 13:36:14 +0800 2023", "id": 4974856890224123, "idstr": "4974856890224123", "mid": "4974856890224123", "mblogid": "NvpmV0WiT", "user": {"id": 3073217815, "idstr": "3073217815", "pc_new": 0, "screen_name": "七十七只绵羊", "profile_image_url": "https://tvax3.sinaimg.cn/crop.0.0.512.512.50/b72d9517ly8hf8e0vpc8ej20e80e8myg.jpg?KID=imgbed,tva&amp;Expires=1704748183&amp;ssig=vatpMum9e%2F", "profile_url": "/u/3073217815", "verified": true, "verified_type": 0, "domain": "", "weihao": "", "verified_type_ext": 0, "avatar_large": "https://tvax3.sinaimg.cn/crop.0.0.512.512.180/b72d9517ly8hf8e0vpc8ej20e80e8myg.jpg?KID=imgbed,tva&amp;Expires=1704748183&amp;ssig=aGDrCM2wSl", "avatar_hd": "https://tvax3.sinaimg.cn/crop.0.0.512.512.1024/b72d9517ly8hf8e0vpc8ej20e80e8myg.jpg?KID=imgbed,tva&amp;Expires=1704748183&amp;ssig=dRAEnoVyNr", "follow_me": false, "following": false, "mbrank": 5, "mbtype": 11, "v_plus": 0, "planet_video": false, "icon_list": [{"type": "vip", "data": {"mbrank": 5, "mbtype": 11, "svip": 1, "vvip": 0}}]}, "can_edit": false, "text_raw": "收到🫡", "annotations": [{"mapi_request": true}], "source": "iPhone客户端", "favorited": false, "rid": "5_0_50_5135376955697938734_0_0_0", "cardid": "raresvip_0052001143", "pic_ids": [], "pic_num": 0, "is_paid": false, "pic_bg_new": "http://vip.storage.weibo.com/feed_cover/raresvip_0052001143_mobile_new.png?version=2021091501", "mblog_vip_type": 0, "number_display_strategy": {"apply_scenario_flag": 3, "display_text_min_number": 1000000, "display_text": "100万+"}, "reposts_count": 0, "comments_count": 0, "attitudes_count": 0, "attitudes_status": 0, "isLongText": false, "mlevel": 0, "content_auth": 0, "is_show_bulletin": 2, "comment_manage_info": {"comment_permission_type": -1, "approval_comment_type": 0, "comment_sort_type": 0}, "repost_type": 1, "share_repost_type": 0, "topic_struct": [{"title": "", "topic_url": "sinaweibo://searchall?containerid=231522&amp;q=%23%E5%BE%AE%E5%8D%9A%E8%A7%86%E7%95%8C%E5%A4%A7%E4%BC%9A%23&amp;extparam=%23%E5%BE%AE%E5%8D%9A%E8%A7%86%E7%95%8C%E5%A4%A7%E4%BC%9A%23", "topic_title": "微博视界大会", "actionlog": {"act_type": 1, "act_code": 300, "oid": "1022:231522ad42ba1eab4339167318abca92b744ae", "uuid": 4782845754343570, "cardid": "", "lcardid": "", "uicode": "", "luicode": "", "fid": "1076033073217815_-_WEIBO_SECOND_PROFILE_WEIBO", "lfid": "", "ext": "mid:4974845329411654|rid:5_0_50_5135376955697938734_0_0_0|short_url:|long_url:|comment_id:|miduid:3073217815|rootmid:4974845329411654|rootuid:2060419113|authorid:|uuid:4782845754343570|is_ad_weibo:0"}}], "mblogtype": 0, "showFeedRepost": false, "showFeedComment": false, "pictureViewerSign": false, "showPictureViewer": false, "rcList": [], "text": "收到🫡", "region_name": "发布于 浙江", "customIcons": [], "retweeted_status": {"visible": {"type": 0, "list_id": 0}, "created_at": "Sun Dec 03 12:50:17 +0800 2023", "id": 4974845329411654, "idstr": "4974845329411654", "mid": "4974845329411654", "mblogid": "Nvp4gDuoS", "user": {"id": 2060419113, "idstr": "2060419113", "pc_new": 0, "screen_name": "成毅", "profile_image_url": "https://tvax1.sinaimg.cn/crop.0.0.1080.1080.50/002frj8lly8hj4a1cc148j60u00u0gon02.jpg?KID=imgbed,tva&amp;Expires=1704748183&amp;ssig=u8SalrpKAC", "profile_url": "/u/2060419113", "verified": true, "verified_type": 0, "domain": "", "weihao": "", "verified_type_ext": 1, "avatar_large": "https://tvax1.sinaimg.cn/crop.0.0.1080.1080.180/002frj8lly8hj4a1cc148j60u00u0gon02.jpg?KID=imgbed,tva&amp;Expires=1704748183&amp;ssig=1m0x96ms2O", "avatar_hd": "https://tvax1.sinaimg.cn/crop.0.0.1080.1080.1024/002frj8lly8hj4a1cc148j60u00u0gon02.jpg?KID=imgbed,tva&amp;Expires=1704748183&amp;ssig=lTGqjhXvKc", "follow_me": false, "following": false, "mbrank": 8, "mbtype": 12, "v_plus": 0, "planet_video": false, "icon_list": [{"type": "vip", "data": {"mbrank": 8, "mbtype": 12, "svip": 1, "vvip": 0}}]}, "can_edit": false, "text_raw": "微光所向，热爱同行！用热爱与坚守建构精彩视界，一同见证荣耀辉光。12月5日，2023#微博视界大会#暨微光盛典，现场见！ ​​​", "textLength": 111, "annotations": [{"photo_sub_type": "0"}, {"client_mblogid": "iPhone-EAFDA9DF-1E74-465D-9FD0-67C580CDF2EA"}, {"source_text": "🐳", "phone_id": "1399"}, {"mapi_request": true}], "source": "🐳iPhone客户端", "favorited": false, "buttons": [{"type": "follow", "name": "加关注", "params": {"uid": 2060419113, "disable_group": 1, "extparams": {"followcardid": "1008080010_"}}, "actionlog": {"act_code": "92", "oid": "4974845329411654"}}], "rid": "5_0_50_5135376955697938734_0_0_0", "cardid": "star_318", "pic_ids": ["002frj8lly1hkgi6uoy0ej60u01pt4qq02"], "pic_focus_point": [{"focus_point": {"left": 0.43623188, "top": 0.24331927, "width": 0.22753623, "height": 0.15611814}, "pic_id": "002frj8lly1hkgi6uoy0ej60u01pt4qq02"}], "geo": "", "pic_num": 1, "pic_infos": {"002frj8lly1hkgi6uoy0ej60u01pt4qq02": {"thumbnail": {"url": "https://wx4.sinaimg.cn/wap180/002frj8lly1hkgi6uoy0ej60u01pt4qq02.jpg", "width": 87, "height": 180, "cut_type": 1, "type": ""}, "bmiddle": {"url": "https://wx4.sinaimg.cn/wap360/002frj8lly1hkgi6uoy0ej60u01pt4qq02.jpg", "width": 174, "height": 360, "cut_type": 1, "type": ""}, "large": {"url": "https://wx4.sinaimg.cn/orj960/002frj8lly1hkgi6uoy0ej60u01pt4qq02.jpg", "width": 960, "height": 1977, "cut_type": 1, "type": ""}, "original": {"url": "https://wx4.sinaimg.cn/orj1080/002frj8lly1hkgi6uoy0ej60u01pt4qq02.jpg", "width": 1080, "height": 2225, "cut_type": 1, "type": ""}, "largest": {"url": "https://wx4.sinaimg.cn/large/002frj8lly1hkgi6uoy0ej60u01pt4qq02.jpg", "width": 1080, "height": 2225, "cut_type": 1, "type": ""}, "mw2000": {"url": "https://wx4.sinaimg.cn/mw2000/002frj8lly1hkgi6uoy0ej60u01pt4qq02.jpg", "width": 1080, "height": 2225, "cut_type": 1, "type": ""}, "focus_point": {"left": 0.43623188, "top": 0.24331927, "width": 0.22753623, "height": 0.15611814}, "object_id": "1042018:6505536a07c54e0a7d85e7bbfc9ea536", "pic_id": "002frj8lly1hkgi6uoy0ej60u01pt4qq02", "photo_tag": 0, "type": "pic", "pic_status": 1}}, "is_paid": false, "mblog_vip_type": 0, "number_display_strategy": {"apply_scenario_flag": 3, "display_text_min_number": 1000000, "display_text": "100万+"}, "reposts_count": 1000000, "comments_count": 1000000, "attitudes_count": 3310749, "attitudes_status": 0, "isLongText": false, "mlevel": 0, "content_auth": 0, "is_show_bulletin": 2, "comment_manage_info": {"comment_permission_type": -1, "approval_comment_type": 0, "comment_sort_type": 0, "ai_play_picture_type": 0}, "mblogtype": 0, "showFeedRepost": false, "showFeedComment": false, "pictureViewerSign": false, "showPictureViewer": false, "rcList": [], "text": "微光所向，热爱同行！用热爱与坚守建构精彩视界，一同见证荣耀辉光。12月5日，2023&lt;a href=\"//s.weibo.com/weibo?q=%23%E5%BE%AE%E5%8D%9A%E8%A7%86%E7%95%8C%E5%A4%A7%E4%BC%9A%23\" target=\"_blank\"&gt;#微博视界大会#&lt;/a&gt;暨微光盛典，现场见！ ​​​", "region_name": "发布于 北京", "customIcons": []}}