{"visible": {"type": 0, "list_id": 0}, "created_at": "Tue Dec 05 21:29:13 +0800 2023", "id": 4975700696105856, "idstr": "4975700696105856", "mid": "4975700696105856", "mblogid": "NvLjTpCpy", "user": {"id": 3073217815, "idstr": "3073217815", "pc_new": 0, "screen_name": "七十七只绵羊", "profile_image_url": "https://tvax3.sinaimg.cn/crop.0.0.512.512.50/b72d9517ly8hf8e0vpc8ej20e80e8myg.jpg?KID=imgbed,tva&amp;Expires=1704748183&amp;ssig=vatpMum9e%2F", "profile_url": "/u/3073217815", "verified": true, "verified_type": 0, "domain": "", "weihao": "", "verified_type_ext": 0, "avatar_large": "https://tvax3.sinaimg.cn/crop.0.0.512.512.180/b72d9517ly8hf8e0vpc8ej20e80e8myg.jpg?KID=imgbed,tva&amp;Expires=1704748183&amp;ssig=aGDrCM2wSl", "avatar_hd": "https://tvax3.sinaimg.cn/crop.0.0.512.512.1024/b72d9517ly8hf8e0vpc8ej20e80e8myg.jpg?KID=imgbed,tva&amp;Expires=1704748183&amp;ssig=dRAEnoVyNr", "follow_me": false, "following": false, "mbrank": 5, "mbtype": 11, "v_plus": 0, "planet_video": false, "icon_list": [{"type": "vip", "data": {"mbrank": 5, "mbtype": 11, "svip": 1, "vvip": 0}}]}, "can_edit": false, "text_raw": "#成毅 礼仪小姐请下班#\n哈哈哈哈哈哈哈哥哥 我真的被你笑亖[允悲] ​​​", "textLength": 61, "annotations": [{"photo_sub_type": "0,0"}, {"ann_ext": "ann_ext:search|t:31|q:成毅 礼仪小姐请下班|creator_source:bottomsendweibo"}, {"client_mblogid": "iPhone-0EDEC629-CB86-4D88-8CF8-F91D35D2F83B"}, {"source_text": "", "phone_id": "1399"}, {"mapi_request": true}], "source": "iPhone客户端", "favorited": false, "rid": "3_0_50_5135376955697938734_0_0_0", "cardid": "raresvip_0052001143", "pic_ids": ["b72d9517gy1hkj8fb4t7xj20a807s74h", "b72d9517gy1hkj8fbel5vj20sd0t2gni"], "pic_focus_point": [{"focus_point": {"left": 0, "top": 0, "width": 1, "height": 1}, "pic_id": "b72d9517gy1hkj8fbel5vj20sd0t2gni"}, {"focus_point": {"left": 0.33152175, "top": 0.16071428, "width": 0.3097826, "height": 0.08214286}, "pic_id": "b72d9517gy1hkj8fb4t7xj20a807s74h"}], "pic_num": 2, "pic_infos": {"b72d9517gy1hkj8fb4t7xj20a807s74h": {"thumbnail": {"url": "https://wx3.sinaimg.cn/wap180/b72d9517gy1hkj8fb4t7xj20a807s74h.jpg", "width": 180, "height": 136, "cut_type": 1, "type": ""}, "bmiddle": {"url": "https://wx3.sinaimg.cn/wap360/b72d9517gy1hkj8fb4t7xj20a807s74h.jpg", "width": 360, "height": 273, "cut_type": 1, "type": ""}, "large": {"url": "https://wx3.sinaimg.cn/orj960/b72d9517gy1hkj8fb4t7xj20a807s74h.jpg", "width": 368, "height": 280, "cut_type": 1, "type": ""}, "original": {"url": "https://wx3.sinaimg.cn/orj1080/b72d9517gy1hkj8fb4t7xj20a807s74h.jpg", "width": 368, "height": 280, "cut_type": 1, "type": ""}, "largest": {"url": "https://wx3.sinaimg.cn/large/b72d9517gy1hkj8fb4t7xj20a807s74h.jpg", "width": 368, "height": 280, "cut_type": 1, "type": ""}, "mw2000": {"url": "https://wx3.sinaimg.cn/mw2000/b72d9517gy1hkj8fb4t7xj20a807s74h.jpg", "width": 368, "height": 280, "cut_type": 1, "type": ""}, "focus_point": {"left": 0.33152175, "top": 0.16071428, "width": 0.3097826, "height": 0.08214286}, "object_id": "1042018:7bff326ff12758e866235d918f88a424", "pic_id": "b72d9517gy1hkj8fb4t7xj20a807s74h", "photo_tag": 0, "type": "pic", "pic_status": 0}, "b72d9517gy1hkj8fbel5vj20sd0t2gni": {"thumbnail": {"url": "https://wx4.sinaimg.cn/wap180/b72d9517gy1hkj8fbel5vj20sd0t2gni.jpg", "width": 175, "height": 180, "cut_type": 1, "type": ""}, "bmiddle": {"url": "https://wx4.sinaimg.cn/wap360/b72d9517gy1hkj8fbel5vj20sd0t2gni.jpg", "width": 351, "height": 360, "cut_type": 1, "type": ""}, "large": {"url": "https://wx4.sinaimg.cn/orj960/b72d9517gy1hkj8fbel5vj20sd0t2gni.jpg", "width": 960, "height": 983, "cut_type": 1, "type": ""}, "original": {"url": "https://wx4.sinaimg.cn/orj1080/b72d9517gy1hkj8fbel5vj20sd0t2gni.jpg", "width": 1021, "height": 1046, "cut_type": 1, "type": ""}, "largest": {"url": "https://wx4.sinaimg.cn/large/b72d9517gy1hkj8fbel5vj20sd0t2gni.jpg", "width": 1021, "height": 1046, "cut_type": 1, "type": ""}, "mw2000": {"url": "https://wx4.sinaimg.cn/mw2000/b72d9517gy1hkj8fbel5vj20sd0t2gni.jpg", "width": 1021, "height": 1046, "cut_type": 1, "type": ""}, "focus_point": {"left": 0, "top": 0, "width": 1, "height": 1}, "object_id": "1042018:9ba6c42c5588f672dfb364fa45b6d3f9", "pic_id": "b72d9517gy1hkj8fbel5vj20sd0t2gni", "photo_tag": 0, "type": "pic", "pic_status": 0}}, "is_paid": false, "pic_bg_new": "http://vip.storage.weibo.com/feed_cover/raresvip_0052001143_mobile_new.png?version=2021091501", "mblog_vip_type": 0, "number_display_strategy": {"apply_scenario_flag": 3, "display_text_min_number": 1000000, "display_text": "100万+"}, "reposts_count": 0, "comments_count": 2, "attitudes_count": 2, "attitudes_status": 0, "isLongText": false, "mlevel": 0, "content_auth": 0, "is_show_bulletin": 2, "comment_manage_info": {"comment_permission_type": -1, "approval_comment_type": 0, "comment_sort_type": 0}, "share_repost_type": 0, "topic_struct": [{"title": "", "topic_url": "sinaweibo://searchall?containerid=231522&amp;q=%23%E6%88%90%E6%AF%85%20%E7%A4%BC%E4%BB%AA%E5%B0%8F%E5%A7%90%E8%AF%B7%E4%B8%8B%E7%8F%AD%23&amp;extparam=%23%E6%88%90%E6%AF%85%20%E7%A4%BC%E4%BB%AA%E5%B0%8F%E5%A7%90%E8%AF%B7%E4%B8%8B%E7%8F%AD%23", "topic_title": "成毅 礼仪小姐请下班", "actionlog": {"act_type": 1, "act_code": 300, "oid": "1022:23152204db2090412a732ec771ee0979a8ccaa", "uuid": 4975648111067314, "cardid": "", "lcardid": "", "uicode": "", "luicode": "", "fid": "1076033073217815_-_WEIBO_SECOND_PROFILE_WEIBO", "lfid": "", "ext": "mid:4975700696105856|rid:3_0_50_5135376955697938734_0_0_0|short_url:|long_url:|comment_id:|miduid:3073217815|rootmid:4975700696105856|rootuid:3073217815|authorid:|uuid:4975648111067314|is_ad_weibo:0"}}], "mblogtype": 0, "showFeedRepost": false, "showFeedComment": false, "pictureViewerSign": false, "showPictureViewer": false, "rcList": [], "text": "&lt;a href=\"//s.weibo.com/weibo?q=%23%E6%88%90%E6%AF%85%20%E7%A4%BC%E4%BB%AA%E5%B0%8F%E5%A7%90%E8%AF%B7%E4%B8%8B%E7%8F%AD%23\" target=\"_blank\"&gt;#成毅 礼仪小姐请下班#&lt;/a&gt;&lt;br /&gt;哈哈哈哈哈哈哈哥哥 我真的被你笑亖&lt;img alt=\"[允悲]\" title=\"[允悲]\" src=\"https://face.t.sinajs.cn/t4/appstyle/expression/ext/normal/83/2018new_kuxiao_org.png\" /&gt; ​​​", "region_name": "发布于 浙江", "customIcons": []}