{"visible": {"type": 0, "list_id": 0}, "created_at": "Thu Dec 14 10:45:57 +0800 2023", "id": 4978800306162033, "idstr": "4978800306162033", "mid": "4978800306162033", "mblogid": "Nx3XgpR1D", "user": {"id": 3073217815, "idstr": "3073217815", "pc_new": 0, "screen_name": "七十七只绵羊", "profile_image_url": "https://tvax3.sinaimg.cn/crop.0.0.512.512.50/b72d9517ly8hf8e0vpc8ej20e80e8myg.jpg?KID=imgbed,tva&amp;Expires=1704748168&amp;ssig=7mybZhNHNB", "profile_url": "/u/3073217815", "verified": true, "verified_type": 0, "domain": "", "weihao": "", "verified_type_ext": 0, "avatar_large": "https://tvax3.sinaimg.cn/crop.0.0.512.512.180/b72d9517ly8hf8e0vpc8ej20e80e8myg.jpg?KID=imgbed,tva&amp;Expires=1704748168&amp;ssig=CaoqM5%2F3hQ", "avatar_hd": "https://tvax3.sinaimg.cn/crop.0.0.512.512.1024/b72d9517ly8hf8e0vpc8ej20e80e8myg.jpg?KID=imgbed,tva&amp;Expires=1704748168&amp;ssig=1kKTLi5KIt", "follow_me": false, "following": false, "mbrank": 5, "mbtype": 11, "v_plus": 0, "planet_video": false, "icon_list": [{"type": "vip", "data": {"mbrank": 5, "mbtype": 11, "svip": 1, "vvip": 0}}]}, "can_edit": false, "text_raw": "期待大帅仔", "annotations": [{"mapi_request": true}], "source": "iPhone客户端", "favorited": false, "mark": "999_reallog_mark_ad:999|WeiboADNatural", "rid": "23_0_50_5135374224098720434_0_0_0", "cardid": "raresvip_0052001143", "pic_ids": [], "pic_num": 0, "is_paid": false, "pic_bg_new": "http://vip.storage.weibo.com/feed_cover/raresvip_0052001143_mobile_new.png?version=2021091501", "mblog_vip_type": 0, "number_display_strategy": {"apply_scenario_flag": 3, "display_text_min_number": 1000000, "display_text": "100万+"}, "reposts_count": 0, "comments_count": 0, "attitudes_count": 0, "attitudes_status": 0, "isLongText": false, "mlevel": 0, "content_auth": 0, "is_show_bulletin": 2, "comment_manage_info": {"comment_permission_type": -1, "approval_comment_type": 0, "comment_sort_type": 0}, "repost_type": 1, "share_repost_type": 0, "topic_struct": [{"title": "", "topic_url": "sinaweibo://searchall?containerid=231522&amp;q=%23%E6%88%91%E5%9C%A8%E5%BE%AE%E5%8D%9A%E9%A2%84%E7%BA%A62024%23&amp;extparam=%23%E6%88%91%E5%9C%A8%E5%BE%AE%E5%8D%9A%E9%A2%84%E7%BA%A62024%23", "topic_title": "我在微博预约2024", "actionlog": {"act_type": 1, "act_code": 300, "oid": "1022:2315221d65386085d980107e1973156687d7e2", "uuid": 4978184666743004, "cardid": "", "lcardid": "", "uicode": "", "luicode": "", "fid": "1076033073217815_-_WEIBO_SECOND_PROFILE_WEIBO", "lfid": "", "ext": "mid:4978798728580674|rid:23_0_50_5135374224098720434_0_0_0|miduid:3073217815|rootmid:4978798728580674|rootuid:2060419113|authorid:|uuid:4978184666743004|is_ad_weibo:1"}}, {"title": "", "topic_url": "sinaweibo://searchall?containerid=231522&amp;q=%23%E5%BE%AE%E5%8D%9A%E8%B7%A8%E5%B9%B4%E7%8B%82%E6%AC%A2%E8%8A%82%23", "topic_title": "微博跨年狂欢节", "actionlog": {"act_type": 1, "act_code": 300, "oid": "1022:2315223eb5298ecbee6522338b55dfb2b42934", "uuid": 4213008107578010, "cardid": "", "lcardid": "", "uicode": "", "luicode": "", "fid": "1076033073217815_-_WEIBO_SECOND_PROFILE_WEIBO", "lfid": "", "ext": "mid:4978798728580674|rid:23_0_50_5135374224098720434_0_0_0|miduid:3073217815|rootmid:4978798728580674|rootuid:2060419113|authorid:|uuid:4213008107578010|is_ad_weibo:1"}}], "url_struct": [{"url_title": "微博跨年狂欢节", "url_type_pic": "https://h5.sinaimg.cn/upload/2015/09/25/3/timeline_card_small_web.png", "ori_url": "https://m.weibo.cn/c/wbox?id=l331zrkexk&amp;cid=1026&amp;from=1FFFF96039&amp;weiboauthoruid=2060419113&amp;mark_id=999_reallog_mark_ad%253A999%257CWeiboADNatural", "page_id": "232723_vote_1026", "short_url": "http://t.cn/A6lUKqsO", "long_url": "https://m.weibo.cn/c/wbox?id=l331zrkexk&amp;cid=1026&amp;mark_id=999_reallog_mark_ad%3A999%7CWeiboADNatural", "url_type": 39, "result": true, "actionlog": {"act_type": 1, "act_code": 300, "oid": "1022:232723_vote_1026", "uuid": 4976641980760236, "cardid": "", "lcardid": "", "uicode": "", "luicode": "", "fid": "1076033073217815_-_WEIBO_SECOND_PROFILE_WEIBO", "lfid": "", "ext": "mid:4978798728580674|rid:23_0_50_5135374224098720434_0_0_0|miduid:3073217815|rootmid:4978798728580674|rootuid:2060419113|authorid:|uuid:4976641980760236|is_ad_weibo:1|analysis_card:url_struct"}, "storage_type": "", "hide": 0, "object_type": "", "h5_target_url": "https://m.weibo.cn/c/wbox?id=l331zrkexk&amp;cid=1026&amp;from=1FFFF96039&amp;weiboauthoruid=2060419113", "need_save_obj": 0, "log": "su=A6lUKqsO&amp;mark=999_reallog_mark_ad:999|WeiboADNatural&amp;mid=4978798728580674"}], "mblogtype": 0, "showFeedRepost": false, "showFeedComment": false, "pictureViewerSign": false, "showPictureViewer": false, "rcList": [], "text": "期待大帅仔", "region_name": "发布于 浙江", "customIcons": [], "retweeted_status": {"visible": {"type": 0, "list_id": 0}, "created_at": "Thu Dec 14 10:39:41 +0800 2023", "id": 4978798728580674, "idstr": "4978798728580674", "mid": "4978798728580674", "mblogid": "Nx3UIA0dY", "user": {"id": 2060419113, "idstr": "2060419113", "pc_new": 0, "screen_name": "成毅", "profile_image_url": "https://tvax1.sinaimg.cn/crop.0.0.1080.1080.50/002frj8lly8hj4a1cc148j60u00u0gon02.jpg?KID=imgbed,tva&amp;Expires=1704748168&amp;ssig=JBQHpe4ei8", "profile_url": "/u/2060419113", "verified": true, "verified_type": 0, "domain": "", "weihao": "", "verified_type_ext": 1, "avatar_large": "https://tvax1.sinaimg.cn/crop.0.0.1080.1080.180/002frj8lly8hj4a1cc148j60u00u0gon02.jpg?KID=imgbed,tva&amp;Expires=1704748168&amp;ssig=ejuWRNc9gL", "avatar_hd": "https://tvax1.sinaimg.cn/crop.0.0.1080.1080.1024/002frj8lly8hj4a1cc148j60u00u0gon02.jpg?KID=imgbed,tva&amp;Expires=1704748168&amp;ssig=KPcpKVWaWe", "follow_me": false, "following": false, "mbrank": 8, "mbtype": 12, "v_plus": 0, "planet_video": false, "icon_list": [{"type": "vip", "data": {"mbrank": 8, "mbtype": 12, "svip": 1, "vvip": 0}}]}, "can_edit": false, "text_raw": "#我在微博预约2024#来微博，预约2024！2023年，在大家一次次的作品预约和关注下，我收获到了很多力量和感动。2024#微博跨年狂欢节#，我会陪你们预约更多惊喜。进入【http://t.cn/A6lUKqsO】我们一起同赴新程！ ​​​", "textLength": 194, "annotations": [{"photo_sub_type": "0"}, {"client_mblogid": "iPhone-4CBBC531-BE89-41A7-AB56-F78C4480601B"}, {"source_text": "🐳", "phone_id": "1399"}, {"mapi_request": true}], "source": "🐳iPhone客户端", "favorited": false, "buttons": [{"type": "follow", "name": "加关注", "params": {"uid": 2060419113, "disable_group": 1, "extparams": {"followcardid": "1008080010_"}}, "actionlog": {"act_code": "92", "oid": "4978798728580674"}}], "mark": "999_reallog_mark_ad:999|WeiboADNatural", "rid": "23_0_50_5135374224098720434_0_0_0", "cardid": "star_318", "pic_ids": ["002frj8lly1hkt459opzwj60u01on4qq02"], "pic_focus_point": [{"focus_point": {"left": 0.46086955, "top": 0.18494624, "width": 0.20144928, "height": 0.13476703}, "pic_id": "002frj8lly1hkt459opzwj60u01on4qq02"}], "geo": "", "pic_num": 1, "pic_infos": {"002frj8lly1hkt459opzwj60u01on4qq02": {"thumbnail": {"url": "https://wx4.sinaimg.cn/wap180/002frj8lly1hkt459opzwj60u01on4qq02.jpg", "width": 89, "height": 180, "cut_type": 1, "type": ""}, "bmiddle": {"url": "https://wx4.sinaimg.cn/wap360/002frj8lly1hkt459opzwj60u01on4qq02.jpg", "width": 178, "height": 360, "cut_type": 1, "type": ""}, "large": {"url": "https://wx4.sinaimg.cn/orj960/002frj8lly1hkt459opzwj60u01on4qq02.jpg", "width": 960, "height": 1940, "cut_type": 1, "type": ""}, "original": {"url": "https://wx4.sinaimg.cn/orj1080/002frj8lly1hkt459opzwj60u01on4qq02.jpg", "width": 1080, "height": 2183, "cut_type": 1, "type": ""}, "largest": {"url": "https://wx4.sinaimg.cn/large/002frj8lly1hkt459opzwj60u01on4qq02.jpg", "width": 1080, "height": 2183, "cut_type": 1, "type": ""}, "mw2000": {"url": "https://wx4.sinaimg.cn/mw2000/002frj8lly1hkt459opzwj60u01on4qq02.jpg", "width": 1080, "height": 2183, "cut_type": 1, "type": ""}, "focus_point": {"left": 0.46086955, "top": 0.18494624, "width": 0.20144928, "height": 0.13476703}, "object_id": "1042018:0e811ec07b5ad98543550d344bb080b7", "pic_id": "002frj8lly1hkt459opzwj60u01on4qq02", "photo_tag": 0, "type": "pic", "pic_status": 1, "actionlog": [{"mid": "4978798728580674", "oid": "002frj8lly1hkt459opzwj60u01on4qq02", "act_type": 1, "source": "ad", "code": "50000004", "mark": "999_reallog_mark_ad:999|WeiboADNatural", "atype": "1", "ext": ""}, {"mid": "4978798728580674", "oid": "002frj8lly1hkt459opzwj60u01on4qq02", "act_type": 1, "source": "ad", "code": "27000004", "mark": "999_reallog_mark_ad:999|WeiboADNatural", "atype": "2"}]}}, "is_paid": false, "mblog_vip_type": 0, "number_display_strategy": {"apply_scenario_flag": 3, "display_text_min_number": 1000000, "display_text": "100万+"}, "reposts_count": 1000000, "comments_count": 1000000, "attitudes_count": 4041606, "attitudes_status": 0, "isLongText": false, "mlevel": 0, "content_auth": 0, "is_show_bulletin": 2, "comment_manage_info": {"comment_permission_type": -1, "approval_comment_type": 0, "comment_sort_type": 0, "ai_play_picture_type": 0}, "mblogtype": 0, "showFeedRepost": false, "showFeedComment": false, "pictureViewerSign": false, "showPictureViewer": false, "rcList": [], "text": "&lt;a href=\"//s.weibo.com/weibo?q=%23%E6%88%91%E5%9C%A8%E5%BE%AE%E5%8D%9A%E9%A2%84%E7%BA%A62024%23\" target=\"_blank\"&gt;#我在微博预约2024#&lt;/a&gt;来微博，预约2024！2023年，在大家一次次的作品预约和关注下，我收获到了很多力量和感动。2024&lt;a href=\"//s.weibo.com/weibo?q=%23%E5%BE%AE%E5%8D%9A%E8%B7%A8%E5%B9%B4%E7%8B%82%E6%AC%A2%E8%8A%82%23\" target=\"_blank\"&gt;#微博跨年狂欢节#&lt;/a&gt;，我会陪你们预约更多惊喜。进入【&lt;a target=\"_blank\" href=\"https://m.weibo.cn/c/wbox?id=l331zrkexk&amp;cid=1026&amp;mark_id=999_reallog_mark_ad%3A999%7CWeiboADNatural\"&gt;&lt;img class=\"icon-link\" src=\"https://h5.sinaimg.cn/upload/2015/09/25/3/timeline_card_small_web_default.png\"/&gt;微博跨年狂欢节&lt;/a&gt;】我们一起同赴新程！ ​​​", "region_name": "发布于 北京", "customIcons": []}, "page_info": {"type": 0, "page_id": "232723_vote_1026", "object_type": "webpage", "tips": "", "page_desc": "预约2024 让更好发生， 赢跨年晚会现场门票 奔赴圆梦之旅~", "page_title": "微博跨年狂欢节", "page_pic": "https://n.sinaimg.cn/default/203ebc65/20231225/FaBo@3x.png", "type_icon": "", "page_url": "https://m.weibo.cn/c/wbox?id=l331zrkexk&amp;cid=1026&amp;from=1FFFF96039&amp;weiboauthoruid=2060419113&amp;mark_id=999_reallog_mark_ad%253A999%257CWeiboADNatural", "object_id": "1022:232723_vote_1026", "act_status": 0, "actionlog": {"act_type": 1, "act_code": 300, "oid": "1022:232723_vote_1026", "uuid": 4976641980760236, "cardid": "", "lcardid": "", "uicode": "", "luicode": "", "fid": "1076033073217815_-_WEIBO_SECOND_PROFILE_WEIBO", "lfid": "", "ext": "mid:4978798728580674|rid:23_0_50_5135374224098720434_0_0_0|miduid:3073217815|rootmid:4978798728580674|rootuid:2060419113|authorid:|uuid:4976641980760236|is_ad_weibo:1|analysis_card:page_info"}}}