{"visible": {"type": 0, "list_id": 0}, "created_at": "Thu Dec 14 11:48:06 +0800 2023", "id": 4978815949865448, "idstr": "4978815949865448", "mid": "4978815949865448", "mblogid": "Nx4muFos8", "user": {"id": 3073217815, "idstr": "3073217815", "pc_new": 0, "screen_name": "七十七只绵羊", "profile_image_url": "https://tvax3.sinaimg.cn/crop.0.0.512.512.50/b72d9517ly8hf8e0vpc8ej20e80e8myg.jpg?KID=imgbed,tva&amp;Expires=1704748168&amp;ssig=7mybZhNHNB", "profile_url": "/u/3073217815", "verified": true, "verified_type": 0, "domain": "", "weihao": "", "verified_type_ext": 0, "avatar_large": "https://tvax3.sinaimg.cn/crop.0.0.512.512.180/b72d9517ly8hf8e0vpc8ej20e80e8myg.jpg?KID=imgbed,tva&amp;Expires=1704748168&amp;ssig=CaoqM5%2F3hQ", "avatar_hd": "https://tvax3.sinaimg.cn/crop.0.0.512.512.1024/b72d9517ly8hf8e0vpc8ej20e80e8myg.jpg?KID=imgbed,tva&amp;Expires=1704748168&amp;ssig=1kKTLi5KIt", "follow_me": false, "following": false, "mbrank": 5, "mbtype": 11, "v_plus": 0, "planet_video": false, "icon_list": [{"type": "vip", "data": {"mbrank": 5, "mbtype": 11, "svip": 1, "vvip": 0}}]}, "can_edit": false, "text_raw": "我正在#微博跨年狂欢节#预约2024跨年嘉宾，还有机会赢跨年晚会现场门票！@淇实我是一支绿果果-  快来和我一起参与吧~ ~ http://t.cn/A6l5dVWM ​​​", "textLength": 132, "annotations": [{"shooting": 1, "client_mblogid": "iPhone-7A086BE2-DFF3-4F32-834A-DBD0E5A609C8"}, {"source_text": "", "phone_id": "1399"}, {"mapi_request": true}], "source": "iPhone客户端", "favorited": false, "rid": "22_0_50_5135374224098720434_0_0_0", "cardid": "raresvip_0052001143", "pic_ids": [], "pic_num": 0, "is_paid": false, "pic_bg_new": "http://vip.storage.weibo.com/feed_cover/raresvip_0052001143_mobile_new.png?version=2021091501", "mblog_vip_type": 0, "number_display_strategy": {"apply_scenario_flag": 3, "display_text_min_number": 1000000, "display_text": "100万+"}, "reposts_count": 0, "comments_count": 0, "attitudes_count": 0, "attitudes_status": 0, "isLongText": false, "mlevel": 0, "content_auth": 0, "is_show_bulletin": 2, "comment_manage_info": {"comment_permission_type": -1, "approval_comment_type": 0, "comment_sort_type": 0}, "share_repost_type": 0, "topic_struct": [{"title": "", "topic_url": "sinaweibo://searchall?containerid=231522&amp;q=%23%E5%BE%AE%E5%8D%9A%E8%B7%A8%E5%B9%B4%E7%8B%82%E6%AC%A2%E8%8A%82%23", "topic_title": "微博跨年狂欢节", "actionlog": {"act_type": 1, "act_code": 300, "oid": "1022:2315223eb5298ecbee6522338b55dfb2b42934", "uuid": 4213008107578010, "cardid": "", "lcardid": "", "uicode": "", "luicode": "", "fid": "1076033073217815_-_WEIBO_SECOND_PROFILE_WEIBO", "lfid": "", "ext": "mid:4978815949865448|rid:22_0_50_5135374224098720434_0_0_0|short_url:|long_url:|comment_id:|miduid:3073217815|rootmid:4978815949865448|rootuid:3073217815|authorid:|uuid:4213008107578010|is_ad_weibo:0"}}], "url_struct": [{"url_title": "微博跨年狂欢节", "url_type_pic": "https://h5.sinaimg.cn/upload/2015/09/25/3/timeline_card_small_web.png", "ori_url": "https://m.weibo.cn/c/wbox?id=l331zrkexk&amp;cid=1026&amp;from=1FFFF96039&amp;weiboauthoruid=3073217815", "page_id": "232723_vote_1026", "short_url": "http://t.cn/A6l5dVWM", "long_url": "http://weibo.com/p/232723_vote_1026", "url_type": 36, "result": false, "actionlog": {"act_type": 1, "act_code": 300, "oid": "1022:232723_vote_1026", "uuid": 4976641980760236, "cardid": "", "lcardid": "", "uicode": "", "luicode": "", "fid": "1076033073217815_-_WEIBO_SECOND_PROFILE_WEIBO", "lfid": "", "ext": "mid:4978815949865448|rid:22_0_50_5135374224098720434_0_0_0|short_url:http://t.cn/A6l5dVWM|long_url:http://weibo.com/p/232723_vote_1026|comment_id:|miduid:3073217815|rootmid:4978815949865448|rootuid:3073217815|authorid:|uuid:4976641980760236|is_ad_weibo:0|analysis_card:url_struct"}, "storage_type": "", "hide": 1, "object_type": "", "h5_target_url": "https://m.weibo.cn/c/wbox?id=l331zrkexk&amp;cid=1026&amp;from=1FFFF96039&amp;weiboauthoruid=3073217815", "need_save_obj": 0}], "mblogtype": 0, "showFeedRepost": false, "showFeedComment": false, "pictureViewerSign": false, "showPictureViewer": false, "rcList": [], "text": "我正在&lt;a href=\"//s.weibo.com/weibo?q=%23%E5%BE%AE%E5%8D%9A%E8%B7%A8%E5%B9%B4%E7%8B%82%E6%AC%A2%E8%8A%82%23\" target=\"_blank\"&gt;#微博跨年狂欢节#&lt;/a&gt;预约2024跨年嘉宾，还有机会赢跨年晚会现场门票！&lt;a href=/n/淇实我是一支绿果果- usercard=\"name=@淇实我是一支绿果果-\"&gt;@淇实我是一支绿果果-&lt;/a&gt;  快来和我一起参与吧~ ~  ​​​", "region_name": "发布于 浙江", "customIcons": [], "page_info": {"type": 0, "page_id": "232723_vote_1026", "object_type": "webpage", "tips": "", "page_desc": "预约2024 让更好发生， 赢跨年晚会现场门票 奔赴圆梦之旅~", "page_title": "微博跨年狂欢节", "page_pic": "https://n.sinaimg.cn/default/203ebc65/20231225/FaBo@3x.png", "type_icon": "", "page_url": "https://m.weibo.cn/c/wbox?id=l331zrkexk&amp;cid=1026&amp;from=1FFFF96039&amp;weiboauthoruid=3073217815", "object_id": "1022:232723_vote_1026", "act_status": 0, "actionlog": {"act_type": 1, "act_code": 300, "oid": "1022:232723_vote_1026", "uuid": 4976641980760236, "cardid": "", "lcardid": "", "uicode": "", "luicode": "", "fid": "1076033073217815_-_WEIBO_SECOND_PROFILE_WEIBO", "lfid": "", "ext": "mid:4978815949865448|rid:22_0_50_5135374224098720434_0_0_0|short_url:http://t.cn/A6l5dVWM|long_url:http://weibo.com/p/232723_vote_1026|comment_id:|miduid:3073217815|rootmid:4978815949865448|rootuid:3073217815|authorid:|uuid:4976641980760236|is_ad_weibo:0|analysis_card:page_info"}}}