{"visible": {"type": 0, "list_id": 0}, "created_at": "Mon Dec 18 20:06:39 +0800 2023", "id": 4980390963970509, "idstr": "4980390963970509", "mid": "4980390963970509", "mblogid": "NxJkQgEUt", "user": {"id": 3073217815, "idstr": "3073217815", "pc_new": 0, "screen_name": "七十七只绵羊", "profile_image_url": "https://tvax3.sinaimg.cn/crop.0.0.512.512.50/b72d9517ly8hf8e0vpc8ej20e80e8myg.jpg?KID=imgbed,tva&amp;Expires=1704748168&amp;ssig=7mybZhNHNB", "profile_url": "/u/3073217815", "verified": true, "verified_type": 0, "domain": "", "weihao": "", "verified_type_ext": 0, "avatar_large": "https://tvax3.sinaimg.cn/crop.0.0.512.512.180/b72d9517ly8hf8e0vpc8ej20e80e8myg.jpg?KID=imgbed,tva&amp;Expires=1704748168&amp;ssig=CaoqM5%2F3hQ", "avatar_hd": "https://tvax3.sinaimg.cn/crop.0.0.512.512.1024/b72d9517ly8hf8e0vpc8ej20e80e8myg.jpg?KID=imgbed,tva&amp;Expires=1704748168&amp;ssig=1kKTLi5KIt", "follow_me": false, "following": false, "mbrank": 5, "mbtype": 11, "v_plus": 0, "planet_video": false, "icon_list": [{"type": "vip", "data": {"mbrank": 5, "mbtype": 11, "svip": 1, "vvip": 0}}]}, "can_edit": false, "text_raw": "嘎嘎帅[haha]", "annotations": [{"mapi_request": true}], "source": "iPhone客户端", "favorited": false, "mark": "999_reallog_mark_ad:999|WeiboADNatural", "rid": "20_0_50_5135374224098720434_0_0_0", "cardid": "raresvip_0052001143", "pic_ids": [], "pic_num": 0, "is_paid": false, "pic_bg_new": "http://vip.storage.weibo.com/feed_cover/raresvip_0052001143_mobile_new.png?version=2021091501", "mblog_vip_type": 0, "number_display_strategy": {"apply_scenario_flag": 3, "display_text_min_number": 1000000, "display_text": "100万+"}, "reposts_count": 0, "comments_count": 1, "attitudes_count": 1, "attitudes_status": 0, "isLongText": false, "mlevel": 0, "content_auth": 0, "is_show_bulletin": 2, "comment_manage_info": {"comment_permission_type": -1, "approval_comment_type": 0, "comment_sort_type": 0}, "repost_type": 1, "share_repost_type": 0, "mblogtype": 0, "showFeedRepost": false, "showFeedComment": false, "pictureViewerSign": false, "showPictureViewer": false, "rcList": [], "text": "嘎嘎帅&lt;img alt=\"[haha]\" title=\"[haha]\" src=\"https://face.t.sinajs.cn/t4/appstyle/expression/ext/normal/1d/2018new_hahashoushi_org.png\" /&gt;", "region_name": "发布于 浙江", "customIcons": [], "retweeted_status": {"visible": {"type": 0, "list_id": 0}, "created_at": "Mon Dec 18 19:05:06 +0800 2023", "id": 4980375472835242, "idstr": "4980375472835242", "mid": "4980375472835242", "mblogid": "NxIVRbTzI", "user": {"id": 2060419113, "idstr": "2060419113", "pc_new": 0, "screen_name": "成毅", "profile_image_url": "https://tvax1.sinaimg.cn/crop.0.0.1080.1080.50/002frj8lly8hj4a1cc148j60u00u0gon02.jpg?KID=imgbed,tva&amp;Expires=1704748168&amp;ssig=JBQHpe4ei8", "profile_url": "/u/2060419113", "verified": true, "verified_type": 0, "domain": "", "weihao": "", "verified_type_ext": 1, "avatar_large": "https://tvax1.sinaimg.cn/crop.0.0.1080.1080.180/002frj8lly8hj4a1cc148j60u00u0gon02.jpg?KID=imgbed,tva&amp;Expires=1704748168&amp;ssig=ejuWRNc9gL", "avatar_hd": "https://tvax1.sinaimg.cn/crop.0.0.1080.1080.1024/002frj8lly8hj4a1cc148j60u00u0gon02.jpg?KID=imgbed,tva&amp;Expires=1704748168&amp;ssig=KPcpKVWaWe", "follow_me": false, "following": false, "mbrank": 8, "mbtype": 12, "v_plus": 0, "planet_video": false, "icon_list": [{"type": "vip", "data": {"mbrank": 8, "mbtype": 12, "svip": 1, "vvip": 0}}]}, "can_edit": false, "text_raw": "灵动璀璨，闪耀冬日，和@Chopard萧邦 一起，传递至臻心意。 ​​​", "textLength": 55, "annotations": [{"photo_sub_type": "0"}, {"client_mblogid": "iPhone-65868EC3-3D3C-47AC-9E4F-E5562823E74B"}, {"source_text": "🐳", "phone_id": "1399"}, {"mapi_request": true}], "source": "🐳iPhone客户端", "favorited": false, "buttons": [{"type": "follow", "name": "加关注", "params": {"uid": 2060419113, "disable_group": 1, "extparams": {"followcardid": "1008080010_"}}, "actionlog": {"act_code": "92", "oid": "4980375472835242"}}], "mark": "999_reallog_mark_ad:999|WeiboADNatural", "rid": "20_0_50_5135374224098720434_0_0_0", "cardid": "star_318", "pic_ids": ["002frj8lly1hky58kebz4j62yo3y8b2b02"], "pic_focus_point": [{"focus_point": {"left": 0.18405797, "top": 0.098913044, "width": 0.33043477, "height": 0.35217392}, "pic_id": "002frj8lly1hky58kebz4j62yo3y8b2b02"}], "geo": "", "pic_num": 1, "pic_infos": {"002frj8lly1hky58kebz4j62yo3y8b2b02": {"thumbnail": {"url": "https://wx3.sinaimg.cn/wap180/002frj8lly1hky58kebz4j62yo3y8b2b02.jpg", "width": 135, "height": 180, "cut_type": 1, "type": ""}, "bmiddle": {"url": "https://wx3.sinaimg.cn/wap360/002frj8lly1hky58kebz4j62yo3y8b2b02.jpg", "width": 270, "height": 360, "cut_type": 1, "type": ""}, "large": {"url": "https://wx3.sinaimg.cn/orj960/002frj8lly1hky58kebz4j62yo3y8b2b02.jpg", "width": 960, "height": 1279, "cut_type": 1, "type": ""}, "original": {"url": "https://wx3.sinaimg.cn/orj1080/002frj8lly1hky58kebz4j62yo3y8b2b02.jpg", "width": 1080, "height": 1439, "cut_type": 1, "type": ""}, "largest": {"url": "https://wx3.sinaimg.cn/large/002frj8lly1hky58kebz4j62yo3y8b2b02.jpg", "width": 2048, "height": 2730, "cut_type": 1, "type": ""}, "mw2000": {"url": "https://wx3.sinaimg.cn/mw2000/002frj8lly1hky58kebz4j62yo3y8b2b02.jpg", "width": 2000, "height": 2666, "cut_type": 1, "type": ""}, "focus_point": {"left": 0.18405797, "top": 0.098913044, "width": 0.33043477, "height": 0.35217392}, "object_id": "1042018:080a1bd3d6e7ac4355d86f4fdcd804aa", "pic_id": "002frj8lly1hky58kebz4j62yo3y8b2b02", "photo_tag": 0, "type": "pic", "pic_status": 1, "actionlog": [{"mid": "4980375472835242", "oid": "002frj8lly1hky58kebz4j62yo3y8b2b02", "act_type": 1, "source": "ad", "code": "50000004", "mark": "999_reallog_mark_ad:999|WeiboADNatural", "atype": "1", "ext": ""}, {"mid": "4980375472835242", "oid": "002frj8lly1hky58kebz4j62yo3y8b2b02", "act_type": 1, "source": "ad", "code": "27000004", "mark": "999_reallog_mark_ad:999|WeiboADNatural", "atype": "2"}]}}, "is_paid": false, "mblog_vip_type": 0, "number_display_strategy": {"apply_scenario_flag": 3, "display_text_min_number": 1000000, "display_text": "100万+"}, "reposts_count": 1000000, "comments_count": 1000000, "attitudes_count": 3090831, "attitudes_status": 0, "isLongText": false, "mlevel": 0, "content_auth": 0, "is_show_bulletin": 2, "comment_manage_info": {"comment_permission_type": -1, "approval_comment_type": 0, "comment_sort_type": 0, "ai_play_picture_type": 0}, "mblogtype": 0, "showFeedRepost": false, "showFeedComment": false, "pictureViewerSign": false, "showPictureViewer": false, "rcList": [], "text": "灵动璀璨，闪耀冬日，和&lt;a href=/n/Chopard萧邦 usercard=\"name=@Chopard萧邦\"&gt;@Chopard萧邦&lt;/a&gt; 一起，传递至臻心意。 ​​​", "region_name": "发布于 上海", "customIcons": []}}