{"visible": {"type": 0, "list_id": 0}, "created_at": "Thu Dec 21 15:07:40 +0800 2023", "id": 4981402883851133, "idstr": "4981402883851133", "mid": "4981402883851133", "mblogid": "Ny9EYg9R3", "user": {"id": 3073217815, "idstr": "3073217815", "pc_new": 0, "screen_name": "七十七只绵羊", "profile_image_url": "https://tvax3.sinaimg.cn/crop.0.0.512.512.50/b72d9517ly8hf8e0vpc8ej20e80e8myg.jpg?KID=imgbed,tva&amp;Expires=1704748168&amp;ssig=7mybZhNHNB", "profile_url": "/u/3073217815", "verified": true, "verified_type": 0, "domain": "", "weihao": "", "verified_type_ext": 0, "avatar_large": "https://tvax3.sinaimg.cn/crop.0.0.512.512.180/b72d9517ly8hf8e0vpc8ej20e80e8myg.jpg?KID=imgbed,tva&amp;Expires=1704748168&amp;ssig=CaoqM5%2F3hQ", "avatar_hd": "https://tvax3.sinaimg.cn/crop.0.0.512.512.1024/b72d9517ly8hf8e0vpc8ej20e80e8myg.jpg?KID=imgbed,tva&amp;Expires=1704748168&amp;ssig=1kKTLi5KIt", "follow_me": false, "following": false, "mbrank": 5, "mbtype": 11, "v_plus": 0, "planet_video": false, "icon_list": [{"type": "vip", "data": {"mbrank": 5, "mbtype": 11, "svip": 1, "vvip": 0}}]}, "can_edit": false, "text_raw": "远离一切消耗我的人和事\n所有的所有[努力] ​​​", "textLength": 39, "annotations": [{"photo_sub_type": "0"}, {"client_mblogid": "iPhone-55210089-17DE-4C28-9297-083594E7E8EC"}, {"source_text": "", "phone_id": "1399"}, {"mapi_request": true}], "source": "iPhone客户端", "favorited": false, "rid": "17_0_50_5135374224098720434_0_0_0", "cardid": "raresvip_0052001143", "pic_ids": ["b10c1bc2ly1hkaonkpfbij208c08cjrh"], "pic_focus_point": [{"focus_point": {"left": 0, "top": 0, "width": 1, "height": 1}, "pic_id": "b10c1bc2ly1hkaonkpfbij208c08cjrh"}], "pic_num": 1, "pic_infos": {"b10c1bc2ly1hkaonkpfbij208c08cjrh": {"thumbnail": {"url": "https://wx1.sinaimg.cn/wap180/b10c1bc2ly1hkaonkpfbij208c08cjrh.jpg", "width": 180, "height": 180, "cut_type": 1, "type": ""}, "bmiddle": {"url": "https://wx1.sinaimg.cn/wap360/b10c1bc2ly1hkaonkpfbij208c08cjrh.jpg", "width": 300, "height": 300, "cut_type": 1, "type": ""}, "large": {"url": "https://wx1.sinaimg.cn/orj960/b10c1bc2ly1hkaonkpfbij208c08cjrh.jpg", "width": 300, "height": 300, "cut_type": 1, "type": ""}, "original": {"url": "https://wx1.sinaimg.cn/orj1080/b10c1bc2ly1hkaonkpfbij208c08cjrh.jpg", "width": 300, "height": 300, "cut_type": 1, "type": ""}, "largest": {"url": "https://wx1.sinaimg.cn/large/b10c1bc2ly1hkaonkpfbij208c08cjrh.jpg", "width": 300, "height": 300, "cut_type": 1, "type": ""}, "mw2000": {"url": "https://wx1.sinaimg.cn/mw2000/b10c1bc2ly1hkaonkpfbij208c08cjrh.jpg", "width": 300, "height": 300, "cut_type": 1, "type": ""}, "focus_point": {"left": 0, "top": 0, "width": 1, "height": 1}, "object_id": "1042018:f0ab87c91f76c491e4cfd673bdddf829", "pic_id": "b10c1bc2ly1hkaonkpfbij208c08cjrh", "photo_tag": 0, "type": "pic", "pic_status": 0}}, "is_paid": false, "pic_bg_new": "http://vip.storage.weibo.com/feed_cover/raresvip_0052001143_mobile_new.png?version=2021091501", "mblog_vip_type": 0, "number_display_strategy": {"apply_scenario_flag": 3, "display_text_min_number": 1000000, "display_text": "100万+"}, "reposts_count": 0, "comments_count": 14, "attitudes_count": 2, "attitudes_status": 0, "isLongText": false, "mlevel": 0, "content_auth": 0, "is_show_bulletin": 2, "comment_manage_info": {"comment_permission_type": -1, "approval_comment_type": 0, "comment_sort_type": 0}, "share_repost_type": 0, "mblogtype": 0, "showFeedRepost": false, "showFeedComment": false, "pictureViewerSign": false, "showPictureViewer": false, "rcList": [], "text": "远离一切消耗我的人和事&lt;br /&gt;所有的所有&lt;img alt=\"[努力]\" title=\"[努力]\" src=\"https://face.t.sinajs.cn/t4/appstyle/expression/ext/normal/7c/2022_Keepgoing_org.png\" /&gt; ​​​", "region_name": "发布于 浙江", "customIcons": []}