{"visible": {"type": 0, "list_id": 0}, "created_at": "Fri Dec 22 18:53:52 +0800 2023", "id": 4981822197079725, "idstr": "4981822197079725", "mid": "4981822197079725", "mblogid": "NykzhtHL7", "user": {"id": 3073217815, "idstr": "3073217815", "pc_new": 0, "screen_name": "七十七只绵羊", "profile_image_url": "https://tvax3.sinaimg.cn/crop.0.0.512.512.50/b72d9517ly8hf8e0vpc8ej20e80e8myg.jpg?KID=imgbed,tva&amp;Expires=1704748168&amp;ssig=7mybZhNHNB", "profile_url": "/u/3073217815", "verified": true, "verified_type": 0, "domain": "", "weihao": "", "verified_type_ext": 0, "avatar_large": "https://tvax3.sinaimg.cn/crop.0.0.512.512.180/b72d9517ly8hf8e0vpc8ej20e80e8myg.jpg?KID=imgbed,tva&amp;Expires=1704748168&amp;ssig=CaoqM5%2F3hQ", "avatar_hd": "https://tvax3.sinaimg.cn/crop.0.0.512.512.1024/b72d9517ly8hf8e0vpc8ej20e80e8myg.jpg?KID=imgbed,tva&amp;Expires=1704748168&amp;ssig=1kKTLi5KIt", "follow_me": false, "following": false, "mbrank": 5, "mbtype": 11, "v_plus": 0, "planet_video": false, "icon_list": [{"type": "vip", "data": {"mbrank": 5, "mbtype": 11, "svip": 1, "vvip": 0}}]}, "can_edit": false, "text_raw": "啊啊啊 幸运之神能不能眷顾我一次@淇实我是一支绿果果- @诗淇入梦时 @富贵雪莉子  莉莉给我加持[拳头][拳头][拳头]", "annotations": [{"mapi_request": true}], "source": "iPhone客户端", "favorited": false, "rid": "16_0_50_5135374224098720434_0_0_0", "cardid": "raresvip_0052001143", "pic_ids": [], "pic_num": 0, "is_paid": false, "pic_bg_new": "http://vip.storage.weibo.com/feed_cover/raresvip_0052001143_mobile_new.png?version=2021091501", "mblog_vip_type": 0, "number_display_strategy": {"apply_scenario_flag": 3, "display_text_min_number": 1000000, "display_text": "100万+"}, "reposts_count": 0, "comments_count": 4, "attitudes_count": 1, "attitudes_status": 0, "isLongText": false, "mlevel": 0, "content_auth": 0, "is_show_bulletin": 2, "comment_manage_info": {"comment_permission_type": -1, "approval_comment_type": 0, "comment_sort_type": 0}, "repost_type": 3, "share_repost_type": 0, "topic_struct": [{"title": "", "topic_url": "sinaweibo://searchall?containerid=231522&amp;q=%23%E8%8A%92%E6%9E%9C%E8%B7%A8%E5%B9%B4%E7%83%AD%E7%83%88%E8%A1%97%E5%8C%BA%23&amp;extparam=%23%E8%8A%92%E6%9E%9C%E8%B7%A8%E5%B9%B4%E7%83%AD%E7%83%88%E8%A1%97%E5%8C%BA%23", "topic_title": "芒果跨年热烈街区", "actionlog": {"act_type": 1, "act_code": 300, "oid": "1022:231522e4bd07428453c837a68a60f8877c1492", "uuid": 4979564546883698, "cardid": "", "lcardid": "", "uicode": "", "luicode": "", "fid": "1076033073217815_-_WEIBO_SECOND_PROFILE_WEIBO", "lfid": "", "ext": "mid:4981805721060709|rid:16_0_50_5135374224098720434_0_0_0|short_url:|long_url:|comment_id:|miduid:3073217815|rootmid:4981805721060709|rootuid:5722859208|authorid:|uuid:4979564546883698|is_ad_weibo:0"}}, {"title": "", "topic_url": "sinaweibo://searchall?containerid=231522&amp;q=%23%E6%B5%B7%E5%8F%A3%E7%83%AD%E5%8A%9B%E5%9C%B0%E5%9B%BE%23&amp;extparam=%23%E6%B5%B7%E5%8F%A3%E7%83%AD%E5%8A%9B%E5%9C%B0%E5%9B%BE%23", "topic_title": "海口热力地图", "actionlog": {"act_type": 1, "act_code": 300, "oid": "1022:2315222ec4aeb59c8a26531d27fbca8645ae5d", "uuid": 4981805722632338, "cardid": "", "lcardid": "", "uicode": "", "luicode": "", "fid": "1076033073217815_-_WEIBO_SECOND_PROFILE_WEIBO", "lfid": "", "ext": "mid:4981805721060709|rid:16_0_50_5135374224098720434_0_0_0|short_url:|long_url:|comment_id:|miduid:3073217815|rootmid:4981805721060709|rootuid:5722859208|authorid:|uuid:4981805722632338|is_ad_weibo:0"}}, {"title": "", "topic_url": "sinaweibo://searchall?containerid=231522&amp;q=%23%E6%B9%96%E5%8D%97%E5%8D%AB%E8%A7%86%E8%B7%A8%E5%B9%B4%E6%99%9A%E4%BC%9A%23&amp;extparam=%23%E6%B9%96%E5%8D%97%E5%8D%AB%E8%A7%86%E8%B7%A8%E5%B9%B4%E6%99%9A%E4%BC%9A%23", "topic_title": "湖南卫视跨年晚会", "actionlog": {"act_type": 1, "act_code": 300, "oid": "1022:231522839319bb47803d7774946bbf215ba964", "uuid": 4213441161096403, "cardid": "", "lcardid": "", "uicode": "", "luicode": "", "fid": "1076033073217815_-_WEIBO_SECOND_PROFILE_WEIBO", "lfid": "", "ext": "mid:4981805721060709|rid:16_0_50_5135374224098720434_0_0_0|short_url:|long_url:|comment_id:|miduid:3073217815|rootmid:4981805721060709|rootuid:5722859208|authorid:|uuid:4213441161096403|is_ad_weibo:0"}}], "url_struct": [{"url_title": "抽奖详情", "url_type_pic": "https://h5.sinaimg.cn/upload/2015/09/25/3/timeline_card_small_web.png", "ori_url": "https://lottery.media.weibo.com/lottery/h5/history/list?mid=4981805721060709", "page_id": "230423c5ac7d2711d0df6b0881fe563a5db78c", "short_url": "http://t.cn/A6l94qD7", "long_url": "https://lottery.media.weibo.com/lottery/h5/history/list?mid=4981805721060709", "url_type": 39, "result": false, "actionlog": {"act_type": 1, "act_code": 300, "oid": "1042100:c5ac7d2711d0df6b0881fe563a5db78c", "uuid": 4981807144763523, "cardid": "", "lcardid": "", "uicode": "", "luicode": "", "fid": "1076033073217815_-_WEIBO_SECOND_PROFILE_WEIBO", "lfid": "", "ext": "mid:4981805721060709|rid:16_0_50_5135374224098720434_0_0_0|short_url:http://t.cn/A6l94qD7|long_url:https://lottery.media.weibo.com/lottery/h5/history/list?mid=4981805721060709|comment_id:|miduid:3073217815|rootmid:4981805721060709|rootuid:5722859208|authorid:|uuid:4981807144763523|is_ad_weibo:0|analysis_card:url_struct"}, "storage_type": "", "hide": 0, "object_type": "", "h5_target_url": "https://lottery.media.weibo.com/lottery/h5/history/list?mid=4981805721060709&amp;from=1FFFF96039&amp;weiboauthoruid=5722859208", "need_save_obj": 0}, {"url_title": "微博抽奖公示", "url_type_pic": "https://h5.sinaimg.cn/upload/2015/09/25/3/timeline_card_small_weibo.png", "ori_url": "https://event.weibo.com/yae/event/lottery/history?mid=4981805721060709", "page_id": "2316284981805721060709", "short_url": "http://t.cn/A6lCr0A3", "long_url": "https://event.weibo.com/yae/event/lottery/history?mid=4981805721060709", "url_type": 39, "result": false, "actionlog": {"act_type": 1, "act_code": 300, "oid": "1022:2316284981805721060709", "uuid": 4982156471304195, "cardid": "", "lcardid": "", "uicode": "", "luicode": "", "fid": "1076033073217815_-_WEIBO_SECOND_PROFILE_WEIBO", "lfid": "", "ext": "mid:4981805721060709|rid:16_0_50_5135374224098720434_0_0_0|short_url:http://t.cn/A6lCr0A3|long_url:https://event.weibo.com/yae/event/lottery/history?mid=4981805721060709|comment_id:|miduid:3073217815|rootmid:4981805721060709|rootuid:5722859208|authorid:|uuid:4982156471304195|is_ad_weibo:0|analysis_card:url_struct"}, "storage_type": "", "hide": 0, "object_type": "", "h5_target_url": "http://lottery.media.weibo.com/lottery/h5/result/new?id=19426076&amp;pageid=100140E8989798&amp;from=1FFFF96039&amp;weiboauthoruid=5722859208", "need_save_obj": 0}, {"url_title": "湖南卫视跨年晚会超话", "url_type_pic": "https://h5.sinaimg.cn/upload/100/959/2020/05/09/timeline_card_small_super.png", "ori_url": "sinaweibo://pageinfo?containerid=100808839319bb47803d7774946bbf215ba964&amp;extparam=湖南卫视跨年晚会&amp;extension=%7B%22mblog_object_ref%22%3A%22content%22%7D", "page_id": "100808839319bb47803d7774946bbf215ba964", "short_url": "#湖南卫视跨年晚会[超话]#", "long_url": "", "url_type": "", "result": false, "actionlog": {"act_type": 1, "act_code": 300, "oid": "1022:100808839319bb47803d7774946bbf215ba964", "uuid": 3559331353121369, "cardid": "", "lcardid": "", "uicode": "", "luicode": "", "fid": "1076033073217815_-_WEIBO_SECOND_PROFILE_WEIBO", "lfid": "", "ext": "mid:4981805721060709|rid:16_0_50_5135374224098720434_0_0_0|short_url:|long_url:|comment_id:|miduid:3073217815|rootmid:4981805721060709|rootuid:5722859208|authorid:|uuid:3559331353121369|is_ad_weibo:0|analysis_card:url_struct"}, "storage_type": "", "hide": 0, "object_type": "", "h5_target_url": "https://huati.weibo.com/k/湖南卫视跨年晚会?from=1FFFF96039&amp;weiboauthoruid=5722859208", "need_save_obj": 0}], "mblogtype": 0, "showFeedRepost": false, "showFeedComment": false, "pictureViewerSign": false, "showPictureViewer": false, "rcList": [], "text": "啊啊啊 幸运之神能不能眷顾我一次&lt;a href=/n/淇实我是一支绿果果- usercard=\"name=@淇实我是一支绿果果-\"&gt;@淇实我是一支绿果果-&lt;/a&gt; &lt;a href=/n/诗淇入梦时 usercard=\"name=@诗淇入梦时\"&gt;@诗淇入梦时&lt;/a&gt; &lt;a href=/n/富贵雪莉子 usercard=\"name=@富贵雪莉子\"&gt;@富贵雪莉子&lt;/a&gt;  莉莉给我加持&lt;img alt=\"[拳头]\" title=\"[拳头]\" src=\"https://face.t.sinajs.cn/t4/appstyle/expression/ext/normal/86/2018new_quantou_org.png\" /&gt;&lt;img alt=\"[拳头]\" title=\"[拳头]\" src=\"https://face.t.sinajs.cn/t4/appstyle/expression/ext/normal/86/2018new_quantou_org.png\" /&gt;&lt;img alt=\"[拳头]\" title=\"[拳头]\" src=\"https://face.t.sinajs.cn/t4/appstyle/expression/ext/normal/86/2018new_quantou_org.png\" /&gt;", "region_name": "发布于 浙江", "customIcons": [], "retweeted_status": {"visible": {"type": 0, "list_id": 0}, "created_at": "Fri Dec 22 17:48:24 +0800 2023", "id": 4981805721060709, "idstr": "4981805721060709", "mid": "4981805721060709", "mblogid": "Nyk8I4rWd", "user": {"id": 5722859208, "idstr": "5722859208", "pc_new": 7, "screen_name": "芒果TV会员", "profile_image_url": "https://tvax2.sinaimg.cn/crop.0.0.500.500.50/006fix6Mly8hebuqatsjzj30dw0dwt8u.jpg?KID=imgbed,tva&amp;Expires=1704748168&amp;ssig=r9Y4xBR7eq", "profile_url": "/u/5722859208", "verified": true, "verified_type": 2, "domain": "mangovip", "weihao": "", "verified_type_ext": 50, "avatar_large": "https://tvax2.sinaimg.cn/crop.0.0.500.500.180/006fix6Mly8hebuqatsjzj30dw0dwt8u.jpg?KID=imgbed,tva&amp;Expires=1704748168&amp;ssig=6ax3X0FMv9", "avatar_hd": "https://tvax2.sinaimg.cn/crop.0.0.500.500.1024/006fix6Mly8hebuqatsjzj30dw0dwt8u.jpg?KID=imgbed,tva&amp;Expires=1704748168&amp;ssig=Ph8gj1rEql", "follow_me": false, "following": false, "mbrank": 7, "mbtype": 12, "v_plus": 0, "planet_video": false, "icon_list": [{"type": "vip", "data": {"mbrank": 7, "mbtype": 12, "svip": 0, "vvip": 0}}]}, "can_edit": false, "edit_count": 2, "text_raw": "【本条微博抽奖送入场券‼️】\n参与#芒果跨年热烈街区##海口热力地图#两大活动，每日都有#湖南卫视跨年晚会#入场券瓜分：凭会员身份即可抽奖；邀请好友成为合伙人免费得；打卡海口13大景区赢入场券、吃喝玩乐大礼包！具体方式戳下方图或见评论～\n\n另外，本条微博以下三种方式各送入场券1张，12月23日17 ​​​", "textLength": 596, "annotations": [{"photo_sub_type": "0,0"}, {"client_mblogid": "iPhone-8583C7F4-B764-4D7C-AD97-0500DE2D00D7"}, {"source_text": "", "phone_id": ""}, {"mapi_request": true}], "source": "iPhone 14 Pro", "favorited": false, "buttons": [{"type": "follow", "name": "加关注", "params": {"uid": 5722859208, "disable_group": 1, "extparams": {"followcardid": "1008080010_"}}, "actionlog": {"act_code": "92", "oid": "4981805721060709"}}], "rid": "16_0_50_5135374224098720434_0_0_0", "cardid": "star_1605", "pic_ids": ["006fix6Mgy1hl2pl3rvswj30ku3pbb2b", "006fix6Mgy1hl2pl2ncmdj30ku12s1kx"], "pic_focus_point": [{"focus_point": {"left": 0.029370736, "top": 0.3183872, "width": 0.97062916, "height": 0.5215998}, "pic_id": "006fix6Mgy1hl2pl2ncmdj30ku12s1kx"}], "geo": "", "pic_num": 2, "pic_infos": {"006fix6Mgy1hl2pl3rvswj30ku3pbb2b": {"thumbnail": {"url": "https://wx3.sinaimg.cn/wap180/006fix6Mgy1hl2pl3rvswj30ku3pbb2b.jpg", "width": 54, "height": 180, "cut_type": 1, "type": ""}, "bmiddle": {"url": "https://wx3.sinaimg.cn/wap360/006fix6Mgy1hl2pl3rvswj30ku3pbb2b.jpg", "width": 108, "height": 360, "cut_type": 1, "type": ""}, "large": {"url": "https://wx3.sinaimg.cn/orj960/006fix6Mgy1hl2pl3rvswj30ku3pbb2b.jpg", "width": 750, "height": 4799, "cut_type": 1, "type": ""}, "original": {"url": "https://wx3.sinaimg.cn/orj1080/006fix6Mgy1hl2pl3rvswj30ku3pbb2b.jpg", "width": 750, "height": 4799, "cut_type": 1, "type": ""}, "largest": {"url": "https://wx3.sinaimg.cn/large/006fix6Mgy1hl2pl3rvswj30ku3pbb2b.jpg", "width": 750, "height": 4799, "cut_type": 1, "type": ""}, "mw2000": {"url": "https://wx3.sinaimg.cn/mw2000/006fix6Mgy1hl2pl3rvswj30ku3pbb2b.jpg", "width": 750, "height": 4799, "cut_type": 1, "type": ""}, "object_id": "1042018:46ac35aa17bf0c09fc34f78321069445", "pic_id": "006fix6Mgy1hl2pl3rvswj30ku3pbb2b", "photo_tag": 0, "type": "pic", "pic_status": 0}, "006fix6Mgy1hl2pl2ncmdj30ku12s1kx": {"thumbnail": {"url": "https://wx2.sinaimg.cn/wap180/006fix6Mgy1hl2pl2ncmdj30ku12s1kx.jpg", "width": 96, "height": 180, "cut_type": 1, "type": ""}, "bmiddle": {"url": "https://wx2.sinaimg.cn/wap360/006fix6Mgy1hl2pl2ncmdj30ku12s1kx.jpg", "width": 193, "height": 360, "cut_type": 1, "type": ""}, "large": {"url": "https://wx2.sinaimg.cn/orj960/006fix6Mgy1hl2pl2ncmdj30ku12s1kx.jpg", "width": 750, "height": 1396, "cut_type": 1, "type": ""}, "original": {"url": "https://wx2.sinaimg.cn/orj1080/006fix6Mgy1hl2pl2ncmdj30ku12s1kx.jpg", "width": 750, "height": 1396, "cut_type": 1, "type": ""}, "largest": {"url": "https://wx2.sinaimg.cn/large/006fix6Mgy1hl2pl2ncmdj30ku12s1kx.jpg", "width": 750, "height": 1396, "cut_type": 1, "type": ""}, "mw2000": {"url": "https://wx2.sinaimg.cn/mw2000/006fix6Mgy1hl2pl2ncmdj30ku12s1kx.jpg", "width": 750, "height": 1396, "cut_type": 1, "type": ""}, "focus_point": {"left": 0.029370736, "top": 0.3183872, "width": 0.97062916, "height": 0.5215998}, "object_id": "1042018:8edc0e207d4d2ae51a92951c20dd41d9", "pic_id": "006fix6Mgy1hl2pl2ncmdj30ku12s1kx", "photo_tag": 0, "type": "pic", "pic_status": 0}}, "is_paid": false, "mblog_vip_type": 0, "title_source": {"name": "湖南卫视跨年晚会超话", "url": "sinaweibo://pageinfo?pageid=100808839319bb47803d7774946bbf215ba964&amp;extparam=湖南卫视跨年晚会", "image": "http://wx2.sinaimg.cn/thumbnail/6365acd5ly8hl5x7tp6n7j20u00u0tfi.jpg"}, "reposts_count": 776815, "comments_count": 9129, "attitudes_count": 165202, "attitudes_status": 0, "continue_tag": {"title": "全文", "pic": "http://h5.sinaimg.cn/upload/2015/09/25/3/timeline_card_small_article.png", "scheme": "sinaweibo://detail?mblogid=4981805721060709&amp;id=4981805721060709&amp;next_fid=232530_supergroup&amp;feed_detail_type=1", "cleaned": true}, "isLongText": true, "mlevel": 0, "content_auth": 0, "is_show_bulletin": 3, "comment_manage_info": {"comment_permission_type": -1, "approval_comment_type": 0, "comment_sort_type": 0, "ai_play_picture_type": 0}, "mblogtype": 0, "showFeedRepost": false, "showFeedComment": false, "pictureViewerSign": false, "showPictureViewer": false, "rcList": [], "text": "【本条微博抽奖送入场券‼️】&lt;br /&gt;参与&lt;a href=\"//s.weibo.com/weibo?q=%23%E8%8A%92%E6%9E%9C%E8%B7%A8%E5%B9%B4%E7%83%AD%E7%83%88%E8%A1%97%E5%8C%BA%23\" target=\"_blank\"&gt;#芒果跨年热烈街区#&lt;/a&gt;&lt;a href=\"//s.weibo.com/weibo?q=%23%E6%B5%B7%E5%8F%A3%E7%83%AD%E5%8A%9B%E5%9C%B0%E5%9B%BE%23\" target=\"_blank\"&gt;#海口热力地图#&lt;/a&gt;两大活动，每日都有&lt;a href=\"//s.weibo.com/weibo?q=%23%E6%B9%96%E5%8D%97%E5%8D%AB%E8%A7%86%E8%B7%A8%E5%B9%B4%E6%99%9A%E4%BC%9A%23\" target=\"_blank\"&gt;#湖南卫视跨年晚会#&lt;/a&gt;入场券瓜分：凭会员身份即可抽奖；邀请好友成为合伙人免费得；打卡海口13大景区赢入场券、吃喝玩乐大礼包！具体方式戳下方图或见评论～&lt;br /&gt;&lt;br /&gt;另外，本条微博以下三种方式各送入场券1张，12月23日17 ​​​ ...&lt;span class=\"expand\"&gt;展开&lt;/span&gt;", "region_name": "发布于 湖南", "customIcons": []}}