{"visible": {"type": 0, "list_id": 0}, "created_at": "Wed Dec 20 19:11:26 +0800 2023", "id": 4981101846855701, "idstr": "4981101846855701", "mid": "4981101846855701", "mblogid": "Ny1PqsLtP", "user": {"id": 3073217815, "idstr": "3073217815", "pc_new": 0, "screen_name": "七十七只绵羊", "profile_image_url": "https://tvax3.sinaimg.cn/crop.0.0.512.512.50/b72d9517ly8hf8e0vpc8ej20e80e8myg.jpg?KID=imgbed,tva&amp;Expires=1704748168&amp;ssig=7mybZhNHNB", "profile_url": "/u/3073217815", "verified": true, "verified_type": 0, "domain": "", "weihao": "", "verified_type_ext": 0, "avatar_large": "https://tvax3.sinaimg.cn/crop.0.0.512.512.180/b72d9517ly8hf8e0vpc8ej20e80e8myg.jpg?KID=imgbed,tva&amp;Expires=1704748168&amp;ssig=CaoqM5%2F3hQ", "avatar_hd": "https://tvax3.sinaimg.cn/crop.0.0.512.512.1024/b72d9517ly8hf8e0vpc8ej20e80e8myg.jpg?KID=imgbed,tva&amp;Expires=1704748168&amp;ssig=1kKTLi5KIt", "follow_me": false, "following": false, "mbrank": 5, "mbtype": 11, "v_plus": 0, "planet_video": false, "icon_list": [{"type": "vip", "data": {"mbrank": 5, "mbtype": 11, "svip": 1, "vvip": 0}}]}, "can_edit": false, "text_raw": "#车厘子价格#车厘子🍒今年还没吃到嘴呢[微笑]\n太贵了太贵了[微笑] ​​​", "textLength": 63, "annotations": [{"ann_ext": "ann_ext:search|t:30|q:车厘子价格|creator_source:bottomsendweibo"}, {"shooting": 1, "client_mblogid": "iPhone-79A57E43-8D34-4C5D-A0D5-678A17FE3DC4"}, {"source_text": "", "phone_id": "1399"}, {"mapi_request": true}], "source": "iPhone客户端", "favorited": false, "rid": "19_0_50_5135374224098720434_0_0_0", "cardid": "raresvip_0052001143", "pic_ids": [], "pic_num": 0, "is_paid": false, "pic_bg_new": "http://vip.storage.weibo.com/feed_cover/raresvip_0052001143_mobile_new.png?version=2021091501", "mblog_vip_type": 0, "number_display_strategy": {"apply_scenario_flag": 3, "display_text_min_number": 1000000, "display_text": "100万+"}, "reposts_count": 0, "comments_count": 0, "attitudes_count": 0, "attitudes_status": 0, "isLongText": false, "mlevel": 0, "content_auth": 0, "is_show_bulletin": 2, "comment_manage_info": {"comment_permission_type": -1, "approval_comment_type": 0, "comment_sort_type": 0}, "share_repost_type": 0, "topic_struct": [{"title": "", "topic_url": "sinaweibo://searchall?containerid=231522&amp;q=%23%E8%BD%A6%E5%8E%98%E5%AD%90%E4%BB%B7%E6%A0%BC%23&amp;extparam=%23%E8%BD%A6%E5%8E%98%E5%AD%90%E4%BB%B7%E6%A0%BC%23", "topic_title": "车厘子价格", "actionlog": {"act_type": 1, "act_code": 300, "oid": "1022:231522fc8826da6e4b64c9c3b12c6bdf33fed8", "uuid": 4334923476419136, "cardid": "", "lcardid": "", "uicode": "", "luicode": "", "fid": "1076033073217815_-_WEIBO_SECOND_PROFILE_WEIBO", "lfid": "", "ext": "mid:4981101846855701|rid:19_0_50_5135374224098720434_0_0_0|short_url:|long_url:|comment_id:|miduid:3073217815|rootmid:4981101846855701|rootuid:3073217815|authorid:|uuid:4334923476419136|is_ad_weibo:0"}}], "mblogtype": 0, "showFeedRepost": false, "showFeedComment": false, "pictureViewerSign": false, "showPictureViewer": false, "rcList": [], "text": "&lt;a href=\"//s.weibo.com/weibo?q=%23%E8%BD%A6%E5%8E%98%E5%AD%90%E4%BB%B7%E6%A0%BC%23\" target=\"_blank\"&gt;#车厘子价格#&lt;/a&gt;车厘子🍒今年还没吃到嘴呢&lt;img alt=\"[微笑]\" title=\"[微笑]\" src=\"https://face.t.sinajs.cn/t4/appstyle/expression/ext/normal/e3/2018new_weixioa02_org.png\" /&gt;&lt;br /&gt;太贵了太贵了&lt;img alt=\"[微笑]\" title=\"[微笑]\" src=\"https://face.t.sinajs.cn/t4/appstyle/expression/ext/normal/e3/2018new_weixioa02_org.png\" /&gt; ​​​", "region_name": "发布于 浙江", "customIcons": []}