{"visible": {"type": 0, "list_id": 0}, "created_at": "Mon Dec 25 14:27:08 +0800 2023", "id": 4982842234765988, "idstr": "4982842234765988", "mid": "4982842234765988", "mblogid": "NyL6vjZQM", "user": {"id": 6203200278, "idstr": "6203200278", "pc_new": 6, "screen_name": "一枚军粉", "profile_image_url": "https://tvax2.sinaimg.cn/crop.0.0.1080.1080.50/006LNZLoly8gdii8perydj30u00u0gnv.jpg?KID=imgbed,tva&amp;Expires=1704748168&amp;ssig=d8H7liZyGF", "profile_url": "/u/6203200278", "verified": true, "verified_type": 0, "domain": "", "weihao": "", "verified_type_ext": 1, "avatar_large": "https://tvax2.sinaimg.cn/crop.0.0.1080.1080.180/006LNZLoly8gdii8perydj30u00u0gnv.jpg?KID=imgbed,tva&amp;Expires=1704748168&amp;ssig=sPhWcpIAFN", "avatar_hd": "https://tvax2.sinaimg.cn/crop.0.0.1080.1080.1024/006LNZLoly8gdii8perydj30u00u0gnv.jpg?KID=imgbed,tva&amp;Expires=1704748168&amp;ssig=DTu%2B4SQRN4", "follow_me": false, "following": false, "mbrank": 2, "mbtype": 12, "v_plus": 1, "planet_video": false, "icon_list": [{"type": "vip", "data": {"mbrank": 2, "mbtype": 12, "svip": 1, "vvip": 1}}]}, "can_edit": false, "text_raw": "请您停留1秒钟，为伟大的农业科学家致敬！ ​​​", "textLength": 39, "annotations": [{"photo_sub_type": "0"}, {"client_mblogid": "iPhone-899C8BE6-412A-4FD2-8B31-A6E6F7B91768"}, {"source_text": "", "phone_id": "-1"}, {"mapi_request": true}], "source": "", "favorited": false, "buttons": [{"type": "follow", "name": "加关注", "pic": "http://u1.sinaimg.cn/upload/2013/06/14/timeline_card_small_button_icon_add.png", "params": {"uid": 6203200278}, "actionlog": {"act_code": 92, "uicode": "10000100", "oid": "4982842234765988", "cardid": "1076030002_6203200278"}}], "rid": "13_0_50_5135374224098720434_0_0_0", "cardid": "star_1618", "pic_ids": ["006LNZLoly1hl60myq92hj30i40pwabh"], "pic_focus_point": [{"focus_point": {"left": 0.30521473, "top": 0.055793993, "width": 0.2868098, "height": 0.2864807}, "pic_id": "006LNZLoly1hl60myq92hj30i40pwabh"}], "pic_num": 1, "pic_infos": {"006LNZLoly1hl60myq92hj30i40pwabh": {"thumbnail": {"url": "https://wx1.sinaimg.cn/wap180/006LNZLoly1hl60myq92hj30i40pwabh.jpg", "width": 125, "height": 180, "cut_type": 1, "type": ""}, "bmiddle": {"url": "https://wx1.sinaimg.cn/wap360/006LNZLoly1hl60myq92hj30i40pwabh.jpg", "width": 251, "height": 360, "cut_type": 1, "type": ""}, "large": {"url": "https://wx1.sinaimg.cn/orj960/006LNZLoly1hl60myq92hj30i40pwabh.jpg", "width": 652, "height": 932, "cut_type": 1, "type": ""}, "original": {"url": "https://wx1.sinaimg.cn/orj1080/006LNZLoly1hl60myq92hj30i40pwabh.jpg", "width": 652, "height": 932, "cut_type": 1, "type": ""}, "largest": {"url": "https://wx1.sinaimg.cn/large/006LNZLoly1hl60myq92hj30i40pwabh.jpg", "width": 652, "height": 932, "cut_type": 1, "type": ""}, "mw2000": {"url": "https://wx1.sinaimg.cn/mw2000/006LNZLoly1hl60myq92hj30i40pwabh.jpg", "width": 652, "height": 932, "cut_type": 1, "type": ""}, "focus_point": {"left": 0.30521473, "top": 0.055793993, "width": 0.2868098, "height": 0.2864807}, "object_id": "1042018:681768f0c84eb02a3941d9504367359d", "pic_id": "006LNZLoly1hl60myq92hj30i40pwabh", "photo_tag": 0, "type": "pic", "pic_status": 1}}, "is_paid": false, "pic_bg_new": "http://vip.storage.weibo.com/feed_cover/star_1618_mobile_new.png?version=2021091501", "mblog_vip_type": 0, "number_display_strategy": {"apply_scenario_flag": 3, "display_text_min_number": 1000000, "display_text": "100万+"}, "reposts_count": 1223, "comments_count": 5203, "attitudes_count": 409251, "attitudes_status": 0, "isLongText": false, "mlevel": 0, "content_auth": 0, "is_show_bulletin": 2, "comment_manage_info": {"comment_permission_type": -1, "approval_comment_type": 0, "comment_sort_type": 0}, "share_repost_type": 0, "title": {"text": "她2023-12-26赞过的微博(5)", "structs": [{"name": "她2023-12-26赞过的微博(5)", "scheme": "sinaweibo://cardlist?containerid=2308693073217815_-_mix", "cleaned": true}]}, "mblogtype": 0, "showFeedRepost": false, "showFeedComment": false, "pictureViewerSign": false, "showPictureViewer": false, "rcList": [], "text": "请您停留1秒钟，为伟大的农业科学家致敬！ ​​​", "region_name": "发布于 河北", "customIcons": [], "followBtnCode": {"uid": 6203200278}}