{"visible": {"type": 0, "list_id": 0}, "created_at": "Tue Dec 26 11:57:46 +0800 2023", "id": 4983167033020445, "idstr": "4983167033020445", "mid": "4983167033020445", "mblogid": "NyTyncFKR", "user": {"id": 3073217815, "idstr": "3073217815", "pc_new": 0, "screen_name": "七十七只绵羊", "profile_image_url": "https://tvax3.sinaimg.cn/crop.0.0.512.512.50/b72d9517ly8hf8e0vpc8ej20e80e8myg.jpg?KID=imgbed,tva&amp;Expires=1704748168&amp;ssig=7mybZhNHNB", "profile_url": "/u/3073217815", "verified": true, "verified_type": 0, "domain": "", "weihao": "", "verified_type_ext": 0, "avatar_large": "https://tvax3.sinaimg.cn/crop.0.0.512.512.180/b72d9517ly8hf8e0vpc8ej20e80e8myg.jpg?KID=imgbed,tva&amp;Expires=1704748168&amp;ssig=CaoqM5%2F3hQ", "avatar_hd": "https://tvax3.sinaimg.cn/crop.0.0.512.512.1024/b72d9517ly8hf8e0vpc8ej20e80e8myg.jpg?KID=imgbed,tva&amp;Expires=1704748168&amp;ssig=1kKTLi5KIt", "follow_me": false, "following": false, "mbrank": 5, "mbtype": 11, "v_plus": 0, "planet_video": false, "icon_list": [{"type": "vip", "data": {"mbrank": 5, "mbtype": 11, "svip": 1, "vvip": 0}}]}, "can_edit": false, "text_raw": "拒绝焦虑有事直接发疯 大胆点 [doge]", "annotations": [{"mapi_request": true}], "source": "iPhone客户端", "favorited": false, "mark": "999_reallog_mark_ad:999|WeiboADNatural", "rid": "12_0_50_5135374224098720434_0_0_0", "cardid": "raresvip_0052001143", "pic_ids": [], "pic_num": 0, "is_paid": false, "pic_bg_new": "http://vip.storage.weibo.com/feed_cover/raresvip_0052001143_mobile_new.png?version=2021091501", "mblog_vip_type": 0, "number_display_strategy": {"apply_scenario_flag": 3, "display_text_min_number": 1000000, "display_text": "100万+"}, "reposts_count": 0, "comments_count": 0, "attitudes_count": 0, "attitudes_status": 0, "isLongText": false, "mlevel": 0, "content_auth": 0, "is_show_bulletin": 2, "comment_manage_info": {"comment_permission_type": -1, "approval_comment_type": 0, "comment_sort_type": 0}, "repost_type": 1, "share_repost_type": 0, "topic_struct": [{"title": "", "topic_url": "sinaweibo://searchall?containerid=231522&amp;q=%23%E5%B9%B4%E8%BD%BB%E4%BA%BA%E5%A6%82%E4%BD%95%E7%9B%B4%E9%9D%A2%E7%A4%BE%E4%BC%9A%E7%9A%84%E7%84%A6%E8%99%91%23&amp;extparam=%23%E5%B9%B4%E8%BD%BB%E4%BA%BA%E5%A6%82%E4%BD%95%E7%9B%B4%E9%9D%A2%E7%A4%BE%E4%BC%9A%E7%9A%84%E7%84%A6%E8%99%91%23", "topic_title": "年轻人如何直面社会的焦虑", "actionlog": {"act_type": 1, "act_code": 300, "oid": "1022:231522ea27b9476a94678a4ad7fdb593484dfc", "uuid": 4981403425964072, "cardid": "", "lcardid": "", "uicode": "", "luicode": "", "fid": "1076033073217815_-_WEIBO_SECOND_PROFILE_WEIBO", "lfid": "", "ext": "mid:4983155027088605|rid:12_0_50_5135374224098720434_0_0_0|miduid:3073217815|rootmid:4983155027088605|rootuid:1691761292|authorid:|uuid:4981403425964072|is_ad_weibo:1"}}], "mblogtype": 0, "showFeedRepost": false, "showFeedComment": false, "pictureViewerSign": false, "showPictureViewer": false, "rcList": [], "text": "拒绝焦虑有事直接发疯 大胆点 &lt;img alt=\"[doge]\" title=\"[doge]\" src=\"https://face.t.sinajs.cn/t4/appstyle/expression/ext/normal/a1/2018new_doge02_org.png\" /&gt;", "region_name": "发布于 浙江", "customIcons": [], "retweeted_status": {"visible": {"type": 0, "list_id": 0}, "created_at": "Tue Dec 26 11:10:04 +0800 2023", "id": 4983155027088605, "idstr": "4983155027088605", "mid": "4983155027088605", "mblogid": "NyTf0tK4l", "user": {"id": 1691761292, "idstr": "1691761292", "pc_new": 0, "screen_name": "叫兽易小星", "profile_image_url": "https://tvax3.sinaimg.cn/crop.0.0.1080.1080.50/64d63a8cly8g1932h6u9vj20u00u00u4.jpg?KID=imgbed,tva&amp;Expires=1704748168&amp;ssig=S%2FWIJmfQHG", "profile_url": "/u/1691761292", "verified": true, "verified_type": 0, "domain": "jiaoshoutv", "weihao": "", "verified_type_ext": 0, "avatar_large": "https://tvax3.sinaimg.cn/crop.0.0.1080.1080.180/64d63a8cly8g1932h6u9vj20u00u00u4.jpg?KID=imgbed,tva&amp;Expires=1704748168&amp;ssig=UdG24n2tAp", "avatar_hd": "https://tvax3.sinaimg.cn/crop.0.0.1080.1080.1024/64d63a8cly8g1932h6u9vj20u00u00u4.jpg?KID=imgbed,tva&amp;Expires=1704748168&amp;ssig=zGu4Z%2Fz58w", "follow_me": false, "following": false, "mbrank": 7, "mbtype": 12, "v_plus": 0, "planet_video": false, "icon_list": [{"type": "vip", "data": {"mbrank": 7, "mbtype": 12, "svip": 0, "vvip": 0}}]}, "can_edit": false, "text_raw": "感谢微博邀请，我来聊聊年轻人如何直面社会的焦虑，\n我的建议是大家直接发疯。\n\n佛教说人生有八苦，生、老、病、死、求不得、怨憎会、爱别离、五阴盛。在我看来全都是求而不得。生之苦，是求舒适而不得；老之苦，是求青春而不得；病之苦，是求健康而不得；死之苦，是求生而不得；怨憎会之苦，是求清静 ​​​", "textLength": 1823, "annotations": [{"shooting": 1, "client_mblogid": "iPhone-C7C34CBB-BAED-4FB6-9E13-C344FEEC72E8"}, {"source_text": "", "phone_id": "-1"}, {"mapi_request": true}], "source": "", "favorited": false, "buttons": [{"type": "follow", "name": "加关注", "params": {"uid": 1691761292, "disable_group": 1, "extparams": {"followcardid": "1008080010_"}}, "actionlog": {"act_code": "92", "oid": "4983155027088605"}}], "mark": "999_reallog_mark_ad:999|WeiboADNatural", "rid": "12_0_50_5135374224098720434_0_0_0", "cardid": "star_1723", "pic_ids": [], "geo": "", "pic_num": 0, "is_paid": false, "mblog_vip_type": 0, "number_display_strategy": {"apply_scenario_flag": 3, "display_text_min_number": 1000000, "display_text": "100万+"}, "reposts_count": 1404, "comments_count": 412, "attitudes_count": 5427, "attitudes_status": 0, "continue_tag": {"title": "全文", "pic": "http://h5.sinaimg.cn/upload/2015/09/25/3/timeline_card_small_article.png", "scheme": "sinaweibo://detail?mblogid=4983155027088605&amp;id=4983155027088605&amp;next_fid=232532_mblog&amp;feed_detail_type=0", "cleaned": true}, "isLongText": true, "mlevel": 0, "content_auth": 0, "is_show_bulletin": 2, "comment_manage_info": {"comment_permission_type": -1, "approval_comment_type": 0, "comment_sort_type": 0, "ai_play_picture_type": 0}, "mblogtype": 0, "showFeedRepost": false, "showFeedComment": false, "pictureViewerSign": false, "showPictureViewer": false, "rcList": [], "text": "感谢微博邀请，我来聊聊年轻人如何直面社会的焦虑，&lt;br /&gt;我的建议是大家直接发疯。&lt;br /&gt;&lt;br /&gt;佛教说人生有八苦，生、老、病、死、求不得、怨憎会、爱别离、五阴盛。在我看来全都是求而不得。生之苦，是求舒适而不得；老之苦，是求青春而不得；病之苦，是求健康而不得；死之苦，是求生而不得；怨憎会之苦，是求清静 ​​​ ...&lt;span class=\"expand\"&gt;展开&lt;/span&gt;", "region_name": "发布于 北京", "customIcons": []}}