{"visible": {"type": 0, "list_id": 0}, "created_at": "Sat Dec 30 00:28:16 +0800 2023", "id": 4984443071365295, "idstr": "4984443071365295", "mid": "4984443071365295", "mblogid": "NzqKv5JaT", "user": {"id": 3073217815, "idstr": "3073217815", "pc_new": 0, "screen_name": "七十七只绵羊", "profile_image_url": "https://tvax3.sinaimg.cn/crop.0.0.512.512.50/b72d9517ly8hf8e0vpc8ej20e80e8myg.jpg?KID=imgbed,tva&amp;Expires=1704748168&amp;ssig=7mybZhNHNB", "profile_url": "/u/3073217815", "verified": true, "verified_type": 0, "domain": "", "weihao": "", "verified_type_ext": 0, "avatar_large": "https://tvax3.sinaimg.cn/crop.0.0.512.512.180/b72d9517ly8hf8e0vpc8ej20e80e8myg.jpg?KID=imgbed,tva&amp;Expires=1704748168&amp;ssig=CaoqM5%2F3hQ", "avatar_hd": "https://tvax3.sinaimg.cn/crop.0.0.512.512.1024/b72d9517ly8hf8e0vpc8ej20e80e8myg.jpg?KID=imgbed,tva&amp;Expires=1704748168&amp;ssig=1kKTLi5KIt", "follow_me": false, "following": false, "mbrank": 5, "mbtype": 11, "v_plus": 0, "planet_video": false, "icon_list": [{"type": "vip", "data": {"mbrank": 5, "mbtype": 11, "svip": 1, "vvip": 0}}]}, "can_edit": false, "text_raw": "终于吃上了[苦涩]\n尊嘟太贵了太贵了 ​​​", "textLength": 33, "annotations": [{"photo_sub_type": "0"}, {"client_mblogid": "iPhone-475C0E2F-E04E-40AE-873D-BF04B404D39F"}, {"source_text": "", "phone_id": "1399"}, {"mapi_request": true}], "source": "iPhone客户端", "favorited": false, "rid": "10_0_50_5135374224098720434_0_0_0", "cardid": "raresvip_0052001143", "pic_ids": ["b72d9517gy1hlb4hccmnzj20u0140n6x"], "pic_focus_point": [{"focus_point": {"left": 0.0064170947, "top": 0.11734764, "width": 0.9935828, "height": 0.74518716}, "pic_id": "b72d9517gy1hlb4hccmnzj20u0140n6x"}], "pic_num": 1, "pic_infos": {"b72d9517gy1hlb4hccmnzj20u0140n6x": {"thumbnail": {"url": "https://wx3.sinaimg.cn/wap180/b72d9517gy1hlb4hccmnzj20u0140n6x.jpg", "width": 135, "height": 180, "cut_type": 1, "type": ""}, "bmiddle": {"url": "https://wx3.sinaimg.cn/wap360/b72d9517gy1hlb4hccmnzj20u0140n6x.jpg", "width": 270, "height": 360, "cut_type": 1, "type": ""}, "large": {"url": "https://wx3.sinaimg.cn/orj960/b72d9517gy1hlb4hccmnzj20u0140n6x.jpg", "width": 960, "height": 1280, "cut_type": 1, "type": ""}, "original": {"url": "https://wx3.sinaimg.cn/orj1080/b72d9517gy1hlb4hccmnzj20u0140n6x.jpg", "width": 1080, "height": 1440, "cut_type": 1, "type": ""}, "largest": {"url": "https://wx3.sinaimg.cn/large/b72d9517gy1hlb4hccmnzj20u0140n6x.jpg", "width": 1080, "height": 1440, "cut_type": 1, "type": ""}, "mw2000": {"url": "https://wx3.sinaimg.cn/mw2000/b72d9517gy1hlb4hccmnzj20u0140n6x.jpg", "width": 1080, "height": 1440, "cut_type": 1, "type": ""}, "focus_point": {"left": 0.0064170947, "top": 0.11734764, "width": 0.9935828, "height": 0.74518716}, "object_id": "1042018:2068a917982329396ad110f7d82d09a8", "pic_id": "b72d9517gy1hlb4hccmnzj20u0140n6x", "photo_tag": 0, "type": "pic", "pic_status": 0}}, "is_paid": false, "pic_bg_new": "http://vip.storage.weibo.com/feed_cover/raresvip_0052001143_mobile_new.png?version=2021091501", "mblog_vip_type": 0, "number_display_strategy": {"apply_scenario_flag": 3, "display_text_min_number": 1000000, "display_text": "100万+"}, "reposts_count": 0, "comments_count": 2, "attitudes_count": 0, "attitudes_status": 0, "isLongText": false, "mlevel": 0, "content_auth": 0, "is_show_bulletin": 2, "comment_manage_info": {"comment_permission_type": -1, "approval_comment_type": 0, "comment_sort_type": 0}, "share_repost_type": 0, "mblogtype": 0, "showFeedRepost": false, "showFeedComment": false, "pictureViewerSign": false, "showPictureViewer": false, "rcList": [], "text": "终于吃上了&lt;img alt=\"[苦涩]\" title=\"[苦涩]\" src=\"https://face.t.sinajs.cn/t4/appstyle/expression/ext/normal/7e/2021_bitter_org.png\" /&gt;&lt;br /&gt;尊嘟太贵了太贵了 ​​​", "region_name": "发布于 浙江", "customIcons": []}